{
  "implemented": true,
  "name": "dittox",
  "nationalPokedexNumber": 132,
  "primaryType": "dark",
  "abilities": [
    "limber",
    "h:imposter"
  ],
  "baseStats": {
    "hp": 48,
    "attack": 48,
    "defence": 48,
    "special_attack": 48,
    "special_defence": 48,
    "speed": 48
  },
  "behaviour": {
    "resting": {
        "canSleep": true,
        "willSleepOnBed": false,        "depth": "normal",
        "light": "0-6"
    },
    "moving": {
        "fly": {
            "canFly": false
        },
        "canLook": true,
        "walk": {
            "canWalk": true,
            "avoidsLand": false
        },
        "swim": {
            "swimSpeed": 0.1,
            "canSwimInWater": true,
            "canBreatheUnderwater": false
        },
        "wanderChance": 1.0
    }
  },
  "catchRate": 35,
  "maleRatio": 0.875,
  "shoulderMountable": false,
  "baseExperienceYield": 101,
  "experienceGroup": "medium_fast",
  "eggCycles": 50,
  "eggGroups": [
    "undiscovered"
  ],
  "moves": [
    "1:transform"  ],
  "labels": [
    "xenoverse",
    "gen1"
  ],
  "pokedex": [
    "cobblemon.species.dittox.desc"
  ],
  "baseScale": 1.0,
  "hitbox": {
    "width": 0.5,
    "height": 0.6,
    "fixed": false
  },
  "baseFriendship": 70,
  "evYield": {
    "hp": 1,
    "attack": 0,
    "defence": 0,
    "special_attack": 0,
    "special_defence": 0,
    "speed": 0
  },
  "height": 3,
  "weight": 40,
  "aspects": [],
"features": [

  ],  "cannotDynamax": false
}