{
  "implemented": true,
  "name": "ehgosquirtle",
  "nationalPokedexNumber": 7,
  "primaryType": "water",
  "abilities": [
    "serenegrace",
    "overcoat",
    "h:overcoat"
  ],
  "baseStats": {
    "hp": 44,
    "attack": 48,
    "defence": 65,
    "special_attack": 50,
    "special_defence": 64,
    "speed": 43
  },
  "behaviour": {
    "resting": {
        "canSleep": true,
        "willSleepOnBed": false,        "depth": "normal",
        "light": "0-6"
    },
    "moving": {
        "fly": {
            "canFly": true
        },
        "canLook": true,
        "walk": {
            "canWalk": true,
            "avoidsLand": false
        },
        "swim": {
            "swimSpeed": 0.1,
            "canSwimInWater": false,
            "canBreatheUnderwater": false
        },
        "wanderChance": 1.0
    }
  },
  "catchRate": 45,
  "maleRatio": 0.875,
  "shoulderMountable": false,
  "baseExperienceYield": 63,
  "experienceGroup": "medium_slow",
  "eggCycles": 50,
  "eggGroups": [
    "water_1",
    "monster"
  ],
  "drops": {
    "amount": "2",
    "entries": [
      {
        "item": "minecraft:feather",
        "quantityRange": "1-2",
        "percentage": 50
      }
    ]
  },
  "moves": [
    "1:tackle",
    "1:tailwhip",
    "1:bubble",
    "1:withdraw",
    "8:holdback",
    "9:aquaring",
    "12:bite",
    "17:bubblebeam",
    "18:iceshard",
    "19:mist",
    "22:protect",
    "25:waterpulse",
    "28:aquatail",
    "34:hail",
    "40:hydropump",
    "tm:toxic",
    "tm:hail",
    "tm:hiddenpower",
    "tm:icebeam",
    "tm:blizzard",
    "tm:protect",
    "tm:raindance",
    "tm:safeguard",
    "tm:frustration",
    "tm:thunderbolt",
    "tm:thunder",
    "tm:return",
    "tm:shadowball",
    "tm:brickbreak",
    "tm:aerialace",
    "tm:facade",
    "tm:rest",
    "tm:attract",
    "tm:round",
    "tm:echoedvoice",
    "tm:scald",
    "tm:chargebeam",
    "tm:quash",
    "tm:flash",
    "tm:voltswitch",
    "tm:thunderwave",
    "tm:frostbreath",
    "tm:swagger",
    "tm:substitute",
    "tm:wildcharge",
    "tm:rocksmash",
    "tm:waterpulse",
    "tm:surf",
    "tm:waterfall",
    "tm:dive",
    "tutor:ancientpower",
    "tutor:aquatail",
    "tutor:icywind",
    "tutor:irontail",
    "tutor:megakick",
    "tutor:megapunch",
    "tutor:roost",
    "tutor:thunderpunch",
    "tutor:zenheadbutt",
    "egg:aquajet",
    "egg:brine",
    "egg:haze",
    "egg:mirrorcoat",
    "egg:muddywater",
    "egg:refresh",
    "egg:waterspout"  ],
  "labels": [
    "gen1",
    "infinity"
  ],
  "pokedex": [
    "cobblemon.species.ehgosquirtle.desc"
  ],
  "evolutions": [
    {
      "id": "ehgosquirtle_ehgowartortle",
      "variant": "level_up",
      "result": "ehgowartortle",
      "consumeHeldItem": false,
      "learnableMoves": [],
      "requirements": [
        {
          "variant": "level",
          "minLevel": 16
        }
      ]   
 }
  ],
  "baseScale": 0.7,
  "hitbox": {
    "width": 0.5,
    "height": 0.5,
    "fixed": false
  },
  "baseFriendship": 70,
  "evYield": {
    "hp": 0,
    "attack": 0,
    "defence": 1,
    "special_attack": 0,
    "special_defence": 0,
    "speed": 1
  },
  "height": 5,
  "weight": 85,
  "aspects": [],
"features": [

  ],  "cannotDynamax": false
}