{
  "implemented": true,
  "name": "ehgoblastoise",
  "nationalPokedexNumber": 9,
  "primaryType": "water",
  "secondaryType": "flying",
  "abilities": [
    "serenegrace",
    "drizzle",
    "h:snowwarning"
  ],
  "baseStats": {
    "hp": 79,
    "attack": 80,
    "defence": 95,
    "special_attack": 95,
    "special_defence": 100,
    "speed": 81
  },
  "behaviour": {
    "resting": {
        "canSleep": true,
        "willSleepOnBed": false,        "depth": "normal",
        "light": "0-6"
    },
    "moving": {
        "fly": {
            "canFly": true
        },
        "canLook": true,
        "walk": {
            "canWalk": true,
            "avoidsLand": false
        },
        "swim": {
            "swimSpeed": 0.1,
            "canSwimInWater": false,
            "canBreatheUnderwater": false
        },
        "wanderChance": 1.0
    }
  },
  "catchRate": 45,
  "maleRatio": 0.875,
  "shoulderMountable": false,
  "baseExperienceYield": 239,
  "experienceGroup": "medium_slow",
  "eggCycles": 50,
  "eggGroups": [
    "water_1",
    "monster"
  ],
  "drops": {
    "amount": "2",
    "entries": [
      {
        "item": "minecraft:feather",
        "quantityRange": "1-2",
        "percentage": 50
      }
    ]
  },
  "moves": [
    "1:airslash",
    "1:waterpulse",
    "1:icywind",
    "1:gust",
    "1:tackle",
    "1:tailwhip",
    "1:bubble",
    "1:withdraw",
    "4:raindance",
    "7:bubble",
    "10:withdraw",
    "13:holdback",
    "16:bite",
    "20:mist",
    "22:bubblebeam",
    "24:protect",
    "32:aquatail",
    "36:aircutter",
    "37:hail",
    "39:wildcharge",
    "43:raindance",
    "50:hydropump",
    "54:aurorabeam",
    "58:iceshard",
    "60:discharge",
    "67:freezedry",
    "68:blizzard",
    "74:hurricane",
    "tm:toxic",
    "tm:hail",
    "tm:hiddenpower",
    "tm:icebeam",
    "tm:blizzard",
    "tm:hyperbeam",
    "tm:protect",
    "tm:raindance",
    "tm:safeguard",
    "tm:frustration",
    "tm:thunderbolt",
    "tm:thunder",
    "tm:return",
    "tm:shadowball",
    "tm:brickbreak",
    "tm:aerialace",
    "tm:facade",
    "tm:rest",
    "tm:attract",
    "tm:round",
    "tm:echoedvoice",
    "tm:scald",
    "tm:chargebeam",
    "tm:skydrop",
    "tm:quash",
    "tm:gigaimpact",
    "tm:flash",
    "tm:voltswitch",
    "tm:thunderwave",
    "tm:frostbreath",
    "tm:swagger",
    "tm:substitute",
    "tm:wildcharge",
    "tm:rocksmash",
    "tm:waterpulse",
    "tm:fly",
    "tm:surf",
    "tm:strength",
    "tm:waterfall",
    "tm:dive",
    "tutor:ancientpower",
    "tutor:aquatail",
    "tutor:hydrocannon",
    "tutor:icywind",
    "tutor:irontail",
    "tutor:megakick",
    "tutor:megapunch",
    "tutor:roost",
    "tutor:thunderpunch",
    "tutor:zenheadbutt",
    "egg:aquajet",
    "egg:brine",
    "egg:haze",
    "egg:mirrorcoat",
    "egg:muddywater",
    "egg:refresh",
    "egg:waterspout"  ],
  "labels": [
    "gen1",
    "infinity"
  ],
  "pokedex": [
    "cobblemon.species.ehgoblastoise.desc"
  ],
  "baseScale": 1.3,
  "hitbox": {
    "width": 1.6,
    "height": 2.5,
    "fixed": false
  },
  "baseFriendship": 70,
  "evYield": {
    "hp": 0,
    "attack": 0,
    "defence": 1,
    "special_attack": 0,
    "special_defence": 2,
    "speed": 0
  },
  "height": 16,
  "weight": 760,
  "aspects": [],
"features": [

  ],  "cannotDynamax": false
}