{
  "implemented": true,
  "name": "ehgocharizard",
  "nationalPokedexNumber": 6,
  "primaryType": "fire",
  "secondaryType": "dragon",
  "abilities": [
    "levitate",
    "competitive",
    "h:intimidate"
  ],
  "baseStats": {
    "hp": 76,
    "attack": 88,
    "defence": 75,
    "special_attack": 109,
    "special_defence": 80,
    "speed": 106
  },
  "behaviour": {
    "resting": {
        "canSleep": true,
        "willSleepOnBed": false,        "depth": "normal",
        "light": "0-6"
    },
    "moving": {
        "fly": {
            "canFly": true
        },
        "canLook": true,
        "walk": {
            "canWalk": true,
            "avoidsLand": false
        },
        "swim": {
            "swimSpeed": 0.1,
            "canSwimInWater": true,
            "canBreatheUnderwater": false
        },
        "wanderChance": 1.0
    }
  },
  "catchRate": 45,
  "maleRatio": 0.875,
  "shoulderMountable": false,
  "baseExperienceYield": 240,
  "experienceGroup": "medium_slow",
  "eggCycles": 50,
  "eggGroups": [
    "dragon",
    "monster"
  ],
  "drops": {
    "amount": "2",
    "entries": [
      {
        "item": "minecraft:coal",
        "quantityRange": "1-2",
        "percentage": 50
      }
    ]
  },
  "moves": [
    "0:dragonpulse",
    "1:airslash",
    "1:dragonclaw",
    "1:shadowclaw",
    "1:dragonrage",
    "1:bite",
    "1:incinerate",
    "1:slash",
    "1:flameburst",
    "1:scratch",
    "1:growl",
    "1:ember",
    "1:smokescreen",
    "7:ember",
    "10:smokescreen",
    "17:dragonrage",
    "21:scaryface",
    "28:firefang",
    "32:flameburst",
    "40:slash",
    "44:dragonclaw",
    "49:flamethrower",
    "56:dragondance",
    "62:inferno",
    "71:outrage",
    "77:flareblitz",
    "tm:honeclaws",
    "tm:dragonclaw",
    "tm:roar",
    "tm:toxic",
    "tm:hiddenpower",
    "tm:sunnyday",
    "tm:hyperbeam",
    "tm:lightscreen",
    "tm:protect",
    "tm:raindance",
    "tm:frustration",
    "tm:solarbeam",
    "tm:return",
    "tm:dig",
    "tm:psychic",
    "tm:doubleteam",
    "tm:reflect",
    "tm:flamethrower",
    "tm:fireblast",
    "tm:aerialace",
    "tm:torment",
    "tm:facade",
    "tm:flamecharge",
    "tm:rest",
    "tm:thief",
    "tm:round",
    "tm:echoedvoice",
    "tm:overheat",
    "tm:focusblast",
    "tm:falseswipe",
    "tm:skydrop",
    "tm:incinerate",
    "tm:quash",
    "tm:willowisp",
    "tm:acrobatics",
    "tm:shadowclaw",
    "tm:gigaimpact",
    "tm:flash",
    "tm:stoneedge",
    "tm:swordsdance",
    "tm:rockslide",
    "tm:dragontail",
    "tm:workup",
    "tm:swagger",
    "tm:uturn",
    "tm:substitute",
    "tm:rocksmash",
    "tm:cut",
    "tm:fly",
    "tm:strength",
    "tutor:ancientpower",
    "tutor:blastburn",
    "tutor:dracometeor",
    "tutor:dragonpulse",
    "tutor:firepunch",
    "tutor:healbell",
    "tutor:heatwave",
    "tutor:helpinghand",
    "tutor:irontail",
    "tutor:megakick",
    "tutor:megapunch",
    "tutor:roost",
    "tutor:suckerpunch",
    "tutor:zenheadbutt",
    "egg:ancientpower",
    "egg:bite",
    "egg:crunch",
    "egg:dragondance",
    "egg:dragonpulse",
    "egg:dragonrush",
    "egg:flareblitz",
    "egg:metalclaw",
    "egg:outrage"  ],
  "labels": [
    "gen1",
    "infinity"
  ],
  "pokedex": [
    "cobblemon.species.ehgocharizard.desc"
  ],
  "baseScale": 1.05,
  "hitbox": {
    "width": 2.3,
    "height": 3.4,
    "fixed": false
  },
  "baseFriendship": 70,
  "evYield": {
    "hp": 0,
    "attack": 0,
    "defence": 0,
    "special_attack": 2,
    "special_defence": 0,
    "speed": 2
  },
  "height": 23,
  "weight": 905,
  "aspects": [],
"features": [

  ],  "cannotDynamax": false
}