{
  "implemented": true,
  "name": "ehgocharmander",
  "nationalPokedexNumber": 4,
  "primaryType": "fire",
  "secondaryType": "dragon",
  "abilities": [
    "oblivious",
    "competitive",
    "h:competitive"
  ],
  "baseStats": {
    "hp": 39,
    "attack": 52,
    "defence": 43,
    "special_attack": 60,
    "special_defence": 50,
    "speed": 65
  },
  "behaviour": {
    "resting": {
        "canSleep": true,
        "willSleepOnBed": false,        "depth": "normal",
        "light": "0-6"
    },
    "moving": {
        "fly": {
            "canFly": false
        },
        "canLook": true,
        "walk": {
            "canWalk": true,
            "avoidsLand": false
        },
        "swim": {
            "swimSpeed": 0.1,
            "canSwimInWater": true,
            "canBreatheUnderwater": false
        },
        "wanderChance": 1.0
    }
  },
  "catchRate": 45,
  "maleRatio": 0.875,
  "shoulderMountable": false,
  "baseExperienceYield": 62,
  "experienceGroup": "medium_slow",
  "eggCycles": 50,
  "eggGroups": [
    "dragon",
    "monster"
  ],
  "drops": {
    "amount": "2",
    "entries": [
      {
        "item": "minecraft:coal",
        "quantityRange": "1-2",
        "percentage": 50
      }
    ]
  },
  "moves": [
    "1:scratch",
    "1:growl",
    "5:ember",
    "7:honeclaws",
    "13:scaryface",
    "17:flamewheel",
    "24:dragonrage",
    "26:incinerate",
    "28:flameburst",
    "34:dragonpulse",
    "37:flamethrower",
    "43:firefang",
    "46:inferno",
    "tm:honeclaws",
    "tm:dragonclaw",
    "tm:roar",
    "tm:toxic",
    "tm:hiddenpower",
    "tm:sunnyday",
    "tm:lightscreen",
    "tm:protect",
    "tm:raindance",
    "tm:frustration",
    "tm:solarbeam",
    "tm:return",
    "tm:dig",
    "tm:psychic",
    "tm:doubleteam",
    "tm:reflect",
    "tm:flamethrower",
    "tm:fireblast",
    "tm:aerialace",
    "tm:torment",
    "tm:facade",
    "tm:flamecharge",
    "tm:rest",
    "tm:thief",
    "tm:round",
    "tm:echoedvoice",
    "tm:overheat",
    "tm:falseswipe",
    "tm:incinerate",
    "tm:quash",
    "tm:willowisp",
    "tm:shadowclaw",
    "tm:flash",
    "tm:swordsdance",
    "tm:rockslide",
    "tm:dragontail",
    "tm:workup",
    "tm:swagger",
    "tm:uturn",
    "tm:substitute",
    "tm:rocksmash",
    "tm:cut",
    "tutor:ancientpower",
    "tutor:dragonpulse",
    "tutor:firepunch",
    "tutor:healbell",
    "tutor:heatwave",
    "tutor:helpinghand",
    "tutor:irontail",
    "tutor:megakick",
    "tutor:megapunch",
    "tutor:suckerpunch",
    "tutor:zenheadbutt",
    "egg:ancientpower",
    "egg:bite",
    "egg:crunch",
    "egg:dragondance",
    "egg:dragonpulse",
    "egg:dragonrush",
    "egg:flareblitz",
    "egg:metalclaw",
    "egg:outrage"  ],
  "labels": [
    "gen1",
    "infinity"
  ],
  "pokedex": [
    "cobblemon.species.ehgocharmander.desc"
  ],
  "evolutions": [
    {
      "id": "ehgocharmander_ehgocharmeleon",
      "variant": "level_up",
      "result": "ehgocharmeleon",
      "consumeHeldItem": false,
      "learnableMoves": [],
      "requirements": [
        {
          "variant": "level",
          "minLevel": 16
        }
      ]   
 }
  ],
  "baseScale": 0.7,
  "hitbox": {
    "width": 0.8,
    "height": 0.8,
    "fixed": false
  },
  "baseFriendship": 70,
  "evYield": {
    "hp": 0,
    "attack": 0,
    "defence": 0,
    "special_attack": 0,
    "special_defence": 0,
    "speed": 1
  },
  "height": 8,
  "weight": 85,
  "aspects": [],
"features": [

  ],  "cannotDynamax": false
}