{
  "implemented": true,
  "name": "ehgofearow",
  "nationalPokedexNumber": 22,
  "primaryType": "dark",
  "secondaryType": "fighting",
  "abilities": [
    "defiant",
    "h:adaptability"
  ],
  "baseStats": {
    "hp": 65,
    "attack": 112,
    "defence": 55,
    "special_attack": 50,
    "special_defence": 50,
    "speed": 110
  },
  "behaviour": {
    "resting": {
        "canSleep": true,
        "willSleepOnBed": false,        "depth": "normal",
        "light": "0-6"
    },
    "moving": {
        "fly": {
            "canFly": false
        },
        "canLook": true,
        "walk": {
            "canWalk": true,
            "avoidsLand": false
        },
        "swim": {
            "swimSpeed": 0.1,
            "canSwimInWater": true,
            "canBreatheUnderwater": false
        },
        "wanderChance": 1.0
    }
  },
  "catchRate": 90,
  "maleRatio": 0.5,
  "shoulderMountable": false,
  "baseExperienceYield": 160,
  "experienceGroup": "medium_fast",
  "eggCycles": 39,
  "eggGroups": [
    "flying"
  ],
  "drops": {
    "amount": "4",
    "entries": [
      {
        "item": "minecraft:egg",
        "quantityRange": "1-2",
        "percentage": 50
      },
      {
        "item": "minecraft:feather",
        "quantityRange": "1-2",
        "percentage": 50
      }
    ]
  },
  "moves": [
    "1:nightslash",
    "1:drillpeck",
    "1:peck",
    "1:growl",
    "1:beatup",
    "5:bite",
    "9:furyattack",
    "13:doublekick",
    "17:pursuit",
    "21:lowsweep",
    "24:agility",
    "27:crosschop",
    "30:steelwing",
    "33:focusenergy",
    "37:jumpkick",
    "47:bravebird",
    "49:crunch",
    "53:leafblade",
    "55:highjumpkick",
    "tm:honeclaws",
    "tm:toxic",
    "tm:hiddenpower",
    "tm:sunnyday",
    "tm:taunt",
    "tm:protect",
    "tm:raindance",
    "tm:frustration",
    "tm:return",
    "tm:dig",
    "tm:shadowball",
    "tm:brickbreak",
    "tm:doubleteam",
    "tm:sludgebomb",
    "tm:aerialace",
    "tm:torment",
    "tm:facade",
    "tm:rest",
    "tm:thief",
    "tm:lowsweep",
    "tm:round",
    "tm:echoedvoice",
    "tm:falseswipe",
    "tm:quash",
    "tm:embargo",
    "tm:shadowclaw",
    "tm:retaliate",
    "tm:stoneedge",
    "tm:swordsdance",
    "tm:xscissor",
    "tm:workup",
    "tm:swagger",
    "tm:pluck",
    "tm:uturn",
    "tm:substitute",
    "tm:rocksmash",
    "tm:bulletseed",
    "tm:cut",
    "tm:surf",
    "tutor:darkpulse",
    "tutor:drillrun",
    "tutor:heatwave",
    "tutor:icywind",
    "tutor:roost",
    "tutor:suckerpunch",
    "egg:astonish",
    "egg:crosspoison",
    "egg:featherdance",
    "egg:feintattack",
    "egg:quickattack",
    "egg:razorwind",
    "egg:scaryface",
    "egg:uproar",
    "egg:whirlwind"  ],
  "labels": [
    "infinity",
    "gen1"
  ],
  "pokedex": [
    "cobblemon.species.ehgofearow.desc"
  ],
  "baseScale": 1.2,
  "hitbox": {
    "width": 1.1,
    "height": 1.1,
    "fixed": false
  },
  "baseFriendship": 70,
  "evYield": {
    "hp": 0,
    "attack": 2,
    "defence": 0,
    "special_attack": 0,
    "special_defence": 0,
    "speed": 1
  },
  "height": 11,
  "weight": 450,
  "aspects": [],
"features": [

  ],  "cannotDynamax": false
}