{
  "implemented": true,
  "name": "electabuzzx",
  "nationalPokedexNumber": 125,
  "primaryType": "fire",
  "abilities": [
    "aftermath",
    "h:vitalspirit"
  ],
  "baseStats": {
    "hp": 65,
    "attack": 83,
    "defence": 57,
    "special_attack": 95,
    "special_defence": 85,
    "speed": 105
  },
  "behaviour": {
    "resting": {
        "canSleep": true,
        "willSleepOnBed": false,        "depth": "normal",
        "light": "0-6"
    },
    "moving": {
        "fly": {
            "canFly": false
        },
        "canLook": true,
        "walk": {
            "canWalk": true,
            "avoidsLand": false
        },
        "swim": {
            "swimSpeed": 0.1,
            "canSwimInWater": true,
            "canBreatheUnderwater": false
        },
        "wanderChance": 1.0
    }
  },
  "catchRate": 45,
  "maleRatio": 0.5,
  "shoulderMountable": false,
  "baseExperienceYield": 172,
  "experienceGroup": "medium_slow",
  "eggCycles": 26,
  "eggGroups": [
    "undiscovered"
  ],
  "moves": [
    "1:quickattack",
    "1:leer",
    "1:ember",
    "5:ember",
    "8:lowkick",
    "12:swift",
    "15:incinerate",
    "19:firespin",
    "22:flameburst",
    "26:workup",
    "29:firepunch",
    "36:lavaplume",
    "42:screech",
    "49:flamethrower",
    "55:fireblast",
    "tm:toxic",
    "tm:hiddenpower",
    "tm:sunnyday",
    "tm:taunt",
    "tm:lightscreen",
    "tm:protect",
    "tm:return",
    "tm:doubleteam",
    "tm:flamethrower",
    "tm:fireblast",
    "tm:torment",
    "tm:facade",
    "tm:flamecharge",
    "tm:rest",
    "tm:attract",
    "tm:thief",
    "tm:round",
    "tm:overheat",
    "tm:fling",
    "tm:willowisp",
    "tm:explosion",
    "tm:swagger",
    "tm:substitute",
    "tutor:covet",
    "tutor:firepunch",
    "tutor:focuspunch",
    "tutor:flash",
    "tutor:heatwave",
    "tutor:lowkick",
    "tutor:outrage",
    "tutor:secretpower",
    "tutor:snore"  ],
  "labels": [
    "xenoverse",
    "gen1"
  ],
  "pokedex": [
    "cobblemon.species.electabuzzx.desc"
  ],
  "evolutions": [
    {
      "id": "electabuzzx_electaburst",
      "variant": "item_interact",
      "result": "electaburst",
      "consumeHeldItem": false,
      "learnableMoves": [],
      "requirements": [

      ],
      "requiredContext": "cobblemon:fire_stone"   
 }
  ],
  "baseScale": 0.8,
  "hitbox": {
    "width": 0.6,
    "height": 1.5,
    "fixed": false
  },
  "baseFriendship": 70,
  "evYield": {
    "hp": 0,
    "attack": 0,
    "defence": 0,
    "special_attack": 1,
    "special_defence": 0,
    "speed": 1
  },
  "height": 11,
  "weight": 300,
  "aspects": [],
"features": [

  ],  "cannotDynamax": false
}