{
  "implemented": true,
  "name": "pikachuxmale",
  "nationalPokedexNumber": 25,
  "primaryType": "normal",
  "abilities": [
    "keeneye",
    "h:friendguard"
  ],
  "baseStats": {
    "hp": 85,
    "attack": 40,
    "defence": 65,
    "special_attack": 85,
    "special_defence": 40,
    "speed": 90
  },
  "behaviour": {
    "resting": {
        "canSleep": true,
        "willSleepOnBed": false,        "depth": "normal",
        "light": "0-6"
    },
    "moving": {
        "fly": {
            "canFly": false
        },
        "canLook": true,
        "walk": {
            "canWalk": true,
            "avoidsLand": false
        },
        "swim": {
            "swimSpeed": 0.1,
            "canSwimInWater": true,
            "canBreatheUnderwater": false
        },
        "wanderChance": 1.0
    }
  },
  "catchRate": 65,
  "maleRatio": 1.0,
  "shoulderMountable": false,
  "baseExperienceYield": 105,
  "experienceGroup": "medium_fast",
  "eggCycles": 26,
  "eggGroups": [
    "undiscovered"
  ],
  "moves": [
    "1:quickattack",
    "1:leer",
    "1:icebeam",
    "1:growl",
    "1:supersonic",
    "1:nastyplot",
    "1:playnice",
    "1:echoedvoice",
    "1:energyball",
    "1:charm",
    "1:powergem",
    "1:round",
    "1:flamethrower",
    "1:thunderbolt",
    "4:nobleroar",
    "8:doubleteam",
    "12:assurance",
    "16:feint",
    "20:swift",
    "24:agility",
    "28:slam",
    "30:fakeout",
    "36:hypervoice",
    "40:reflect",
    "44:boomburst",
    "tm:toxic",
    "tm:hiddenpower",
    "tm:lightscreen",
    "tm:protect",
    "tm:return",
    "tm:dig",
    "tm:brickbreak",
    "tm:doubleteam",
    "tm:reflect",
    "tm:aerialace",
    "tm:facade",
    "tm:rest",
    "tm:round",
    "tm:echoedvoice",
    "tm:fling",
    "tm:grassknot",
    "tm:swagger",
    "tm:substitute",
    "tutor:covet",
    "tutor:helpinghand",
    "tutor:irontail",
    "tutor:knockoff",
    "tutor:snore",
    "tutor:uproar"  ],
  "labels": [
    "xenoverse",
    "gen1"
  ],
  "pokedex": [
    "cobblemon.species.pikachuxmale.desc"
  ],
  "baseScale": 0.5,
  "hitbox": {
    "width": 0.7,
    "height": 0.3,
    "fixed": false
  },
  "baseFriendship": 70,
  "evYield": {
    "hp": 0,
    "attack": 0,
    "defence": 0,
    "special_attack": 2,
    "special_defence": 0,
    "speed": 1
  },
  "height": 4,
  "weight": 60,
  "aspects": [],
"features": [

  ],  "cannotDynamax": false
}