{
  "implemented": true,
  "name": "Tentacruel",
  "nationalPokedexNumber": 73,
  "primaryType": "water",
  "secondaryType": "poison",
  "abilities": [
    "clearbody",
    "liquidooze",
    "h:raindish"
  ],
  "baseStats": {
    "hp": 80,
    "attack": 70,
    "defence": 65,
    "special_attack": 80,
    "special_defence": 120,
    "speed": 100
  },
  "catchRate": 60,
  "maleRatio": 0.5,
  "shoulderMountable": false,
  "baseExperienceYield": 180,
  "experienceGroup": "slow",
  "eggCycles": 20,
  "eggGroups": [
    "water_3"
  ],
  "behaviour": {
    "moving": {
      "walk": {
        "avoidsLand": true
      },
      "swim": {
        "swimSpeed": 0.2,
        "canSwimInWater": true,
        "canBreatheUnderwater": true
      }
    }
  },
    "resting": {
      "canSleep": true,
      "willSleepOnBed": false,
      "depth": "normal",
      "light": "0-4"
    },
  "drops": {
    "amount": "1",
    "entries": [
      {
        "item": "cobblemon:poison_barb",
        "percentage": 5
      },
      {
        "item": "minecraft:glow_ink_sac",
        "quantityRange": "2-4",
        "percentage": 10
      },
      {
        "item": "minecraft:ink_sac",
        "quantityRange": "2-4"
      }
    ]
  },
  "moves": [
    "1:constrict",
    "1:poisonsting",
    "1:reflecttype",
    "1:supersonic",
    "1:watergun",
    "15:toxicspikes",
    "19:acid",
    "25:bubblebeam",
    "26:acidspray",
    "29:waterpulse",
    "30:wrap",
    "34:acidarmor",
    "36:brine",
    "36:poisonjab",
    "38:barrier",
    "46:surf",
    "47:hex",
    "47:screech",
    "55:hydropump",
    "55:wringout",
    "56:sludgewave",
    "tm:attract",
    "tm:blizzard",
    "tm:brine",
    "tm:brutalswing",
    "tm:captivate",
    "tm:confide",
    "tm:crosspoison",
    "tm:cut",
    "tm:dazzlinggleam",
    "tm:dive",
    "tm:doubleteam",
    "tm:endure",
    "tm:facade",
    "tm:frustration",
    "tm:gigadrain",
    "tm:gigaimpact",
    "tm:hail",
    "tm:hex",
    "tm:hiddenpower",
    "tm:hydropump",
    "tm:hyperbeam",
    "tm:icebeam",
    "tm:icywind",
    "tm:infestation",
    "tm:muddywater",
    "tm:naturalgift",
    "tm:payback",
    "tm:poisonjab",
    "tm:protect",
    "tm:raindance",
    "tm:rest",
    "tm:return",
    "tm:round",
    "tm:safeguard",
    "tm:scald",
    "tm:screech",
    "tm:secretpower",
    "tm:sleeptalk",
    "tm:sludgebomb",
    "tm:sludgewave",
    "tm:snore",
    "tm:substitute",
    "tm:surf",
    "tm:swagger",
    "tm:swordsdance",
    "tm:thief",
    "tm:toxic",
    "tm:toxicspikes",
    "tm:venomdrench",
    "tm:venoshock",
    "tm:waterfall",
    "tm:waterpulse",
    "tm:whirlpool",
    "tutor:acid",
    "tutor:attract",
    "tutor:barrier",
    "tutor:bide",
    "tutor:bind",
    "tutor:blizzard",
    "tutor:bubblebeam",
    "tutor:constrict",
    "tutor:corrosivegas",
    "tutor:curse",
    "tutor:cut",
    "tutor:dazzlinggleam",
    "tutor:dive",
    "tutor:doubleedge",
    "tutor:doubleteam",
    "tutor:endure",
    "tutor:facade",
    "tutor:frustration",
    "tutor:gigadrain",
    "tutor:haze",
    "tutor:headbutt",
    "tutor:hiddenpower",
    "tutor:hydropump",
    "tutor:hyperbeam",
    "tutor:icebeam",
    "tutor:icywind",
    "tutor:knockoff",
    "tutor:magiccoat",
    "tutor:megadrain",
    "tutor:mimic",
    "tutor:mirrorcoat",
    "tutor:poisonjab",
    "tutor:poisonsting",
    "tutor:protect",
    "tutor:rage",
    "tutor:raindance",
    "tutor:reflect",
    "tutor:rest",
    "tutor:return",
    "tutor:scald",
    "tutor:screech",
    "tutor:skullbash",
    "tutor:sleeptalk",
    "tutor:sludgebomb",
    "tutor:snore",
    "tutor:substitute",
    "tutor:supersonic",
    "tutor:surf",
    "tutor:swagger",
    "tutor:swordsdance",
    "tutor:takedown",
    "tutor:toxic",
    "tutor:waterfall",
    "tutor:watergun",
    "tutor:waterpulse",
    "tutor:whirlpool",
    "tutor:wrap"
  ],
  "labels": [
    "gen1"
  ],
  "pokedex": [
    "cobblemon.species.tentacruel.desc"
  ],
  "preEvolution": "tentacool",
  "evolutions": [
  {
      "id": "tentacruel_tentyrant",
      "variant": "item_interact",
      "result": "tentyrant",
      "consumeHeldItem": false,
      "learnableMoves": [],
      "requirements": [],
	  "requiredContext": "cobblemon:water_stone"
    }
  ],
  "baseScale": 0.9,
  "hitbox": {
    "width": 1.2,
    "height": 2.45,
    "fixed": false
  },
  "baseFriendship": 50,
  "evYield": {
    "hp": 0,
    "attack": 0,
    "defence": 0,
    "special_attack": 0,
    "special_defence": 2,
    "speed": 0
  },
  "height": 16,
  "weight": 550,
  "aspects": [],
  "cannotDynamax": false
}