{
  "implemented": true,
  "name": "spiritombx",
  "nationalPokedexNumber": 442,
  "primaryType": "ghost",
  "secondaryType": "grass",
  "abilities": [
    "leafguard",
    "h:leafguard"
  ],
  "baseStats": {
    "hp": 50,
    "attack": 108,
    "defence": 92,
    "special_attack": 108,
    "special_defence": 92,
    "speed": 35
  },
  "behaviour": {
    "resting": {
        "canSleep": true,
        "willSleepOnBed": false,        "depth": "normal",
        "light": "0-6"
    },
    "moving": {
        "fly": {
            "canFly": false
        },
        "canLook": true,
        "walk": {
            "canWalk": true,
            "avoidsLand": false
        },
        "swim": {
            "swimSpeed": 0.1,
            "canSwimInWater": true,
            "canBreatheUnderwater": false
        },
        "wanderChance": 1.0
    }
  },
  "catchRate": 100,
  "maleRatio": 0.5,
  "shoulderMountable": false,
  "baseExperienceYield": 45,
  "experienceGroup": "medium_fast",
  "eggCycles": 50,
  "eggGroups": [
    "undiscovered"
  ],
  "moves": [
    "1:confuseray",
    "1:growth",
    "1:leechseed",
    "1:shadowsneak",
    "1:vinewhip",
    "7:megadrain",
    "12:hypnosis",
    "19:synthesis",
    "25:ominouswind",
    "31:magicalleaf",
    "37:ingrain",
    "43:worryseed",
    "49:leafstorm",
    "tm:psyshock",
    "tm:toxic",
    "tm:hiddenpower",
    "tm:sunnyday",
    "tm:taunt",
    "tm:hyperbeam",
    "tm:lightscreen",
    "tm:protect",
    "tm:raindance",
    "tm:solarbeam",
    "tm:return",
    "tm:psychic",
    "tm:shadowball",
    "tm:doubleteam",
    "tm:torment",
    "tm:rest",
    "tm:attract",
    "tm:round",
    "tm:energyball",
    "tm:embargo",
    "tm:gigaimpact",
    "tm:psychup",
    "tm:infestation",
    "tm:dreameater",
    "tm:grassknot",
    "tm:swagger",
    "tm:substitute",
    "tm:trickroom",
    "tutor:gigadrain",
    "tutor:painsplit",
    "tutor:secretpower",
    "tutor:seedbomb",
    "tutor:snore",
    "tutor:spite",
    "tutor:synthesis",
    "tutor:trick",
    "tutor:wonderroom",
    "tutor:worryseed"  ],
  "labels": [
    "infinity",
    "gen4"
  ],
  "pokedex": [
    "cobblemon.species.spiritombx.desc"
  ],
  "baseScale": 1.3,
  "hitbox": {
    "width": 1.0,
    "height": 1.0,
    "fixed": false
  },
  "baseFriendship": 70,
  "evYield": {
    "hp": 0,
    "attack": 0,
    "defence": 0,
    "special_attack": 1,
    "special_defence": 0,
    "speed": 0
  },
  "height": 10,
  "weight": 1000,
  "aspects": [],
"features": [

  ],  "cannotDynamax": false
}