{
	"format_version": "1.12.0",
	"minecraft:geometry": [
		{
			"description": {
				"identifier": "geometry.lucario",
				"texture_width": 128,
				"texture_height": 64,
				"visible_bounds_width": 9,
				"visible_bounds_height": 8,
				"visible_bounds_offset": [0, 2, 0]
			},
			"bones": [
				{
					"name": "lucario",
					"pivot": [0, 0, 0]
				},
				{
					"name": "body",
					"parent": "lucario",
					"pivot": [0, 21.5, 0]
				},
				{
					"name": "torso",
					"parent": "body",
					"pivot": [0, 18.5, 1.5],
					"cubes": [
						{"origin": [-6, 15, -1.8], "size": [12, 7, 7], "uv": [0, 0]},
						{"origin": [-4.5, 21.5, -1.5], "size": [9, 2, 6], "uv": [32, 8]}
					]
				},
				{
					"name": "waist_fluff",
					"parent": "torso",
					"pivot": [0, 22.5, -1.5],
					"rotation": [57.5, 0, 0],
					"cubes": [
						{"origin": [-1.5, 22.5, -3.5], "size": [3, 0, 2], "uv": [-2, 50]}
					]
				},
				{
					"name": "tail",
					"parent": "torso",
					"pivot": [0, 19.5, 5.2],
					"cubes": [
						{"origin": [-1, 18.5, 4.2], "size": [2, 2, 9], "uv": [0, 43]}
					]
				},
				{
					"name": "tail2",
					"parent": "tail",
					"pivot": [0, 18.5, 13.2],
					"cubes": [
						{"origin": [-1, 17.5, 13.2], "size": [2, 3, 9], "inflate": 0.01, "uv": [32, 40]}
					]
				},
				{
					"name": "tail3",
					"parent": "tail2",
					"pivot": [0, 17.5, 22.2],
					"cubes": [
						{"origin": [-1, 16.5, 22.2], "size": [2, 4, 9], "inflate": 0.02, "uv": [19, 36]},
						{"origin": [-0.5, 13.5, 27.2], "size": [1, 3, 4], "uv": [118, 40]}
					]
				},
				{
					"name": "tail4",
					"parent": "tail3",
					"pivot": [0, 13.5, 31.2],
					"cubes": [
						{"origin": [0, 8.5, 28.2], "size": [0, 5, 3], "uv": [0, 11]}
					]
				},
				{
					"name": "waist",
					"parent": "torso",
					"pivot": [0, 23.5, 1.5],
					"cubes": [
						{"origin": [-2.5, 21.5, -0.5], "size": [5, 7, 4], "uv": [45, 36]}
					]
				},
				{
					"name": "chest",
					"parent": "waist",
					"pivot": [0, 27.5, 1.5],
					"cubes": [
						{"origin": [-2.5, 27.5, -1], "size": [5, 6, 5], "inflate": 0.11, "uv": [44, 16]},
						{"origin": [-1, 29.5, -2.5], "size": [2, 2, 2], "pivot": [0, 30.5, -2.25], "rotation": [0, 0, 45], "uv": [93, 9]},
						{"origin": [-0.5, 30, -4], "size": [1, 1, 2], "pivot": [0, 30.5, -2.25], "rotation": [0, 0, 45], "uv": [0, 0]},
						{"origin": [-4.6, 28, -1], "size": [2, 5, 5], "pivot": [-4.5, 30.5, 1.5], "rotation": [-45, 0, 0], "uv": [65, 19]},
						{"origin": [2.6, 28, -1], "size": [2, 5, 5], "pivot": [-4.5, 30.5, 1.5], "rotation": [-45, 0, 0], "uv": [84, 24]},
						{"origin": [-1.5, 33.5, 0], "size": [3, 4, 3], "uv": [72, 45]}
					]
				},
				{
					"name": "fluff",
					"parent": "chest",
					"pivot": [0, 34, 1.5],
					"cubes": [
						{"origin": [-2.5, 33, 3.5], "size": [5, 2, 0], "pivot": [0, 33.5, 3.5], "rotation": [-25, 0, 0], "uv": [44, 27]},
						{"origin": [-2.5, 33, -0.5], "size": [0, 2, 4], "pivot": [-2.5, 33.5, 1.5], "rotation": [0, 0, -25], "uv": [0, 15]},
						{"origin": [2.5, 33, -0.5], "size": [0, 2, 4], "pivot": [2.5, 33.5, 1.5], "rotation": [0, 0, 25], "uv": [22, 10]},
						{"origin": [-2.5, 33, -0.5], "size": [5, 2, 0], "pivot": [0, 33.5, -0.5], "rotation": [25, 0, 0], "uv": [45, 47]}
					]
				},
				{
					"name": "head",
					"parent": "chest",
					"pivot": [0, 35.5, 1.5],
					"cubes": [
						{"origin": [-3.5, 35.5, -3], "size": [7, 7, 7], "uv": [0, 29]},
						{"origin": [-1, 39.5, -3], "size": [2, 3, 4], "inflate": 0.01, "uv": [84, 53]}
					]
				},
				{
					"name": "ears",
					"parent": "head",
					"pivot": [1, 35.5, 0]
				},
				{
					"name": "ear_right",
					"parent": "ears",
					"pivot": [-0.5, 42.5, 0],
					"rotation": [0, 0, -5],
					"cubes": [
						{"origin": [-3.5, 42, 0], "size": [3, 5, 3], "uv": [71, 0]},
						{"origin": [-3, 47, 0], "size": [2, 3, 2], "uv": [13, 47]},
						{"origin": [-3, 42.5, -0.01], "size": [2, 4, 0], "uv": [0, 29]}
					]
				},
				{
					"name": "ear_left",
					"parent": "ears",
					"pivot": [0.5, 42.5, 0],
					"rotation": [0, 0, 5],
					"cubes": [
						{"origin": [0.5, 42, 0], "size": [3, 5, 3], "uv": [60, 44]},
						{"origin": [1, 47, 0], "size": [2, 3, 2], "uv": [32, 40]},
						{"origin": [1, 42.5, -0.01], "size": [2, 4, 0], "uv": [0, 3]}
					]
				},
				{
					"name": "eyes",
					"parent": "head",
					"pivot": [1, 35.1, 0]
				},
				{
					"name": "eyes_right",
					"parent": "eyes",
					"pivot": [0.5, -4.9, 0]
				},
				{
					"name": "eye_right",
					"parent": "eyes_right",
					"pivot": [-2, 39.1, -2],
					"cubes": [
						{"origin": [-3.5, 38.1, -3], "size": [2, 2, 2], "inflate": 0.01, "uv": [0, 54]}
					]
				},
				{
					"name": "eye_right_squint",
					"parent": "eyes_right",
					"pivot": [-1.9, 39.1, -1.9],
					"cubes": [
						{"origin": [-3.4, 38.1, -2.9], "size": [2, 1, 2], "inflate": 0.01, "uv": [8, 54]}
					]
				},
				{
					"name": "eye_right_emote",
					"parent": "eyes_right",
					"pivot": [-1.9, 39.1, -1.9],
					"cubes": [
						{"origin": [-1.9, 38.1, -3], "size": [1, 1, 1], "inflate": 0.011, "uv": [4, 48], "mirror": true}
					]
				},
				{
					"name": "eye_right_emote2",
					"parent": "eyes_right",
					"pivot": [-1.4, 39.6, -2.4],
					"cubes": [
						{"origin": [-1.9, 39.1, -2.9], "size": [1, 1, 1], "inflate": 0.015, "uv": [0, 62], "mirror": true}
					]
				},
				{
					"name": "eye_right_emote3",
					"parent": "eyes_right",
					"pivot": [-1.3, 39.6, -2.4],
					"cubes": [
						{"origin": [-1.8, 38.1, -2.9], "size": [1, 3, 1], "inflate": 0.015, "uv": [97, 17]}
					]
				},
				{
					"name": "pupil_right",
					"parent": "eyes_right",
					"pivot": [-2, 39.1, -2.51],
					"cubes": [
						{"origin": [-2.5, 38.1, -3.01], "size": [1, 2, 1], "inflate": 0.015, "uv": [4, 43]}
					]
				},
				{
					"name": "pupil_right_small",
					"parent": "eyes_right",
					"pivot": [-2, 39.1, -2.41],
					"cubes": [
						{"origin": [-2.5, 38.1, -2.91], "size": [1, 1, 1], "inflate": 0.015, "uv": [0, 46]}
					]
				},
				{
					"name": "eyelid_right",
					"parent": "eyes_right",
					"pivot": [-1.9, 39.1, -1.9],
					"cubes": [
						{"origin": [-3.4, 38.1, -2.9], "size": [2, 2, 2], "inflate": 0.02, "uv": [14, 57]},
						{"origin": [-1.8, 38.1, -2.9], "size": [1, 2, 1], "inflate": 0.021, "uv": [30, 57]}
					]
				},
				{
					"name": "eyelid_right_happy",
					"parent": "eyes_right",
					"pivot": [-1.9, 39.1, -1.9],
					"cubes": [
						{"origin": [-3.4, 38.1, -2.9], "size": [3, 2, 2], "inflate": 0.02, "uv": [93, 25]}
					]
				},
				{
					"name": "eyes_left",
					"parent": "eyes",
					"pivot": [0.5, 35.1, 0]
				},
				{
					"name": "eye_left",
					"parent": "eyes_left",
					"pivot": [2, 39.1, -2],
					"cubes": [
						{"origin": [1.5, 38.1, -3], "size": [2, 2, 2], "inflate": 0.01, "uv": [0, 58]}
					]
				},
				{
					"name": "eye_left_squint",
					"parent": "eyes_left",
					"pivot": [1.9, 39.1, -1.9],
					"cubes": [
						{"origin": [1.4, 38.1, -2.9], "size": [2, 1, 2], "inflate": 0.01, "uv": [6, 57]}
					]
				},
				{
					"name": "eye_left_emote",
					"parent": "eyes_left",
					"pivot": [1.4, 38.6, -2.5],
					"cubes": [
						{"origin": [0.9, 38.1, -3], "size": [1, 1, 1], "inflate": 0.011, "uv": [4, 46]}
					]
				},
				{
					"name": "eye_left_emote2",
					"parent": "eyes_left",
					"pivot": [1.4, 39.6, -2.4],
					"cubes": [
						{"origin": [0.9, 39.1, -2.9], "size": [1, 1, 1], "inflate": 0.015, "uv": [4, 62]}
					]
				},
				{
					"name": "eye_left_emote3",
					"parent": "eyes_left",
					"pivot": [1.3, 39.6, -2.4],
					"cubes": [
						{"origin": [0.8, 38.1, -2.9], "size": [1, 3, 1], "inflate": 0.015, "uv": [98, 13]}
					]
				},
				{
					"name": "pupil_left",
					"parent": "eyes_left",
					"pivot": [2, 39.1, -2.51],
					"cubes": [
						{"origin": [1.5, 38.1, -3.01], "size": [1, 2, 1], "inflate": 0.015, "uv": [0, 43]}
					]
				},
				{
					"name": "pupil_left_small",
					"parent": "eyes_left",
					"pivot": [2, 38.6, -2.41],
					"cubes": [
						{"origin": [1.5, 38.1, -2.91], "size": [1, 1, 1], "inflate": 0.015, "uv": [0, 48]}
					]
				},
				{
					"name": "eyelid_left",
					"parent": "eyes_left",
					"pivot": [1.9, 39.1, -1.9],
					"cubes": [
						{"origin": [1.4, 38.1, -2.9], "size": [2, 2, 2], "inflate": 0.02, "uv": [22, 57]},
						{"origin": [0.8, 38.1, -2.9], "size": [1, 2, 1], "inflate": 0.021, "uv": [34, 57]}
					]
				},
				{
					"name": "eyelid_left_happy",
					"parent": "eyes_left",
					"pivot": [1.9, 39.1, -1.9],
					"cubes": [
						{"origin": [0.4, 38.1, -2.9], "size": [3, 2, 2], "inflate": 0.02, "uv": [79, 25]}
					]
				},
				{
					"name": "snout",
					"parent": "head",
					"pivot": [0, 38.8, -3],
					"cubes": [
						{"origin": [-1.5, 36.8, -7], "size": [3, 2, 2], "uv": [106, 37]},
						{"origin": [-2, 35.8, -5], "size": [4, 3, 2], "uv": [75, 17]}
					]
				},
				{
					"name": "fangs",
					"parent": "snout",
					"pivot": [-1.5, 36.3, -3.5],
					"cubes": [
						{"origin": [1.3, 36.3, -3.4], "size": [1, 1, 0], "pivot": [1.5, 36.3, -3.4], "rotation": [27.5, -22.5, -50], "uv": [0, 1]},
						{"origin": [-2.3, 36.3, -3.4], "size": [1, 1, 0], "pivot": [-1.5, 36.3, -3.4], "rotation": [27.5, 22.5, 50], "uv": [0, 0]}
					]
				},
				{
					"name": "mouths",
					"parent": "head",
					"pivot": [1, 34.5, -2]
				},
				{
					"name": "jaw",
					"parent": "mouths",
					"pivot": [0, 36, -3.5],
					"cubes": [
						{"origin": [-1, 35.5, -4], "size": [2, 1, 1], "uv": [31, 5]}
					]
				},
				{
					"name": "mouth_open",
					"parent": "mouths",
					"pivot": [1, 35.6, -1],
					"cubes": [
						{"origin": [-1.5, 35.6, -2], "size": [3, 2, 1], "uv": [60, 52]},
						{"origin": [-2, 36.6, -2.01], "size": [4, 1, 0], "uv": [22, 21]},
						{"origin": [-1.5, 35.6, -1], "size": [3, 2, 3], "pivot": [1, 35.6, -1], "rotation": [20, 0, 0], "uv": [51, 52]}
					]
				},
				{
					"name": "mouth_open2",
					"parent": "mouths",
					"pivot": [1, 35.6, -1],
					"cubes": [
						{"origin": [-2, 35.6, -2], "size": [4, 2, 1], "inflate": -0.01, "uv": [68, 52]},
						{"origin": [-1.5, 36.6, -2.01], "size": [3, 1, 0], "uv": [0, 35]},
						{"origin": [-2, 35.6, -1], "size": [4, 2, 3], "inflate": -0.01, "pivot": [1, 35.6, -1], "rotation": [27.5, 0, 0], "uv": [37, 52]}
					]
				},
				{
					"name": "teeth_clench",
					"parent": "mouths",
					"pivot": [0, 36, -2.01],
					"cubes": [
						{"origin": [-2, 35.5, -2.01], "size": [4, 1, 0], "uv": [0, 21]}
					]
				},
				{
					"name": "smile",
					"parent": "mouths",
					"pivot": [1, 36.5, -1],
					"cubes": [
						{"origin": [-2.5, 36.8, -2.01], "size": [5, 1, 0], "uv": [22, 20]},
						{"origin": [-2, 35.8, -2.01], "size": [4, 1, 1], "uv": [13, 43]},
						{"origin": [-2, 35.8, -1.01], "size": [4, 1, 2], "pivot": [0, 35.8, -1.01], "rotation": [28.5, 0, 0], "uv": [116, 37]}
					]
				},
				{
					"name": "aura_sensors",
					"parent": "head",
					"pivot": [0, 5.5, 0]
				},
				{
					"name": "aura_sensor_right_outer",
					"parent": "aura_sensors",
					"pivot": [-3.4, 41.5, 3.5],
					"rotation": [17.5, -7.5, 30],
					"cubes": [
						{"origin": [-3.4, 34.5, 1.5], "size": [2, 7, 2], "uv": [96, 51]}
					]
				},
				{
					"name": "aura_sensor_right_outer2",
					"parent": "aura_sensor_right_outer",
					"pivot": [-2.4, 35.5, 2.5],
					"cubes": [
						{"origin": [-3.9, 26.5, 1], "size": [3, 9, 3], "uv": [104, 25]}
					]
				},
				{
					"name": "aura_sensor_right_inner",
					"parent": "aura_sensors",
					"pivot": [-2.5, 42, 4],
					"rotation": [20, -7.5, 10],
					"cubes": [
						{"origin": [-2.5, 35, 2], "size": [2, 7, 2], "uv": [104, 53]}
					]
				},
				{
					"name": "aura_sensor_right_inner2",
					"parent": "aura_sensor_right_inner",
					"pivot": [-1.5, 36, 3],
					"cubes": [
						{"origin": [-3, 25, 1.5], "size": [3, 11, 3], "uv": [116, 11]}
					]
				},
				{
					"name": "aura_sensor_left_outer",
					"parent": "aura_sensors",
					"pivot": [3.4, 41.5, 3.5],
					"rotation": [17.5, 7.5, -30],
					"cubes": [
						{"origin": [1.4, 34.5, 1.5], "size": [2, 7, 2], "uv": [120, 52]}
					]
				},
				{
					"name": "aura_sensor_left_outer2",
					"parent": "aura_sensor_left_outer",
					"pivot": [2.4, 35.5, 2.5],
					"cubes": [
						{"origin": [0.9, 26.5, 1], "size": [3, 9, 3], "uv": [116, 25]}
					]
				},
				{
					"name": "aura_sensor_left_inner",
					"parent": "aura_sensors",
					"pivot": [2.5, 42, 4],
					"rotation": [20, 7.5, -10],
					"cubes": [
						{"origin": [0.5, 35, 2], "size": [2, 7, 2], "uv": [112, 53]}
					]
				},
				{
					"name": "aura_sensor_left_inner2",
					"parent": "aura_sensor_left_inner",
					"pivot": [1.5, 36, 3],
					"cubes": [
						{"origin": [0, 25, 1.5], "size": [3, 11, 3], "uv": [104, 11]}
					]
				},
				{
					"name": "arm_right",
					"parent": "chest",
					"pivot": [-4.6, 30.5, 1.5],
					"cubes": [
						{"origin": [-9.6, 29.5, 0.5], "size": [7, 2, 2], "uv": [53, 0]}
					]
				},
				{
					"name": "arm_right2",
					"parent": "arm_right",
					"pivot": [-9.6, 30.5, 2.5],
					"cubes": [
						{"origin": [-14.6, 29.5, -0.5], "size": [5, 2, 4], "inflate": 0.01, "uv": [73, 39]}
					]
				},
				{
					"name": "hand_right",
					"parent": "arm_right2",
					"pivot": [-13.1, 32, 1.5],
					"cubes": [
						{"origin": [-16.1, 31.5, 0.5], "size": [2, 2, 2], "pivot": [-15.1, 33, 1.5], "rotation": [0, -45, 0], "uv": [91, 0]},
						{"origin": [-15.6, 33, 1], "size": [1, 2, 1], "pivot": [-15.1, 33, 1.5], "rotation": [0, -45, 0], "uv": [43, 36]},
						{"origin": [-17.1, 29, -1], "size": [4, 3, 5], "inflate": 0.02, "uv": [80, 9]}
					]
				},
				{
					"name": "finger_right_front",
					"parent": "hand_right",
					"pivot": [-17.1, 32, 0],
					"cubes": [
						{"origin": [-20.1, 29, -1.5], "size": [3, 3, 2], "inflate": 0.03, "uv": [105, 41]}
					]
				},
				{
					"name": "finger_right_middle",
					"parent": "hand_right",
					"pivot": [-17.1, 32, 1.5],
					"cubes": [
						{"origin": [-21.1, 29, 0.5], "size": [4, 3, 2], "inflate": 0.04, "uv": [73, 9]}
					]
				},
				{
					"name": "finger_right_back",
					"parent": "hand_right",
					"pivot": [-17.1, 32, 3],
					"cubes": [
						{"origin": [-20.1, 29, 2.5], "size": [3, 3, 2], "inflate": 0.03, "uv": [87, 34]}
					]
				},
				{
					"name": "arm_left",
					"parent": "chest",
					"pivot": [4.6, 30.5, 1.5],
					"cubes": [
						{"origin": [2.6, 29.5, 0.5], "size": [7, 2, 2], "uv": [22, 16]}
					]
				},
				{
					"name": "arm_left2",
					"parent": "arm_left",
					"pivot": [9.6, 30.5, 2.5],
					"cubes": [
						{"origin": [9.6, 29.5, -0.5], "size": [5, 2, 4], "inflate": 0.01, "uv": [83, 18]}
					]
				},
				{
					"name": "hand_left",
					"parent": "arm_left2",
					"pivot": [13.1, 32, 1.5],
					"cubes": [
						{"origin": [14.1, 31.5, 0.5], "size": [2, 2, 2], "pivot": [15.1, 33, 1.5], "rotation": [0, 45, 0], "uv": [83, 0]},
						{"origin": [14.6, 33, 1], "size": [1, 2, 1], "pivot": [15.1, 33, 1.5], "rotation": [0, 45, 0], "uv": [3, 32]},
						{"origin": [13.1, 29, -1], "size": [4, 3, 5], "inflate": 0.02, "uv": [52, 27]}
					]
				},
				{
					"name": "finger_left_front",
					"parent": "hand_left",
					"pivot": [17.1, 32, 0],
					"cubes": [
						{"origin": [17.1, 29, -1.5], "size": [3, 3, 2], "inflate": 0.03, "uv": [118, 47]}
					]
				},
				{
					"name": "finger_left_middle",
					"parent": "hand_left",
					"pivot": [17.1, 32, 1.5],
					"cubes": [
						{"origin": [17.1, 29, 0.5], "size": [4, 3, 2], "inflate": 0.04, "uv": [31, 0]}
					]
				},
				{
					"name": "finger_left_back",
					"parent": "hand_left",
					"pivot": [17.1, 32, 3],
					"cubes": [
						{"origin": [17.1, 29, 2.5], "size": [3, 3, 2], "inflate": 0.03, "uv": [77, 34]}
					]
				},
				{
					"name": "leg_right",
					"parent": "body",
					"pivot": [-4.2, 18.7, -0.3],
					"rotation": [0, 0, 10],
					"cubes": [
						{"origin": [-7.2, 13.2, -2.3], "size": [7, 7, 8], "uv": [0, 14]}
					]
				},
				{
					"name": "leg_right2",
					"parent": "leg_right",
					"pivot": [-3.5, 14.2, 1.7],
					"rotation": [10, 0, -10],
					"cubes": [
						{"origin": [-5.7, 11.2, 0], "size": [4, 4, 3], "uv": [91, 39]}
					]
				},
				{
					"name": "leg_right3",
					"parent": "leg_right2",
					"pivot": [-3.7, 11.2, 0],
					"rotation": [50, 0, 0],
					"cubes": [
						{"origin": [-5.7, 7.2, 0], "size": [4, 4, 3], "inflate": 0.01, "uv": [63, 35]}
					]
				},
				{
					"name": "leg_right4",
					"parent": "leg_right3",
					"pivot": [-3.7, 7.2, 3],
					"rotation": [-52.5, 0, 0],
					"cubes": [
						{"origin": [-5.7, -0.8, 0], "size": [4, 8, 3], "uv": [114, 0]}
					]
				},
				{
					"name": "foot_right",
					"parent": "leg_right4",
					"pivot": [-3.7, -0.8, 3],
					"rotation": [37.5, 0, 0],
					"cubes": [
						{"origin": [-6.2, -0.8, -2], "size": [5, 3, 5], "inflate": -0.01, "uv": [38, 0]}
					]
				},
				{
					"name": "foot_right2",
					"parent": "foot_right",
					"pivot": [-3.7, -0.8, -2],
					"rotation": [-45, 0, 0],
					"cubes": [
						{"origin": [-6.2, -0.8, -6], "size": [5, 3, 4], "uv": [56, 4]}
					]
				},
				{
					"name": "foot_right3",
					"parent": "foot_right2",
					"pivot": [-3.7, -0.8, -6],
					"cubes": [
						{"origin": [-6.2, -0.8, -8], "size": [5, 3, 2], "inflate": 0.01, "uv": [70, 29]}
					]
				},
				{
					"name": "leg_left",
					"parent": "body",
					"pivot": [4.2, 18.7, -0.3],
					"rotation": [0, 0, -10],
					"cubes": [
						{"origin": [0.2, 13.2, -2.3], "size": [7, 7, 8], "uv": [22, 21]}
					]
				},
				{
					"name": "leg_left2",
					"parent": "leg_left",
					"pivot": [3.5, 14.2, 1.7],
					"rotation": [10, 0, 10],
					"cubes": [
						{"origin": [1.7, 11.2, 0], "size": [4, 4, 3], "uv": [84, 46]}
					]
				},
				{
					"name": "leg_left3",
					"parent": "leg_left2",
					"pivot": [3.7, 11.2, 0],
					"rotation": [50, 0, 0],
					"cubes": [
						{"origin": [1.7, 7.2, 0], "size": [4, 4, 3], "inflate": 0.01, "uv": [104, 46]}
					]
				},
				{
					"name": "leg_left4",
					"parent": "leg_left3",
					"pivot": [3.7, 7.2, 3],
					"rotation": [-52.5, 0, 0],
					"cubes": [
						{"origin": [1.7, -0.8, 0], "size": [4, 8, 3], "uv": [100, 0]}
					]
				},
				{
					"name": "foot_left",
					"parent": "leg_left4",
					"pivot": [3.7, -0.8, 3],
					"rotation": [37.5, 0, 0],
					"cubes": [
						{"origin": [1.2, -0.8, -2], "size": [5, 3, 5], "inflate": -0.01, "uv": [17, 49]}
					]
				},
				{
					"name": "foot_left2",
					"parent": "foot_left",
					"pivot": [3.7, -0.8, -2],
					"rotation": [-45, 0, 0],
					"cubes": [
						{"origin": [1.2, -0.8, -6], "size": [5, 3, 4], "uv": [59, 12]}
					]
				},
				{
					"name": "foot_left3",
					"parent": "foot_left2",
					"pivot": [3.7, -0.8, -6],
					"cubes": [
						{"origin": [1.2, -0.8, -8], "size": [5, 3, 2], "inflate": 0.01, "uv": [86, 4]}
					]
				}
			]
		}
	]
}