{
	"format_version": "1.12.0",
	"minecraft:geometry": [
		{
			"description": {
				"identifier": "geometry.unknown",
				"texture_width": 256,
				"texture_height": 256,
				"visible_bounds_width": 7,
				"visible_bounds_height": 3.5,
				"visible_bounds_offset": [0, 1.25, 0]
			},
			"bones": [
				{
					"name": "main",
					"pivot": [0, 0, 0]
				},
				{
					"name": "Body",
					"parent": "main",
					"pivot": [0, 0, 0],
					"cubes": [
						{"origin": [-8.25, 12, 12.25], "size": [17, 1, 12], "pivot": [2, 0, -1], "rotation": [90, 0, 0], "uv": [73, 17]},
						{"origin": [-8.25, -12, 24], "size": [17, 1, 16], "pivot": [2, 0, 10.75], "rotation": [90, 0, 0], "uv": [73, 0]},
						{"origin": [-21, 9.5, 12.25], "size": [36, 1, 16], "pivot": [2, 0, -1], "rotation": [0, 90, -90], "uv": [69, 54]},
						{"origin": [-21, -7, 12.25], "size": [36, 1, 16], "pivot": [2, 0, -1], "rotation": [0, 90, -90], "uv": [69, 37]},
						{"origin": [-9.25, 28.75, -12.5], "size": [19, 2, 35], "uv": [0, 0]},
						{"origin": [-9.25, 37.75, 26.25], "size": [19, 2, 2], "pivot": [2, 43, 7.75], "rotation": [-30, 0, 0], "uv": [70, 85]},
						{"origin": [-1.25, 23.75, -11.25], "size": [2, 1, 15], "pivot": [0.75, -1, 9], "rotation": [-55, 0, 0], "uv": [0, 0]},
						{"origin": [6.5, 29.25, -11.5], "size": [4, 5, 4], "pivot": [0, 0, -1.5], "rotation": [0, 0, -27.5], "uv": [110, 118]},
						{"origin": [-7, 30.25, -11.5], "size": [4, 6, 5], "uv": [55, 114]},
						{"origin": [-7, 35.25, -2.25], "size": [4, 4, 2], "pivot": [0, 0, -1.5], "rotation": [10, 0, 0], "uv": [0, 132]},
						{"origin": [5.75, 26.75, 21.25], "size": [2, 2, 2], "pivot": [0, 0, 0], "rotation": [10, 0, 0], "uv": [12, 115]},
						{"origin": [4, 27.75, 22], "size": [3, 4, 2], "pivot": [0, 0, 0], "rotation": [7.5, 0, 0], "uv": [135, 17]},
						{"origin": [4, 27.75, 20], "size": [2, 3, 2], "pivot": [0, 0, 0], "rotation": [7.5, 0, 0], "uv": [15, 102]},
						{"origin": [-1, 27.5, 18], "size": [2, 7, 2], "pivot": [0, 0, 0], "rotation": [9.95708, 7.4713, -0.6574], "uv": [12, 134]},
						{"origin": [-1, 31.25, 8.25], "size": [3, 5, 2], "pivot": [0, 0, 0], "rotation": [-5.04292, 7.4713, -0.6574], "uv": [57, 133]},
						{"origin": [-1.25, 27.75, 15.75], "size": [3, 4, 2], "pivot": [0, 0, 0], "rotation": [7.5, 0, 0], "uv": [132, 121]},
						{"origin": [-8.5, 29.75, 13.5], "size": [4, 2, 5], "uv": [96, 114]},
						{"origin": [-5.75, 29.75, 13.5], "size": [2, 3, 5], "uv": [68, 128]},
						{"origin": [10.5, 29.75, 10], "size": [2, 4, 4], "pivot": [0, 0, 0], "rotation": [0, -65, 0], "uv": [116, 130]},
						{"origin": [-9.25, 36, -19], "size": [19, 2, 2], "pivot": [2, 43, -1], "rotation": [30, 0, 0], "uv": [73, 30]},
						{"origin": [-8.25, 12.25, -12.5], "size": [17, 2, 35], "uv": [0, 37]},
						{"origin": [-33, -6.25, 20], "size": [4, 5, 4], "pivot": [1, -1.75, 5.25], "rotation": [-98.55141, -1.07546, 111.63374], "uv": [0, 115]},
						{"origin": [2, 29, 0], "size": [4, 5, 4], "pivot": [1, -1.75, 5.25], "rotation": [3.57358, 14.77135, -9.92709], "uv": [73, 0]},
						{"origin": [0, 29, 1], "size": [4, 5, 4], "pivot": [1, -1.75, 5.25], "rotation": [8.19179, -64.97665, -18.27123], "uv": [69, 54]},
						{"origin": [1, 30.75, -5.25], "size": [4, 5, 4], "pivot": [0, 0, 0], "rotation": [9.52086, 46.89008, 10.74673], "uv": [73, 119]},
						{"origin": [-29.25, -4.5, -25], "size": [4, 5, 4], "pivot": [0, 0, 0], "rotation": [-63.78709, 7.46902, 61.50403], "uv": [89, 121]},
						{"origin": [-1, 30.75, -4.25], "size": [4, 5, 4], "pivot": [0, 0, 0], "rotation": [7.70059, -32.47805, -0.38669], "uv": [119, 17]},
						{"origin": [-5.5, 29, -0.25], "size": [4, 5, 4], "pivot": [1, -1.75, 5.25], "rotation": [173.62299, -57.13699, 174.52369], "uv": [16, 117]},
						{"origin": [-1.5, 29, -3], "size": [4, 5, 4], "pivot": [1, -1.75, 5.25], "rotation": [7.5, -62.5, -17.5], "uv": [32, 117]},
						{"origin": [-2.5, 30.75, -8.25], "size": [4, 5, 4], "pivot": [0, 0, 0], "rotation": [7.5, -30, 0], "uv": [123, 78]},
						{"origin": [-6.5, 30.75, -5.5], "size": [4, 5, 4], "pivot": [0, 0, 0], "rotation": [91.87701, -83.50597, -88.12299], "uv": [123, 0]}
					]
				},
				{
					"name": "Tail",
					"parent": "Body",
					"pivot": [-12.5, 11.25, 10],
					"cubes": [
						{"origin": [-1.25, 23.75, 14.75], "size": [2, 1, 5], "pivot": [0.75, -1, 9], "rotation": [-30, 0, 0], "uv": [128, 130]}
					]
				},
				{
					"name": "TailSeg2",
					"parent": "Tail",
					"pivot": [-12.5, 11.25, 10],
					"cubes": [
						{"origin": [-1.25, 7.75, 34.5], "size": [2, 1, 5], "pivot": [0.75, -1, 9], "rotation": [17.5, 0, 0], "uv": [127, 107]},
						{"origin": [-1.25, -18.75, 35.25], "size": [2, 1, 5], "pivot": [0.75, -1, 9], "rotation": [67.5, 0, 0], "uv": [21, 29]},
						{"origin": [-16, 27.75, 24], "size": [2, 2, 2], "pivot": [0, 0, 7.25], "rotation": [-21.99054, 12.19908, 27.62113], "uv": [107, 141]},
						{"origin": [-11.75, 27.75, 29.25], "size": [2, 2, 2], "pivot": [0, 0, 7.25], "rotation": [-21.47949, -1.74554, 33.18531], "uv": [141, 89]},
						{"origin": [-22.75, 6.25, 34.5], "size": [2, 2, 2], "pivot": [0, 0, 7.25], "rotation": [29.84514, 30.56671, 19.06722], "uv": [140, 134]},
						{"origin": [-8.25, 20.5, 36.75], "size": [2, 2, 2], "pivot": [0, 0, 7.25], "rotation": [-3.39845, -5.36804, 23.8449], "uv": [140, 32]},
						{"origin": [-1, 22.75, 36.25], "size": [2, 2, 2], "uv": [104, 135]},
						{"origin": [-24.25, 17.5, 32], "size": [2, 2, 2], "pivot": [-12.5, 47.25, 10], "rotation": [7.31658, 19.02134, -35.35866], "uv": [124, 130]},
						{"origin": [-28.5, 17.5, 26.75], "size": [2, 2, 2], "pivot": [-12.5, 47.25, 10], "rotation": [8.33889, 33.88372, -33.0832], "uv": [111, 127]},
						{"origin": [-35.25, 39, 37.25], "size": [2, 2, 2], "pivot": [-12.5, 47.25, 10], "rotation": [-43.29607, 53.59293, -28.28919], "uv": [101, 121]},
						{"origin": [-20.75, 24.75, 39.5], "size": [2, 2, 2], "pivot": [-12.5, 47.25, 10], "rotation": [-6.91898, 17.46132, -24.95662], "uv": [85, 119]},
						{"origin": [-33.5, 21.25, -9.5], "size": [2, 2, 2], "pivot": [-12.5, 46.75, 10], "rotation": [77.15626, 54.5829, -19.77609], "uv": [118, 78]},
						{"origin": [-41.75, 31.5, -13.5], "size": [2, 2, 2], "pivot": [-12.5, 47.25, 9], "rotation": [62.94369, 73.54791, -35.34814], "uv": [117, 104]},
						{"origin": [-41.25, 26.25, -11.5], "size": [2, 2, 2], "pivot": [-12.5, 47.25, 9], "rotation": [55.44369, 73.54791, -35.34814], "uv": [44, 117]},
						{"origin": [-8, 25.25, 36.75], "size": [1, 2, 2], "pivot": [0, -0.5, 8.25], "rotation": [0, 0, 17.5], "uv": [11, 124]},
						{"origin": [7, 25.25, 36.75], "size": [1, 2, 2], "pivot": [0, -0.5, 8.25], "rotation": [0, 0, -17.5], "uv": [68, 94]},
						{"origin": [-1, 16.25, 43.25], "size": [2, 2, 1], "pivot": [0, -0.5, 8.25], "rotation": [17.5, 0, 0], "uv": [33, 86]},
						{"origin": [-1, 34, 28.75], "size": [2, 2, 1], "pivot": [0, -0.5, 8.25], "rotation": [-17.5, 0, 0], "uv": [78, 41]},
						{"origin": [-8, 30.75, 36.75], "size": [1, 2, 2], "pivot": [0, 58.5, 8.25], "rotation": [0, 0, -17.5], "uv": [78, 37]},
						{"origin": [7, 30.75, 36.75], "size": [1, 2, 2], "pivot": [0, 58.5, 8.25], "rotation": [0, 0, 17.5], "uv": [69, 37]},
						{"origin": [-1, 39.75, 43.25], "size": [2, 2, 1], "pivot": [0, 58.5, 8.25], "rotation": [-17.5, 0, 0], "uv": [69, 41]},
						{"origin": [-1, 22, 28.75], "size": [2, 2, 1], "pivot": [0, 58.5, 8.25], "rotation": [17.5, 0, 0], "uv": [9, 0]},
						{"origin": [-1.75, 28, 36.75], "size": [1, 2, 2], "uv": [29, 47]},
						{"origin": [0.75, 28, 36.75], "size": [1, 2, 2], "uv": [29, 16]},
						{"origin": [30.5, 27.5, 7.25], "size": [1, 3, 2], "pivot": [0, -0.5, 8.25], "rotation": [0, -90, 0], "uv": [28, 0]},
						{"origin": [27.75, 27.5, 7.25], "size": [1, 3, 2], "pivot": [0, -0.5, 8.25], "rotation": [0, -90, 0], "uv": [19, 0]},
						{"origin": [-42.75, 23, -9.5], "size": [2, 2, 2], "pivot": [-12.5, 11.25, 10], "rotation": [-44.10904, 79.66421, 54.67255], "uv": [28, 117]}
					]
				},
				{
					"name": "EyeR",
					"parent": "Body",
					"pivot": [0, 0, 0],
					"cubes": [
						{"origin": [-8.6, 24.75, -11.25], "size": [0, 3, 5], "uv": [73, 21]}
					]
				},
				{
					"name": "EarL",
					"parent": "Body",
					"pivot": [-1.25, 3.5, -0.5],
					"cubes": [
						{"origin": [7.25, 27, -6.75], "size": [1, 6, 12], "pivot": [-1.25, 3.5, -0.5], "rotation": [-13.32415, 32.7695, 8.82775], "uv": [0, 47]},
						{"origin": [7.5, 23, -19.75], "size": [1, 8, 7], "pivot": [-1.25, 3.5, -0.5], "rotation": [-48.32415, 32.7695, 8.82775], "uv": [69, 37]}
					]
				},
				{
					"name": "EyeL",
					"parent": "Body",
					"pivot": [0, 0, 0],
					"cubes": [
						{"origin": [9.35, 24.75, -11.25], "size": [0, 3, 5], "uv": [73, 21]}
					]
				},
				{
					"name": "EarR",
					"parent": "Body",
					"pivot": [2, 3.5, -0.5],
					"cubes": [
						{"origin": [-7.75, 23, -19.75], "size": [1, 8, 7], "pivot": [2, 3.5, -0.5], "rotation": [-48.32415, -32.7695, -8.82775], "uv": [19, 0]},
						{"origin": [-7.5, 27, -6.75], "size": [1, 6, 12], "pivot": [2, 3.5, -0.5], "rotation": [-13.32415, -32.7695, -8.82775], "uv": [0, 16]}
					]
				},
				{
					"name": "TrunkBottom",
					"parent": "Body",
					"pivot": [0.75, 0, 0],
					"cubes": [
						{"origin": [-7.25, -8.75, -26.75], "size": [15, 5, 2], "pivot": [0.75, 0, -8.75], "rotation": [-50, 0, 0], "uv": [34, 94]},
						{"origin": [-7.25, -19.25, -20.5], "size": [15, 5, 2], "pivot": [0.75, 0, -11.25], "rotation": [-87.5, 0, 0], "uv": [0, 65]},
						{"origin": [-7.25, -23.5, -7.5], "size": [15, 4, 2], "pivot": [0.75, 0, -11.25], "rotation": [-125, 0, 0], "uv": [32, 101]},
						{"origin": [6.6, -12.45, -11.75], "size": [7, 7, 1], "pivot": [-20.5, -7.75, -16.5], "rotation": [-155.74955, 22.32924, -40.144], "uv": [20, 107]},
						{"origin": [5.6, -14.95, -11.75], "size": [6, 6, 1], "pivot": [-20.5, -7.75, -16.5], "rotation": [-155.74955, 22.32924, -40.144], "uv": [82, 130]},
						{"origin": [-11.1, -15.45, -11.75], "size": [6, 6, 1], "pivot": [20.5, -7.75, -16.5], "rotation": [-155.74955, -22.32924, 40.144], "uv": [123, 9]},
						{"origin": [-3.5, 19.75, -2.5], "size": [3, 5, 2], "pivot": [-26.5, -1.75, -7.25], "rotation": [92.40317, 7.83076, 5.91835], "uv": [134, 71]},
						{"origin": [-3.5, -0.75, 12], "size": [3, 9, 2], "pivot": [-26.5, -1.75, -7.25], "rotation": [142.40317, 7.83076, 5.91835], "uv": [0, 47]},
						{"origin": [0.5, -0.75, 12], "size": [3, 9, 2], "pivot": [26.5, -1.75, -7.25], "rotation": [142.40317, -7.83076, -5.91835], "uv": [0, 16]},
						{"origin": [0.5, 19.75, -2.5], "size": [3, 5, 2], "pivot": [26.5, -1.75, -7.25], "rotation": [92.40317, -7.83076, -5.91835], "uv": [20, 134]},
						{"origin": [-4.5, 6.75, -28.25], "size": [9, 11, 2], "pivot": [0, 9.5, -21], "rotation": [-35, 0, 0], "uv": [0, 243]},
						{"origin": [-7.25, 8.75, -24.75], "size": [15, 7, 2], "pivot": [0.75, 0, -8.75], "rotation": [-5, 0, 0], "uv": [74, 89]},
						{"origin": [-7.25, -5.75, -29], "size": [15, 8, 2], "pivot": [0.75, 0, 0], "rotation": [-57.5, 0, 0], "uv": [0, 37]},
						{"origin": [-7.25, 4, -28.25], "size": [15, 5, 2], "pivot": [0.75, 0, 0], "rotation": [-27.5, 0, 0], "uv": [0, 95]}
					]
				},
				{
					"name": "TrunkTop",
					"parent": "Body",
					"pivot": [-11.25, 13.5, 7.25],
					"cubes": [
						{"origin": [-7.25, 8, -76.75], "size": [15, 7, 5], "pivot": [0.75, 32.25, -50.25], "rotation": [127.5, 0, 0], "uv": [0, 74]},
						{"origin": [-7.25, 23.25, -80.5], "size": [15, 5, 4], "pivot": [0.75, 32.25, -50.25], "rotation": [147.5, 0, 0], "uv": [36, 85]},
						{"origin": [-7.25, 10, -90.75], "size": [15, 7, 4], "pivot": [0.75, 32.25, -59], "rotation": [125, 0, 0], "uv": [80, 74]},
						{"origin": [-7.25, 38.75, -25.75], "size": [15, 6, 3], "pivot": [0.75, 25.5, -15.5], "rotation": [90, 0, 0], "uv": [0, 86]},
						{"origin": [5.6, 34.45, -16], "size": [6, 6, 1], "pivot": [-20.5, 33.25, -20.75], "rotation": [157.79235, 20.70481, 40.89339], "uv": [73, 9]},
						{"origin": [-11.1, 34.95, -16], "size": [6, 6, 1], "pivot": [20.5, 33.25, -20.75], "rotation": [157.79235, -20.70481, -40.89339], "uv": [69, 63]},
						{"origin": [-7.25, -5.5, -61.75], "size": [15, 6, 5], "pivot": [0.75, 32.25, -50.25], "rotation": [97.5, 0, 0], "uv": [40, 74]},
						{"origin": [-0.44365, 18.69365, -29.75], "size": [3, 3, 5], "pivot": [0.25, 21, -28.75], "rotation": [35.54224, -33.94491, 35.62485], "uv": [100, 127]},
						{"origin": [-6.19365, 24.44365, -22.25], "size": [3, 3, 6], "pivot": [0.25, 21.5, -28.75], "rotation": [-1.08111, -0.74436, 46.23741], "uv": [112, 95]},
						{"origin": [-0.69365, 19.44365, -25.25], "size": [3, 3, 5], "pivot": [0.25, 21.5, -29], "rotation": [25.62255, -27.62845, 40.33383], "uv": [126, 26]},
						{"origin": [4.80635, 18.69365, -29.75], "size": [3, 3, 5], "pivot": [5.5, 21, -28.75], "rotation": [33.74339, -35.96405, 36.65568], "uv": [16, 126]},
						{"origin": [-8.75, 11.25, -31], "size": [3, 3, 5], "pivot": [5.5, 0, 0], "rotation": [0, 0, 45], "uv": [125, 99]},
						{"origin": [-0.69365, 18.69365, -29.75], "size": [3, 3, 5], "pivot": [0, 21, -28.75], "rotation": [33.74339, -35.96405, 36.65568], "uv": [57, 125]},
						{"origin": [-7.30635, 18.69365, -29.75], "size": [3, 3, 5], "pivot": [-5, 21, -28.75], "rotation": [33.74339, 35.96405, -36.65568], "uv": [0, 124]},
						{"origin": [6.25, 11.25, -31], "size": [3, 3, 5], "pivot": [-5, 0, 0], "rotation": [0, 0, -45], "uv": [121, 122]},
						{"origin": [-5.1, 37.95, -16], "size": [3, 3, 1], "pivot": [20.5, 33.25, -20.75], "rotation": [157.79235, -20.70481, -40.89339], "uv": [108, 95]},
						{"origin": [2.6, 37.45, -16], "size": [3, 3, 1], "pivot": [-20.5, 33.25, -20.75], "rotation": [157.79235, 20.70481, 40.89339], "uv": [75, 74]},
						{"origin": [-14.25, 11.25, -31], "size": [3, 3, 5], "pivot": [0, 0, 0], "rotation": [0, 0, 45], "uv": [127, 113]},
						{"origin": [-14.75, 14.5, 24.5], "size": [3, 10, 3], "pivot": [11.25, 13.5, 7.25], "rotation": [148.03772, -47.54187, -8.7035], "uv": [45, 123]},
						{"origin": [-14.75, 33.5, 10], "size": [3, 6, 3], "pivot": [11.25, 13.5, 7.25], "rotation": [98.03772, -47.54187, -8.7035], "uv": [32, 126]},
						{"origin": [11.75, 14.5, 24.5], "size": [3, 10, 3], "pivot": [-11.25, 13.5, 7.25], "rotation": [148.03772, 47.54187, 8.7035], "uv": [0, 0]},
						{"origin": [11.75, 33.5, 10], "size": [3, 6, 3], "pivot": [-11.25, 13.5, 7.25], "rotation": [98.03772, 47.54187, 8.7035], "uv": [73, 17]},
						{"origin": [9.6, 33.95, -16], "size": [5, 4, 1], "pivot": [-20.5, 33.25, -20.75], "rotation": [157.79235, 20.70481, 40.89339], "uv": [66, 104]},
						{"origin": [-7.25, 45, -11.75], "size": [15, 4, 2], "pivot": [0.75, 25.5, -15.5], "rotation": [127.5, 0, 0], "uv": [68, 98]}
					]
				},
				{
					"name": "BacklegR",
					"parent": "Body",
					"pivot": [0, 0, 0],
					"cubes": [
						{"origin": [-8, 11, 12.75], "size": [5, 5, 5], "pivot": [1.25, 0, 8.5], "rotation": [-17.5, 0, 0], "uv": [81, 109]}
					]
				},
				{
					"name": "BackLegRSeg2",
					"parent": "BacklegR",
					"pivot": [0, 0, 0],
					"cubes": [
						{"origin": [-6.5, 0, 16.25], "size": [2, 5, 2], "uv": [134, 136]},
						{"origin": [-8, 0, 16], "size": [2, 4, 2], "pivot": [-5.5, 0, 17.25], "rotation": [0, 25, 0], "uv": [139, 111]},
						{"origin": [-8.5, 0, 14.5], "size": [2, 5, 2], "pivot": [-5.5, 0, 17.25], "rotation": [0, 70, 0], "uv": [126, 136]},
						{"origin": [-6.5, 0, 21], "size": [2, 5, 2], "uv": [75, 136]},
						{"origin": [-8, 0, 21.25], "size": [2, 4, 2], "pivot": [-5.5, 0, 22], "rotation": [0, -25, 0], "uv": [139, 105]},
						{"origin": [-8.5, 0, 22.75], "size": [2, 5, 2], "pivot": [-5.5, 0, 22], "rotation": [0, -70, 0], "uv": [67, 136]},
						{"origin": [-9, 0, 18.5], "size": [2, 4, 2], "uv": [91, 139]},
						{"origin": [-5, 0, 16], "size": [2, 4, 2], "pivot": [-5.5, 0, 17.25], "rotation": [0, -25, 0], "uv": [139, 0]},
						{"origin": [-4.5, 0, 14.5], "size": [2, 5, 2], "pivot": [-5.5, 0, 17.25], "rotation": [0, -70, 0], "uv": [48, 136]},
						{"origin": [-5, 0, 21.25], "size": [2, 4, 2], "pivot": [-5.5, 0, 22], "rotation": [0, 25, 0], "uv": [118, 138]},
						{"origin": [-4.5, 0, 22.75], "size": [2, 5, 2], "pivot": [-5.5, 0, 22], "rotation": [0, 70, 0], "uv": [40, 136]},
						{"origin": [-4, 0, 18.5], "size": [2, 4, 2], "uv": [26, 59]},
						{"origin": [-8, 0.5, 17.75], "size": [5, 7, 5], "pivot": [1.25, 0, 8.5], "rotation": [12.5, 0, 0], "uv": [14, 47]},
						{"origin": [-7.75, 0, 18], "size": [4, 2, 4], "uv": [0, 162]}
					]
				},
				{
					"name": "BacklegL",
					"parent": "Body",
					"pivot": [0, 0, 0],
					"cubes": [
						{"origin": [3.5, 11, 12.75], "size": [5, 5, 5], "pivot": [-0.75, 0, 8.5], "rotation": [-17.5, 0, 0], "uv": [112, 108]}
					]
				},
				{
					"name": "BackLegLSeg2",
					"parent": "BacklegL",
					"pivot": [0, 0, 0],
					"cubes": [
						{"origin": [5, 0, 16.25], "size": [2, 5, 2], "uv": [138, 96]},
						{"origin": [6.5, 0, 16], "size": [2, 4, 2], "pivot": [6, 0, 17.25], "rotation": [0, -25, 0], "uv": [99, 141]},
						{"origin": [7, 0, 14.5], "size": [2, 5, 2], "pivot": [6, 0, 17.25], "rotation": [0, -70, 0], "uv": [0, 138]},
						{"origin": [5, 0, 21], "size": [2, 5, 2], "uv": [137, 127]},
						{"origin": [6.5, 0, 21.25], "size": [2, 4, 2], "pivot": [6, 0, 22], "rotation": [0, 25, 0], "uv": [141, 78]},
						{"origin": [7, 0, 22.75], "size": [2, 5, 2], "pivot": [6, 0, 22], "rotation": [0, 70, 0], "uv": [83, 137]},
						{"origin": [7.5, 0, 18.5], "size": [2, 4, 2], "uv": [34, 141]},
						{"origin": [3.5, 0, 16], "size": [2, 4, 2], "pivot": [6, 0, 17.25], "rotation": [0, 25, 0], "uv": [26, 141]},
						{"origin": [3, 0, 14.5], "size": [2, 5, 2], "pivot": [6, 0, 17.25], "rotation": [0, 70, 0], "uv": [137, 23]},
						{"origin": [3.5, 0, 21.25], "size": [2, 4, 2], "pivot": [6, 0, 22], "rotation": [0, -25, 0], "uv": [18, 141]},
						{"origin": [3, 0, 22.75], "size": [2, 5, 2], "pivot": [6, 0, 22], "rotation": [0, -70, 0], "uv": [137, 7]},
						{"origin": [2.5, 0, 18.5], "size": [2, 4, 2], "uv": [56, 140]},
						{"origin": [3.5, 0.5, 17.75], "size": [5, 7, 5], "pivot": [-0.75, 0, 8.5], "rotation": [12.5, 0, 0], "uv": [14, 47]},
						{"origin": [3.75, 0, 18], "size": [4, 2, 4], "uv": [0, 195]}
					]
				},
				{
					"name": "LegL",
					"parent": "Body",
					"pivot": [-3.75, 0, -2.5],
					"cubes": [
						{"origin": [3.5, 11, -18], "size": [5, 5, 5], "pivot": [-0.75, 0, -22.25], "rotation": [-17.5, 0, 0], "uv": [108, 85]}
					]
				},
				{
					"name": "LegLSegment2",
					"parent": "LegL",
					"pivot": [-3.75, 0, -2.5],
					"cubes": [
						{"origin": [3.5, -0.75, -13.75], "size": [5, 9, 5], "pivot": [-0.75, 0, -22.25], "rotation": [7.5, 0, 0], "uv": [0, 102]},
						{"origin": [4, 0.25, -14], "size": [4, 2, 5], "uv": [114, 71]},
						{"origin": [3.75, 2.25, -14.5], "size": [1, 2, 4], "uv": [135, 83]},
						{"origin": [7.25, 2.25, -14.5], "size": [1, 2, 4], "uv": [30, 135]},
						{"origin": [7.25, 0.25, -16], "size": [1, 2, 3], "uv": [86, 104]},
						{"origin": [7.25, 0.25, -18], "size": [1, 1, 2], "uv": [60, 107]},
						{"origin": [5.5, 0.25, -19], "size": [1, 1, 2], "uv": [91, 104]},
						{"origin": [3.75, 0.25, -18], "size": [1, 1, 2], "uv": [104, 71]},
						{"origin": [5.5, 0.25, -17], "size": [1, 2, 4], "uv": [92, 133]},
						{"origin": [3.75, 0.25, -16], "size": [1, 2, 3], "uv": [23, 102]},
						{"origin": [5.5, 2.25, -15], "size": [1, 2, 2], "uv": [135, 78]}
					]
				},
				{
					"name": "LegR",
					"parent": "Body",
					"pivot": [4.25, 0, -2.5],
					"cubes": [
						{"origin": [-8, 11, -18], "size": [5, 5, 5], "pivot": [1.25, 0, -22.25], "rotation": [-17.5, 0, 0], "uv": [40, 107]}
					]
				},
				{
					"name": "legseg2",
					"parent": "LegR",
					"pivot": [4.25, 0, -2.5],
					"cubes": [
						{"origin": [-4.25, 2.25, -14.5], "size": [1, 2, 4], "uv": [135, 89]},
						{"origin": [-8, -0.75, -13.75], "size": [5, 9, 5], "pivot": [1.25, 0, -22.25], "rotation": [7.5, 0, 0], "uv": [97, 99]},
						{"origin": [-7.5, 0.25, -14], "size": [4, 2, 5], "uv": [110, 30]},
						{"origin": [-6, 0.25, -17], "size": [1, 2, 4], "uv": [108, 135]},
						{"origin": [-7.75, 0.25, -16], "size": [1, 2, 3], "uv": [68, 114]},
						{"origin": [-4.25, 0.25, -16], "size": [1, 2, 3], "uv": [55, 107]},
						{"origin": [-6, 0.25, -19], "size": [1, 1, 2], "uv": [119, 26]},
						{"origin": [-4.25, 0.25, -18], "size": [1, 1, 2], "uv": [73, 114]},
						{"origin": [-7.75, 0.25, -18], "size": [1, 1, 2], "uv": [110, 71]},
						{"origin": [-6, 2.25, -15], "size": [1, 2, 2], "uv": [8, 141]},
						{"origin": [-7.75, 2.25, -14.5], "size": [1, 2, 4], "uv": [98, 135]}
					]
				}
			]
		}
	]
}