{
  "enabled": true,
  "neededInstalledMods": [],
  "neededUninstalledMods": [],
  "spawns": [
    {
      "id": "blisteringbehemoth-1",
      "pokemon": "blisteringbehemoth",
      "type": "pokemon",
      "context": "grounded",
      "bucket": "ultra-rare",
      "level": "37-78",
      "weight": 6.0,
      "condition": {
        "canSeeSky": true,
        "biomes": [ "#cobblemon:is_glacial" ]
      }
    },
    {
      "id": "blisteringbehemoth-2",
      "pokemon": "blisteringbehemoth",
      "type": "pokemon",
      "context": "grounded",
      "bucket": "ultra-rare",
      "level": "32-72",
      "weight": 8.0,
      "condition": {
        "canSeeSky": true,
        "biomes": [
          "#cobblemon:is_taiga"
        ]
      }
    }
  ]
}