{
  "enabled": true,
  "neededInstalledMods": [],
  "neededUninstalledMods": [],
  "spawns": [
    {
      "id": "crawlingclaws-1",
      "pokemon": "crawlingclaws",
      "presets": [ "underwater" ],
      "type": "pokemon",
      "context": "submerged",
      "bucket": "ultra-rare",
      "level": "47-68",
      "weight": 9.0,
      "condition": {
        "canSeeSky": true,
        "biomes": [ "#minecraft:is_ocean" ]
      }
    },
    {
      "id": "crawlingclaws-2",
      "pokemon": "crawlingclaws",
      "presets": [
        "underwater",
        "underground"
      ],
      "type": "pokemon",
      "context": "submerged",
      "bucket": "rare",
      "level": "40-60",
      "weight": 5.0,
      "condition": {
        "canSeeSky": false,
        "biomes": [
          "#cobblemon:is_lush",
          "minecraft:lush_caves"
        ]
      }
    }
  ]
}
