{
  "enabled": true,
  "neededInstalledMods": [],
  "neededUninstalledMods": [],
  "spawns": [
    {
      "id": "devilishfruit-1",
      "pokemon": "devilishfruit",
      "type": "pokemon",
      "context": "grounded",
      "bucket": "ultra-rare",
      "level": "47-68",
      "weight": 10.0,
      "condition": {
        "canSeeSky": true,
        "biomes": [ "#cobblemon:is_jungle" ]
      }
    },
    {
      "id": "devilishfruit-2",
      "pokemon": "devilishfruit",
      "type": "pokemon",
      "context": "grounded",
      "bucket": "ultra-rare",
      "level": "32-72",
      "weight": 8.0,
      "condition": {
        "canSeeSky": true,
        "biomes": [
          "#minecraft:is_beach"
        ]
      }
    }
  ]
}