{
  "enabled": true,
  "neededInstalledMods": [],
  "neededUninstalledMods": [],
  "spawns": [
    {
      "id": "draconicgillspaldean-1",
      "pokemon": "draconicgillspaldean",
      "presets": [ "underwater" ],
      "type": "pokemon",
      "context": "submerged",
      "bucket": "ultra-rare",
      "level": "47-68",
      "weight": 10.0,
      "condition": {
        "canSeeSky": true,
        "biomes": [ "#cobblemon:is_swamp" ]
      }
    },
    {
      "id": "draconicgillspaldean-2",
      "pokemon": "draconicgillspaldean",
      "presets": [
        "underwater"
      ],
      "type": "pokemon",
      "context": "submerged",
      "bucket": "ultra-rare",
      "level": "32-72",
      "weight": 1.0,
      "condition": {
        "canSeeSky": true,
        "biomes": [
          "#minecraft:is_ocean"
        ]
      }
    },
    {
      "id": "draconicgillspaldean-3",
      "pokemon": "draconicgillspaldean",
      "presets": [
        "underwater",
        "underground"
      ],
      "type": "pokemon",
      "context": "submerged",
      "bucket": "rare",
      "level": "40-60",
      "weight": 5.0,
      "condition": {
        "canSeeSky": false,
        "biomes": [
          "#cobblemon:is_lush",
          "minecraft:lush_caves"
        ]
      }
    }
  ]
}