{
  "enabled": true,
  "neededInstalledMods": [],
  "neededUninstalledMods": [],
  "spawns": [
    {
      "id": "primevildrake-1",
      "pokemon": "primevildrake",
      "type": "pokemon",
      "context": "grounded",
      "bucket": "ultra-rare",
      "level": "22-47",
      "weight": 10.0,
      "condition": {
        "canSeeSky": true,
        "biomes": [ "#cobblemon:is_badlands" ]
      }
    },
    {
      "id": "primevildrake-2",
      "pokemon": "primevildrake",
      "type": "pokemon",
      "context": "grounded",
      "bucket": "ultra-rare",
      "level": "22-72",
      "weight": 4.0,
      "condition": {
        "canSeeSky": true,
        "biomes": [
          "#cobblemon:is_taiga"
        ]
      }
    }
  ]
}