{
    "enabled": true,
    "neededInstalledMods": [],
    "neededUninstalledMods": [],
    "spawns": [
        {
            "id": "booneary-1",
            "pokemon": "booneary",
            "presets": [ "underground" ],
            "type": "pokemon",
            "context": "grounded",
            "bucket": "uncommon",
            "level": "15-23",
            "weight": 6,
            "condition": {
                "canSeeSky": false,
                "biomes": [
                    "#cobblemon:is_thermal",
					"#minecraft:is_nether"
                ]
            }
        },
		{
            "id": "booneary-2",
            "pokemon": "booneary",
            "presets": [ "underground" ],
            "type": "pokemon",
            "context": "grounded",
            "bucket": "uncommon",
            "level": "15-23",
            "weight": 5,
            "condition": {
                "canSeeSky": false,
                "biomes": [
					"#cobblemon:is_deep",
					"#cobblemon:is_dripstone"
                ]
            }
        },
		{
            "id": "booneary-3",
            "pokemon": "booneary",
            "type": "pokemon",
            "context": "grounded",
            "bucket": "rare",
            "level": "15-23",
            "weight": 2,
            "condition": {
                "canSeeSky": true,
                "biomes": [
                    "#cobblemon:is_mountain",
                    "#cobblemon:is_spooky"
                ]
            }
        }
    ]
}