{
    "enabled": true,
    "neededInstalledMods": [],
    "neededUninstalledMods": [],
    "spawns": [
        {
            "id": "ghoulpunny-1",
            "pokemon": "ghoulpunny",
            "presets": [ "underground" ],
            "type": "pokemon",
            "context": "grounded",
            "bucket": "ultra-rare",
            "level": "15-23",
            "weight": 6,
            "condition": {
                "canSeeSky": false,
                "biomes": [
                    "#cobblemon:is_thermal",
					"#minecraft:is_nether"
                ]
            }
        },
		{
            "id": "ghoulpunny-2",
            "pokemon": "ghoulpunny",
			"presets": [ "underground" ],
            "type": "pokemon",
            "context": "grounded",
            "bucket": "ultra-rare",
            "level": "15-23",
            "weight": 5,
            "condition": {
                "canSeeSky": false,
                "biomes": [
					"#cobblemon:is_deep",
					"#cobblemon:is_dripstone"
                ]
            }
        },
		{
            "id": "ghoulpunny-3",
            "pokemon": "ghoulpunny",
            "presets": [
                "ghoulpunny"
            ],
            "type": "pokemon",
            "context": "grounded",
            "bucket": "ultra-rare",
            "level": "15-23",
            "weight": 1,
            "condition": {
                "canSeeSky": true,
                "biomes": [
                    "#cobblemon:is_mountain",
                    "#cobblemon:is_spooky"
                ]
            }
        }
    ]
}