{
  "species": "cobblemon:sliggoo",
  "order": 0,
  "variations": [
    {
      "aspects": [],
      "poser": "cobblemon:sliggoo",
      "model": "cobblemon:sliggoo.geo",
      "texture": "cobblemon:textures/pokemon/sliggoo/sliggoo.png",
      "layers": [
        {
          "name": "color",
          "texture": "cobblemon:textures/pokemon/sliggoo/sliggoo_e.png",
          "emissive": true
        }
      ]
    },
    {
      "aspects": [
        "shiny"
      ],
      "texture": "cobblemon:textures/pokemon/sliggoo/sliggoo_shiny.png",
      "layers": [
        {
          "name": "color",
          "texture": "cobblemon:textures/pokemon/sliggoo/sliggoo_shiny_e.png",
          "emissive": true
        }
      ]
    }
  ]
}