{
	"format_version": "1.8.0",
	"animations": {
		"animation.linoone.ground_idle": {
			"loop": true,
			"bones": {
				"linoone": {
					"position": [0, 0.5, 0]
				},
				"body": {
					"rotation": [-7.5, 0, 0],
					"position": [0, -0.4, 0]
				},
				"torso": {
					"rotation": [9.68659, 0, 0]
				},
				"head": {
					"rotation": [12.5, 0, 0]
				},
				"tail": {
					"rotation": [17.5, 0, 0]
				},
				"tail2": {
					"rotation": [20, 0, 0]
				},
				"tail3": {
					"rotation": [20, 0, 0]
				},
				"leg_front_left": {
					"rotation": [-45, 0, 0]
				},
				"leg_back_left": {
					"rotation": [-17.5, 0, 0]
				},
				"foot_back_left": {
					"rotation": [25, 0, 0]
				},
				"foot_front_left2": {
					"rotation": [42.5, 0, 0]
				},
				"leg_front_right": {
					"rotation": [-45, 0, 0]
				},
				"foot_front_right2": {
					"rotation": [42.5, 0, 0]
				},
				"leg_back_right": {
					"rotation": [-17.5, 0, 0]
				},
				"foot_back_right": {
					"rotation": [25, 0, 0]
				}
			}
		},
		"animation.linoone.ground_walk": {
			"loop": true,
			"bones": {
				"linoone": {
					"position": [0, 0.5, 0]
				},
				"body": {
					"rotation": ["5*(math.sin(q.anim_time*90*4*2-90)*1+1)-math.clamp(10*(math.sin(q.anim_time*90*4*2+45)*1+1),15,20)+15", 0, 0],
					"position": [
						0,
						"math.clamp(math.sin(q.anim_time*90*4*2+45)*1,0.5,2)-0.5+math.clamp(math.sin(q.anim_time*90*4*2)*1,0,2)",
						"-math.clamp(math.sin(q.anim_time*90*4*2-30)*2,0,2)+math.clamp(math.sin(-q.anim_time*90*4*2-30)*1,0,2)"
					]
				},
				"torso": {
					"rotation": [9.68659, 0, 0]
				},
				"head": {
					"rotation": [-7.5, 0, 0]
				},
				"tail": {
					"rotation": ["-5-math.sin(q.anim_time*90*4*2+60)*10", 0, 0],
					"position": [0, 0, -0.5]
				},
				"tail2": {
					"rotation": ["-5-math.sin(q.anim_time*90*4*2+60)*10", 0, 0],
					"position": [0, 0, -0.5]
				},
				"tail3": {
					"rotation": [20, 0, 0]
				},
				"leg_front_left": {
					"rotation": [
						"5+math.clamp(math.sin(-q.anim_time*90*4*1-20+30)*30,-40,0)+math.clamp(math.sin(q.anim_time*90*4*1+20-30)*30,-40,0)+math.clamp(math.sin(-q.anim_time*90*4*2-40+30)*50,0,70)-math.clamp(math.sin(-q.anim_time*90*4*2-30+180+30)*20,5,70)+5",
						0,
						0
					],
					"position": [0, 1, 0]
				},
				"leg_back_left": {
					"rotation": ["math.clamp(math.sin(q.anim_time*90*4*2+20)*40,0,50)-math.clamp(math.sin(-q.anim_time*90*4*2-20)*40,0,50)", 0, 0],
					"position": [
						0.1,
						"-math.clamp(math.sin(q.anim_time*90*4*2)*0.3,-1,2)-math.clamp(math.sin(-q.anim_time*90*4*2)*0.8,0,2)",
						"math.clamp(math.sin(q.anim_time*90*4*2-30)*0.5,0,2)-math.clamp(math.sin(q.anim_time*90*4*2-30+180)*0.5,0,2)"
					]
				},
				"foot_back_left": {
					"rotation": [25, 0, 0]
				},
				"leg_front_right": {
					"rotation": [
						"5+math.clamp(math.sin(-q.anim_time*90*4*1-20+30)*30,-40,0)+math.clamp(math.sin(q.anim_time*90*4*1+20-30)*30,-40,0)+math.clamp(math.sin(-q.anim_time*90*4*2-40+30)*50,0,70)-math.clamp(math.sin(-q.anim_time*90*4*2-30+180+30)*20,5,70)+5",
						0,
						0
					],
					"position": [0, 1, 0]
				},
				"leg_back_right": {
					"rotation": ["math.clamp(math.sin(q.anim_time*90*4*2+20)*40,0,50)-math.clamp(math.sin(-q.anim_time*90*4*2-20)*40,0,50)", 0, 0],
					"position": [
						0.1,
						"-math.clamp(math.sin(q.anim_time*90*4*2)*0.3,-1,2)-math.clamp(math.sin(-q.anim_time*90*4*2)*0.8,0,2)",
						"math.clamp(math.sin(q.anim_time*90*4*2-30)*0.5,0,2)-math.clamp(math.sin(q.anim_time*90*4*2-30+180)*0.5,0,2)"
					]
				},
				"foot_back_right": {
					"rotation": [25, 0, 0]
				}
			}
		}
	}
}