{
  "implemented": true,
  "name": "doodloo",
  "nationalPokedexNumber": 1598,
  "primaryType": "normal",
  "abilities": [
    "owntempo",
    "h:limber"
  ],
  "baseStats": {
    "hp": 70,
    "attack": 30,
    "defence": 45,
    "special_attack": 30,
    "special_defence": 35,
    "speed": 65
  },
  "behaviour": {
    "resting": {
        "canSleep": true,
        "willSleepOnBed": false,        "depth": "normal",
        "light": "0-6"
    },
    "moving": {
        "fly": {
            "canFly": false
        },
        "canLook": true,
        "walk": {
            "canWalk": true,
            "avoidsLand": false
        },
        "swim": {
            "swimSpeed": 0.1,
            "canSwimInWater": true,
            "canBreatheUnderwater": false
        },
        "wanderChance": 1.0
    }
  },
  "catchRate": 75,
  "maleRatio": 0.5,
  "shoulderMountable": false,
  "baseExperienceYield": 98,
  "experienceGroup": "medium_fast",
  "eggCycles": 50,
  "eggGroups": [
    "field",
    "human_like"
  ],
  "moves": [
    "1:sketch",
    "11:sketch",
    "21:sketch",
    "31:sketch",
    "41:sketch",
    "51:sketch",
    "61:sketch",
    "71:sketch",
    "81:sketch",
    "91:sketch"  ],
  "labels": [
    "vega"
  ],
  "pokedex": [
    "cobblemon.species.doodloo.desc"
  ],
  "baseScale": 0.9,
  "hitbox": {
    "width": 0.8,
    "height": 0.8,
    "fixed": false
  },
  "baseFriendship": 70,
  "evYield": {
    "hp": 1,
    "attack": 0,
    "defence": 0,
    "special_attack": 0,
    "special_defence": 0,
    "speed": 0
  },
  "height": 8,
  "weight": 297,
  "aspects": [],
"features": [

  ],  "cannotDynamax": false
}