{
  "implemented": true,
  "name": "katuna",
  "nationalPokedexNumber": 1542,
  "primaryType": "water",
  "abilities": [
    "torrent",
    "h:swiftswim"
  ],
  "baseStats": {
    "hp": 40,
    "attack": 64,
    "defence": 60,
    "special_attack": 40,
    "special_defence": 50,
    "speed": 64
  },
  "behaviour": {
    "resting": {
        "canSleep": true,
        "willSleepOnBed": false,        "depth": "normal",
        "light": "0-6"
    },
    "moving": {
        "fly": {
            "canFly": false
        },
        "canLook": true,
        "walk": {
            "canWalk": true,
            "avoidsLand": true
        },
        "swim": {
            "swimSpeed": 0.2,
            "canSwimInWater": true,
            "canBreatheUnderwater": true
        },
        "wanderChance": 1.0
    }
  },
  "catchRate": 45,
  "maleRatio": 0.875,
  "shoulderMountable": false,
  "baseExperienceYield": 66,
  "experienceGroup": "medium_slow",
  "eggCycles": 50,
  "eggGroups": [
    "water_1",
    "water_2"
  ],
  "moves": [
    "1:tackle",
    "4:leer",
    "9:watergun",
    "12:watersport",
    "17:aquajet",
    "20:agility",
    "25:takedown",
    "28:waterpulse",
    "33:taunt",
    "36:aquatail",
    "41:scaryface",
    "44:dive",
    "49:hydropump",
    "tm:swordsdance",
    "tm:headbutt",
    "tm:megahorn",
    "tm:substitute",
    "tm:icywind",
    "tm:poisonjab",
    "tm:haze",
    "tm:triattack",
    "tm:surf",
    "tm:rocksmash",
    "tm:waterfall",
    "tutor:iciclecrash",
    "tutor:rest",
    "tutor:hiddenpower",
    "tutor:toxic",
    "tutor:hydropump",
    "tutor:nastyplot",
    "egg:blizzard",
    "egg:curse",
    "egg:disable",
    "egg:doubleteam",
    "egg:doubleedge",
    "egg:drillrun",
    "egg:icebeam",
    "egg:iciclecrash",
    "egg:muddywater",
    "egg:pursuit",
    "egg:rage",
    "egg:raindance",
    "egg:scald",
    "egg:spite",
    "egg:splash",
    "egg:torment"  ],
  "labels": [
    "vega"
  ],
  "pokedex": [
    "cobblemon.species.katuna.desc"
  ],
  "evolutions": [
    {
      "id": "katuna_maelstream",
      "variant": "level_up",
      "result": "maelstream",
      "consumeHeldItem": false,
      "learnableMoves": [],
      "requirements": [
        {
          "variant": "level",
          "minLevel": 16
        }
      ]   
 }
  ],
  "baseScale": 0.9,
  "hitbox": {
    "width": 0.7,
    "height": 0.7,
    "fixed": false
  },
  "baseFriendship": 70,
  "evYield": {
    "hp": 0,
    "attack": 0,
    "defence": 0,
    "special_attack": 0,
    "special_defence": 0,
    "speed": 1
  },
  "height": 3,
  "weight": 45,
  "aspects": [],
"features": [

  ],  "cannotDynamax": false
}