{
  "implemented": true,
  "name": "skelachone",
  "nationalPokedexNumber": 1544,
  "primaryType": "water",
  "secondaryType": "ghost",
  "abilities": [
    "torrent",
    "h:swiftswim"
  ],
  "baseStats": {
    "hp": 75,
    "attack": 100,
    "defence": 85,
    "special_attack": 70,
    "special_defence": 75,
    "speed": 120
  },
  "behaviour": {
    "resting": {
        "canSleep": true,
        "willSleepOnBed": false,        "depth": "normal",
        "light": "0-6"
    },
    "moving": {
        "fly": {
            "canFly": false
        },
        "canLook": true,
        "walk": {
            "canWalk": true,
            "avoidsLand": true
        },
        "swim": {
            "swimSpeed": 0.1,
            "canSwimInWater": true,
            "canBreatheUnderwater": true
        },
        "wanderChance": 1.0
    }
  },
  "catchRate": 45,
  "maleRatio": 0.875,
  "shoulderMountable": false,
  "baseExperienceYield": 210,
  "experienceGroup": "medium_slow",
  "eggCycles": 50,
  "eggGroups": [
    "water_1",
    "water_2"
  ],
  "moves": [
    "1:hydropump",
    "1:leer",
    "1:tackle",
    "1:watergun",
    "1:watersport",
    "4:leer",
    "9:watergun",
    "12:watersport",
    "18:whirlpool",
    "22:agility",
    "28:takedown",
    "32:shadowball",
    "32:waterpulse",
    "40:taunt",
    "54:scaryface",
    "tm:swordsdance",
    "tm:headbutt",
    "tm:megahorn",
    "tm:substitute",
    "tm:signalbeam",
    "tm:darkpulse",
    "tm:icywind",
    "tm:poisonjab",
    "tm:haze",
    "tm:shadowball",
    "tm:triattack",
    "tm:confuseray",
    "tm:nightslash",
    "tm:surf",
    "tm:rocksmash",
    "tm:waterfall",
    "tutor:iciclecrash",
    "tutor:rest",
    "tutor:hiddenpower",
    "tutor:toxic",
    "tutor:hydropump",
    "tutor:nastyplot",
    "egg:blizzard",
    "egg:curse",
    "egg:disable",
    "egg:doubleteam",
    "egg:doubleedge",
    "egg:drillrun",
    "egg:icebeam",
    "egg:iciclecrash",
    "egg:muddywater",
    "egg:pursuit",
    "egg:rage",
    "egg:raindance",
    "egg:scald",
    "egg:spite",
    "egg:splash",
    "egg:torment"  ],
  "labels": [
    "vega"
  ],
  "pokedex": [
    "cobblemon.species.skelachone.desc"
  ],
  "baseScale": 1.1,
  "hitbox": {
    "width": 2.0,
    "height": 2.0,
    "fixed": false
  },
  "baseFriendship": 70,
  "evYield": {
    "hp": 0,
    "attack": 0,
    "defence": 0,
    "special_attack": 0,
    "special_defence": 0,
    "speed": 3
  },
  "height": 20,
  "weight": 93,
  "aspects": [],
"features": [

  ],  "cannotDynamax": false
}