{
  "implemented": true,
  "name": "tentyrant",
  "nationalPokedexNumber": 1574,
  "primaryType": "water",
  "secondaryType": "dark",
  "abilities": [
    "clearbody",
    "immunity",
    "h:raindish"
  ],
  "baseStats": {
    "hp": 90,
    "attack": 70,
    "defence": 65,
    "special_attack": 95,
    "special_defence": 135,
    "speed": 110
  },
  "behaviour": {
    "resting": {
        "canSleep": true,
        "willSleepOnBed": false,        "depth": "normal",
        "light": "0-6"
    },
    "moving": {
        "fly": {
            "canFly": false
        },
        "canLook": true,
        "walk": {
            "canWalk": true,
            "avoidsLand": true
        },
        "swim": {
            "swimSpeed": 0.2,
            "canSwimInWater": true,
            "canBreatheUnderwater": true
        },
        "wanderChance": 1.0
    }
  },
  "catchRate": 45,
  "maleRatio": 0.5,
  "shoulderMountable": false,
  "baseExperienceYield": 238,
  "experienceGroup": "slow",
  "eggCycles": 50,
  "eggGroups": [
    "water_3"
  ],
  "moves": [
    "1:poisonsting",
    "1:supersonic",
    "1:constrict",
    "1:acid",
    "19:feintattack",
    "26:taunt",
    "tm:swordsdance",
    "tm:amnesia",
    "tm:substitute",
    "tm:signalbeam",
    "tm:darkpulse",
    "tm:icywind",
    "tm:poisonjab",
    "tm:shadowball",
    "tm:haze",
    "tm:confuseray",
    "tm:sludgebomb",
    "tm:mudbomb",
    "tm:focusblast",
    "tm:cut",
    "tm:surf",
    "tm:waterfall",
    "tutor:iciclecrash",
    "tutor:rest",
    "tutor:hiddenpower",
    "tutor:toxic",
    "tutor:hydropump",
    "tutor:nastyplot",
    "egg:aurorabeam",
    "egg:bubble",
    "egg:dive",
    "egg:flail",
    "egg:gigadrain",
    "egg:hail",
    "egg:icebeam",
    "egg:knockoff",
    "egg:magiccoat",
    "egg:mirrorcoat",
    "egg:mudshot",
    "egg:muddywater",
    "egg:pinmissile",
    "egg:protect",
    "egg:pursuit",
    "egg:raindance",
    "egg:rapidspin",
    "egg:safeguard",
    "egg:scald",
    "egg:slam",
    "egg:snatch",
    "egg:tickle",
    "egg:watergun"  ],
  "labels": [
    "vega"
  ],
  "pokedex": [
    "cobblemon.species.tentyrant.desc"
  ],
  "baseScale": 1.9,
  "hitbox": {
    "width": 1.3,
    "height": 1.3,
    "fixed": false
  },
  "baseFriendship": 35,
  "evYield": {
    "hp": 0,
    "attack": 0,
    "defence": 0,
    "special_attack": 0,
    "special_defence": 3,
    "speed": 0
  },
  "height": 23,
  "weight": 785,
  "aspects": [],
"features": [

  ],  "cannotDynamax": false
}