{
	"format_version": "1.12.0",
	"minecraft:geometry": [
		{
			"description": {
				"identifier": "geometry.ironradiator",
				"texture_width": 32,
				"texture_height": 32,
				"visible_bounds_width": 2,
				"visible_bounds_height": 2.5,
				"visible_bounds_offset": [0, 0.75, 0]
			},
			"bones": [
				{
					"name": "Body",
					"pivot": [0, 0, 0],
					"cubes": [
						{"origin": [-1.25, 7.25, -1.75], "size": [1, 1, 1], "pivot": [0, 5, 0], "rotation": [10, 0, 0], "uv": [21, 18]},
						{"origin": [-0.75, 7.25, -1.75], "size": [2, 1, 1], "pivot": [0, 5, 0], "rotation": [10, 0, 0], "uv": [12, 3]},
						{"origin": [-1.5, 1.25, 0.75], "size": [0, 1, 1], "uv": [9, 0]},
						{"origin": [-1.5, 1.67404, -0.63176], "size": [3, 6, 3], "pivot": [0, 0, 0], "rotation": [10, 0, 0], "uv": [0, 0]},
						{"origin": [-1.5, 7.25, -0.75], "size": [3, 1, 2], "pivot": [0, 5, 0], "rotation": [10, 0, 0], "uv": [8, 10]},
						{"origin": [-1.5, 7.75, -1], "size": [3, 1, 2], "pivot": [0, 5, 0], "rotation": [10, 0, 0], "uv": [9, 0]},
						{"origin": [0.75, 5.5, 0.25], "size": [1, 2, 1], "pivot": [0, 5, 0], "rotation": [10, 0, 0], "uv": [18, 12]},
						{"origin": [0.25, 5.5, 0.75], "size": [1, 2, 1], "pivot": [0, 5, 0], "rotation": [10, 0, 0], "uv": [14, 19]},
						{"origin": [-1.25, 5.5, 0.75], "size": [1, 2, 1], "pivot": [0, 5, 0], "rotation": [10, 0, 0], "uv": [10, 19]},
						{"origin": [-1.75, 5.5, 0.25], "size": [1, 2, 1], "pivot": [0, 5, 0], "rotation": [10, 0, 0], "uv": [19, 0]},
						{"origin": [-1.5, 6.75, -1.5], "size": [3, 1, 2], "pivot": [0, 5, 0], "rotation": [10, 0, 0], "uv": [10, 13]},
						{"origin": [0.5, 1.25, 2], "size": [1, 1, 0], "uv": [16, 10]},
						{"origin": [1.5, 1.25, 0.75], "size": [0, 1, 1], "uv": [8, 9]},
						{"origin": [-0.5, 1, 2], "size": [1, 1, 0], "pivot": [0, 0, 0], "rotation": [2.5, 0, 0], "uv": [8, 11]},
						{"origin": [-1.5, 1.25, 2], "size": [1, 1, 0], "uv": [8, 15]}
					]
				},
				{
					"name": "Flame",
					"parent": "Body",
					"pivot": [0, 0, 0],
					"cubes": [
						{"origin": [-2, 6.75, -1.25], "size": [4, 4, 0], "pivot": [0, 0, 0], "rotation": [-17.5, 0, 0], "uv": [0, 14]}
					]
				},
				{
					"name": "Head",
					"parent": "Body",
					"pivot": [0, 0, 0],
					"cubes": [
						{"origin": [6.93644, 6.79745, -1.09737], "size": [1, 0, 1], "pivot": [0, 0, 0], "rotation": [5.7589, 4.81281, -39.75778], "uv": [0, 0]},
						{"origin": [-1, 8.5, -3.25], "size": [2, 1, 2], "pivot": [0, 5, 0], "rotation": [10, 0, 0], "uv": [14, 16]},
						{"origin": [-1, 8, -4], "size": [2, 1, 4], "pivot": [0, 5, 0], "rotation": [10, 0, 0], "uv": [8, 5]},
						{"origin": [-1, 8, -3], "size": [2, 1, 2], "pivot": [0, 5, 0], "rotation": [-20, 0, 0], "uv": [6, 16]},
						{"origin": [-7.93644, 6.79745, -1.09737], "size": [1, 0, 1], "pivot": [0, 0, 0], "rotation": [5.7589, -4.81281, 39.75778], "uv": [8, 0]},
						{"origin": [-1, 8.25, -3.75], "size": [2, 1, 3], "pivot": [0, 5, 0], "rotation": [10, 0, 0], "uv": [1, 10]},
						{"origin": [-1, 7.75, -2.75], "size": [2, 2, 2], "pivot": [0, 5, 0], "rotation": [7.5, 0, 0], "uv": [16, 3]}
					]
				},
				{
					"name": "EarL",
					"parent": "Head",
					"pivot": [0, 5, 0]
				},
				{
					"name": "EarR",
					"parent": "Head",
					"pivot": [0, 0, 0]
				},
				{
					"name": "EyeL",
					"parent": "Head",
					"pivot": [0, 0, 0],
					"cubes": [
						{"origin": [1.01, 8.51858, -0.49647], "size": [0, 1, 1], "pivot": [0, 0, 0], "rotation": [17.5, 0, 0], "uv": [16, 3]}
					]
				},
				{
					"name": "EyeR",
					"parent": "Head",
					"pivot": [0, 0, 0],
					"cubes": [
						{"origin": [-1.01, 8.51858, -0.49647], "size": [0, 1, 1], "pivot": [0, 0, 0], "rotation": [17.5, 0, 0], "uv": [16, 3], "mirror": true}
					]
				},
				{
					"name": "ArmL",
					"pivot": [0, 0, 0],
					"cubes": [
						{"origin": [1.5, 2, -3.25], "size": [0.25, 0.75, 0.25], "pivot": [1.5, 2.5, -2.75], "rotation": [90, 50, 90], "uv": [4, 7]},
						{"origin": [0.75, 2.25, -2.75], "size": [0.25, 0.75, 0.25], "pivot": [1.5, 2.5, -2.75], "rotation": [-90, 60, -90], "uv": [4, 7]},
						{"origin": [1, 5.5, -3], "size": [1, 1, 0], "pivot": [0, 5.5, -3], "rotation": [-17.5, 0, 0], "uv": [16, 11]},
						{"origin": [1, 2.5, -3], "size": [1, 3, 1], "uv": [0, 9]},
						{"origin": [1.5, 2, -2.5], "size": [0.25, 0.75, 0.25], "pivot": [1.5, 2.5, -2.75], "rotation": [90, 50, 90], "uv": [4, 7]}
					]
				},
				{
					"name": "ArmR",
					"pivot": [0, 0, 0],
					"cubes": [
						{"origin": [-2, 5.5, -3], "size": [1, 1, 0], "pivot": [0, 5.5, -3], "rotation": [-17.5, 0, 0], "uv": [17, 0]},
						{"origin": [-2, 2.5, -3], "size": [1, 3, 1], "uv": [6, 19]},
						{"origin": [-1, 2.25, -2.75], "size": [0.25, 0.75, 0.25], "pivot": [-1.5, 2.5, -2.75], "rotation": [-90, -60, 90], "uv": [4, 7]},
						{"origin": [-1.75, 2, -2.5], "size": [0.25, 0.75, 0.25], "pivot": [-1.5, 2.5, -2.75], "rotation": [90, -50, -90], "uv": [4, 7]},
						{"origin": [-1.75, 2, -3.25], "size": [0.25, 0.75, 0.25], "pivot": [-1.5, 2.5, -2.75], "rotation": [90, -50, -90], "uv": [4, 7]}
					]
				},
				{
					"name": "LegL",
					"pivot": [0, 0, 0],
					"cubes": [
						{"origin": [1.75, 1.30973, -1.27406], "size": [1, 2, 2], "pivot": [2, 1.75, 0], "rotation": [-57.89618, -5.35355, 8.45862], "uv": [0, 18]},
						{"origin": [1.5, 1.30973, -0.27406], "size": [1, 2, 1], "pivot": [2, 1.75, 0], "rotation": [-57.89618, -5.35355, 8.45862], "uv": [18, 19]}
					]
				},
				{
					"name": "FootL",
					"parent": "LegL",
					"pivot": [-0.5, 0, 0],
					"cubes": [
						{"origin": [2.5, 0, -2], "size": [0, 1, 2], "uv": [12, 15]},
						{"origin": [2, 0, -2], "size": [0, 1, 2], "uv": [12, 14]},
						{"origin": [1.5, 0, -2], "size": [0, 1, 2], "uv": [8, 12]},
						{"origin": [1.5, 0, 0], "size": [1, 1, 1], "uv": [21, 21]}
					]
				},
				{
					"name": "LegR",
					"pivot": [0, 0, 0],
					"cubes": [
						{"origin": [-2.5, 1.30973, -0.27406], "size": [1, 2, 1], "pivot": [-2, 1.75, 0], "rotation": [-57.89618, 5.35355, -8.45862], "uv": [20, 15]},
						{"origin": [-2.75, 1.30973, -1.27406], "size": [1, 2, 2], "pivot": [-2, 1.75, 0], "rotation": [-57.89618, 5.35355, -8.45862], "uv": [18, 8]}
					]
				},
				{
					"name": "FootR",
					"parent": "LegR",
					"pivot": [0.5, 0, 0],
					"cubes": [
						{"origin": [-2.5, 0, -2], "size": [0, 1, 2], "uv": [0, 20]},
						{"origin": [-2, 0, -2], "size": [0, 1, 2], "uv": [16, 6]},
						{"origin": [-1.5, 0, -2], "size": [0, 1, 2], "uv": [16, 5]},
						{"origin": [-2.5, 0, 0], "size": [1, 1, 1], "uv": [22, 2]}
					]
				}
			]
		}
	]
}