{
  "species": "cobblemon:ehgocharizard",
  "order": 0,
  "variations": [
    {
      "aspects": [],
      "poser": "cobblemon:generation1_ehgocharizard",
      "model": "cobblemon:generation1_ehgocharizard.geo",
      "texture": "cobblemon:textures/pokemon/generation1/ehgocharizard/ehgocharizard.png",
      "layers": [
	    {
          "name": "flame",
          "texture": {
            "frames": [
              "cobblemon:textures/pokemon/generation1/ehgocharizard/flame/flame1.png",
              "cobblemon:textures/pokemon/generation1/ehgocharizard/flame/flame2.png",
              "cobblemon:textures/pokemon/generation1/ehgocharizard/flame/flame3.png",
              "cobblemon:textures/pokemon/generation1/ehgocharizard/flame/flame4.png",
              "cobblemon:textures/pokemon/generation1/ehgocharizard/flame/flame5.png",
              "cobblemon:textures/pokemon/generation1/ehgocharizard/flame/flame6.png"
            ],
            "fps": 10,
            "loop": true
          },
          "emissive": true
        },
		{
          "name": "glow",
          "texture": "cobblemon:textures/pokemon/generation1/ehgocharizard/ehgocharizard_emissive.png",
          "emissive": true,
          "translucent": true
        }
	  ]
    },
    {
      "aspects": [
        "shiny"
      ],
      "texture": "cobblemon:textures/pokemon/generation1/ehgocharizard/ehgocharizard_shiny.png",
	  "layers": [
		{
          "name": "flame",
          "texture": {
            "frames": [
              "cobblemon:textures/pokemon/generation1/ehgocharizard/flame_shiny/flame_shiny1.png",
              "cobblemon:textures/pokemon/generation1/ehgocharizard/flame_shiny/flame_shiny2.png",
              "cobblemon:textures/pokemon/generation1/ehgocharizard/flame_shiny/flame_shiny3.png",
              "cobblemon:textures/pokemon/generation1/ehgocharizard/flame_shiny/flame_shiny4.png",
              "cobblemon:textures/pokemon/generation1/ehgocharizard/flame_shiny/flame_shiny5.png",
              "cobblemon:textures/pokemon/generation1/ehgocharizard/flame_shiny/flame_shiny6.png"
            ],
            "fps": 10,
            "loop": true
          },
          "emissive": true
        },
		{
          "name": "glow",
          "texture": "cobblemon:textures/pokemon/generation1/ehgocharizard/ehgocharizard_emissive_shiny.png",
          "emissive": true,
          "translucent": true
        }
	  ]
    }  
	]
}