{
  "species": "cobblemon:ehgocharmeleon",
  "order": 0,
  "variations": [
    {
      "aspects": [],
      "poser": "cobblemon:generation1_ehgocharmeleon",
      "model": "cobblemon:generation1_ehgocharmeleon.geo",
      "texture": "cobblemon:textures/pokemon/generation1/ehgocharmeleon/ehgocharmeleon.png",
      "layers": [
	    {
          "name": "tail",
          "texture": {
            "frames": [
              "cobblemon:textures/pokemon/generation1/ehgocharmeleon/flame/tail1.png",
              "cobblemon:textures/pokemon/generation1/ehgocharmeleon/flame/tail2.png",
              "cobblemon:textures/pokemon/generation1/ehgocharmeleon/flame/tail3.png",
              "cobblemon:textures/pokemon/generation1/ehgocharmeleon/flame/tail4.png"
            ],
            "fps": 10,
            "loop": true
          },
          "emissive": true
        }
		]
    },
    {
      "aspects": [
        "shiny"
      ],
      "texture": "cobblemon:textures/pokemon/generation1/ehgocharmeleon/ehgocharmeleon_shiny.png",
	  "layers": [
	    {
          "name": "tail",
          "texture": {
            "frames": [
              "cobblemon:textures/pokemon/generation1/ehgocharmeleon/flame_shiny/tail1.png",
              "cobblemon:textures/pokemon/generation1/ehgocharmeleon/flame_shiny/tail2.png",
              "cobblemon:textures/pokemon/generation1/ehgocharmeleon/flame_shiny/tail3.png",
              "cobblemon:textures/pokemon/generation1/ehgocharmeleon/flame_shiny/tail4.png"
            ],
            "fps": 10,
            "loop": true
          },
          "emissive": true
        }
		]
    }  
	]
}