{
  "species": "cobblemon:raichux",
  "order": 0,
  "variations": [
    {
      "aspects": [],
      "poser": "cobblemon:generation1_raichux",
      "model": "cobblemon:generation1_raichux.geo",
      "texture": "cobblemon:textures/pokemon/generation1/raichux/raichux.png",
      "layers": [
	  {
          "name": "flame",
          "texture": {
            "frames": [
              "cobblemon:textures/pokemon/generation1/raichux/heartbeat/heartbeat1.png",
              "cobblemon:textures/pokemon/generation1/raichux/heartbeat/heartbeat2.png",
              "cobblemon:textures/pokemon/generation1/raichux/heartbeat/heartbeat3.png",
              "cobblemon:textures/pokemon/generation1/raichux/heartbeat/heartbeat4.png",
              "cobblemon:textures/pokemon/generation1/raichux/heartbeat/heartbeat5.png",
              "cobblemon:textures/pokemon/generation1/raichux/heartbeat/heartbeat6.png",
              "cobblemon:textures/pokemon/generation1/raichux/heartbeat/heartbeat7.png",
              "cobblemon:textures/pokemon/generation1/raichux/heartbeat/heartbeat8.png",
              "cobblemon:textures/pokemon/generation1/raichux/heartbeat/heartbeat9.png",
              "cobblemon:textures/pokemon/generation1/raichux/heartbeat/heartbeat10.png"
            ],
            "fps": 10,
            "loop": true
          },
          "emissive": false
        }
		]
    },
    {
      "aspects": [
        "shiny"
      ],
      "texture": "cobblemon:textures/pokemon/generation1/raichux/raichux_shiny.png",
	  "layers": [
	  {
          "name": "flame",
          "texture": {
            "frames": [
              "cobblemon:textures/pokemon/generation1/raichux/heartbeat_shiny/heartbeat_shiny1.png",
              "cobblemon:textures/pokemon/generation1/raichux/heartbeat_shiny/heartbeat_shiny2.png",
              "cobblemon:textures/pokemon/generation1/raichux/heartbeat_shiny/heartbeat_shiny3.png",
              "cobblemon:textures/pokemon/generation1/raichux/heartbeat_shiny/heartbeat_shiny4.png",
              "cobblemon:textures/pokemon/generation1/raichux/heartbeat_shiny/heartbeat_shiny5.png",
              "cobblemon:textures/pokemon/generation1/raichux/heartbeat_shiny/heartbeat_shiny6.png",
              "cobblemon:textures/pokemon/generation1/raichux/heartbeat_shiny/heartbeat_shiny7.png",
              "cobblemon:textures/pokemon/generation1/raichux/heartbeat_shiny/heartbeat_shiny8.png",
              "cobblemon:textures/pokemon/generation1/raichux/heartbeat_shiny/heartbeat_shiny9.png",
              "cobblemon:textures/pokemon/generation1/raichux/heartbeat_shiny/heartbeat_shiny10.png"
            ],
            "fps": 10,
            "loop": true
          },
          "emissive": false
        }
		]
    }  ]
}