{
	"format_version": "1.12.0",
	"minecraft:geometry": [
		{
			"description": {
				"identifier": "geometry.primevildrake",
				"texture_width": 128,
				"texture_height": 128,
				"visible_bounds_width": 4,
				"visible_bounds_height": 4.5,
				"visible_bounds_offset": [0, 1.75, 0]
			},
			"bones": [
				{
					"name": "body",
					"pivot": [0, 0, 0]
				},
				{
					"name": "capefront",
					"parent": "body",
					"pivot": [-0.25, 0, 0],
					"cubes": [
						{"origin": [4.85, 22, -0.5], "size": [1, 3, 0], "pivot": [-0.25, 0, 0], "rotation": [-3.21037, 46.30011, -29.84451], "uv": [19, 12]},
						{"origin": [-10.75, 8.25, 0], "size": [3, 3, 0], "pivot": [-0.25, 0, 0], "rotation": [10, -10, 42.5], "uv": [35, 72]},
						{"origin": [-16.25, 2.5, 0], "size": [3, 3, 0], "pivot": [-0.25, 0, 0], "rotation": [4.21674, -13.47326, 70.37879], "uv": [72, 32]},
						{"origin": [12.75, 2.25, 0], "size": [3, 3, 0], "pivot": [-0.25, 0, 0], "rotation": [4.21674, 13.47326, -70.37879], "uv": [29, 72]},
						{"origin": [-3.15, 15.25, -4.75], "size": [6, 13, 0], "pivot": [-0.25, 0, 0], "rotation": [-2.5, 0, 0], "uv": [0, 32]},
						{"origin": [-8.65, 17.5, -4.75], "size": [3, 9, 0], "pivot": [-0.25, 0, 0], "rotation": [-2.46207, 0.43399, 9.99067], "uv": [32, 63]},
						{"origin": [3.35, 18, -4.75], "size": [3, 10, 0], "pivot": [-0.25, 0, 0], "rotation": [-2.21783, -1.15408, -27.47766], "uv": [38, 62]},
						{"origin": [2.85, 25, -0.5], "size": [3, 3, 0], "pivot": [-0.25, 0, 0], "rotation": [-3.21037, 46.30011, -29.84451], "uv": [0, 72]},
						{"origin": [-7.15, 21, -4.75], "size": [5, 7, 0], "pivot": [0, 0, 0], "rotation": [-2.5, 0, 0], "uv": [56, 49]},
						{"origin": [5.15, 14.5, -4.75], "size": [3, 12, 0], "pivot": [-0.25, 0, 0], "rotation": [-2.46207, -0.43399, -9.99067], "uv": [32, 51]},
						{"origin": [-6.85, 18, -4.75], "size": [3, 10, 0], "pivot": [-0.25, 0, 0], "rotation": [-2.21783, 1.15408, 27.47766], "uv": [62, 0]},
						{"origin": [-6.35, 18, -0.5], "size": [3, 10, 0], "pivot": [-0.25, 0, 0], "rotation": [-3.21037, -46.30011, 29.84451], "uv": [16, 59]},
						{"origin": [1.9, 21, -4.75], "size": [5, 7, 0], "pivot": [-0.25, 0, 0], "rotation": [-2.5, 0, 0], "uv": [55, 13]},
						{"origin": [3.85, 20, -0.5], "size": [2, 2, 0], "pivot": [-0.25, 0, 0], "rotation": [-3.21037, 46.30011, -29.84451], "uv": [74, 69]},
						{"origin": [-5.5, 27.75, 0], "size": [3, 1, 1], "pivot": [0, 0, 0], "rotation": [0, -46.3001, 27.5], "uv": [66, 36]},
						{"origin": [-6.75, 27.75, -4], "size": [3, 1, 1], "pivot": [0, 0, 0], "rotation": [0, 0, 27.5], "uv": [28, 41]},
						{"origin": [3.25, 27.5, -4], "size": [4, 1, 1], "uv": [58, 45]},
						{"origin": [-7.25, 27.5, -4], "size": [4, 1, 1], "uv": [65, 18]},
						{"origin": [2.5, 27.75, 0], "size": [3, 1, 1], "pivot": [0, 0, 0], "rotation": [0, 46.3001, -27.5], "uv": [8, 68]},
						{"origin": [3.75, 27.75, -4], "size": [3, 1, 1], "pivot": [0, 0, 0], "rotation": [0, 0, -27.5], "uv": [68, 8]},
						{"origin": [-1.25, 22, -8.25], "size": [1, 4, 1], "pivot": [-0.75, -4.75, 7], "rotation": [-6.69476, 22.13991, 4.11405], "uv": [61, 70]},
						{"origin": [17.65, -2.25, -5.25], "size": [6, 1, 1], "pivot": [0.25, 0, 0], "rotation": [0.54143, -2.4407, -102.51153], "uv": [53, 41]},
						{"origin": [17.65, 14.75, -5.25], "size": [2, 1, 1], "pivot": [0.25, 0, 0], "rotation": [-1.34386, -2.10829, -57.47527], "uv": [70, 42]},
						{"origin": [-0.5, 17.75, 11], "size": [1, 3, 3], "pivot": [0, 0, 0], "rotation": [42.5, 0, 0], "uv": [63, 27]},
						{"origin": [8.35, 21.25, -5.25], "size": [2, 1, 1], "pivot": [-0.25, 0, 0], "rotation": [-2.34941, -0.85481, -19.98247], "uv": [43, 71]},
						{"origin": [0.25, 22, -8.25], "size": [1, 4, 1], "pivot": [0.75, -4.75, 7], "rotation": [-6.69476, -22.13991, -4.11405], "uv": [65, 70]},
						{"origin": [-19.65, 14.75, -5.25], "size": [2, 1, 1], "pivot": [-0.25, 0, 0], "rotation": [-1.34386, 2.10829, 57.47527], "uv": [71, 10]},
						{"origin": [-23.65, -2.25, -5.25], "size": [6, 1, 1], "pivot": [-0.25, 0, 0], "rotation": [0.54143, 2.4407, 102.51153], "uv": [55, 20]},
						{"origin": [-0.5, 23, -8.25], "size": [1, 3, 1], "pivot": [0, -4.75, 7], "rotation": [-7.5, 0, 0], "uv": [12, 52]},
						{"origin": [-1, 22.75, 13.5], "size": [2, 4, 2], "pivot": [0, 0, 0], "rotation": [40, 0, 0], "uv": [65, 10]},
						{"origin": [-1.75, 22.75, 13.5], "size": [2, 4, 2], "pivot": [-0.75, 0, 0], "rotation": [40, 22.5, 0], "uv": [52, 64]},
						{"origin": [-1.25, 25.75, -15.25], "size": [1, 5, 1], "pivot": [-0.75, 0, 0], "rotation": [-17.5, 22.5, 0], "uv": [21, 68]},
						{"origin": [-0.5, 25.75, -15.25], "size": [1, 5, 1], "pivot": [0, 0, 0], "rotation": [-17.5, 0, 0], "uv": [25, 68]},
						{"origin": [0.25, 25.75, -15.25], "size": [1, 5, 1], "pivot": [0.75, 0, 0], "rotation": [-17.5, -22.5, 0], "uv": [8, 45]},
						{"origin": [-0.25, 22.75, 13.5], "size": [2, 4, 2], "pivot": [0.75, 0, 0], "rotation": [40, -22.5, 0], "uv": [0, 64]},
						{"origin": [-0.5, 17.75, 12.75], "size": [1, 3, 3], "pivot": [0, 0, 1.75], "rotation": [42.5, 0, 0], "uv": [63, 27]}
					]
				},
				{
					"name": "capeback",
					"parent": "body",
					"pivot": [0, 0, -0.75],
					"cubes": [
						{"origin": [4.85, 22, -1], "size": [1, 3, 0], "pivot": [-0.25, 0, -1.5], "rotation": [3.21037, -46.30011, -29.84451], "uv": [0, 12]},
						{"origin": [-10.75, 8.25, -1.5], "size": [3, 3, 0], "pivot": [-0.25, 0, -1.5], "rotation": [-10, 10, 42.5], "uv": [69, 71]},
						{"origin": [-16.25, 2.5, -1.5], "size": [3, 3, 0], "pivot": [-0.25, 0, -1.5], "rotation": [-4.21674, 13.47326, 70.37879], "uv": [71, 29]},
						{"origin": [12.75, 2.25, -1.5], "size": [3, 3, 0], "pivot": [-0.25, 0, -1.5], "rotation": [-4.21674, -13.47326, -70.37879], "uv": [70, 22]},
						{"origin": [-3.15, 15.25, 3.25], "size": [6, 13, 0], "pivot": [-0.25, 0, -1.5], "rotation": [2.5, 0, 0], "uv": [31, 28]},
						{"origin": [-8.65, 17.5, 3.25], "size": [3, 9, 0], "pivot": [-0.25, 0, -1.5], "rotation": [2.46207, -0.43399, 9.99067], "uv": [62, 56]},
						{"origin": [3.35, 18, 3.25], "size": [3, 10, 0], "pivot": [-0.25, 0, -1.5], "rotation": [2.21783, 1.15408, -27.47766], "uv": [10, 58]},
						{"origin": [2.85, 25, -1], "size": [3, 3, 0], "pivot": [-0.25, 0, -1.5], "rotation": [3.21037, -46.30011, -29.84451], "uv": [0, 27]},
						{"origin": [-7.15, 21, 3.25], "size": [5, 7, 0], "pivot": [0, 0, -1.5], "rotation": [2.5, 0, 0], "uv": [53, 26]},
						{"origin": [5.15, 14.5, 3.25], "size": [3, 12, 0], "pivot": [-0.25, 0, -1.5], "rotation": [2.46207, 0.43399, -9.99067], "uv": [26, 51]},
						{"origin": [-6.85, 18, 3.25], "size": [3, 10, 0], "pivot": [-0.25, 0, -1.5], "rotation": [2.21783, -1.15408, 27.47766], "uv": [46, 57]},
						{"origin": [-6.35, 19, -1], "size": [3, 9, 0], "pivot": [-0.25, 0, -1.5], "rotation": [3.21037, 46.30011, 29.84451], "uv": [12, 32]},
						{"origin": [1.9, 21, 3.25], "size": [5, 7, 0], "pivot": [-0.25, 0, -1.5], "rotation": [2.5, 0, 0], "uv": [16, 52]},
						{"origin": [-5.5, 27.75, -1.75], "size": [3, 1, 1], "pivot": [0, 0, -0.75], "rotation": [0, 46.3001, 27.5], "uv": [66, 53]},
						{"origin": [-6.75, 27.75, 2.25], "size": [3, 1, 1], "pivot": [0, 0, -0.75], "rotation": [0, 0, 27.5], "uv": [66, 40]},
						{"origin": [-3.75, 27.5, 2.25], "size": [11, 1, 1], "uv": [0, 90]},
						{"origin": [-7.25, 27.5, 2.25], "size": [4, 1, 1], "uv": [65, 16]},
						{"origin": [3.75, 27.75, 2.25], "size": [3, 1, 1], "pivot": [0, 0, -0.75], "rotation": [0, 0, -27.5], "uv": [66, 65]},
						{"origin": [2.5, 27.75, -1.75], "size": [3, 1, 1], "pivot": [0, 0, -0.75], "rotation": [0, -46.3001, -27.5], "uv": [67, 46]},
						{"origin": [-0.5, 11.5, -19.5], "size": [1, 2, 2], "pivot": [0, -3.25, 1.75], "rotation": [-52.5, 0, 0], "uv": [64, 28]}
					]
				},
				{
					"name": "caper",
					"parent": "body",
					"pivot": [0, 0, 0],
					"cubes": [
						{"origin": [-0.65, 26, 3], "size": [3, 2, 0], "pivot": [0.25, 0, 0], "rotation": [0, 90, -29.8445], "uv": [72, 55]},
						{"origin": [-0.5, 27.75, 1.5], "size": [2, 1, 1], "pivot": [0, 0, 0], "rotation": [0, 90, -27.5], "uv": [48, 0]}
					]
				},
				{
					"name": "capel",
					"parent": "body",
					"pivot": [0, 0, 0],
					"cubes": [
						{"origin": [-2.35, 24, 2.75], "size": [3, 4, 0], "pivot": [-0.25, 0, 0], "rotation": [0, -90, 29.8445], "uv": [68, 67]},
						{"origin": [-1.5, 27.75, 1.5], "size": [2, 1, 1], "pivot": [0, 0, 0], "rotation": [0, -90, 27.5], "uv": [0, 4]}
					]
				},
				{
					"name": "head",
					"parent": "body",
					"pivot": [0, 0, 0],
					"cubes": [
						{"origin": [-2.5, 32.75, -3.5], "size": [5, 4, 6], "uv": [0, 0]},
						{"origin": [-1, 34.25, -1.25], "size": [2, 2, 1], "pivot": [0, -0.25, 0], "rotation": [5, 0, 0], "uv": [16, 3]},
						{"origin": [-2, 36, -3], "size": [4, 2, 2], "pivot": [0, -0.25, 0], "rotation": [2.5, 0, 0], "uv": [21, 16]},
						{"origin": [-3, 38, -2.75], "size": [6, 1, 1], "pivot": [0, -0.25, 0], "rotation": [2.5, 0, 0], "uv": [53, 33]},
						{"origin": [-3, -4.5, -40.1], "size": [6, 8, 1], "pivot": [0, -0.25, 0], "rotation": [-90, 0, 0], "uv": [12, 43]},
						{"origin": [-4.25, 37.85, -3], "size": [7, 1, 1], "pivot": [0, -0.25, 0], "rotation": [0, -90, 0], "uv": [45, 24]},
						{"origin": [-2.75, 37.85, -3], "size": [7, 1, 1], "pivot": [0, -0.25, 0], "rotation": [0, 90, 0], "uv": [45, 22]},
						{"origin": [-3, 32.85, 1.75], "size": [6, 6, 2], "uv": [34, 0]},
						{"origin": [-0.25, 33.75, 2], "size": [3, 5, 1], "pivot": [0, -0.25, 0], "rotation": [0, -90, 0], "uv": [22, 35]},
						{"origin": [9, 22, 24], "size": [4, 7, 2], "pivot": [9.25, 3, 0], "rotation": [0, -90, 27.5], "uv": [0, 96]},
						{"origin": [9.5, -0.75, 30.25], "size": [3, 6, 2], "pivot": [9.25, 3, 0], "rotation": [0, -90, 62.5], "uv": [46, 49]},
						{"origin": [-2.5, -4, -40.85], "size": [5, 7, 1], "pivot": [0, -0.25, 0], "rotation": [-90, 0, 0], "uv": [26, 43]},
						{"origin": [-2, -3.5, -41.35], "size": [4, 6, 1], "pivot": [0, -0.25, 0], "rotation": [-90, 0, 0], "uv": [52, 6]},
						{"origin": [-1.5, -3, -41.6], "size": [3, 5, 1], "pivot": [0, -0.25, 0], "rotation": [-90, 0, 0], "uv": [11, 23]},
						{"origin": [-0.5, 33.5, 10.5], "size": [1, 4, 1], "pivot": [0, -0.25, -0.5], "rotation": [25, 0, 0], "uv": [57, 70]},
						{"origin": [-0.5, 28.75, 22.75], "size": [1, 1, 1], "pivot": [0, -0.25, -0.5], "rotation": [45, 0, 0], "uv": [0, 56]},
						{"origin": [-0.5, 47.25, -18.25], "size": [1, 4, 1], "pivot": [0, 13.5, -29.25], "rotation": [-25, 0, 0], "uv": [53, 70]},
						{"origin": [-0.5, 42.5, -6], "size": [1, 1, 1], "pivot": [0, 13.5, -29.25], "rotation": [-5, 0, 0], "uv": [50, 2]},
						{"origin": [-0.5, 50.25, -28.75], "size": [1, 4, 1], "pivot": [0, 14.5, -25.25], "rotation": [-47.5, 0, 0], "uv": [49, 70]},
						{"origin": [-0.5, 43.5, -2.25], "size": [1, 1, 1], "pivot": [0, 14.5, -25.25], "rotation": [-5, 0, 0], "uv": [44, 43]},
						{"origin": [-0.5, 108.5, 2.75], "size": [1, 4, 1], "pivot": [0, 74.75, -8.25], "rotation": [-142.5, 0, 0], "uv": [8, 70]},
						{"origin": [-0.5, 103.75, 15], "size": [1, 1, 1], "pivot": [0, 74.75, -8.25], "rotation": [-122.5, 0, 0], "uv": [31, 0]},
						{"origin": [-18.75, 33, -2.5], "size": [7, 1, 0], "pivot": [0, 0, 0.25], "rotation": [26.03345, 50.33155, 32.39769], "uv": [56, 44]},
						{"origin": [-34.25, 17.5, -2.5], "size": [3, 1, 0], "pivot": [0, 0, 0.25], "rotation": [50.29958, 26.11218, 69.92727], "uv": [73, 65]},
						{"origin": [-41.25, -3.75, -2.5], "size": [3, 1, 0], "pivot": [0, 0, 0.25], "rotation": [55, 0, 90], "uv": [73, 40]},
						{"origin": [11, 33.25, -2.5], "size": [3, 1, 0], "pivot": [0, 0, 0.25], "rotation": [-31.11356, 47.93659, -39.11051], "uv": [60, 22]},
						{"origin": [11.75, 33, -2.5], "size": [7, 1, 0], "pivot": [0, 0, 0.25], "rotation": [26.03345, -50.33155, -32.39769], "uv": [56, 43]},
						{"origin": [-14, 33.25, -2.5], "size": [3, 1, 0], "pivot": [0, 0, 0.25], "rotation": [-31.11356, -47.93659, 39.11051], "uv": [59, 40]},
						{"origin": [31.25, 17.5, -2.5], "size": [3, 1, 0], "pivot": [0, 0, 0.25], "rotation": [50.29958, -26.11218, -69.92727], "uv": [38, 14]},
						{"origin": [38.25, -3.75, -2.5], "size": [3, 1, 0], "pivot": [0, 0, 0.25], "rotation": [55, 0, -90], "uv": [11, 29]},
						{"origin": [10, -23.75, 20.5], "size": [2, 3, 1], "pivot": [9.25, 3, 0], "rotation": [0, -90, 105], "uv": [68, 4]},
						{"origin": [-13, 22, 24], "size": [4, 6, 2], "pivot": [-9.25, 3, 0], "rotation": [0, 90, -27.5], "uv": [0, 117]},
						{"origin": [-12.5, -0.75, 30.25], "size": [3, 6, 2], "pivot": [-9.25, 3, 0], "rotation": [0, 90, -62.5], "uv": [45, 14]},
						{"origin": [-12, -23.75, 20.5], "size": [2, 3, 1], "pivot": [-9.25, 3, 0], "rotation": [0, 90, -105], "uv": [68, 0]},
						{"origin": [-0.5, 106, 10.75], "size": [1, 4, 1], "pivot": [0, 72.25, -0.25], "rotation": [-155, 0, 0], "uv": [15, 69]},
						{"origin": [-0.5, 101.25, 23], "size": [1, 1, 1], "pivot": [0, 72.25, -0.25], "rotation": [-135, 0, 0], "uv": [22, 15]},
						{"origin": [-12, -26.75, 15.5], "size": [2, 3, 1], "pivot": [-9.25, 3, 0], "rotation": [0, 90, -115], "uv": [44, 67]},
						{"origin": [10, -26.75, 15.5], "size": [2, 3, 1], "pivot": [9.25, 3, 0], "rotation": [0, -90, 115], "uv": [66, 49]},
						{"origin": [-2.5, 22.25, 8.25], "size": [5, 4, 2], "pivot": [-6.75, 5, -19.75], "rotation": [15, 0, 0], "uv": [38, 8]},
						{"origin": [-1.5, 4.5, 10.5], "size": [3, 7, 2], "pivot": [-1.75, 8.25, -19.75], "rotation": [37.5, 0, 0], "uv": [43, 26]},
						{"origin": [-1, -21.5, -4.25], "size": [2, 3, 1], "pivot": [-1.75, 8.25, -19.75], "rotation": [90, 0, 0], "uv": [0, 23]},
						{"origin": [-1, -18.5, 0.75], "size": [2, 3, 1], "pivot": [-1.75, 8.25, -19.75], "rotation": [80, 0, 0], "uv": [0, 0]},
						{"origin": [-2.75, 33.75, 2], "size": [3, 5, 1], "pivot": [0, -0.25, 0], "rotation": [0, 90, 0], "uv": [22, 35], "mirror": true},
						{"origin": [-0.25, 36.6, -3], "size": [4, 2, 6], "pivot": [0, -0.25, 0], "rotation": [0, 90, 0], "uv": [12, 120]}
					]
				},
				{
					"name": "Neck",
					"parent": "head",
					"pivot": [0, 0, 0],
					"cubes": [
						{"origin": [-1, 30, -1], "size": [2, 3, 2], "uv": [60, 65]}
					]
				},
				{
					"name": "legl",
					"parent": "body",
					"pivot": [-0.15, 1, 1],
					"cubes": [
						{"origin": [1.85, 4, 8], "size": [2, 2, 6], "pivot": [-0.15, 1, 1], "rotation": [80, 0, -2.5], "uv": [12, 35]},
						{"origin": [10.1, 4, 6.75], "size": [2, 2, 3], "pivot": [-0.15, 1, 1], "rotation": [83.20667, -7.35559, -49.56283], "uv": [63, 22]}
					]
				},
				{
					"name": "leglsegment",
					"parent": "legl",
					"pivot": [0.6, 0, 0],
					"cubes": [
						{"origin": [1.85, 1, -2], "size": [2, 2, 4], "pivot": [-0.15, 0, 0], "rotation": [40, 0, -2.5], "uv": [50, 0]},
						{"origin": [1.85, 0.5, 2.5], "size": [2, 2, 7], "pivot": [-0.15, 1, 1], "rotation": [105, 0, -2.5], "uv": [0, 23]},
						{"origin": [2.35, 2, 3], "size": [1, 3, 1], "pivot": [0.6, 0, 0], "rotation": [70, 0, -2.5], "uv": [5, 74]},
						{"origin": [2.35, -1, 5.25], "size": [1, 2, 1], "pivot": [0.6, 0, 0], "rotation": [130, 0, -2.5], "uv": [68, 74]}
					]
				},
				{
					"name": "legr",
					"parent": "body",
					"pivot": [0.15, 1, 1],
					"cubes": [
						{"origin": [-3.85, 4, 8], "size": [2, 2, 6], "pivot": [0.15, 1, 1], "rotation": [77.5, 0, 0], "uv": [37, 35]},
						{"origin": [1.25, 12, -3], "size": [3, 1, 1], "pivot": [0, 0, 0], "rotation": [-2.26603, -1.05627, -24.97911], "uv": [0, 70]},
						{"origin": [3.25, 8.5, -8], "size": [2, 1, 1], "pivot": [0, 0, 0], "rotation": [-106.01659, 73.63971, -85.12688], "uv": [16, 74]},
						{"origin": [-6.75, 9.75, -2.25], "size": [3, 1, 1], "pivot": [0, 0, 0], "rotation": [-12.29088, -1.1791, 12.71082], "uv": [69, 44]},
						{"origin": [0, 9.75, -3], "size": [3, 1, 1], "pivot": [0, 0, 0], "rotation": [-2.26603, -1.05627, -24.97911], "uv": [69, 38]},
						{"origin": [2.75, 5.75, -7.25], "size": [2, 1, 1], "pivot": [0, 0, 0], "rotation": [-106.01659, 73.63971, -85.12688], "uv": [74, 4]},
						{"origin": [-12.6, 3.5, 6.25], "size": [2, 2, 3], "pivot": [0.15, 1, 1], "rotation": [83.20667, 7.35559, 49.56283], "uv": [22, 63]},
						{"origin": [-2.5, -3, -11.25], "size": [2, 1, 1], "pivot": [0, 0, 0], "rotation": [28.21118, 73.73321, 121.06522], "uv": [74, 6]},
						{"origin": [-3.5, -3, -13.75], "size": [2, 1, 1], "pivot": [0, 0, 0], "rotation": [28.21118, 73.73321, 121.06522], "uv": [72, 59]}
					]
				},
				{
					"name": "legrsegment",
					"parent": "legr",
					"pivot": [0, 0, 0],
					"cubes": [
						{"origin": [-3.85, 1, -2], "size": [2, 2, 4], "pivot": [0.15, 0, 0], "rotation": [37.5, 0, 0], "uv": [4, 52]},
						{"origin": [-3.85, 0.5, 2.5], "size": [2, 2, 7], "pivot": [0.15, 1, 1], "rotation": [102.5, 0, 0], "uv": [27, 8]},
						{"origin": [-3.35, 2, 3], "size": [1, 3, 1], "pivot": [-0.6, 0, 0], "rotation": [67.5, 0, 0], "uv": [22, 74]},
						{"origin": [-3.35, -1, 5.25], "size": [1, 2, 1], "pivot": [-0.6, 0, 0], "rotation": [127.5, 0, 0], "uv": [72, 74]},
						{"origin": [-1.75, -2.75, -8.75], "size": [2, 1, 1], "pivot": [0, 0, 0], "rotation": [28.21118, 73.73321, 121.06522], "uv": [73, 52]},
						{"origin": [-1, 7.25, -2.75], "size": [3, 1, 1], "pivot": [0, 0, 0], "rotation": [-2.26603, -1.05627, -24.97911], "uv": [68, 63]},
						{"origin": [1.5, 3.75, -6.25], "size": [2, 1, 1], "pivot": [0, 0, 0], "rotation": [-106.01659, 73.63971, -85.12688], "uv": [73, 35]},
						{"origin": [-5.5, 4.25, 0.75], "size": [3, 1, 1], "pivot": [0, 0, 0], "rotation": [10.20912, -1.1791, 12.71082], "uv": [68, 27]},
						{"origin": [-1.75, -2.75, -5.25], "size": [2, 1, 1], "pivot": [0, 0, 0], "rotation": [33.99041, 57.89771, 126.1475], "uv": [73, 25]},
						{"origin": [-6.25, 7, -2.25], "size": [3, 1, 1], "pivot": [0, 0, 0], "rotation": [-12.29088, -1.1791, 12.71082], "uv": [69, 20]}
					]
				},
				{
					"name": "arml",
					"parent": "body",
					"pivot": [12.1, 8.25, -2.5],
					"cubes": [
						{"origin": [12.5, 15.5, -1.25], "size": [2, 9, 2], "pivot": [0, 0, 0], "rotation": [0, 0, -15], "uv": [0, 45]}
					]
				},
				{
					"name": "armlsegment",
					"parent": "arml",
					"pivot": [12.1, 8.25, -2.5],
					"cubes": [
						{"origin": [15.25, 6.5, -1.25], "size": [2, 6, 2], "pivot": [0.25, 0.25, 0], "rotation": [0, 0, -27.5], "uv": [54, 56]},
						{"origin": [15.25, -0.25, -1.25], "size": [2, 4, 0], "pivot": [0.25, 0.25, 0], "rotation": [0, 0, -27.5], "uv": [74, 0]},
						{"origin": [12.5, 9, -1.25], "size": [2, 2, 0], "pivot": [0.25, 0.25, 0], "rotation": [0, 0, 10], "uv": [74, 61]},
						{"origin": [15.25, -0.25, -0.25], "size": [2, 4, 0], "pivot": [0.25, 0.25, 1], "rotation": [0, 0, -27.5], "uv": [45, 73]},
						{"origin": [12.5, 9, -0.25], "size": [2, 2, 0], "pivot": [0.25, 0.25, 1], "rotation": [0, 0, 10], "uv": [74, 57]},
						{"origin": [15.25, -0.25, 0.75], "size": [2, 4, 0], "pivot": [0.25, 0.25, 2], "rotation": [0, 0, -27.5], "uv": [41, 73]},
						{"origin": [12.5, 9, 0.75], "size": [2, 2, 0], "pivot": [0.25, 0.25, 2], "rotation": [0, 0, 10], "uv": [58, 64]},
						{"origin": [15.25, 3.5, -1.25], "size": [2, 1, 2], "pivot": [0.25, 0.25, 0], "rotation": [0, 0, -27.5], "uv": [66, 33]},
						{"origin": [16.25, 4.5, -1.25], "size": [1, 2, 2], "pivot": [0.25, 0.25, 0], "rotation": [0, 0, -27.5], "uv": [68, 59]},
						{"origin": [13.85, 7.25, 2.75], "size": [1, 2, 1], "pivot": [12.1, 8.25, -2.5], "rotation": [-140, -87.5, -90], "uv": [74, 66]},
						{"origin": [13.85, 10.25, 0.5], "size": [1, 3, 1], "pivot": [12.1, 8.25, -2.5], "rotation": [160, -87.5, -90], "uv": [12, 73]},
						{"origin": [14.35, 12.75, 0.5], "size": [0, 1, 1], "pivot": [12.1, 8.25, -2.5], "rotation": [175, -87.5, -90], "uv": [22, 0]}
					]
				},
				{
					"name": "armr",
					"parent": "body",
					"pivot": [-12.1, 8.25, -2.5],
					"cubes": [
						{"origin": [-14.5, 15.5, -1.25], "size": [2, 9, 2], "pivot": [0, 0, 0], "rotation": [0, 0, 15], "uv": [38, 43]}
					]
				},
				{
					"name": "armrsegment",
					"parent": "armr",
					"pivot": [-12.1, 8.25, -2.5],
					"cubes": [
						{"origin": [-17.25, 6.5, -1.25], "size": [2, 6, 2], "pivot": [-0.25, 0.25, 0], "rotation": [0, 0, 27.5], "uv": [38, 54]},
						{"origin": [-17.25, -0.25, -1.25], "size": [2, 4, 0], "pivot": [-0.25, 0.25, 0], "rotation": [0, 0, 27.5], "uv": [73, 12]},
						{"origin": [-14.5, 9, -1.25], "size": [2, 2, 0], "pivot": [-0.25, 0.25, 0], "rotation": [0, 0, -10], "uv": [6, 64]},
						{"origin": [-17.25, -0.25, -0.25], "size": [2, 4, 0], "pivot": [-0.25, 0.25, 1], "rotation": [0, 0, 27.5], "uv": [72, 48]},
						{"origin": [-14.5, 9, -0.25], "size": [2, 2, 0], "pivot": [-0.25, 0.25, 1], "rotation": [0, 0, -10], "uv": [62, 10]},
						{"origin": [-17.25, -0.25, 0.75], "size": [2, 4, 0], "pivot": [-0.25, 0.25, 2], "rotation": [0, 0, 27.5], "uv": [22, 59]},
						{"origin": [-14.5, 9, 0.75], "size": [2, 2, 0], "pivot": [-0.25, 0.25, 2], "rotation": [0, 0, -10], "uv": [57, 35]},
						{"origin": [-17.25, 3.5, -1.25], "size": [2, 1, 2], "pivot": [-0.25, 0.25, 0], "rotation": [0, 0, 27.5], "uv": [16, 0]},
						{"origin": [-17.25, 4.5, -1.25], "size": [1, 2, 2], "pivot": [-0.25, 0.25, 0], "rotation": [0, 0, 27.5], "uv": [68, 55]},
						{"origin": [-14.85, 7.25, 2.75], "size": [1, 2, 1], "pivot": [-12.1, 8.25, -2.5], "rotation": [-140, 87.5, 90], "uv": [26, 74]},
						{"origin": [-14.85, 10.25, 0.5], "size": [1, 3, 1], "pivot": [-12.1, 8.25, -2.5], "rotation": [160, 87.5, 90], "uv": [58, 0]},
						{"origin": [-14.35, 12.75, 0.5], "size": [0, 1, 1], "pivot": [-12.1, 8.25, -2.5], "rotation": [175, 87.5, 90], "uv": [16, 0]}
					]
				},
				{
					"name": "torso",
					"parent": "body",
					"pivot": [0, 0, 0],
					"cubes": [
						{"origin": [6.25, 27.5, -1.75], "size": [2, 2, 3], "pivot": [0, 0, 0], "rotation": [0, 0, -22.5], "uv": [59, 35]},
						{"origin": [-8.25, 26.5, -1.75], "size": [2, 3, 3], "pivot": [0, 0, 0], "rotation": [0, 0, 22.5], "uv": [0, 58]},
						{"origin": [-10.35, 21.25, -5.25], "size": [2, 1, 1], "pivot": [0.25, 0, 0], "rotation": [-2.34941, 0.85481, 19.98247], "uv": [60, 23]},
						{"origin": [-1.75, 14, -1.75], "size": [3, 8, 3], "uv": [31, 17]},
						{"origin": [10.75, 15, -1.75], "size": [3, 12, 3], "pivot": [0, 0, 0], "rotation": [0, 0, -37.5], "uv": [22, 0]},
						{"origin": [-13.75, 15, -1.75], "size": [3, 12, 3], "pivot": [0, 0, 0], "rotation": [0, 0, 37.5], "uv": [19, 20]},
						{"origin": [-4.25, 22.5, -1.75], "size": [8, 8, 3], "uv": [0, 12]}
					]
				}
			]
		}
	]
}