{
	"format_version": "1.12.0",
	"minecraft:geometry": [
		{
			"description": {
				"identifier": "geometry.deltaaipom",
				"texture_width": 64,
				"texture_height": 64,
				"visible_bounds_width": 4,
				"visible_bounds_height": 3,
				"visible_bounds_offset": [0, 0.5, 0]
			},
			"bones": [
				{
					"name": "aipom",
					"pivot": [0, 0, 0]
				},
				{
					"name": "body",
					"parent": "aipom",
					"pivot": [0, 0, 0]
				},
				{
					"name": "head",
					"parent": "body",
					"pivot": [0, 4, 0],
					"cubes": [
						{"origin": [-3.5, 4, -3], "size": [6, 5, 6], "uv": [0, 0]},
						{"origin": [1, 8.5, 0], "size": [0, 3, 2], "pivot": [1, 9, 0.5], "rotation": [0, 0, -15], "uv": [24, 25]},
						{"origin": [2.5, 7.025, -0.5], "size": [0, 1, 1], "inflate": 0.01, "uv": [32, 29]}
					]
				},
				{
					"name": "left_ear",
					"parent": "head",
					"pivot": [0, 0.5, 0],
					"cubes": [
						{"origin": [-1, 5.5, 2.75], "size": [1, 6, 4], "uv": [0, 21]}
					]
				},
				{
					"name": "right_ear",
					"parent": "head",
					"pivot": [0, 0.5, 0],
					"cubes": [
						{"origin": [-1, 5.5, -6.75], "size": [1, 6, 4], "uv": [15, 12]}
					]
				},
				{
					"name": "eyes",
					"parent": "head",
					"pivot": [0, 0.5, 0]
				},
				{
					"name": "left_eye",
					"parent": "eyes",
					"pivot": [0, 0.5, 0],
					"cubes": [
						{"origin": [2.5, 5.775, -1.75], "size": [0, 1, 1], "inflate": 0.01, "uv": [15, 32]}
					]
				},
				{
					"name": "right_eye",
					"parent": "eyes",
					"pivot": [0, 0.5, 2.5],
					"cubes": [
						{"origin": [2.5, 5.775, 0.75], "size": [0, 1, 1], "inflate": 0.01, "uv": [0, 21]}
					]
				},
				{
					"name": "mouth",
					"parent": "head",
					"pivot": [0, 0.5, 0]
				},
				{
					"name": "open",
					"parent": "mouth",
					"pivot": [0, 0.5, 0],
					"cubes": [
						{"origin": [2.5, 4.275, -0.925], "size": [0, 1, 2], "uv": [0, 0]}
					]
				},
				{
					"name": "closed",
					"parent": "mouth",
					"pivot": [0, -1, 0.825],
					"cubes": [
						{"origin": [2.5, 4.275, -0.925], "size": [0, 1, 2], "inflate": 0.01, "uv": [29, 30]}
					]
				},
				{
					"name": "head_outline",
					"parent": "head",
					"pivot": [0, 4, 0],
					"cubes": [
						{"origin": [0.1, 11.6, -2.65], "size": [-1.2, -6.2, -4.2], "uv": [78, 0]},
						{"origin": [1.1, 10.6, 2.1], "size": [-0.2, -2.7, -2.2], "pivot": [1, 9, 0.5], "rotation": [0, 0, -15], "uv": [72, 0]},
						{"origin": [1.1, 11.6, 2.1], "size": [-0.2, -1, -1.2], "pivot": [1, 9, 0.5], "rotation": [0, 0, -15], "uv": [70, 16]},
						{"origin": [2.6, 9.1, 3.1], "size": [-6.2, -5.2, -6.2], "uv": [80, 2]},
						{"origin": [0.1, 11.6, 6.85], "size": [-1.2, -6.2, -4.2], "uv": [78, 0]}
					]
				},
				{
					"name": "torso",
					"parent": "body",
					"pivot": [0, 0, 0],
					"cubes": [
						{"origin": [-2, -1, -2], "size": [3, 4, 4], "uv": [0, 12]},
						{"origin": [1, -0.475, -0.5], "size": [0, 2, 1], "inflate": 0.01, "uv": [0, 12]}
					]
				},
				{
					"name": "left_foot",
					"parent": "torso",
					"pivot": [0, 0, 0],
					"cubes": [
						{"origin": [-1.25, -1.5, -1.75], "size": [1, 1, 1], "uv": [23, 32]},
						{"origin": [-1.25, -2.5, -1.75], "size": [2, 1, 1], "uv": [31, 7]}
					]
				},
				{
					"name": "right_foot",
					"parent": "torso",
					"pivot": [0, 0, 3],
					"cubes": [
						{"origin": [-1.25, -2.5, 0.75], "size": [2, 1, 1], "uv": [17, 30]},
						{"origin": [-1.25, -1.5, 0.75], "size": [1, 1, 1], "uv": [5, 32]}
					]
				},
				{
					"name": "left_arm",
					"parent": "torso",
					"pivot": [-0.5, 2, 1.75],
					"cubes": [
						{"origin": [-1, 1, 1.25], "size": [1, 1, 2], "uv": [26, 3]},
						{"origin": [0.1, 2.1, 3.35], "size": [-1.2, -1.2, -2.2], "uv": [72, 0]}
					]
				},
				{
					"name": "left_hand",
					"parent": "left_arm",
					"pivot": [-1, 1.5, 3.25],
					"cubes": [
						{"origin": [-1, 1, 3.25], "size": [1, 1, 1], "inflate": -0.001, "uv": [0, 32]},
						{"origin": [0.1, 2.1, 4.35], "size": [-1.2, -1.2, -1.2], "uv": [72, 0]}
					]
				},
				{
					"name": "right_arm",
					"parent": "torso",
					"pivot": [-0.5, 2, -1.75],
					"cubes": [
						{"origin": [-1, 1, -3.25], "size": [1, 1, 2], "uv": [11, 12]},
						{"origin": [0.1, 2.1, -1.15], "size": [-1.2, -1.2, -2.2], "uv": [72, 0]}
					]
				},
				{
					"name": "right_hand",
					"parent": "right_arm",
					"pivot": [-1, 1.5, -3.25],
					"cubes": [
						{"origin": [0.1, 2.1, -3.15], "size": [-1.2, -1.2, -1.2], "uv": [72, 0]},
						{"origin": [-1, 1, -4.25], "size": [1, 1, 1], "inflate": -0.001, "uv": [31, 26]}
					]
				},
				{
					"name": "torso_outline",
					"parent": "torso",
					"pivot": [0, 0, 0],
					"cubes": [
						{"origin": [1.1, 3.1, 2.1], "size": [-3.2, -4.2, -4.2], "uv": [72, 0]},
						{"origin": [0.85, -1.4, 1.85], "size": [-2.2, -1.2, -1.2], "uv": [72, 0]},
						{"origin": [-0.15, -0.4, 1.85], "size": [-1.2, -1.2, -1.2], "uv": [72, 0]},
						{"origin": [0.85, -1.4, -0.65], "size": [-2.2, -1.2, -1.2], "uv": [72, 0]},
						{"origin": [-0.15, -0.4, -0.65], "size": [-1.2, -1.2, -1.2], "uv": [72, 0]}
					]
				},
				{
					"name": "tail",
					"parent": "body",
					"pivot": [0, 0, 0]
				},
				{
					"name": "tail_base",
					"parent": "tail",
					"pivot": [0, 0, 0],
					"cubes": [
						{"origin": [-3, -0.5, -0.5], "size": [1, 1, 1], "uv": [10, 31]},
						{"origin": [-1.9, 0.6, 0.6], "size": [-1.2, -1.2, -1.2], "uv": [72, 0]}
					]
				},
				{
					"name": "tail1",
					"parent": "tail_base",
					"pivot": [-2.5, 0, 0],
					"cubes": [
						{"origin": [-5, -0.5, -0.5], "size": [2.5, 1, 1], "inflate": 0.001, "uv": [28, 23]},
						{"origin": [-2.4, 0.6, 0.6], "size": [-2.7, -1.2, -1.2], "uv": [72, 0]}
					]
				},
				{
					"name": "tail2",
					"parent": "tail1",
					"pivot": [-5.05, -0.5, 0],
					"cubes": [
						{"origin": [-7.3, -0.5, -0.5], "size": [2.5, 1, 1], "uv": [11, 28]},
						{"origin": [-4.7, 0.6, 0.6], "size": [-2.7, -1.2, -1.2], "uv": [72, 0]}
					]
				},
				{
					"name": "tail3",
					"parent": "tail2",
					"pivot": [-7.45, 0.5, 0],
					"cubes": [
						{"origin": [-9.7, -0.5, -0.5], "size": [2.5, 1, 1], "uv": [28, 0]},
						{"origin": [-7.1, 0.6, 0.6], "size": [-2.7, -1.2, -1.2], "uv": [72, 0]}
					]
				},
				{
					"name": "tail4",
					"parent": "tail3",
					"pivot": [-9.5, 0.5, 0],
					"cubes": [
						{"origin": [-12, -0.5, -0.5], "size": [2.5, 1, 1], "uv": [26, 20]},
						{"origin": [-9.4, 0.6, 0.6], "size": [-2.7, -1.2, -1.2], "uv": [72, 0]}
					]
				},
				{
					"name": "tail5",
					"parent": "tail4",
					"pivot": [-11.75, 0, 0],
					"cubes": [
						{"origin": [-14, -0.5, -0.5], "size": [2.5, 1, 1], "uv": [7, 21]},
						{"origin": [-11.4, 0.6, 0.6], "size": [-2.7, -1.2, -1.2], "uv": [72, 0]}
					]
				},
				{
					"name": "tail_hand",
					"parent": "tail5",
					"pivot": [-13.75, 0, 0],
					"cubes": [
						{"origin": [-16.5, -2, -3], "size": [3, 3, 6], "inflate": 0.0001, "uv": [39, 17]},
						{"origin": [-13.4, 1.1, 3.1], "size": [-3.2, -3.2, -6.2], "uv": [72, 0]}
					]
				},
				{
					"name": "finger1",
					"parent": "tail_hand",
					"pivot": [-15.75, 0, -2],
					"cubes": [
						{"origin": [-21, -0.25, -2.5], "size": [5, 1, 1], "inflate": 0.0001, "uv": [39, 17]},
						{"origin": [-21, -1.25, -2.5], "size": [2, 1, 1], "inflate": 0.0001, "uv": [39, 17]},
						{"origin": [-21, -4.25, -2.5], "size": [1, 3, 1], "inflate": 0.0001, "uv": [39, 17]},
						{"origin": [-17.5, -1.25, -2.5], "size": [2, 1, 1], "inflate": 0.0001, "uv": [39, 17]},
						{"origin": [-15.4, -0.15, -1.4], "size": [-2.2, -1.2, -1.2], "uv": [72, 0]},
						{"origin": [-15.65, 0.85, -1.4], "size": [-5.45, -1.2, -1.2], "uv": [72, 0]},
						{"origin": [-18.9, -0.15, -1.4], "size": [-2.2, -1.2, -1.2], "uv": [72, 0]},
						{"origin": [-19.9, -1.15, -1.4], "size": [-1.2, -3.2, -1.2], "uv": [72, 0]}
					]
				},
				{
					"name": "finger2",
					"parent": "tail_hand",
					"pivot": [-15.75, 0, 0],
					"cubes": [
						{"origin": [-21, -3.75, -0.5], "size": [1, 3, 1], "inflate": 0.0001, "uv": [39, 17]},
						{"origin": [-21, -1.25, -0.5], "size": [2, 1, 1], "inflate": 0.0001, "uv": [39, 17]},
						{"origin": [-21, -0.25, -0.5], "size": [5, 1, 1], "inflate": 0.0001, "uv": [39, 17]},
						{"origin": [-17.5, -1.25, -0.5], "size": [2, 1, 1], "inflate": 0.0001, "uv": [39, 17]},
						{"origin": [-15.65, 0.85, 0.6], "size": [-5.45, -1.2, -1.2], "uv": [72, 0]},
						{"origin": [-15.4, -0.15, 0.6], "size": [-2.2, -1.2, -1.2], "uv": [72, 0]},
						{"origin": [-18.9, -0.15, 0.6], "size": [-2.2, -1.2, -1.2], "uv": [72, 0]},
						{"origin": [-19.9, -0.65, 0.6], "size": [-1.2, -3.2, -1.2], "uv": [72, 0]}
					]
				},
				{
					"name": "finger3",
					"parent": "tail_hand",
					"pivot": [-16.25, 0.25, 2],
					"cubes": [
						{"origin": [-21, -2.75, 1.5], "size": [1, 2, 1], "inflate": 0.0001, "uv": [39, 17]},
						{"origin": [-21, -1.25, 1.5], "size": [2, 1, 1], "inflate": 0.0001, "uv": [39, 17]},
						{"origin": [-21, -0.25, 1.5], "size": [5, 1, 1], "inflate": 0.0001, "uv": [39, 17]},
						{"origin": [-17.5, -1.25, 1.5], "size": [2, 1, 1], "inflate": 0.0001, "uv": [39, 17]},
						{"origin": [-19.9, -0.65, 2.6], "size": [-1.2, -2.2, -1.2], "uv": [72, 0]},
						{"origin": [-18.9, -0.15, 2.6], "size": [-2.2, -1.2, -1.2], "uv": [72, 0]},
						{"origin": [-15.65, 0.85, 2.6], "size": [-5.45, -1.2, -1.2], "uv": [72, 0]},
						{"origin": [-15.4, -0.15, 2.6], "size": [-2.2, -1.2, -1.2], "uv": [72, 0]}
					]
				},
				{
					"name": "thumb",
					"parent": "tail_hand",
					"pivot": [-15.5, 0, 2.75],
					"cubes": [
						{"origin": [-16, -0.25, 2], "size": [1, 1, 4], "inflate": 0.0001, "uv": [39, 17]},
						{"origin": [-16, -1.25, 5], "size": [1, 2, 1], "uv": [39, 17]},
						{"origin": [-14.9, 0.85, 6.1], "size": [-1.2, -1.2, -4.2], "uv": [72, 0]},
						{"origin": [-14.9, 0.85, 6.1], "size": [-1.2, -2.2, -1.2], "uv": [72, 0]}
					]
				}
			]
		}
	]
}