{
	"format_version": "1.12.0",
	"minecraft:geometry": [
		{
			"description": {
				"identifier": "geometry.blastoise",
				"texture_width": 128,
				"texture_height": 64,
				"visible_bounds_width": 5,
				"visible_bounds_height": 3.5,
				"visible_bounds_offset": [0, 1.25, 0]
			},
			"bones": [
				{
					"name": "blastoise",
					"pivot": [0, 0, 0]
				},
				{
					"name": "body",
					"parent": "blastoise",
					"pivot": [0, 16, 0]
				},
				{
					"name": "torso",
					"parent": "body",
					"pivot": [0, 16, 0],
					"cubes": [
						{"origin": [-9, 5, -6.5], "size": [18, 22, 13], "uv": [0, 0]}
					]
				},
				{
					"name": "head",
					"parent": "torso",
					"pivot": [0, 25, -2.25]
				},
				{
					"name": "head_correction",
					"parent": "head",
					"pivot": [0, 25, -2.25]
				},
				{
					"name": "head_ai",
					"parent": "head_correction",
					"pivot": [0, 25, -2.25]
				},
				{
					"name": "head_angle",
					"parent": "head_ai",
					"pivot": [0, 25, -2.25],
					"cubes": [
						{"origin": [-5, 25, -7.75], "size": [10, 9, 9], "uv": [0, 35]},
						{"origin": [-4.5, 27, -10.75], "size": [9, 3, 3], "inflate": 0.01, "uv": [58, 41]},
						{"origin": [-3.25, 26.5, -10.25], "size": [1, 1, 0], "pivot": [-2.75, 27, -10.25], "rotation": [15, 15, 45], "uv": [0, 0]},
						{"origin": [2.25, 26.5, -10.25], "size": [1, 1, 0], "pivot": [2.75, 27, -10.25], "rotation": [15, -15, -45], "uv": [0, 1], "mirror": true}
					]
				},
				{
					"name": "eyelid_left",
					"parent": "head_angle",
					"pivot": [3.41, 31, -7.16],
					"cubes": [
						{"origin": [1.91, 30, -7.66], "size": [3, 2, 1], "inflate": 0.01, "uv": [32, 54], "mirror": true}
					]
				},
				{
					"name": "eyelid_right",
					"parent": "head_angle",
					"pivot": [-3.41, 31, -7.16],
					"cubes": [
						{"origin": [-4.91, 30, -7.66], "size": [3, 2, 1], "inflate": 0.01, "uv": [24, 54]}
					]
				},
				{
					"name": "ears",
					"parent": "head_angle",
					"pivot": [0, 34, -2.25]
				},
				{
					"name": "ear_right",
					"parent": "ears",
					"pivot": [-3.5, 33.25, -1.75],
					"rotation": [0, 0, -30],
					"cubes": [
						{"origin": [-4.25, 32.75, -3], "size": [4, 4, 0], "pivot": [0, 0, -0.25], "rotation": [0, 25, 0], "uv": [8, 53]}
					]
				},
				{
					"name": "ear_left",
					"parent": "ears",
					"pivot": [3.5, 33.25, -1.75],
					"rotation": [0, 0, 30],
					"cubes": [
						{"origin": [0.25, 32.75, -3], "size": [4, 4, 0], "pivot": [0, 0, -0.25], "rotation": [0, -25, 0], "uv": [16, 53]}
					]
				},
				{
					"name": "jaw",
					"parent": "head_angle",
					"pivot": [0, 27, -7.5],
					"rotation": [5, 0, 0],
					"cubes": [
						{"origin": [-4.5, 25, -9.5], "size": [9, 2, 2], "inflate": 0.01, "uv": [54, 47]},
						{"origin": [-4, 25, -10.5], "size": [8, 2, 1], "uv": [57, 51]}
					]
				},
				{
					"name": "HeadRag",
					"parent": "head_angle",
					"pivot": [5, 33, -2.25],
					"cubes": [
						{"origin": [5, 33, -3.25], "size": [4, 0, 2], "pivot": [5, 33, -2.25], "rotation": [30.86748, -12.95254, -12.63074], "uv": [20, 44]},
						{"origin": [5, 33, -3.25], "size": [5, 0, 2], "pivot": [5, 33, -2.25], "rotation": [49.3002, 20.10177, 41.96638], "uv": [20, 44]}
					]
				},
				{
					"name": "Hair",
					"parent": "head",
					"pivot": [0, 34, -3.25],
					"cubes": [
						{"origin": [-1, 34, -7.25], "size": [2, 2, 8], "uv": [42, 17]},
						{"origin": [-0.5, 34, -2.25], "size": [1, 1, 7], "pivot": [0, 25, -2.25], "rotation": [25.53051, 11.31255, 5.35254], "uv": [42, 17]},
						{"origin": [-0.5, 35, -2.25], "size": [1, 1, 7], "pivot": [0, 25, -2.25], "rotation": [25, 0, 0], "uv": [42, 17]},
						{"origin": [-0.5, 35, 0.75], "size": [1, 1, 4], "pivot": [0, 25, -2.25], "rotation": [37.5, 0, 0], "uv": [42, 17]},
						{"origin": [-0.5, 34, -2.25], "size": [1, 1, 7], "pivot": [0, 25, -2.25], "rotation": [25.53051, -11.31255, -5.35254], "uv": [42, 17]},
						{"origin": [1, 34, -7.25], "size": [1, 1, 8], "pivot": [0, 25, -2.25], "rotation": [0, 10, 0], "uv": [42, 17]},
						{"origin": [-1, 34, -7.25], "size": [2, 2, 8], "uv": [42, 17]},
						{"origin": [-2, 34, -7.25], "size": [1, 1, 8], "pivot": [0, 25, -2.25], "rotation": [0, -10, 0], "uv": [42, 17]}
					]
				},
				{
					"name": "arm_right",
					"parent": "torso",
					"pivot": [-9, 25, -1.5],
					"cubes": [
						{"origin": [-13, 20, -4.5], "size": [6, 5, 6], "uv": [80, 30]}
					]
				},
				{
					"name": "arm_right2",
					"parent": "arm_right",
					"pivot": [-13, 22.5, -1.5],
					"cubes": [
						{"origin": [-24.66733, 23, -4.80697], "size": [3, 0, 2], "pivot": [-22.21321, 22.5, -3.90958], "rotation": [15, -35, -20], "uv": [47, 6]},
						{"origin": [-25.75, 23, -3], "size": [3, 0, 3], "pivot": [-23, 22.5, -1.5], "rotation": [0, 0, -15], "uv": [52, 6]},
						{"origin": [-24.66733, 23, -0.19303], "size": [3, 0, 2], "pivot": [-22.21321, 22.5, 0.90958], "rotation": [-15, 35, -20], "uv": [53, 9]},
						{"origin": [-23.3, 19.7, -4.8], "size": [10.3, 5.6, 6.6], "uv": [96, 53]}
					]
				},
				{
					"name": "arm_left",
					"parent": "torso",
					"pivot": [9, 25, -1.5],
					"cubes": [
						{"origin": [7, 20, -4.5], "size": [6, 5, 6], "uv": [104, 30], "mirror": true}
					]
				},
				{
					"name": "arm_left2",
					"parent": "arm_left",
					"pivot": [13, 22.5, -1.5],
					"cubes": [
						{"origin": [13, 19.7, -4.8], "size": [10.3, 5.6, 6.6], "uv": [96, 53]},
						{"origin": [21.66733, 23, -4.80697], "size": [3, 0, 2], "pivot": [22.21321, 22.5, -3.90958], "rotation": [15, 35, 20], "uv": [47, 8], "mirror": true},
						{"origin": [22.75, 23, -3], "size": [3, 0, 3], "pivot": [23, 22.5, -1.5], "rotation": [0, 0, 15], "uv": [46, 10], "mirror": true},
						{"origin": [21.66733, 23, -0.19303], "size": [3, 0, 2], "pivot": [22.21321, 22.5, 0.90958], "rotation": [-15, -35, 20], "uv": [53, 11], "mirror": true}
					]
				},
				{
					"name": "cannon_right0",
					"parent": "torso",
					"pivot": [-7, 25.75, 6.5]
				},
				{
					"name": "cannon_right",
					"parent": "cannon_right0",
					"pivot": [-7, 26.75, 3.75],
					"rotation": [-55, 2.5, -42.5],
					"cubes": [
						{"origin": [-10.5, 26.75, 1.75], "size": [7, 5, 6], "uv": [76, 41]},
						{"origin": [-8.25, 28, -2.25], "size": [2, 2, 4], "uv": [38, 42]},
						{"origin": [-8.25, 28, -6.25], "size": [2, 2, 2], "uv": [40, 44]},
						{"origin": [-8.75, 27.5, -4.25], "size": [3, 3, 2], "uv": [31, 37]}
					]
				},
				{
					"name": "cannon_left0",
					"parent": "torso",
					"pivot": [7, 25.75, 6.5]
				},
				{
					"name": "cannon_left",
					"parent": "cannon_left0",
					"pivot": [7, 26.75, 3.75],
					"rotation": [-55, -2.5, 42.5],
					"cubes": [
						{"origin": [3.5, 26.75, 1.75], "size": [7, 5, 6], "uv": [102, 41], "mirror": true},
						{"origin": [6.25, 28, -2.25], "size": [2, 2, 4], "uv": [38, 48], "mirror": true},
						{"origin": [6.25, 28, -6.25], "size": [2, 2, 2], "uv": [40, 50], "mirror": true},
						{"origin": [5.75, 27.5, -4.25], "size": [3, 3, 2], "uv": [45, 37], "mirror": true}
					]
				},
				{
					"name": "tail",
					"parent": "torso",
					"pivot": [0, 6.5, 6.5],
					"cubes": [
						{"origin": [0, 8.5, 5.5], "size": [0, 10, 12], "pivot": [0, 0, 0], "rotation": [-7.58022, 14.97839, -0.33769], "uv": [38, 42]},
						{"origin": [0, 8.5, 5.5], "size": [0, 10, 12], "pivot": [0, 0, 0], "rotation": [-7.66805, -17.24928, 3.91845], "uv": [38, 42]}
					]
				},
				{
					"name": "leg_right",
					"parent": "body",
					"pivot": [-7.5, 8.5, -2],
					"rotation": [0, 5, 0],
					"cubes": [
						{"origin": [-11, 0, -6], "size": [7, 11, 8], "uv": [62, 0]},
						{"origin": [-10, 0, -10], "size": [0, 3, 4], "pivot": [-10, 1.5, -6], "rotation": [0, 30, 0], "uv": [0, 34]},
						{"origin": [-7.5, 0, -12], "size": [0, 4, 6], "uv": [0, 3]},
						{"origin": [-5, 0, -10], "size": [0, 3, 4], "pivot": [-5, 1.5, -6], "rotation": [0, -30, 0], "uv": [4, -4]},
						{"origin": [-7.5, 0, -2], "size": [0, 3, 4], "pivot": [-7.5, 1.5, 2], "rotation": [-180, 0, 180], "uv": [0, 31]}
					]
				},
				{
					"name": "leg_left",
					"parent": "body",
					"pivot": [7.5, 8.5, -2],
					"rotation": [0, -5, 0],
					"cubes": [
						{"origin": [4, 0, -6], "size": [7, 11, 8], "uv": [92, 0]},
						{"origin": [5, 0, -10], "size": [0, 3, 4], "pivot": [5, 1.5, -6], "rotation": [0, 30, 0], "uv": [0, 49]},
						{"origin": [7.5, 0, -12], "size": [0, 4, 6], "uv": [0, -1]},
						{"origin": [10, 0, -10], "size": [0, 3, 4], "pivot": [10, 1.5, -6], "rotation": [0, -30, 0], "uv": [0, 37]},
						{"origin": [7.5, 0, -2], "size": [0, 3, 4], "pivot": [7.5, 1.5, 2], "rotation": [-180, 0, 180], "uv": [0, 37]}
					]
				}
			]
		}
	]
}