{
	"format_version": "1.12.0",
	"minecraft:geometry": [
		{
			"description": {
				"identifier": "geometry.sceptile",
				"texture_width": 128,
				"texture_height": 64,
				"visible_bounds_width": 5,
				"visible_bounds_height": 3.5,
				"visible_bounds_offset": [0, 1.25, 0]
			},
			"bones": [
				{
					"name": "sceptile",
					"pivot": [0, 0, 0]
				},
				{
					"name": "body",
					"parent": "sceptile",
					"pivot": [0, 18, 0]
				},
				{
					"name": "torso",
					"parent": "body",
					"pivot": [0, 8.75, 0.5],
					"cubes": [
						{"origin": [-3.5, 4.75, -4], "size": [7, 8, 8], "inflate": 0.01, "uv": [2, 7]}
					]
				},
				{
					"name": "Belt",
					"parent": "torso",
					"pivot": [0, 9, -4],
					"cubes": [
						{"origin": [-1, 8.9, -4.6], "size": [2, 2, 2], "uv": [0, 60]}
					]
				},
				{
					"name": "leftdangle",
					"parent": "Belt",
					"pivot": [0, 9, -4],
					"cubes": [
						{"origin": [-0.1, 4.9, -4.3], "size": [2, 5, 0], "pivot": [0, 9, -4], "rotation": [-20, 0, -10], "uv": [0, 59], "mirror": true}
					]
				},
				{
					"name": "rightdangle",
					"parent": "Belt",
					"pivot": [0, 9, -4],
					"cubes": [
						{"origin": [-1.9, 4.9, -4.3], "size": [2, 5, 0], "pivot": [0, 9, -4], "rotation": [-20, 0, 10], "uv": [0, 59]}
					]
				},
				{
					"name": "ball_left3",
					"parent": "torso",
					"pivot": [4.25, 11.75, 4.75],
					"rotation": [0, 32.5, 0]
				},
				{
					"name": "ball_right3",
					"parent": "torso",
					"pivot": [-4.25, 11.75, 4.75],
					"rotation": [0, -32.5, 0]
				},
				{
					"name": "torso2",
					"parent": "torso",
					"pivot": [0, 12.75, 2],
					"cubes": [
						{"origin": [-3, 11.75, -3.5], "size": [6, 9, 6], "uv": [2, 30]}
					]
				},
				{
					"name": "ball_left2",
					"parent": "torso2",
					"pivot": [3.5, 17.75, 3.75],
					"rotation": [0, 32.5, 0]
				},
				{
					"name": "ball_right2",
					"parent": "torso2",
					"pivot": [-3.5, 17.75, 3.75],
					"rotation": [0, -32.5, 0]
				},
				{
					"name": "neck",
					"parent": "torso2",
					"pivot": [0, 18.75, 0],
					"cubes": [
						{"origin": [-1.5, 18.75, -2.5], "size": [3, 8, 4], "uv": [112, 49]}
					]
				},
				{
					"name": "head",
					"parent": "neck",
					"pivot": [0, 28.75, 0],
					"cubes": [
						{"origin": [-3, 27.75, -5], "size": [6, 4, 7], "uv": [28, 29]},
						{"origin": [-3, 25.75, -2], "size": [6, 2, 4], "inflate": 0.01, "uv": [60, 15]},
						{"origin": [-2, 27.75, -7], "size": [4, 3, 2], "uv": [68, 51]},
						{"origin": [-1, 26.75, -7], "size": [2, 1, 0], "uv": [27, 14]},
						{"origin": [3, 30.75, -4.1], "size": [0, 3, 7], "uv": [21, 25]},
						{"origin": [-3, 30.75, -4.1], "size": [0, 3, 7], "uv": [21, 22]},
						{"origin": [-2.6, 26.75, -4.6], "size": [1, 1, 0], "pivot": [-2.1, 27.7, -4.6], "rotation": [0, 15, 0], "uv": [0, 0]},
						{"origin": [1.5, 26.75, -4.6], "size": [1, 1, 0], "pivot": [2.1, 27.8, -4.5], "rotation": [0, -15, 0], "uv": [0, 0]}
					]
				},
				{
					"name": "jaw",
					"parent": "head",
					"pivot": [0, 28.75, -2],
					"cubes": [
						{"origin": [-2.5, 25.75, -4.5], "size": [5, 2, 3], "uv": [88, 16]},
						{"origin": [-1.5, 25.75, -6.5], "size": [3, 2, 2], "uv": [53, 15]}
					]
				},
				{
					"name": "eye_left",
					"parent": "head",
					"pivot": [2.51, 30.5, -2],
					"cubes": [
						{"origin": [2.01, 28.5, -4], "size": [1, 2, 4], "pivot": [2.51, 29.5, -2], "rotation": [5, 0, 0], "uv": [79, 24]},
						{"origin": [2.015, 29.25, -3.5], "size": [1, 1, 1], "pivot": [2.51, 29.5, -2], "rotation": [5, 0, 0], "uv": [24, 45]}
					]
				},
				{
					"name": "eyebrow_left",
					"parent": "eye_left",
					"pivot": [2.51, 29.5, -2],
					"cubes": [
						{"origin": [2.0175, 30.25, -4], "size": [1, 1, 4], "pivot": [2.51, 29.5, -2], "rotation": [5, 0, 0], "uv": [106, 25]}
					]
				},
				{
					"name": "eyelid_left",
					"parent": "eye_left",
					"pivot": [2.41, 30.5, -2],
					"cubes": [
						{"origin": [1.91, 28.5, -4], "size": [1, 3, 4], "inflate": 0.01, "pivot": [2.41, 29.5, -2], "rotation": [5, 0, 0], "uv": [118, 32]}
					]
				},
				{
					"name": "eye_right",
					"parent": "head",
					"pivot": [-2.51, 30.5, -2],
					"cubes": [
						{"origin": [-3.01, 28.5, -4], "size": [1, 2, 4], "pivot": [-2.51, 29.5, -2], "rotation": [5, 0, 0], "uv": [114, 39]},
						{"origin": [-3.015, 29.25, -3.5], "size": [1, 1, 1], "pivot": [-2.51, 29.5, -2], "rotation": [5, 0, 0], "uv": [32, 13]}
					]
				},
				{
					"name": "eyebrow_right",
					"parent": "eye_right",
					"pivot": [-2.51, 29.5, -2],
					"cubes": [
						{"origin": [-3.0175, 30.25, -4], "size": [1, 1, 4], "pivot": [-2.51, 29.5, -2], "rotation": [5, 0, 0], "uv": [96, 25]}
					]
				},
				{
					"name": "eyelid_right",
					"parent": "eye_right",
					"pivot": [-2.41, 30.5, -2],
					"cubes": [
						{"origin": [-2.91, 28.5, -4], "size": [1, 3, 4], "inflate": 0.01, "pivot": [-2.41, 29.5, -2], "rotation": [5, 0, 0], "uv": [108, 36]}
					]
				},
				{
					"name": "ball_left",
					"parent": "neck",
					"pivot": [2.5, 22.75, 2.5],
					"rotation": [12.5, 32.5, 0]
				},
				{
					"name": "ball_right",
					"parent": "neck",
					"pivot": [-2.5, 22.75, 2.5],
					"rotation": [12.5, -32.5, 0]
				},
				{
					"name": "arm_left",
					"parent": "torso2",
					"pivot": [3, 19, -0.5],
					"cubes": [
						{"origin": [2.5, 18, -1.5], "size": [7, 2, 2], "inflate": 0.01, "uv": [60, 0]}
					]
				},
				{
					"name": "arm_left2",
					"parent": "arm_left",
					"pivot": [9.5, 19, 0.5],
					"cubes": [
						{"origin": [9.5, 18, -1.5], "size": [6, 2, 2], "uv": [60, 21]}
					]
				},
				{
					"name": "hand_left",
					"parent": "arm_left2",
					"pivot": [15.5, 20, -0.5],
					"cubes": [
						{"origin": [15.5, 18, -2], "size": [3, 2, 3], "uv": [66, 38]}
					]
				},
				{
					"name": "finger_left",
					"parent": "hand_left",
					"pivot": [18.5, 20, -1.5],
					"rotation": [0, 12.5, 0],
					"cubes": [
						{"origin": [18.5, 18, -1.5], "size": [3, 2, 0], "uv": [50, 53]}
					]
				},
				{
					"name": "finger_left2",
					"parent": "hand_left",
					"pivot": [18.5, 20, -0.5],
					"cubes": [
						{"origin": [18.5, 18, -0.5], "size": [3, 2, 0], "uv": [48, 4]}
					]
				},
				{
					"name": "finger_left3",
					"parent": "hand_left",
					"pivot": [18.5, 20, 0.5],
					"rotation": [0, -12.5, 0],
					"cubes": [
						{"origin": [18.5, 18, 0.5], "size": [3, 2, 0], "uv": [47, 29]}
					]
				},
				{
					"name": "arm_leaf_left",
					"parent": "arm_left2",
					"pivot": [13.5, 19, -0.5],
					"rotation": [180, 0, 0],
					"cubes": [
						{"origin": [12.5, 18.5, -0.5], "size": [3, 8, 0], "uv": [107, 43]}
					]
				},
				{
					"name": "arm_right",
					"parent": "torso2",
					"pivot": [-3, 19, -0.5],
					"cubes": [
						{"origin": [-9.5, 18, -1.5], "size": [7, 2, 2], "uv": [42, 0]}
					]
				},
				{
					"name": "arm_right2",
					"parent": "arm_right",
					"pivot": [-9.5, 19, 0.5],
					"cubes": [
						{"origin": [-15.5, 18, -1.5], "size": [6, 2, 2], "uv": [38, 25]}
					]
				},
				{
					"name": "hand_right",
					"parent": "arm_right2",
					"pivot": [-15.5, 20, -0.5],
					"cubes": [
						{"origin": [-18.5, 18, -2], "size": [3, 2, 3], "uv": [66, 33]}
					]
				},
				{
					"name": "finger_right",
					"parent": "hand_right",
					"pivot": [-18.5, 20, -1.5],
					"rotation": [0, -12.5, 0],
					"cubes": [
						{"origin": [-21.5, 18, -1.5], "size": [3, 2, 0], "uv": [40, 44]}
					]
				},
				{
					"name": "finger_right2",
					"parent": "hand_right",
					"pivot": [-18.5, 20, -0.5],
					"cubes": [
						{"origin": [-21.5, 18, -0.5], "size": [3, 2, 0], "uv": [40, 42]}
					]
				},
				{
					"name": "finger_right3",
					"parent": "hand_right",
					"pivot": [-18.5, 20, 0.5],
					"rotation": [0, 12.5, 0],
					"cubes": [
						{"origin": [-21.5, 18, 0.5], "size": [3, 2, 0], "uv": [42, 4]}
					]
				},
				{
					"name": "arm_leaf_right",
					"parent": "arm_right2",
					"pivot": [-13.5, 19, -0.5],
					"rotation": [180, 0, 0],
					"cubes": [
						{"origin": [-15.5, 18.5, -0.5], "size": [3, 8, 0], "uv": [0, 23]}
					]
				},
				{
					"name": "leg_left",
					"parent": "body",
					"pivot": [4.5, 8.25, 1],
					"rotation": [65, 0, 0],
					"cubes": [
						{"origin": [2.5, 5.75, -3], "size": [4, 6, 7], "uv": [40, 40]}
					]
				},
				{
					"name": "leg_left2",
					"parent": "leg_left",
					"pivot": [4.5, 5.75, -3],
					"rotation": [10, 0, 0],
					"cubes": [
						{"origin": [3.5, 2.75, -3], "size": [2, 3, 2], "inflate": 0.001, "uv": [36, 12]}
					]
				},
				{
					"name": "leg_left3",
					"parent": "leg_left2",
					"pivot": [4.5, 2.75, -3],
					"rotation": [-12.5, 0, 0],
					"cubes": [
						{"origin": [3.5, 2.75, -6], "size": [2, 2, 3], "uv": [97, 41]}
					]
				},
				{
					"name": "foot_left",
					"parent": "leg_left3",
					"pivot": [4.5, 2.75, -6],
					"rotation": [-62.5, 0, 0],
					"cubes": [
						{"origin": [3, 2.75, -9], "size": [3, 2, 3], "uv": [67, 4]},
						{"origin": [3.5, 2.75, -12], "size": [0, 2, 3], "pivot": [3.5, 3.75, -9], "rotation": [0, 12.5, 0], "uv": [40, 37]},
						{"origin": [4.5, 2.75, -12], "size": [0, 2, 3], "uv": [36, 14]},
						{"origin": [5.5, 2.75, -12], "size": [0, 2, 3], "pivot": [5.5, 3.75, -9], "rotation": [0, -12.5, 0], "uv": [0, 30]}
					]
				},
				{
					"name": "leg_right",
					"parent": "body",
					"pivot": [-4.5, 8.25, 1],
					"rotation": [65, 0, 0],
					"cubes": [
						{"origin": [-6.5, 5.75, -3], "size": [4, 6, 7], "uv": [38, 12]}
					]
				},
				{
					"name": "leg_right2",
					"parent": "leg_right",
					"pivot": [-4.5, 5.75, -3],
					"rotation": [10, 0, 0],
					"cubes": [
						{"origin": [-5.5, 2.75, -3], "size": [2, 3, 2], "inflate": 0.001, "uv": [0, 8]}
					]
				},
				{
					"name": "leg_right3",
					"parent": "leg_right2",
					"pivot": [-4.5, 2.75, -3],
					"rotation": [-12.5, 0, 0],
					"cubes": [
						{"origin": [-5.5, 2.75, -6], "size": [2, 2, 3], "uv": [87, 41]}
					]
				},
				{
					"name": "foot_right",
					"parent": "leg_right3",
					"pivot": [-4.5, 2.75, -6],
					"rotation": [-62.5, 0, 0],
					"cubes": [
						{"origin": [-6, 2.75, -9], "size": [3, 2, 3], "uv": [88, 21]},
						{"origin": [-3.5, 2.75, -12], "size": [0, 2, 3], "pivot": [-3.5, 3.75, -9], "rotation": [0, -12.5, 0], "uv": [0, 28]},
						{"origin": [-4.5, 2.75, -12], "size": [0, 2, 3], "uv": [27, 9]},
						{"origin": [-5.5, 2.75, -12], "size": [0, 2, 3], "pivot": [-5.5, 3.75, -9], "rotation": [0, 12.5, 0], "uv": [0, 10]}
					]
				}
			]
		}
	]
}