{
	"format_version": "1.12.0",
	"minecraft:geometry": [
		{
			"description": {
				"identifier": "geometry.gallade",
				"texture_width": 64,
				"texture_height": 64,
				"visible_bounds_width": 3,
				"visible_bounds_height": 4.5,
				"visible_bounds_offset": [0, 1.75, 0]
			},
			"bones": [
				{
					"name": "all",
					"pivot": [0, 0, 0]
				},
				{
					"name": "body_lower",
					"parent": "all",
					"pivot": [0, 25, 0],
					"cubes": [
						{"origin": [-1.5, 21, -1], "size": [3, 4, 2], "uv": [38, 24]},
						{"origin": [-3.5, 18, -2], "size": [7, 3, 4], "uv": [0, 14]}
					]
				},
				{
					"name": "leg_right",
					"parent": "body_lower",
					"pivot": [-1.5, 18, 0],
					"cubes": [
						{"origin": [-2.5, 9, -1], "size": [2, 9, 2], "uv": [32, 15]}
					]
				},
				{
					"name": "foot_right",
					"parent": "leg_right",
					"pivot": [-1.5, 9, 0],
					"cubes": [
						{"origin": [-4, 0, -1.5], "size": [4, 10, 3], "uv": [29, 43]}
					]
				},
				{
					"name": "leg_left",
					"parent": "body_lower",
					"pivot": [1.5, 18, 0],
					"cubes": [
						{"origin": [0.5, 9, -1], "size": [2, 9, 2], "uv": [20, 35]}
					]
				},
				{
					"name": "foot_left",
					"parent": "leg_left",
					"pivot": [1.5, 9, 0],
					"cubes": [
						{"origin": [0, 0, -1.5], "size": [4, 10, 3], "uv": [0, 51]}
					]
				},
				{
					"name": "body_upper",
					"parent": "all",
					"pivot": [0, 25, 0],
					"cubes": [
						{"origin": [-0.5, 25, -5], "size": [1, 3, 1], "uv": [4, 42]},
						{"origin": [-0.5, 24, -4], "size": [1, 4, 8], "uv": [42, 9]},
						{"origin": [-2.5, 25, -2], "size": [5, 4, 4], "uv": [28, 0]},
						{"origin": [-0.5, 29, -0.5], "size": [1, 1, 1], "uv": [0, 0]}
					]
				},
				{
					"name": "arm_right",
					"parent": "body_upper",
					"pivot": [-2.5, 28.5, 0],
					"cubes": [
						{"origin": [-7.5, 28, -0.5], "size": [5, 1, 1], "uv": [28, 39]}
					]
				},
				{
					"name": "blade_right",
					"parent": "arm_right",
					"pivot": [-7.5, 28.5, 0],
					"cubes": [
						{"origin": [-11.5, 18, 0], "size": [4, 22, 0], "uv": [56, 28]}
					]
				},
				{
					"name": "arm_left",
					"parent": "body_upper",
					"pivot": [2.5, 28.5, 0],
					"cubes": [
						{"origin": [2.5, 28, -0.5], "size": [5, 1, 1], "uv": [38, 15]}
					]
				},
				{
					"name": "blade_left",
					"parent": "arm_left",
					"pivot": [7.5, 28.5, 0],
					"cubes": [
						{"origin": [7.5, 18, 0], "size": [4, 16, 0], "uv": [12, 21]}
					]
				},
				{
					"name": "head",
					"parent": "body_upper",
					"pivot": [0, 30, 0],
					"cubes": [
						{"origin": [-3.5, 30, -3.5], "size": [7, 7, 7], "uv": [0, 0]},
						{"origin": [3.5, 30, -0.5], "size": [4, 4, 0], "pivot": [3.5, 32, -0.5], "rotation": [0, -35, 0], "uv": [56, 0]},
						{"origin": [-7.5, 30, -0.5], "size": [4, 4, 0], "pivot": [-3.5, 32, -0.5], "rotation": [0, 35, 0], "uv": [48, 0]},
						{"origin": [-2.5, 32, -5.5], "size": [5, 5, 2], "uv": [32, 8]},
						{"origin": [0, 33, -1.5], "size": [0, 13, 6], "uv": [52, -2]}
					]
				},
				{
					"name": "eye_right",
					"parent": "head",
					"pivot": [-2, 33.5, -1],
					"cubes": [
						{"origin": [-2.5, 30, -2.5], "size": [1, 7, 3], "inflate": 0.01, "uv": [48, 21]}
					]
				},
				{
					"name": "eye_left",
					"parent": "head",
					"pivot": [2, 33.5, -1],
					"cubes": [
						{"origin": [1.5, 30, -2.5], "size": [1, 7, 3], "inflate": 0.01, "uv": [12, 37]}
					]
				}
			]
		}
	]
}