{
	"format_version": "1.12.0",
	"minecraft:geometry": [
		{
			"description": {
				"identifier": "geometry.deltapidgey",
				"texture_width": 64,
				"texture_height": 32,
				"visible_bounds_width": 3,
				"visible_bounds_height": 2.5,
				"visible_bounds_offset": [0, 0.75, 0]
			},
			"bones": [
				{
					"name": "pidgey",
					"pivot": [0, 0, 0]
				},
				{
					"name": "body",
					"parent": "pidgey",
					"pivot": [0, 0, 0]
				},
				{
					"name": "torso",
					"parent": "body",
					"pivot": [0, 5.25, -0.75],
					"rotation": [-15, 0, 0],
					"cubes": [
						{"origin": [-2.5, 2.75, -3.25], "size": [5, 5, 5], "uv": [0, 0]},
						{"origin": [-2, 3.25, 1.25], "size": [4, 4, 3], "inflate": 0.01, "uv": [0, 10]}
					]
				},
				{
					"name": "neck",
					"parent": "torso",
					"pivot": [0, 5.25, -1.5],
					"rotation": [20, 0, 0]
				},
				{
					"name": "head_ai",
					"parent": "neck",
					"pivot": [0, 6.25, -1.5],
					"cubes": [
						{"origin": [-2, 4.25, -3.5], "size": [4, 5, 4], "uv": [20, 0]}
					]
				},
				{
					"name": "head",
					"parent": "head_ai",
					"pivot": [0, 9.25, -1.5],
					"rotation": [-5, 0, 0],
					"cubes": [
						{"origin": [-2, 7.25, -3.5], "size": [4, 4, 4], "inflate": 0.01, "uv": [0, 17]},
						{"origin": [-0.5, 10.65, -0.9], "size": [1, 2, 4], "inflate": 0.01, "pivot": [0, 0, 0], "rotation": [12.5, 0, 0], "uv": [41, 24]},
						{"origin": [-1, 8.75, -5.5], "size": [2, 1, 2], "inflate": 0.01, "pivot": [0, 9.75, -3.5], "rotation": [10, 0, 0], "uv": [29, 9]}
					]
				},
				{
					"name": "jaw",
					"parent": "head",
					"pivot": [0, 8.5, -3.5],
					"rotation": [-5, 0, 0],
					"cubes": [
						{"origin": [-1, 7.75, -5], "size": [2, 1, 2], "uv": [21, 9]}
					]
				},
				{
					"name": "crest",
					"parent": "head",
					"pivot": [0, 11.25, -3.5],
					"rotation": [15, 0, 0],
					"cubes": [
						{"origin": [-2.5, 11.25, -3.5], "size": [5, 0, 5], "uv": [11, 18]}
					]
				},
				{
					"name": "eyelid_right",
					"parent": "head",
					"pivot": [-1.41, 9.75, -2.41],
					"cubes": [
						{"origin": [-1.91, 9.25, -3.41], "size": [1, 1, 2], "inflate": 0.01, "uv": [17, 10]}
					]
				},
				{
					"name": "eyelid_left",
					"parent": "head",
					"pivot": [1.41, 9.75, -2.41],
					"cubes": [
						{"origin": [0.91, 9.25, -3.41], "size": [1, 1, 2], "inflate": 0.01, "uv": [11, 10], "mirror": true}
					]
				},
				{
					"name": "wing_right",
					"parent": "torso",
					"pivot": [-2.5, 5.75, -2.25],
					"cubes": [
						{"origin": [-5.5, 5.75, -4.25], "size": [3, 0, 5], "uv": [15, 13]}
					]
				},
				{
					"name": "wing_right2",
					"parent": "wing_right",
					"pivot": [-5.5, 5.75, 0.75],
					"cubes": [
						{"origin": [-9.5, 5.75, -4.25], "size": [4, 0, 5], "inflate": 0.01, "uv": [3, 25]}
					]
				},
				{
					"name": "wing_right3",
					"parent": "wing_right2",
					"pivot": [-9.5, 5.75, -4.25],
					"cubes": [
						{"origin": [-15.5, 5.75, -4.25], "size": [6, 0, 5], "uv": [24, 19]}
					]
				},
				{
					"name": "wing_left",
					"parent": "torso",
					"pivot": [2.5, 5.75, -2.25],
					"cubes": [
						{"origin": [2.5, 5.75, -4.25], "size": [3, 0, 5], "uv": [9, 13], "mirror": true}
					]
				},
				{
					"name": "wing_left2",
					"parent": "wing_left",
					"pivot": [5.5, 5.75, 0.75],
					"cubes": [
						{"origin": [5.5, 5.75, -4.25], "size": [4, 0, 5], "inflate": 0.01, "uv": [-5, 25]}
					]
				},
				{
					"name": "wing_left3",
					"parent": "wing_left2",
					"pivot": [9.5, 5.75, -4.25],
					"cubes": [
						{"origin": [9.5, 5.75, -4.25], "size": [6, 0, 5], "uv": [24, 25]}
					]
				},
				{
					"name": "tail",
					"parent": "torso",
					"pivot": [0, 5.25, 4.05],
					"cubes": [
						{"origin": [-1.5, 3.25, 4.35], "size": [3, 3, 3], "pivot": [0, 0, -0.2], "rotation": [5, 0, 0], "uv": [45, 3]}
					]
				},
				{
					"name": "middle",
					"parent": "tail",
					"pivot": [0, 0, -0.2],
					"cubes": [
						{"origin": [-1, 3.05, 7.35], "size": [2, 2, 5], "pivot": [0, 0, -0.2], "rotation": [10, 0, 0], "uv": [43, 9]}
					]
				},
				{
					"name": "end",
					"parent": "middle",
					"pivot": [0, 0, -0.2],
					"cubes": [
						{"origin": [-0.5, 0.85, 12.35], "size": [1, 1, 4], "pivot": [0, 0, -0.2], "rotation": [22.5, 0, 0], "uv": [45, 16]}
					]
				},
				{
					"name": "leg_right",
					"parent": "body",
					"pivot": [-1.5, 3, 0.25],
					"rotation": [5, 0, 0],
					"cubes": [
						{"origin": [-2, 1.75, -0.25], "size": [1, 1, 1], "uv": [19, 0]}
					]
				},
				{
					"name": "leg_right2",
					"parent": "leg_right",
					"pivot": [-1.5, 1.75, 0.75],
					"rotation": [-15, 0, 0],
					"cubes": [
						{"origin": [-2, 0.75, -0.25], "size": [1, 1, 1], "uv": [19, 2]}
					]
				},
				{
					"name": "foot_right",
					"parent": "leg_right2",
					"pivot": [-1.5, 0.75, -0.25],
					"rotation": [10, 0, 0],
					"cubes": [
						{"origin": [-2.5, -0.25, -1], "size": [2, 1, 2], "uv": [29, 15]}
					]
				},
				{
					"name": "toe_back_right",
					"parent": "foot_right",
					"pivot": [-1.5, 0.75, 1],
					"cubes": [
						{"origin": [-1.5, -0.25, 1], "size": [0, 1, 1], "inflate": 0.01, "uv": [2, 0]}
					]
				},
				{
					"name": "claw_back_right",
					"parent": "toe_back_right",
					"pivot": [-1.5, 0.75, 2],
					"cubes": [
						{"origin": [-1.5, -0.25, 2], "size": [0, 1, 1], "uv": [0, 10]}
					]
				},
				{
					"name": "toe_inner_right",
					"parent": "foot_right",
					"pivot": [-0.75, 0.75, -1],
					"cubes": [
						{"origin": [-0.75, -0.25, -2], "size": [0, 1, 1], "inflate": 0.01, "uv": [0, -1]}
					]
				},
				{
					"name": "claw_inner_right",
					"parent": "toe_inner_right",
					"pivot": [-0.75, 0.75, -2],
					"cubes": [
						{"origin": [-0.75, -0.25, -3], "size": [0, 1, 1], "uv": [0, 3]}
					]
				},
				{
					"name": "toe_outer_right",
					"parent": "foot_right",
					"pivot": [-2.25, 0.75, -1],
					"cubes": [
						{"origin": [-2.25, -0.25, -2], "size": [0, 1, 1], "inflate": 0.01, "uv": [2, -1]}
					]
				},
				{
					"name": "claw_outer_right",
					"parent": "toe_outer_right",
					"pivot": [-2.25, 0.75, -2],
					"cubes": [
						{"origin": [-2.25, -0.25, -3], "size": [0, 1, 1], "uv": [2, 2]}
					]
				},
				{
					"name": "leg_left",
					"parent": "body",
					"pivot": [1.5, 3, 0.25],
					"rotation": [5, 0, 0],
					"cubes": [
						{"origin": [1, 1.75, -0.25], "size": [1, 1, 1], "uv": [15, 2]}
					]
				},
				{
					"name": "leg_left2",
					"parent": "leg_left",
					"pivot": [1.5, 1.75, 0.75],
					"rotation": [-15, 0, 0],
					"cubes": [
						{"origin": [1, 0.75, -0.25], "size": [1, 1, 1], "inflate": 0.01, "uv": [15, 0]}
					]
				},
				{
					"name": "foot_left",
					"parent": "leg_left2",
					"pivot": [1.5, 0.75, -0.25],
					"rotation": [10, 0, 0],
					"cubes": [
						{"origin": [0.5, -0.25, -1], "size": [2, 1, 2], "uv": [29, 12]}
					]
				},
				{
					"name": "toe_back_left",
					"parent": "foot_left",
					"pivot": [1.5, 0.75, 1],
					"cubes": [
						{"origin": [1.5, -0.25, 1], "size": [0, 1, 1], "inflate": 0.01, "uv": [0, 1]}
					]
				},
				{
					"name": "claw_back_left",
					"parent": "toe_back_left",
					"pivot": [1.5, 0.75, 2],
					"cubes": [
						{"origin": [1.5, -0.25, 2], "size": [0, 1, 1], "uv": [0, 9]}
					]
				},
				{
					"name": "toe_inner_left",
					"parent": "foot_left",
					"pivot": [0.75, 0.75, -1],
					"cubes": [
						{"origin": [0.75, -0.25, -2], "size": [0, 1, 1], "inflate": 0.01, "uv": [2, 1]}
					]
				},
				{
					"name": "claw_inner_left",
					"parent": "toe_inner_left",
					"pivot": [0.75, 0.75, -2],
					"cubes": [
						{"origin": [0.75, -0.25, -3], "size": [0, 1, 1], "uv": [2, 3]}
					]
				},
				{
					"name": "toe_outer_left",
					"parent": "foot_left",
					"pivot": [2.25, 0.75, -1],
					"cubes": [
						{"origin": [2.25, -0.25, -2], "size": [0, 1, 1], "inflate": 0.01, "uv": [0, 0]}
					]
				},
				{
					"name": "claw_outer_left",
					"parent": "toe_outer_left",
					"pivot": [2.25, 0.75, -2],
					"cubes": [
						{"origin": [2.25, -0.25, -3], "size": [0, 1, 1], "uv": [0, 2]}
					]
				}
			]
		}
	]
}