{
	"format_version": "1.12.0",
	"minecraft:geometry": [
		{
			"description": {
				"identifier": "geometry.emolga",
				"texture_width": 64,
				"texture_height": 64,
				"visible_bounds_width": 6,
				"visible_bounds_height": 2.5,
				"visible_bounds_offset": [0, 0.75, 0]
			},
			"bones": [
				{
					"name": "emolga",
					"pivot": [0, 0, 0]
				},
				{
					"name": "body",
					"parent": "emolga",
					"pivot": [0, 4.5, 0],
					"cubes": [
						{"origin": [-3.5, 1, -2], "size": [7, 7, 4], "inflate": 0.02, "uv": [20, 18]}
					]
				},
				{
					"name": "head",
					"parent": "body",
					"pivot": [0, 8, 0],
					"cubes": [
						{"origin": [-5, 8, -3.5], "size": [10, 8, 7], "uv": [0, 0]},
						{"origin": [-0.5, 10.25, -3.525], "size": [1, 1, 0], "uv": [53, 0]},
						{"origin": [-1, 8.75, -3.525], "size": [2, 1, 0], "uv": [53, 0]},
						{"origin": [1, 8.95, -3.525], "size": [1, 1, 0], "uv": [53, 0]}
					]
				},
				{
					"name": "lefteye",
					"parent": "head",
					"pivot": [2.5, 12, -3.55],
					"rotation": [0, 0, -2.5],
					"cubes": [
						{"origin": [1.5, 11.5, -3.55], "size": [3, 1, 0], "uv": [46, 0]}
					]
				},
				{
					"name": "righteye",
					"parent": "head",
					"pivot": [-2.5, 12, -3.55],
					"rotation": [0, 0, 2.5],
					"cubes": [
						{"origin": [-4.5, 11.5, -3.55], "size": [3, 1, 0], "uv": [46, 0], "mirror": true}
					]
				},
				{
					"name": "lefteyelid",
					"parent": "head",
					"pivot": [2.5, 12, -3.3],
					"rotation": [0, 0, -2.5],
					"cubes": [
						{"origin": [1.5, 10.5, -3.3], "size": [2, 3, 1], "inflate": 0.02, "uv": [52, 5]}
					]
				},
				{
					"name": "righteyelid",
					"parent": "head",
					"pivot": [-2.5, 12, -3.3],
					"rotation": [0, 0, 2.5],
					"cubes": [
						{"origin": [-3.5, 10.5, -3.3], "size": [2, 3, 1], "inflate": 0.02, "uv": [52, 5], "mirror": true}
					]
				},
				{
					"name": "leftear",
					"parent": "head",
					"pivot": [2.5, 14.85, 0.25],
					"rotation": [-14.93441, 30.55775, 22.37286],
					"cubes": [
						{"origin": [1.25, 14.85, 1.25], "size": [0, 4, 5], "pivot": [0, 0.1, 0], "rotation": [0, 70, 0], "uv": [31, 24]}
					]
				},
				{
					"name": "rightear",
					"parent": "head",
					"pivot": [-2.5, 14.75, 0.25],
					"rotation": [-98.49692, -70.29741, 67.4209],
					"cubes": [
						{"origin": [-3.25, 14.75, -0.75], "size": [0, 4, 5], "pivot": [0, 0, 0], "rotation": [0, -10, 0], "uv": [31, 24]}
					]
				},
				{
					"name": "tail",
					"parent": "body",
					"pivot": [0, 1.5, 2],
					"cubes": [
						{"origin": [-1.5, 1, 0], "size": [3, 3, 2], "pivot": [0, 1, 2], "rotation": [-90, 0, 0], "uv": [53, 15]}
					]
				},
				{
					"name": "tail2",
					"parent": "tail",
					"pivot": [-0.5, 1.5, 7],
					"cubes": [
						{"origin": [-2, -2, -0.5], "size": [4, 7, 3], "pivot": [-0.5, -2, 5], "rotation": [-90, 0, 0], "uv": [46, 24]}
					]
				},
				{
					"name": "tail3",
					"parent": "tail2",
					"pivot": [-0.5, 1.5, 12],
					"cubes": [
						{"origin": [-2.6, -17, 7], "size": [5, 8, 4], "pivot": [-0.5, -2, 5], "rotation": [90, 0, 0], "uv": [45, 23]}
					]
				},
				{
					"name": "tail4",
					"parent": "tail3",
					"pivot": [-0.5, 1.5, 20],
					"cubes": [
						{"origin": [-2.5, 4, 6.5], "size": [5, 7, 5], "pivot": [-0.5, -2, 13], "rotation": [-90, 0, 0], "uv": [38, 52]}
					]
				},
				{
					"name": "tailtip",
					"parent": "tail4",
					"pivot": [-0.5, 2, 27],
					"cubes": [
						{"origin": [-3.5, 11.5, 7], "size": [7, 7, 5], "pivot": [-0.5, -1.5, 13], "rotation": [-90, 0, 0], "uv": [3, 52]}
					]
				},
				{
					"name": "tailtiptip",
					"parent": "tailtip",
					"pivot": [0, 1.7, 33],
					"cubes": [
						{"origin": [-2.5, 17.5, 7.5], "size": [5, 7, 4], "inflate": 0.02, "pivot": [-0.5, -1.5, 13], "rotation": [-90, 0, 0], "uv": [45, 23]},
						{"origin": [-1.5, 24.5, 8], "size": [3, 3, 3], "inflate": 0.02, "pivot": [-0.5, -1.5, 13], "rotation": [-90, 0, 0], "uv": [46, 24]}
					]
				},
				{
					"name": "leftfoot",
					"parent": "body",
					"pivot": [2.25, 1, 0.5],
					"cubes": [
						{"origin": [1.25, 0, -2.5], "size": [2, 1, 4], "uv": [26, 38]}
					]
				},
				{
					"name": "rightfoot",
					"parent": "body",
					"pivot": [-2.25, 1, 0.5],
					"cubes": [
						{"origin": [-3.25, 0, -2.5], "size": [2, 1, 4], "uv": [34, 5]}
					]
				},
				{
					"name": "rightarm",
					"parent": "body",
					"pivot": [-3.5, 6.5, 0.25],
					"cubes": [
						{"origin": [-9.5, 5, -0.75], "size": [6, 3, 2], "uv": [32, 13]},
						{"origin": [-9.75, 4.75, 0], "size": [1, 1, 0], "pivot": [-9.25, 5.25, 0], "rotation": [0, 0, -45], "uv": [12, 22]},
						{"origin": [-10.25, 6, 0], "size": [1, 1, 0], "uv": [16, 22]},
						{"origin": [-9.75, 7.25, 0], "size": [1, 1, 0], "pivot": [-9.25, 7.75, 0], "rotation": [0, 0, 45], "uv": [14, 22]}
					]
				},
				{
					"name": "leftarm",
					"parent": "body",
					"pivot": [3.5, 6.5, 0.25],
					"cubes": [
						{"origin": [3.5, 5, -0.75], "size": [6, 3, 2], "uv": [27, 0]},
						{"origin": [8.75, 4.75, 0], "size": [1, 1, 0], "pivot": [9.25, 5.25, 0], "rotation": [0, 0, 45], "uv": [4, 22]},
						{"origin": [9.25, 6, 0], "size": [1, 1, 0], "uv": [2, 22]},
						{"origin": [8.75, 7.25, 0], "size": [1, 1, 0], "pivot": [9.25, 7.75, 0], "rotation": [0, 0, -45], "uv": [0, 22]}
					]
				}
			]
		}
	]
}