{
	"format_version": "1.12.0",
	"minecraft:geometry": [
		{
			"description": {
				"identifier": "geometry.heatmor",
				"texture_width": 64,
				"texture_height": 64,
				"visible_bounds_width": 4,
				"visible_bounds_height": 3.5,
				"visible_bounds_offset": [0, 1.25, 0]
			},
			"bones": [
				{
					"name": "heatmor",
					"pivot": [0, 0, 0]
				},
				{
					"name": "body",
					"parent": "heatmor",
					"pivot": [0, 10.8, 0]
				},
				{
					"name": "torso",
					"parent": "body",
					"pivot": [0, 5.8, 0],
					"cubes": [
						{"origin": [-4.5, 3.8, -3], "size": [9, 7, 6], "uv": [0, 3]}
					]
				},
				{
					"name": "tail",
					"parent": "torso",
					"pivot": [0, 5.3, 4],
					"cubes": [
						{"origin": [-1, 4.3, 3], "size": [2, 2, 5], "uv": [41, 17]},
						{"origin": [-1.5, 4.3, 8], "size": [3, 5, 3], "uv": [14, 45]}
					]
				},
				{
					"name": "Smoke",
					"parent": "tail",
					"pivot": [0, 9.3, 9.5]
				},
				{
					"name": "Cloud",
					"parent": "Smoke",
					"pivot": [0, 16, 9.5]
				},
				{
					"name": "torso_upper",
					"parent": "torso",
					"pivot": [0, 10.8, 4],
					"cubes": [
						{"origin": [-2, 16.3, 1.8], "size": [4, 1, 3], "uv": [12, 56]},
						{"origin": [-2, 12.3, 1.8], "size": [4, 2, 3], "uv": [11, 31]},
						{"origin": [-2, 14.3, 1.8], "size": [4, 2, 3], "uv": [11, 31]},
						{"origin": [-2, 11.3, 1.8], "size": [4, 1, 3], "uv": [12, 56]},
						{"origin": [-4, 10.8, -3], "size": [8, 6, 6], "uv": [2, 18]}
					]
				},
				{
					"name": "neck",
					"parent": "torso_upper",
					"pivot": [0, 16.8, 3.6],
					"rotation": [-50, 0, 0],
					"cubes": [
						{"origin": [-3, 10.8, -1.4], "size": [6, 5, 5], "uv": [27, 26]}
					]
				},
				{
					"name": "head",
					"parent": "neck",
					"pivot": [0, 16.8, -1.4],
					"rotation": [27.5, 0, 0],
					"cubes": [
						{"origin": [-2.5, 11.8, -5.4], "size": [5, 4, 3.7], "uv": [28, 0]}
					]
				},
				{
					"name": "nose",
					"parent": "head",
					"pivot": [0.5, 16.8, -5.4],
					"rotation": [20, 0, 0],
					"cubes": [
						{"origin": [-2, 13.3, -5.4], "size": [4, 5, 3], "pivot": [0, 0, -0.4], "rotation": [10, 0, 0], "uv": [0, 42]}
					]
				},
				{
					"name": "nose2",
					"parent": "nose",
					"pivot": [0.5, 16.8, -8.4],
					"rotation": [20, 0, 0],
					"cubes": [
						{"origin": [-1.5, 9.2, -17.4], "size": [3, 5, 6], "pivot": [0, 0, -0.4], "rotation": [-15, 0, 0], "uv": [28, 53]}
					]
				},
				{
					"name": "eye_left",
					"parent": "nose2",
					"pivot": [-0.5, 17.3, -8.4]
				},
				{
					"name": "eyelid_left",
					"parent": "eye_left",
					"pivot": [4.5, 17.3, -8.4]
				},
				{
					"name": "eye_right",
					"parent": "nose2",
					"pivot": [0.5, 17.3, -8.4]
				},
				{
					"name": "eyelid_right",
					"parent": "eye_right",
					"pivot": [-4.5, 17.3, -8.4]
				},
				{
					"name": "nose3",
					"parent": "nose2",
					"pivot": [0.5, 16.8, -13.4],
					"rotation": [20, 0, 0]
				},
				{
					"name": "arm_left",
					"parent": "torso_upper",
					"pivot": [4, 13.3, -0.5],
					"rotation": [21.15485, 21.30351, 34.3791],
					"cubes": [
						{"origin": [3.5, 12.8, -2], "size": [3, 2, 2], "uv": [49, 30]}
					]
				},
				{
					"name": "arm_left2",
					"parent": "arm_left",
					"pivot": [6.5, 13.3, 0],
					"rotation": [0, 10, -17.5],
					"cubes": [
						{"origin": [6.5, 12.8, -2], "size": [3, 2, 2], "inflate": 0.001, "uv": [48, 40]}
					]
				},
				{
					"name": "hand_left",
					"parent": "arm_left2",
					"pivot": [9, 13.9, -1],
					"rotation": [0, 30, 0],
					"cubes": [
						{"origin": [7, 12.4, -2.5], "size": [1, 3, 3], "uv": [0, 49]},
						{"origin": [12, 10.9, -4], "size": [2, 6, 6], "uv": [30, 10]},
						{"origin": [10, 10.9, -4], "size": [2, 6, 6], "uv": [30, 10]},
						{"origin": [8, 10.9, -4], "size": [2, 6, 6], "uv": [30, 10]},
						{"origin": [14, 11.9, -3], "size": [1, 4, 4], "inflate": 0.002, "uv": [46, 48]}
					]
				},
				{
					"name": "claw_left",
					"parent": "hand_left",
					"pivot": [15, 15.4, -1],
					"rotation": [0, 0, 25]
				},
				{
					"name": "claw_left2",
					"parent": "claw_left",
					"pivot": [18, 15.4, -1],
					"rotation": [0, 0, 25]
				},
				{
					"name": "Left_Tube",
					"parent": "hand_left",
					"pivot": [9, 13.9, -0.4],
					"rotation": [3.32525, -18.209, -18.03303],
					"cubes": [
						{"origin": [4.8, 13.1, 1.2], "size": [5, 1, 1], "pivot": [8, 14, 1.6], "rotation": [0, 25, 0], "uv": [13, 34]}
					]
				},
				{
					"name": "Ltube2",
					"parent": "Left_Tube",
					"pivot": [5.3, 13.6, 2.8],
					"rotation": [0, -12.5, 0],
					"cubes": [
						{"origin": [1.3058, 13.1, 2.42061], "size": [4, 1, 1], "pivot": [5.4, 14, 2.9], "rotation": [0, 2.5, 0], "uv": [14, 34]}
					]
				},
				{
					"name": "Ltube3",
					"parent": "Ltube2",
					"pivot": [1.5, 13.7, 3],
					"rotation": [-12.24079, -41.69977, 13.87384],
					"cubes": [
						{"origin": [-2.4942, 13.1, 2.42061], "size": [4, 1, 1], "pivot": [5.4, 14, 2.9], "rotation": [0, 2.5, 0], "uv": [13, 34]}
					]
				},
				{
					"name": "Ltube4",
					"parent": "Ltube3",
					"pivot": [-2.2, 13.7, 3.3],
					"rotation": [11.15756, -54.87631, -18.3011]
				},
				{
					"name": "arm_right",
					"parent": "torso_upper",
					"pivot": [-4, 13.3, -0.5],
					"rotation": [24.74275, -22.09386, -36.92115],
					"cubes": [
						{"origin": [-6.5, 12.8, -2], "size": [3, 2, 2], "uv": [49, 30], "mirror": true}
					]
				},
				{
					"name": "arm_right2",
					"parent": "arm_right",
					"pivot": [-6.5, 13.3, 0],
					"rotation": [0, -7.5, 20],
					"cubes": [
						{"origin": [-9.5, 12.8, -2], "size": [3, 2, 2], "inflate": 0.001, "uv": [48, 40], "mirror": true}
					]
				},
				{
					"name": "hand_right",
					"parent": "arm_right2",
					"pivot": [-9, 13.9, -1],
					"rotation": [0, -17.5, 0],
					"cubes": [
						{"origin": [-8, 12.4, -2.5], "size": [1, 3, 3], "uv": [0, 49], "mirror": true},
						{"origin": [-14, 10.9, -4], "size": [2, 6, 6], "uv": [30, 10], "mirror": true},
						{"origin": [-12, 10.9, -4], "size": [2, 6, 6], "uv": [30, 10], "mirror": true},
						{"origin": [-10, 10.9, -4], "size": [2, 6, 6], "uv": [30, 10], "mirror": true},
						{"origin": [-12, 10.9, -4], "size": [2, 6, 6], "uv": [30, 10], "mirror": true},
						{"origin": [-15, 11.9, -3], "size": [1, 4, 4], "inflate": 0.002, "uv": [46, 48], "mirror": true}
					]
				},
				{
					"name": "Left_Tube2",
					"parent": "hand_right",
					"pivot": [-8.7, 14.9, -0.8],
					"rotation": [2.27963, 1.49526, 19.76882],
					"cubes": [
						{"origin": [-9.7, 13.1, 0.8], "size": [5, 1, 1], "pivot": [-7.7, 15, 1.2], "rotation": [0, -25, 0], "uv": [12, 34], "mirror": true}
					]
				},
				{
					"name": "Ltube5",
					"parent": "Left_Tube2",
					"pivot": [-5, 14.6, 2.4],
					"rotation": [2.1035, 18.98449, 0.89371],
					"cubes": [
						{"origin": [-5.2058, 13.1, 2.02061], "size": [4, 1, 1], "pivot": [-5.1, 15, 2.5], "rotation": [0, -2.5, 0], "uv": [12, 34], "mirror": true}
					]
				},
				{
					"name": "Ltube6",
					"parent": "Ltube5",
					"pivot": [-1.2, 14.7, 2.6],
					"rotation": [-20.77985, 38.69977, -27.06479],
					"cubes": [
						{"origin": [-1.4058, 13.1, 2.02061], "size": [4, 1, 1], "pivot": [-5.1, 15, 2.5], "rotation": [0, -5, 0], "uv": [13, 34], "mirror": true}
					]
				},
				{
					"name": "Ltube7",
					"parent": "Ltube6",
					"pivot": [2.5, 14.7, 2.9],
					"rotation": [5.46534, 55.45547, 11.36906]
				},
				{
					"name": "claw_right",
					"parent": "hand_right",
					"pivot": [-15, 15.4, -1],
					"rotation": [0, 0, -25]
				},
				{
					"name": "claw_right2",
					"parent": "claw_right",
					"pivot": [-18, 15.4, -1],
					"rotation": [0, 0, -25]
				},
				{
					"name": "Right_Tube",
					"parent": "hand_right",
					"pivot": [-9, 13.9, -1]
				},
				{
					"name": "leg_left",
					"parent": "body",
					"pivot": [4.5, 5.55, -0.4],
					"rotation": [-22.5, -20, 0],
					"cubes": [
						{"origin": [3.5, 3.05, -2.4], "size": [4, 5, 4], "uv": [32, 36]}
					]
				},
				{
					"name": "leg_left2",
					"parent": "leg_left",
					"pivot": [5.5, 3.05, -2.4],
					"rotation": [22.5, 0, 0],
					"cubes": [
						{"origin": [4, -0.95, -2.4], "size": [3, 4, 3], "inflate": -0.001, "uv": [38, 45]},
						{"origin": [4.05, -0.95, -4.4], "size": [3, 1, 2], "inflate": -0.001, "uv": [33, 40]}
					]
				},
				{
					"name": "leg_right",
					"parent": "body",
					"pivot": [-4.5, 5.55, -0.4],
					"rotation": [-22.5, 20, 0],
					"cubes": [
						{"origin": [-7.5, 3.05, -2.4], "size": [4, 5, 4], "uv": [16, 36]}
					]
				},
				{
					"name": "leg_right2",
					"parent": "leg_right",
					"pivot": [-5.5, 3.05, -2.4],
					"rotation": [22.5, 0, 0],
					"cubes": [
						{"origin": [-7, -0.95, -2.4], "size": [3, 4, 3], "inflate": -0.001, "uv": [26, 45]},
						{"origin": [-7.05, -0.95, -4.4], "size": [3, 1, 2], "inflate": -0.001, "uv": [20, 41]}
					]
				}
			]
		}
	]
}