{
	"format_version": "1.12.0",
	"minecraft:geometry": [
		{
			"description": {
				"identifier": "geometry.charizard",
				"texture_width": 128,
				"texture_height": 64,
				"visible_bounds_width": 7,
				"visible_bounds_height": 4,
				"visible_bounds_offset": [0, 1, 0]
			},
			"bones": [
				{
					"name": "charizard",
					"pivot": [0, 0, 0]
				},
				{
					"name": "body",
					"parent": "charizard",
					"pivot": [0, 12.5, -0.5]
				},
				{
					"name": "torso",
					"parent": "body",
					"pivot": [0, 12.5, -0.5],
					"cubes": [
						{"origin": [-3.5, 13, -5], "size": [7, 7, 9], "uv": [88, 30]},
						{"origin": [-4.5, 4, -5.5], "size": [9, 9, 10], "uv": [0, 24]},
						{"origin": [-3.8, 5.7, 1.9], "size": [7.7, 7.3, 0], "uv": [42, 43]},
						{"origin": [-3.8, 8.7, -0.1], "size": [7.7, 7.3, 0], "pivot": [0, 12.5, -0.5], "rotation": [90, 0, 0], "uv": [43, 43]},
						{"origin": [-3.5, 5.7, 3.2], "size": [5.9, 7.3, 0], "pivot": [0, 12.5, -0.5], "rotation": [0, -90, 0], "uv": [43, 43]},
						{"origin": [-2.5, 5.7, 3.2], "size": [5.9, 7.3, 0], "pivot": [0, 12.5, -0.5], "rotation": [0, 90, 0], "uv": [43, 43]},
						{"origin": [-3.4, 12.5, 3.9], "size": [6.8, 7.3, 0], "uv": [43, 43]},
						{"origin": [-4.4, 13, 2.9], "size": [8.8, 6.9, 0], "pivot": [0, 12.5, -0.5], "rotation": [0, -90, 0], "uv": [42, 43]},
						{"origin": [-4.4, 13, 2.9], "size": [8.8, 6.9, 0], "pivot": [0, 12.5, -0.5], "rotation": [0, 90, 0], "uv": [42, 43]}
					]
				},
				{
					"name": "neck",
					"parent": "torso",
					"pivot": [0, 20, -0.5],
					"cubes": [
						{"origin": [-2, 19, -2.5], "size": [4, 5, 4], "inflate": 0.02, "uv": [94, 55]}
					]
				},
				{
					"name": "neck2",
					"parent": "neck",
					"pivot": [0, 24, 1.5],
					"cubes": [
						{"origin": [-2, 24, -2.5], "size": [4, 6, 4], "uv": [0, 43]}
					]
				},
				{
					"name": "head",
					"parent": "neck2",
					"pivot": [0, 28, -0.5],
					"rotation": [-22.5, 0, 0]
				},
				{
					"name": "head_ai",
					"parent": "head",
					"pivot": [0, 28, -0.5],
					"rotation": [22.5, 0, 0],
					"cubes": [
						{"origin": [-3, 28, -4.5], "size": [6, 6, 7], "uv": [71, 24]},
						{"origin": [-2.5, 30, -10], "size": [5, 3, 6], "inflate": 0.02, "uv": [93, 46]},
						{"origin": [-2.5, 29, -9.5], "size": [0, 1, 1], "inflate": 0.01, "pivot": [-2.5, 30, -9.5], "rotation": [45, 0, 0], "uv": [7, 25]},
						{"origin": [2.5, 29, -9.5], "size": [0, 1, 1], "inflate": 0.01, "pivot": [2.5, 30, -9.5], "rotation": [45, 0, 0], "uv": [7, 24], "mirror": true},
						{"origin": [-2.5, 32, 2.25], "size": [1, 2, 4], "pivot": [-2, 32.75, 2.5], "rotation": [52.60797, -82.9603, -44.45431], "uv": [83, 51]},
						{"origin": [-3.5, 30, 2.25], "size": [1, 1, 3], "pivot": [-2, 32.75, 2.5], "rotation": [45.10797, -82.9603, -44.45431], "uv": [84, 52]},
						{"origin": [1.5, 32, 2.25], "size": [1, 2, 4], "pivot": [2, 32.75, 2.5], "rotation": [52.60797, 82.9603, 44.45431], "uv": [83, 51], "mirror": true},
						{"origin": [2.5, 30, 2.25], "size": [1, 1, 3], "pivot": [2, 32.75, 2.5], "rotation": [45.10797, 82.9603, 44.45431], "uv": [84, 52], "mirror": true},
						{"origin": [-1.5, 32, 2.25], "size": [3, 2, 6], "pivot": [2, 32.75, 2.5], "rotation": [24.98093, 0.01893, 0.21719], "uv": [93, 30], "mirror": true}
					]
				},
				{
					"name": "eyes",
					"parent": "head_ai",
					"pivot": [0, 35.17388, -2.88268]
				},
				{
					"name": "eye_right",
					"parent": "eyes",
					"pivot": [-3.01, 32.25, -2.25],
					"rotation": [10, 0, 0],
					"cubes": [
						{"origin": [-3.01, 31.25, -4.25], "size": [0, 2, 3], "uv": [36, 25]}
					]
				},
				{
					"name": "eye_left",
					"parent": "eyes",
					"pivot": [3.01, 32.25, -2.75],
					"rotation": [10, 0, 0],
					"cubes": [
						{"origin": [3.01, 31.25, -4.25], "size": [0, 2, 3], "uv": [36, 23], "mirror": true}
					]
				},
				{
					"name": "jaw",
					"parent": "head_ai",
					"pivot": [0, 30, -4],
					"cubes": [
						{"origin": [-2.5, 28.025, -9.75], "size": [5, 2, 6], "uv": [36, 26]},
						{"origin": [-2.25, 29.75, -9.55], "size": [0, 1, 1], "pivot": [-2.5, 30, -9.5], "rotation": [-45, 0, 0], "uv": [7, 27]},
						{"origin": [2.25, 29.75, -9.55], "size": [0, 1, 1], "pivot": [2.5, 30, -9.5], "rotation": [-45, 0, 0], "uv": [7, 27], "mirror": true}
					]
				},
				{
					"name": "tail",
					"parent": "torso",
					"pivot": [0, 7.875, 4.5],
					"cubes": [
						{"origin": [-2, 6.05, 2.5], "size": [4, 3, 13], "uv": [46, 24]}
					]
				},
				{
					"name": "tail2",
					"parent": "tail",
					"pivot": [0, 6.5, 15.5],
					"cubes": [
						{"origin": [-1.5, 6.5, 14.5], "size": [3, 2, 13], "uv": [60, 46]}
					]
				},
				{
					"name": "tail3",
					"parent": "tail2",
					"pivot": [0, 6, 27.5],
					"cubes": [
						{"origin": [-1, 7, 26.5], "size": [2, 1, 11], "uv": [5, 49]}
					]
				},
				{
					"name": "fire",
					"parent": "tail3",
					"pivot": [0, 7.75, 36.5],
					"cubes": [
						{"origin": [0, 7.75, 33], "size": [0, 12, 7], "uv": [62, -7]},
						{"origin": [0, 7.75, 33], "size": [0, 12, 7], "pivot": [0, 7.75, 36.5], "rotation": [0, 90, 0], "uv": [62, 5]}
					]
				},
				{
					"name": "arm_right",
					"parent": "torso",
					"pivot": [-3.5, 20, -1],
					"cubes": [
						{"origin": [-11.5, 19, -2], "size": [8, 2, 3], "uv": [31, 59]}
					]
				},
				{
					"name": "forearm_right",
					"parent": "arm_right",
					"pivot": [-9.5, 19, 1],
					"cubes": [
						{"origin": [-14.5, 19, -2], "size": [3, 2, 3], "inflate": 0.01, "uv": [0, 53]},
						{"origin": [-12.5, 19, -1.5], "size": [1, 3, 2], "pivot": [-9.5, 19, 1], "rotation": [0, 0, 40], "uv": [4, 45]}
					]
				},
				{
					"name": "hand_right",
					"parent": "forearm_right",
					"pivot": [-14.5, 21, -0.5]
				},
				{
					"name": "finger_right1",
					"parent": "hand_right",
					"pivot": [-14.5, 21, -1.5],
					"cubes": [
						{"origin": [-17.5, 20, -2], "size": [3, 1, 1], "uv": [112, 50]},
						{"origin": [-18.5, 20.5, -2], "size": [1, 0, 1], "pivot": [-17.5, 20.5, -1.5], "rotation": [-120, 0, 0], "uv": [6, 30]}
					]
				},
				{
					"name": "finger_right2",
					"parent": "hand_right",
					"pivot": [-14.5, 21, -0.5],
					"cubes": [
						{"origin": [-17.5, 20, -1], "size": [3, 1, 1], "uv": [112, 46]},
						{"origin": [-18.5, 20.5, -1], "size": [1, 0, 1], "pivot": [-17.5, 20.5, -0.5], "rotation": [-120, 0, 0], "uv": [6, 31]}
					]
				},
				{
					"name": "finger_right3",
					"parent": "hand_right",
					"pivot": [-14.5, 21, 0.5],
					"cubes": [
						{"origin": [-17.5, 20, 0], "size": [3, 1, 1], "uv": [112, 48]},
						{"origin": [-18.5, 20.5, 0], "size": [1, 0, 1], "pivot": [-17.5, 20.5, 0.5], "rotation": [-120, 0, 0], "uv": [6, 32]}
					]
				},
				{
					"name": "arm_left",
					"parent": "torso",
					"pivot": [3.5, 20, -1],
					"cubes": [
						{"origin": [3.5, 19, -2], "size": [8, 2, 3], "uv": [106, 59], "mirror": true}
					]
				},
				{
					"name": "forearm_left",
					"parent": "arm_left",
					"pivot": [9.5, 19, 1],
					"cubes": [
						{"origin": [11.5, 19, -2], "size": [3, 2, 3], "inflate": 0.01, "uv": [16, 43], "mirror": true},
						{"origin": [7.5, 6, -1.5], "size": [1, 3, 2], "pivot": [-9.5, 19, 1], "rotation": [0, 0, -40], "uv": [4, 45]}
					]
				},
				{
					"name": "hand_left",
					"parent": "forearm_left",
					"pivot": [14.5, 21, -0.5]
				},
				{
					"name": "finger_left1",
					"parent": "hand_left",
					"pivot": [14.5, 21, -1.5],
					"cubes": [
						{"origin": [14.5, 20, -2], "size": [3, 1, 1], "uv": [120, 50], "mirror": true},
						{"origin": [17.5, 20.5, -2], "size": [1, 0, 1], "pivot": [17.5, 20.5, -1.5], "rotation": [-120, 0, 0], "uv": [6, 27]}
					]
				},
				{
					"name": "finger_left2",
					"parent": "hand_left",
					"pivot": [14.5, 21, -0.5],
					"cubes": [
						{"origin": [14.5, 20, -1], "size": [3, 1, 1], "uv": [120, 46], "mirror": true},
						{"origin": [17.5, 20.5, -1], "size": [1, 0, 1], "pivot": [17.5, 20.5, -0.5], "rotation": [-120, 0, 0], "uv": [6, 28]}
					]
				},
				{
					"name": "finger_left3",
					"parent": "hand_left",
					"pivot": [14.5, 21, 0.5],
					"cubes": [
						{"origin": [14.5, 20, 0], "size": [3, 1, 1], "uv": [120, 48], "mirror": true},
						{"origin": [17.5, 20.5, 0], "size": [1, 0, 1], "pivot": [17.5, 20.5, 0.5], "rotation": [-120, 0, 0], "uv": [6, 29]}
					]
				},
				{
					"name": "wing_right",
					"parent": "torso",
					"pivot": [-2, 17, 4],
					"cubes": [
						{"origin": [-8, 13, 4], "size": [6, 10, 0], "uv": [50, 10]}
					]
				},
				{
					"name": "wing_right2",
					"parent": "wing_right",
					"pivot": [-8, 19, 4],
					"cubes": [
						{"origin": [-17, 11, 4], "size": [9, 24, 0], "uv": [32, 0]}
					]
				},
				{
					"name": "wing_right3",
					"parent": "wing_right2",
					"pivot": [-17, 23, 4],
					"cubes": [
						{"origin": [-33, 11, 4], "size": [16, 22, 0], "uv": [0, 0]}
					]
				},
				{
					"name": "wing_left",
					"parent": "torso",
					"pivot": [2, 17, 4],
					"cubes": [
						{"origin": [2, 13, 4], "size": [6, 10, 0], "uv": [50, 0], "mirror": true}
					]
				},
				{
					"name": "wing_left2",
					"parent": "wing_left",
					"pivot": [8, 19, 4],
					"cubes": [
						{"origin": [-17, 11, -4], "size": [9, 24, 0], "pivot": [0, 0, 0], "rotation": [0, 180, 0], "uv": [32, 0]}
					]
				},
				{
					"name": "wing_left3",
					"parent": "wing_left2",
					"pivot": [17, 23, 4],
					"cubes": [
						{"origin": [17, 11, 4], "size": [16, 22, 0], "uv": [94, 0], "mirror": true}
					]
				},
				{
					"name": "flame",
					"parent": "torso",
					"pivot": [0, 8.5, -0.5],
					"cubes": [
						{"origin": [-2, 8.5, 0.5], "size": [4, 4, 0], "uv": [90, 47]},
						{"origin": [-2, 8.5, 2.5], "size": [4, 4, 0], "pivot": [0, 8.5, -0.5], "rotation": [0, 180, 0], "uv": [90, 47]},
						{"origin": [-2, 5.5, 3.5], "size": [4, 4, 0], "pivot": [0, 8.5, -0.5], "rotation": [-90, 0, 180], "uv": [90, 47]},
						{"origin": [-2, 7.5, -0.5], "size": [4, 4, 0], "pivot": [0, 8.5, -0.5], "rotation": [90, 0, 180], "uv": [90, 47]},
						{"origin": [-2, 8.5, 2.5], "size": [4, 4, 0], "pivot": [0, 8.5, -0.5], "rotation": [0, 180, 0], "uv": [90, 47]},
						{"origin": [-3, 8.5, 1.5], "size": [4, 4, 0], "pivot": [0, 8.5, -0.5], "rotation": [0, -90, 0], "uv": [90, 47]},
						{"origin": [-1, 8.5, 1.5], "size": [4, 4, 0], "pivot": [0, 8.5, -0.5], "rotation": [0, 90, 0], "uv": [90, 47]}
					]
				},
				{
					"name": "leg_right",
					"parent": "body",
					"pivot": [-4.75, 9, -0.5],
					"rotation": [0, 5, 0],
					"cubes": [
						{"origin": [-7.25, 2, -4], "size": [5, 9, 7], "uv": [25, 43]}
					]
				},
				{
					"name": "foot_right",
					"parent": "leg_right",
					"pivot": [-4.75, 2, -0.5],
					"cubes": [
						{"origin": [-6.75, 0, -3], "size": [4, 2, 5], "inflate": 0.01, "uv": [102, 22]},
						{"origin": [-6.5, 0, -5.75], "size": [0, 2, 3], "pivot": [-6.5, 1, -3], "rotation": [0, 10, 0], "uv": [0, 28]},
						{"origin": [-4.75, 0, -6], "size": [0, 2, 3], "uv": [0, 26]},
						{"origin": [-3, 0, -5.75], "size": [0, 2, 3], "pivot": [-3, 1, -3], "rotation": [0, -10, 0], "uv": [0, 24]}
					]
				},
				{
					"name": "leg_left",
					"parent": "body",
					"pivot": [4.75, 9, -0.5],
					"rotation": [0, -5, 0],
					"cubes": [
						{"origin": [2.25, 2, -4], "size": [5, 9, 7], "uv": [49, 43]}
					]
				},
				{
					"name": "foot_left",
					"parent": "leg_left",
					"pivot": [4.75, 2, -0.5],
					"cubes": [
						{"origin": [2.75, 0, -3], "size": [4, 2, 5], "inflate": 0.01, "uv": [110, 52]},
						{"origin": [3, 0, -5.75], "size": [0, 2, 3], "pivot": [3, 1, -3], "rotation": [0, 10, 0], "uv": [0, 22]},
						{"origin": [4.75, 0, -6], "size": [0, 2, 3], "uv": [122, 34]},
						{"origin": [6.5, 0, -5.75], "size": [0, 2, 3], "pivot": [6.5, 1, -3], "rotation": [0, -10, 0], "uv": [122, 32]}
					]
				}
			]
		}
	]
}