{
	"format_version": "1.12.0",
	"minecraft:geometry": [
		{
			"description": {
				"identifier": "geometry.deltapidgeotto",
				"texture_width": 64,
				"texture_height": 64,
				"visible_bounds_width": 4,
				"visible_bounds_height": 3.5,
				"visible_bounds_offset": [0, 1.25, 0]
			},
			"bones": [
				{
					"name": "pidgeotto",
					"pivot": [0, 0, 0]
				},
				{
					"name": "body",
					"parent": "pidgeotto",
					"pivot": [0, 7, 0]
				},
				{
					"name": "torso",
					"parent": "body",
					"pivot": [0, 5.5, 1],
					"rotation": [-15, 0, 0],
					"cubes": [
						{"origin": [-3, 4, -4.5], "size": [6, 6, 5], "uv": [0, 8]},
						{"origin": [-2.5, 4.5, 0], "size": [5, 5, 5], "uv": [0, 20]}
					]
				},
				{
					"name": "lizardtail",
					"parent": "torso",
					"pivot": [0, 0, 0],
					"cubes": [
						{"origin": [-2, 5, 5], "size": [4, 4, 5], "uv": [45, 22]}
					]
				},
				{
					"name": "segment1",
					"parent": "lizardtail",
					"pivot": [0, 0, 0],
					"cubes": [
						{"origin": [-1.5, 5.5, 10], "size": [3, 3, 5], "uv": [46, 31]}
					]
				},
				{
					"name": "segment2",
					"parent": "segment1",
					"pivot": [0, 0, 0],
					"cubes": [
						{"origin": [-0.999, 6.001, 14], "size": [2, 2, 5], "uv": [47, 39]}
					]
				},
				{
					"name": "segmentend",
					"parent": "segment2",
					"pivot": [0, 0, 0],
					"cubes": [
						{"origin": [-0.499, 6.501, 19], "size": [1, 1, 5], "uv": [48, 46]}
					]
				},
				{
					"name": "neck",
					"parent": "torso",
					"pivot": [0, 7, -2.5],
					"rotation": [20, 0, 0]
				},
				{
					"name": "head_ai",
					"parent": "neck",
					"pivot": [0, 8, -2.25],
					"cubes": [
						{"origin": [-2.5, 6, -4.75], "size": [5, 6, 5], "uv": [17, 14]}
					]
				},
				{
					"name": "backfeathers",
					"parent": "head_ai",
					"pivot": [0, 0, 0],
					"cubes": [
						{"origin": [-2.5, 2.7, 8.25], "size": [5, 3, 0], "pivot": [0, 0, 0], "rotation": [55, 0, 0], "uv": [24, 46]}
					]
				},
				{
					"name": "frontfeathers",
					"parent": "head_ai",
					"pivot": [0, 0, 0],
					"cubes": [
						{"origin": [-3, 5.7, -6.25], "size": [6, 5, 0], "pivot": [0, 0, 0], "rotation": [-10, 0, 0], "uv": [23, 42]}
					]
				},
				{
					"name": "head",
					"parent": "head_ai",
					"pivot": [0, 12.5, -2.25],
					"rotation": [-5, 0, 0],
					"cubes": [
						{"origin": [-2.5, 10, -4.75], "size": [5, 5, 5], "inflate": 0.01, "uv": [15, 25]},
						{"origin": [-1, 11.75, -7.25], "size": [2, 1, 3], "inflate": 0.01, "pivot": [0, 12.75, -4.75], "rotation": [10, 0, 0], "uv": [44, 0]}
					]
				},
				{
					"name": "eyelid_left",
					"parent": "head",
					"pivot": [2, 13.5, -3.65],
					"cubes": [
						{"origin": [1.4, 13, -4.65], "size": [1, 1, 2], "inflate": 0.02, "uv": [17, 10]}
					]
				},
				{
					"name": "eyelid_right",
					"parent": "head",
					"pivot": [-1.75, 13.5, -3.65],
					"cubes": [
						{"origin": [-2.4, 13, -4.65], "size": [1, 1, 2], "inflate": 0.02, "uv": [0, 4]}
					]
				},
				{
					"name": "jaw",
					"parent": "head",
					"pivot": [0, 11.75, -4.75],
					"rotation": [-5, 0, 0],
					"cubes": [
						{"origin": [-1, 10.75, -6.5], "size": [2, 1, 2], "uv": [0, 0]}
					]
				},
				{
					"name": "hair",
					"parent": "head",
					"pivot": [0, 12.74429, -5.11927],
					"rotation": [-5, 0, 0],
					"cubes": [
						{"origin": [-3, 12.24429, -5.11927], "size": [6, 3, 0], "uv": [37, 22]}
					]
				},
				{
					"name": "hair2",
					"parent": "hair",
					"pivot": [0, 15.24429, -5.11927],
					"rotation": [-65, 0, 0],
					"cubes": [
						{"origin": [-2, 15.24429, -5.11927], "size": [4, 2, 1], "uv": [12, 52]},
						{"origin": [-2.5, 17.24429, -5.11927], "size": [5, 2, 2], "uv": [10, 60]},
						{"origin": [-0.5, 17.24429, -1.31927], "size": [1, 6, 1], "pivot": [0, 0, 0], "rotation": [12.5, 0, 0], "uv": [15, 40]},
						{"origin": [-3.6, 18.64429, -5.1194], "size": [2, 3, 2], "pivot": [0, 0, 0], "rotation": [0, 0, 12.5], "uv": [13, 55]},
						{"origin": [1.6, 18.6444, -5.1194], "size": [2, 3, 2], "pivot": [0, 0, 0], "rotation": [0, 0, -12.5], "uv": [13, 47], "mirror": true}
					]
				},
				{
					"name": "hair3",
					"parent": "hair2",
					"pivot": [0, 19.24429, -5.11927],
					"rotation": [-60, 0, 0]
				},
				{
					"name": "tail",
					"parent": "torso",
					"pivot": [0, 6.5, 5],
					"cubes": [
						{"origin": [-3.5, 6.5, 5], "size": [7, 0, 8], "uv": [0, 0]}
					]
				},
				{
					"name": "wing_left",
					"parent": "torso",
					"pivot": [3, 8.25, -3.25],
					"cubes": [
						{"origin": [3, 8.25, -6.25], "size": [4, 0, 6], "uv": [30, 0]}
					]
				},
				{
					"name": "wing_left2",
					"parent": "wing_left",
					"pivot": [7, 8.25, -0.25],
					"cubes": [
						{"origin": [7, 8.25, -6.25], "size": [5, 0, 6], "inflate": 0.01, "uv": [29, 25]}
					]
				},
				{
					"name": "wing_left3",
					"parent": "wing_left2",
					"pivot": [12, 8.25, -6.25],
					"cubes": [
						{"origin": [12, 8.25, -6.25], "size": [7, 0, 6], "uv": [16, 6]}
					]
				},
				{
					"name": "wing_right",
					"parent": "torso",
					"pivot": [-3, 8.25, -3.25],
					"cubes": [
						{"origin": [-7, 8.25, -6.25], "size": [4, 0, 6], "uv": [0, 30]}
					]
				},
				{
					"name": "wing_right2",
					"parent": "wing_right",
					"pivot": [-7, 8.25, -0.25],
					"cubes": [
						{"origin": [-12, 8.25, -6.25], "size": [5, 0, 6], "inflate": 0.01, "uv": [26, 12]}
					]
				},
				{
					"name": "wing_right3",
					"parent": "wing_right2",
					"pivot": [-12, 8.25, -6.25],
					"cubes": [
						{"origin": [-19, 8.25, -6.25], "size": [7, 0, 6], "uv": [16, 0]}
					]
				},
				{
					"name": "leg_left",
					"parent": "body",
					"pivot": [2.25, 5.25, 1],
					"cubes": [
						{"origin": [1.25, 3, -1], "size": [2, 3, 4], "uv": [31, 31]}
					]
				},
				{
					"name": "leg_left2",
					"parent": "leg_left",
					"pivot": [2.25, 3, 2],
					"cubes": [
						{"origin": [1.75, 0.5, 1], "size": [1, 3, 1], "uv": [0, 7]}
					]
				},
				{
					"name": "foot_left",
					"parent": "leg_left2",
					"pivot": [2.25, 1, 1.5],
					"cubes": [
						{"origin": [1.25, 0, -0.5], "size": [2, 1, 3], "uv": [37, 18]}
					]
				},
				{
					"name": "toe_back_left",
					"parent": "foot_left",
					"pivot": [2.25, 1, 2.5],
					"cubes": [
						{"origin": [2.25, 0, 2.5], "size": [0, 1, 1], "inflate": 0.01, "uv": [15, 20]}
					]
				},
				{
					"name": "claw_back_left",
					"parent": "toe_back_left",
					"pivot": [2.25, 1, 3.5],
					"cubes": [
						{"origin": [2.25, 0, 3.5], "size": [0, 1, 1], "uv": [0, 3]}
					]
				},
				{
					"name": "toe_outer_left",
					"parent": "foot_left",
					"pivot": [3, 1, -0.5],
					"cubes": [
						{"origin": [3, 0, -1.5], "size": [0, 1, 1], "uv": [2, 11]}
					]
				},
				{
					"name": "toe_outer_left2",
					"parent": "toe_outer_left",
					"pivot": [3, 1, -1.5],
					"cubes": [
						{"origin": [3, 0, -2.5], "size": [0, 1, 1], "inflate": 0.01, "uv": [0, 11]}
					]
				},
				{
					"name": "claw_outer_left",
					"parent": "toe_outer_left2",
					"pivot": [3, 1, -2.5],
					"cubes": [
						{"origin": [3, 0, -3.5], "size": [0, 1, 1], "uv": [6, 5]}
					]
				},
				{
					"name": "toe_inner_left",
					"parent": "foot_left",
					"pivot": [1.5, 1, -0.5],
					"cubes": [
						{"origin": [1.5, 0, -1.5], "size": [0, 1, 1], "uv": [2, 10]}
					]
				},
				{
					"name": "toe_inner_left2",
					"parent": "toe_inner_left",
					"pivot": [1.5, 1, -1.5],
					"cubes": [
						{"origin": [1.5, 0, -2.5], "size": [0, 1, 1], "inflate": 0.01, "uv": [0, 10]}
					]
				},
				{
					"name": "claw_inner_left",
					"parent": "toe_inner_left2",
					"pivot": [1.5, 1, -2.5],
					"cubes": [
						{"origin": [1.5, 0, -3.5], "size": [0, 1, 1], "uv": [15, 21]}
					]
				},
				{
					"name": "leg_right",
					"parent": "body",
					"pivot": [-2.25, 5.25, 1],
					"cubes": [
						{"origin": [-3.25, 3, -1], "size": [2, 3, 4], "uv": [0, 36]}
					]
				},
				{
					"name": "leg_right2",
					"parent": "leg_right",
					"pivot": [-2.25, 3, 2],
					"cubes": [
						{"origin": [-2.75, 0.5, 1], "size": [1, 3, 1], "uv": [0, 19]}
					]
				},
				{
					"name": "foot_right",
					"parent": "leg_right2",
					"pivot": [-2.25, 1, 1.5],
					"cubes": [
						{"origin": [-3.25, 0, -0.5], "size": [2, 1, 3], "uv": [25, 38]}
					]
				},
				{
					"name": "toe_back_right",
					"parent": "foot_right",
					"pivot": [-2.25, 1, 2.5],
					"cubes": [
						{"origin": [-2.25, 0, 2.5], "size": [0, 1, 1], "inflate": 0.01, "uv": [15, 19]}
					]
				},
				{
					"name": "claw_back_right",
					"parent": "toe_back_right",
					"pivot": [-2.25, 1, 3.5],
					"cubes": [
						{"origin": [-2.25, 0, 3.5], "size": [0, 1, 1], "uv": [0, 0]}
					]
				},
				{
					"name": "toe_outer_right",
					"parent": "foot_right",
					"pivot": [-3, 1, -0.5],
					"cubes": [
						{"origin": [-3, 0, -1.5], "size": [0, 1, 1], "uv": [6, 3]}
					]
				},
				{
					"name": "toe_outer_right2",
					"parent": "toe_outer_right",
					"pivot": [-3, 1, -1.5],
					"cubes": [
						{"origin": [-3, 0, -2.5], "size": [0, 1, 1], "inflate": 0.01, "uv": [4, 3]}
					]
				},
				{
					"name": "claw_outer_right",
					"parent": "toe_outer_right2",
					"pivot": [-3, 1, -2.5],
					"cubes": [
						{"origin": [-3, 0, -3.5], "size": [0, 1, 1], "uv": [0, 4]}
					]
				},
				{
					"name": "toe_inner_right",
					"parent": "foot_right",
					"pivot": [-1.5, 1, -0.5],
					"cubes": [
						{"origin": [-1.5, 0, -1.5], "size": [0, 1, 1], "uv": [6, 4]}
					]
				},
				{
					"name": "toe_inner_right2",
					"parent": "toe_inner_right",
					"pivot": [-1.5, 1, -1.5],
					"cubes": [
						{"origin": [-1.5, 0, -2.5], "size": [0, 1, 1], "inflate": 0.01, "uv": [4, 4]}
					]
				},
				{
					"name": "claw_inner_right",
					"parent": "toe_inner_right2",
					"pivot": [-1.5, 1, -2.5],
					"cubes": [
						{"origin": [-1.5, 0, -3.5], "size": [0, 1, 1], "uv": [6, 0]}
					]
				}
			]
		}
	]
}