{
	"format_version": "1.12.0",
	"minecraft:geometry": [
		{
			"description": {
				"identifier": "geometry.gardevoir",
				"texture_width": 128,
				"texture_height": 64,
				"visible_bounds_width": 4,
				"visible_bounds_height": 3.5,
				"visible_bounds_offset": [0, 1.25, 0]
			},
			"bones": [
				{
					"name": "all",
					"pivot": [0, -3, 0]
				},
				{
					"name": "upper_body",
					"parent": "all",
					"pivot": [0, 21, -0.5],
					"cubes": [
						{"origin": [-0.5, 26, -0.5], "size": [1, 1, 1], "uv": [0, 8]},
						{"origin": [-2.5, 21, -1.5], "size": [5, 5, 3], "uv": [30, 16]}
					]
				},
				{
					"name": "Chestcicle",
					"parent": "upper_body",
					"pivot": [0, 21, -0.5],
					"cubes": [
						{"origin": [-0.5, 22, -6.5], "size": [1, 3, 3], "uv": [12, 58]},
						{"origin": [-0.5, 21, -3.5], "size": [1, 4, 2], "uv": [0, 16]},
						{"origin": [-0.5, 22, 1.5], "size": [1, 3, 2], "uv": [13, 59]}
					]
				},
				{
					"name": "head",
					"parent": "upper_body",
					"pivot": [0, 27, 0],
					"cubes": [
						{"origin": [-2.5, 29, -5.5], "size": [5, 5, 2], "uv": [36, 0]},
						{"origin": [-3.5, 27, -3.5], "size": [7, 7, 7], "uv": [0, 31]},
						{"origin": [-6.5, 28, -0.5], "size": [3, 4, 0], "pivot": [-3.5, 30, -0.5], "rotation": [0, 50, 0], "uv": [6, 45]},
						{"origin": [-3.5, 26, -3.5], "size": [0, 1, 7], "uv": [28, 33]},
						{"origin": [3.5, 26, -3.5], "size": [0, 1, 7], "uv": [28, 34]},
						{"origin": [3.5, 28, -0.5], "size": [3, 4, 0], "pivot": [3.5, 30, -0.5], "rotation": [0, -50, 0], "uv": [0, 45]}
					]
				},
				{
					"name": "hairflap1",
					"parent": "head",
					"pivot": [-3, 33.9, -0.7],
					"cubes": [
						{"origin": [-5.5, 25.9, -3.1], "size": [5, 5, 0], "pivot": [-4, 31, 0], "rotation": [18.80947, 81.60365, 142.90609], "uv": [0, 59]}
					]
				},
				{
					"name": "hairflap2",
					"parent": "head",
					"pivot": [-3.2, 32, 0],
					"cubes": [
						{"origin": [-4.9, 28.2, -1.7], "size": [5, 5, 0], "pivot": [-4, 31, 0], "rotation": [0, 90, 72.5], "uv": [0, 59]}
					]
				},
				{
					"name": "eye_left",
					"parent": "head",
					"pivot": [1, 30.5, 1],
					"cubes": [
						{"origin": [-0.49, 27, -2.51], "size": [3, 7, 7], "uv": [70, 0]}
					]
				},
				{
					"name": "eye_right",
					"parent": "head",
					"pivot": [-1, 30.5, 2],
					"cubes": [
						{"origin": [-2.51, 27, -2.51], "size": [3, 7, 7], "uv": [50, 0]}
					]
				},
				{
					"name": "arm_left",
					"parent": "upper_body",
					"pivot": [2.5, 25.5, 0],
					"cubes": [
						{"origin": [2.5, 25, -0.5], "size": [5, 1, 1], "uv": [41, 41]}
					]
				},
				{
					"name": "forearm_left",
					"parent": "arm_left",
					"pivot": [7.5, 25.5, 0],
					"cubes": [
						{"origin": [11.5, 23, -2.5], "size": [0, 5, 5], "pivot": [11.5, 25, 0], "rotation": [90, 0, 0], "uv": [41, 53]},
						{"origin": [7.5, 24, -0.5], "size": [6, 2, 1], "uv": [38, 27]},
						{"origin": [12.5, 23, 0], "size": [3, 3, 0], "uv": [21, 31]}
					]
				},
				{
					"name": "arm_right",
					"parent": "upper_body",
					"pivot": [-2.5, 25.5, 0],
					"cubes": [
						{"origin": [-7.5, 25, -0.5], "size": [5, 1, 1], "uv": [36, 8]}
					]
				},
				{
					"name": "forearm_right",
					"parent": "arm_right",
					"pivot": [-7.5, 25.5, 0],
					"cubes": [
						{"origin": [-11.5, 23, -2.5], "size": [0, 5, 5], "pivot": [-11.6, 25, 0], "rotation": [90, 0, 0], "uv": [41, 53]},
						{"origin": [-13.5, 24, -0.5], "size": [6, 2, 1], "uv": [38, 24]},
						{"origin": [-15.5, 23, 0], "size": [3, 3, 0], "uv": [0, 31]}
					]
				},
				{
					"name": "lower_body",
					"parent": "all",
					"pivot": [0, 21, -0.5],
					"cubes": [
						{"origin": [-1.5, 15, -1.5], "size": [3, 6, 2], "uv": [0, 0]}
					]
				},
				{
					"name": "dress_top",
					"parent": "lower_body",
					"pivot": [0, 18, -0.5],
					"cubes": [
						{"origin": [-3.5, 12.9, -2.5], "size": [7, 5, 4], "inflate": -0.01, "uv": [106, 25]},
						{"origin": [-3.5, 13, -2.5], "size": [7, 5, 4], "uv": [28, 31]}
					]
				},
				{
					"name": "dress_middle",
					"parent": "dress_top",
					"pivot": [0, 13, -0.5],
					"cubes": [
						{"origin": [-5.5, 5.9, -4.5], "size": [11, 7.01, 8], "inflate": -0.01, "uv": [90, 0]},
						{"origin": [-5.5, 6, -4.5], "size": [11, 7, 8], "uv": [0, 16]}
					]
				},
				{
					"name": "dress_bottom",
					"parent": "dress_middle",
					"pivot": [0, 6, -0.5],
					"cubes": [
						{"origin": [6.5, 0, -4.5], "size": [2, 3, 0], "uv": [43, 16]},
						{"origin": [-6.5, 0, -4.5], "size": [13, 6, 10], "uv": [0, 0]},
						{"origin": [-6.5, 0, 5.5], "size": [13, 0, 12], "uv": [63, 26]},
						{"origin": [-8.5, 0, -4.5], "size": [2, 3, 0], "uv": [21, 34]},
						{"origin": [-6.5, -0.1, -4.5], "size": [13, 6.01, 10], "inflate": -0.01, "uv": [82, 48]}
					]
				},
				{
					"name": "leg_right",
					"parent": "lower_body",
					"pivot": [-1, 15, -0.5],
					"cubes": [
						{"origin": [-1.5, 6, -1], "size": [1, 9, 1], "uv": [36, 42]}
					]
				},
				{
					"name": "foreleg_right",
					"parent": "leg_right",
					"pivot": [-1, 6, -0.5],
					"cubes": [
						{"origin": [-1.5, 0, -1], "size": [1, 6, 1], "uv": [28, 42]}
					]
				},
				{
					"name": "leg_left",
					"parent": "lower_body",
					"pivot": [1, 15, -0.5],
					"cubes": [
						{"origin": [0.5, 6, -1], "size": [1, 9, 1], "uv": [40, 43]}
					]
				},
				{
					"name": "foreleg_left",
					"parent": "leg_left",
					"pivot": [1, 6, -0.5],
					"cubes": [
						{"origin": [0.5, 0, -1], "size": [1, 6, 1], "uv": [32, 42]}
					]
				}
			]
		}
	]
}