{
	"format_version": "1.12.0",
	"minecraft:geometry": [
		{
			"description": {
				"identifier": "geometry.deltawooper",
				"texture_width": 64,
				"texture_height": 64,
				"visible_bounds_width": 3,
				"visible_bounds_height": 3.5,
				"visible_bounds_offset": [0, 1.25, 0]
			},
			"bones": [
				{
					"name": "wooper",
					"pivot": [0, 0, 0]
				},
				{
					"name": "body",
					"parent": "wooper",
					"pivot": [0, 5, 0.5],
					"cubes": [
						{"origin": [-3.5, 1, -2], "size": [7, 5, 5], "uv": [0, 42]},
						{"origin": [-3, 6, -2], "size": [6, 4, 5], "uv": [1, 33]}
					]
				},
				{
					"name": "bellyface",
					"parent": "body",
					"pivot": [0, 0, 0],
					"cubes": [
						{"origin": [1.3, 4.5, -2.025], "size": [1, 1, 0], "uv": [6, 62]},
						{"origin": [1.5, 1.8, -2.025], "size": [1, 2, 0], "uv": [0, 62]},
						{"origin": [-1.5, 2.3, -2.025], "size": [3, 1, 0], "uv": [2, 63]},
						{"origin": [-2.5, 1.8, -2.025], "size": [1, 2, 0], "uv": [0, 60]},
						{"origin": [1.3, 4.5, 2.075], "size": [1, 1, 0], "pivot": [0, 0, 0], "rotation": [0, 180, 0], "uv": [4, 62]}
					]
				},
				{
					"name": "head",
					"parent": "body",
					"pivot": [0, 9.8, 0.5],
					"cubes": [
						{"origin": [-7.5, 8.8, -6.5], "size": [15, 10, 15], "uv": [0, 0]},
						{"origin": [-2.5, 18.6, -1.7], "size": [3, 8, 3], "pivot": [0, 0.3, 0], "rotation": [-5, -7.5, 5], "uv": [52, 39]},
						{"origin": [-5.5, 9.65, -6.525], "size": [11, 5, 0], "uv": [26, 35]}
					]
				},
				{
					"name": "lefteye",
					"parent": "head",
					"pivot": [3.25, 13.55, -3.525],
					"cubes": [
						{"origin": [3.25, 15.05, -6.525], "size": [2, 2, 0], "uv": [47, 42]}
					]
				},
				{
					"name": "righteye",
					"parent": "head",
					"pivot": [-3.25, 13.55, -3.525],
					"cubes": [
						{"origin": [-5.25, 15.05, -6.525], "size": [2, 2, 0], "uv": [47, 44], "mirror": true}
					]
				},
				{
					"name": "lefteyelid",
					"parent": "head",
					"pivot": [3.25, 13.55, -2.775],
					"cubes": [
						{"origin": [3.25, 15.05, -4.275], "size": [2, 2, 1], "inflate": 0.02, "uv": [46, 46]}
					]
				},
				{
					"name": "righteyelid",
					"parent": "head",
					"pivot": [-3.25, 13.55, -2.775],
					"cubes": [
						{"origin": [-5.25, 15.05, -4.275], "size": [2, 2, 1], "inflate": 0.02, "uv": [46, 49], "mirror": true}
					]
				},
				{
					"name": "leftfoot",
					"parent": "body",
					"pivot": [2.25, 1, 0.75],
					"cubes": [
						{"origin": [0.75, 0, -3.75], "size": [3, 1, 6], "uv": [46, 57]}
					]
				},
				{
					"name": "rightfoot",
					"parent": "body",
					"pivot": [-2.25, 1, 0.75],
					"cubes": [
						{"origin": [-3.75, 0, -3.75], "size": [3, 1, 6], "uv": [46, 50]}
					]
				},
				{
					"name": "tail",
					"parent": "body",
					"pivot": [0, 2.25, 3],
					"cubes": [
						{"origin": [-1, 1.75, 2.5], "size": [2, 2, 2], "uv": [39, 42]}
					]
				},
				{
					"name": "tail2",
					"parent": "tail",
					"pivot": [0, 2.25, 5.5],
					"cubes": [
						{"origin": [-2.5, 0.45, 4.5], "size": [5, 4, 2], "uv": [25, 58]},
						{"origin": [-3.5, -0.25, 6.5], "size": [7, 6, 7], "uv": [18, 45]},
						{"origin": [-2.5, 0.75, 13.5], "size": [5, 4, 1], "uv": [26, 40]}
					]
				}
			]
		}
	]
}