{
	"format_version": "1.12.0",
	"minecraft:geometry": [
		{
			"description": {
				"identifier": "geometry.lopunny",
				"texture_width": 128,
				"texture_height": 64,
				"visible_bounds_width": 6,
				"visible_bounds_height": 4.5,
				"visible_bounds_offset": [0, 1.75, 0]
			},
			"bones": [
				{
					"name": "lopunny",
					"pivot": [0, 0, 0]
				},
				{
					"name": "body",
					"parent": "lopunny",
					"pivot": [0, 0, 0]
				},
				{
					"name": "torso_top",
					"parent": "body",
					"pivot": [0, 22, 0.25],
					"cubes": [
						{"origin": [-2.5, 21, -2.25], "size": [5, 6, 5], "uv": [79, 0]},
						{"origin": [-3.5, 24, -3.25], "size": [7, 4, 7], "uv": [79, 53]}
					]
				},
				{
					"name": "neck",
					"parent": "torso_top",
					"pivot": [0, 27, 0.25],
					"cubes": [
						{"origin": [-1.5, 26, -1.25], "size": [3, 6, 3], "uv": [67, 0]}
					]
				},
				{
					"name": "head",
					"parent": "neck",
					"pivot": [0, 29.75, 0.25],
					"rotation": [5, 0, 0],
					"cubes": [
						{"origin": [4, 29.8, -5.75], "size": [0, 5, 6], "pivot": [0, 0, 0], "rotation": [0, -15, 0], "uv": [13, 43]},
						{"origin": [-4, 29.8, -5.75], "size": [0, 5, 6], "pivot": [0, 0, 0], "rotation": [0, 15, 0], "uv": [13, 43]},
						{"origin": [-4, 29.75, -5.75], "size": [8, 8, 10], "uv": [27, 20]},
						{"origin": [-1, 31.75, -5.75], "size": [2, 1, 0], "inflate": 0.01, "uv": [6, 34]},
						{"origin": [-3, 37.75, -1.45], "size": [6, 2, 5], "uv": [83, 57]}
					]
				},
				{
					"name": "eye_right",
					"parent": "head",
					"pivot": [-4, 33.5019, -3.54358],
					"rotation": [-5, 0, 0],
					"cubes": [
						{"origin": [-4, 32.0019, -5.04358], "size": [0, 3, 3], "inflate": 0.01, "uv": [37, 46], "mirror": true}
					]
				},
				{
					"name": "eyelid_right",
					"parent": "eye_right",
					"pivot": [-3.9, 34.0019, -3.54358],
					"cubes": [
						{"origin": [-3.9, 32.0019, -5.04358], "size": [1, 3, 3], "inflate": 0.02, "uv": [99, 10], "mirror": true}
					]
				},
				{
					"name": "eye_left",
					"parent": "head",
					"pivot": [4, 33.5019, -3.54358],
					"rotation": [-5, 0, 0],
					"cubes": [
						{"origin": [4, 32.0019, -5.04358], "size": [0, 3, 3], "inflate": 0.01, "uv": [0, 31]}
					]
				},
				{
					"name": "eyelid_left",
					"parent": "eye_left",
					"pivot": [3.9, 34.0019, -3.54358],
					"cubes": [
						{"origin": [2.9, 32.0019, -5.04358], "size": [1, 3, 3], "inflate": 0.02, "uv": [99, 16]}
					]
				},
				{
					"name": "tuft_right",
					"parent": "head",
					"pivot": [-4, 37, -5.75],
					"rotation": [56.07838, -41.81579, 2.84443],
					"cubes": [
						{"origin": [-4, 34.5, -8.75], "size": [0, 5, 6], "uv": [13, 43]}
					]
				},
				{
					"name": "tuft_right2",
					"parent": "tuft_right",
					"pivot": [-4, 37, -2.75],
					"rotation": [0, 35, 0],
					"cubes": [
						{"origin": [-4, 34.5, -2.75], "size": [0, 5, 5], "uv": [0, 23]}
					]
				},
				{
					"name": "tuft_right3",
					"parent": "tuft_right2",
					"pivot": [-4, 37, 2.25]
				},
				{
					"name": "tuft_left",
					"parent": "head",
					"pivot": [4, 37, -5.75],
					"rotation": [56.07838, 41.81579, -2.84443],
					"cubes": [
						{"origin": [4, 34.5, -8.75], "size": [0, 5, 6], "uv": [0, 43]}
					]
				},
				{
					"name": "tuft_left2",
					"parent": "tuft_left",
					"pivot": [4, 37, -2.75],
					"rotation": [0, -35, 0],
					"cubes": [
						{"origin": [4, 34.5, -2.75], "size": [0, 5, 5], "uv": [63, 32]}
					]
				},
				{
					"name": "tuft_left3",
					"parent": "tuft_left2",
					"pivot": [4, 37, 2.25]
				},
				{
					"name": "ear_right",
					"parent": "head",
					"pivot": [-0.75, 37.5, 0.75],
					"rotation": [-5, 0, 0],
					"cubes": [
						{"origin": [-0.75, 37.5, -1.75], "size": [0, 10, 5], "uv": [0, 0]}
					]
				},
				{
					"name": "ear_right2",
					"parent": "ear_right",
					"pivot": [-0.75, 47.5, 0.75],
					"cubes": [
						{"origin": [-8.75, 47.5, -2.75], "size": [8, 0, 7], "uv": [4, 30]}
					]
				},
				{
					"name": "ear_right3",
					"parent": "ear_right2",
					"pivot": [-8.75, 47.5, 0.75],
					"cubes": [
						{"origin": [-16.75, 47.5, -4.75], "size": [8, 0, 11], "uv": [20, 38]}
					]
				},
				{
					"name": "ear_right4",
					"parent": "ear_right3",
					"pivot": [-16.75, 47.5, 0.75],
					"cubes": [
						{"origin": [-26.75, 47.5, -4.75], "size": [10, 0, 11], "uv": [26, 0]}
					]
				},
				{
					"name": "ear_right5",
					"parent": "ear_right4",
					"pivot": [-26.75, 47.5, 0.75],
					"cubes": [
						{"origin": [-37.75, 47.5, -6.75], "size": [11, 0, 15], "uv": [0, 0]}
					]
				},
				{
					"name": "ear_left",
					"parent": "head",
					"pivot": [0.75, 37.5, 0.75],
					"rotation": [-5, 0, 0],
					"cubes": [
						{"origin": [0.75, 37.5, -1.75], "size": [0, 10, 5], "uv": [0, 32]}
					]
				},
				{
					"name": "ear_left2",
					"parent": "ear_left",
					"pivot": [0.75, 47.5, 0.75],
					"cubes": [
						{"origin": [0.75, 47.5, -2.75], "size": [8, 0, 7], "uv": [30, 11]}
					]
				},
				{
					"name": "ear_left3",
					"parent": "ear_left2",
					"pivot": [8.75, 47.5, 0.75],
					"cubes": [
						{"origin": [8.75, 47.5, -4.75], "size": [8, 0, 11], "uv": [36, 38]}
					]
				},
				{
					"name": "ear_left4",
					"parent": "ear_left3",
					"pivot": [16.75, 47.5, 0.75],
					"cubes": [
						{"origin": [16.75, 47.5, -4.75], "size": [10, 0, 11], "uv": [0, 38]}
					]
				},
				{
					"name": "ear_left5",
					"parent": "ear_left4",
					"pivot": [26.75, 47.5, 0.75],
					"cubes": [
						{"origin": [26.75, 47.5, -6.75], "size": [11, 0, 15], "uv": [0, 15]}
					]
				},
				{
					"name": "mouth",
					"parent": "head",
					"pivot": [0, 30.75, -4.75],
					"cubes": [
						{"origin": [-3.5, 29.75, -5.75], "size": [7, 2, 2], "inflate": 0.01, "uv": [100, 47]}
					]
				},
				{
					"name": "arm_right",
					"parent": "torso_top",
					"pivot": [-2.5, 25.75, 0],
					"cubes": [
						{"origin": [-8.5, 24.75, -1], "size": [6, 2, 2], "uv": [73, 24]}
					]
				},
				{
					"name": "arm_right2",
					"parent": "arm_right",
					"pivot": [-8.5, 25.75, 1],
					"cubes": [
						{"origin": [-14.5, 23.75, -2], "size": [6, 4, 4], "uv": [66, 42]}
					]
				},
				{
					"name": "arm_right_hand",
					"parent": "arm_right2",
					"pivot": [-14.5, 25.75, 0],
					"cubes": [
						{"origin": [-17.5, 23.25, -2.5], "size": [3, 5, 5], "uv": [57, 54]},
						{"origin": [-18.5, 28.25, -2.5], "size": [1, 0, 5], "uv": [67, 44]},
						{"origin": [-18.5, 28.25, -2.5], "size": [1, 0, 5], "pivot": [-14.5, 25.75, 0], "rotation": [-90, 0, 0], "uv": [67, 44]},
						{"origin": [-18.5, 28.25, -2.5], "size": [1, 0, 5], "pivot": [-14.5, 25.75, 0], "rotation": [90, 0, 0], "uv": [67, 44]},
						{"origin": [-18.5, 28.25, -2.5], "size": [1, 0, 5], "pivot": [-14.5, 25.75, 0], "rotation": [180, 0, 0], "uv": [67, 44]}
					]
				},
				{
					"name": "finger_right_index",
					"parent": "arm_right_hand",
					"pivot": [-17.75, 26.25, -1],
					"rotation": [-15, 0, 0],
					"cubes": [
						{"origin": [-19.5, 25.25, -1], "size": [2, 1, 0], "uv": [0, 3]}
					]
				},
				{
					"name": "finger_right_ring",
					"parent": "arm_right_hand",
					"pivot": [-17.75, 26.25, 1],
					"rotation": [15, 0, 0],
					"cubes": [
						{"origin": [-19.5, 25.25, 1], "size": [2, 1, 0], "uv": [0, 4]}
					]
				},
				{
					"name": "finger_right_middle",
					"parent": "arm_right_hand",
					"pivot": [-17.75, 26.75, 0],
					"cubes": [
						{"origin": [-19.5, 25.75, 0], "size": [2, 1, 0], "uv": [4, 4]}
					]
				},
				{
					"name": "arm_left",
					"parent": "torso_top",
					"pivot": [2.5, 25.75, 0],
					"cubes": [
						{"origin": [2.5, 24.75, -1], "size": [6, 2, 2], "uv": [67, 17]}
					]
				},
				{
					"name": "arm_left2",
					"parent": "arm_left",
					"pivot": [8.5, 25.75, 1],
					"cubes": [
						{"origin": [8.5, 23.75, -2], "size": [6, 4, 4], "uv": [63, 29]}
					]
				},
				{
					"name": "arm_left_hand",
					"parent": "arm_left2",
					"pivot": [14.5, 25.75, 0],
					"cubes": [
						{"origin": [17.5, 28.25, -2.5], "size": [1, 0, 5], "pivot": [-14.5, 25.75, 0], "rotation": [-90, 0, 0], "uv": [67, 44]},
						{"origin": [17.5, 28.25, -2.5], "size": [1, 0, 5], "pivot": [-14.5, 25.75, 0], "rotation": [180, 0, 0], "uv": [67, 44]},
						{"origin": [17.5, 28.25, -2.5], "size": [1, 0, 5], "pivot": [-14.5, 25.75, 0], "rotation": [90, 0, 0], "uv": [67, 44]},
						{"origin": [17.5, 28.25, -2.5], "size": [1, 0, 5], "uv": [67, 44]},
						{"origin": [14.5, 23.25, -2.5], "size": [3, 5, 5], "uv": [55, 54]}
					]
				},
				{
					"name": "finger_left_index",
					"parent": "arm_left_hand",
					"pivot": [17.75, 26.25, -1],
					"rotation": [-15, 0, 0],
					"cubes": [
						{"origin": [17.5, 25.25, -1], "size": [2, 1, 0], "uv": [0, 2]}
					]
				},
				{
					"name": "finger_left_ring",
					"parent": "arm_left_hand",
					"pivot": [17.75, 26.25, 1],
					"rotation": [15, 0, 0],
					"cubes": [
						{"origin": [17.5, 25.25, 1], "size": [2, 1, 0], "uv": [0, 1]}
					]
				},
				{
					"name": "finger_left_middle",
					"parent": "arm_left_hand",
					"pivot": [17.75, 26.75, 0],
					"cubes": [
						{"origin": [17.5, 25.75, 0], "size": [2, 1, 0], "uv": [0, 0]}
					]
				},
				{
					"name": "torso_bottom",
					"parent": "body",
					"pivot": [0, 22, 0.5],
					"rotation": [5, 0, 0],
					"cubes": [
						{"origin": [-2.5, 14, -2.3], "size": [5, 7.3, 5.3], "inflate": 0.01, "uv": [102, 35]}
					]
				},
				{
					"name": "tail",
					"parent": "torso_bottom",
					"pivot": [0, 16.75, 3.5],
					"rotation": [5, 0, 0],
					"cubes": [
						{"origin": [-2, 14.75, 3.5], "size": [4, 4, 4], "uv": [85, 24]}
					]
				},
				{
					"name": "leg_right",
					"parent": "torso_bottom",
					"pivot": [-3, 16.75, 0.25],
					"rotation": [-2.5, 2.5, 0],
					"cubes": [
						{"origin": [-4.75, 8.75, -2.75], "size": [4, 10, 6], "uv": [108, 16]}
					]
				},
				{
					"name": "leg_right2",
					"parent": "leg_right",
					"pivot": [-3, 8.75, 1],
					"rotation": [-10, 0, 0],
					"cubes": [
						{"origin": [-4.5, -0.25, -0.5], "size": [3, 10, 3], "uv": [83, 11]}
					]
				},
				{
					"name": "leg_fur_right",
					"parent": "leg_right2",
					"pivot": [-4.5, 7.65, 1],
					"rotation": [0, -5, 62.5],
					"cubes": [
						{"origin": [-8.5, 7.65, -0.5], "size": [4, 0, 4], "uv": [53, 0]}
					]
				},
				{
					"name": "leg_left",
					"parent": "torso_bottom",
					"pivot": [3, 16.75, 0.25],
					"rotation": [-2.5, -2.5, 0],
					"cubes": [
						{"origin": [0.75, 8.75, -2.75], "size": [4, 10, 6], "uv": [108, 0]}
					]
				},
				{
					"name": "leg_left2",
					"parent": "leg_left",
					"pivot": [3, 8.75, 1],
					"rotation": [-10, 0, 0],
					"cubes": [
						{"origin": [1.5, -0.25, -0.5], "size": [3, 10, 3], "uv": [0, 15]}
					]
				},
				{
					"name": "leg_fur_left",
					"parent": "leg_left2",
					"pivot": [4.5, 7.65, 1],
					"rotation": [0, 5, -62.5],
					"cubes": [
						{"origin": [4.5, 7.65, -0.5], "size": [4, 0, 4], "uv": [0, 0]}
					]
				}
			]
		}
	]
}