{
	"format_version": "1.12.0",
	"minecraft:geometry": [
		{
			"description": {
				"identifier": "geometry.koffing",
				"texture_width": 64,
				"texture_height": 64,
				"visible_bounds_width": 2,
				"visible_bounds_height": 3,
				"visible_bounds_offset": [0, 0.5, 0]
			},
			"bones": [
				{
					"name": "koffing",
					"pivot": [0, -3, 0]
				},
				{
					"name": "body",
					"parent": "koffing",
					"pivot": [0, 9, 0],
					"cubes": [
						{"origin": [-6.5, 2.5, -6.5], "size": [13, 13, 13], "uv": [0, 0]},
						{"origin": [-1.5, 15, 2], "size": [3, 2, 3], "uv": [52, 16]},
						{"origin": [-1.5, 15, -4], "size": [3, 2, 3], "uv": [52, 11]},
						{"origin": [-4.25, 14.25, 0], "size": [3, 2, 3], "pivot": [-4.25, 11.25, 1], "rotation": [0, 0, -45], "uv": [52, 21], "mirror": true},
						{"origin": [1.25, 14.25, 1], "size": [3, 2, 3], "pivot": [4.25, 11.25, 1], "rotation": [0, 0, 45], "uv": [52, 26]},
						{"origin": [-4.25, 1.75, 0], "size": [3, 2, 3], "pivot": [-4.25, 6.75, 2], "rotation": [0, 0, 45], "uv": [12, 26], "mirror": true},
						{"origin": [6, 8, -1], "size": [2, 3, 3], "uv": [0, 0]},
						{"origin": [-8, 8, 2], "size": [2, 3, 3], "uv": [0, 0]},
						{"origin": [1.25, 1.75, 1], "size": [3, 2, 3], "pivot": [4.25, 6.75, -1], "rotation": [0, 0, -45], "uv": [36, 26]},
						{"origin": [-2, 1, 2], "size": [3, 2, 3], "uv": [0, 26]}
					]
				},
				{
					"name": "eyes",
					"parent": "body",
					"pivot": [0, 12.5, -6.55]
				},
				{
					"name": "eye_right",
					"parent": "eyes",
					"pivot": [-2.75, 12.75, -6.51],
					"cubes": [
						{"origin": [-4.25, 11.75, -6.51], "size": [3, 2, 0], "inflate": 0.01, "uv": [21, 26]}
					]
				},
				{
					"name": "eyelid_right",
					"parent": "eye_right",
					"pivot": [-2.75, 12.75, -5.91],
					"cubes": [
						{"origin": [-4.25, 11.75, -6.41], "size": [3, 2, 1], "inflate": 0.02, "uv": [56, 5], "mirror": true}
					]
				},
				{
					"name": "eye_left",
					"parent": "eyes",
					"pivot": [2.75, 12.75, -6.51],
					"cubes": [
						{"origin": [1.25, 11.75, -6.51], "size": [3, 2, 0], "inflate": 0.01, "uv": [9, 26]}
					]
				},
				{
					"name": "eyelid_left",
					"parent": "eye_left",
					"pivot": [2.75, 12.75, -5.91],
					"cubes": [
						{"origin": [1.25, 11.75, -6.41], "size": [3, 2, 1], "inflate": 0.02, "uv": [56, 8]}
					]
				},
				{
					"name": "mouth",
					"parent": "body",
					"pivot": [0, 9.75, -6.55]
				},
				{
					"name": "mouth_open",
					"parent": "mouth",
					"pivot": [0, 1.5, 0],
					"cubes": [
						{"origin": [-4.5, 8.75, -6.51], "size": [9, 2, 0], "uv": [39, 0]}
					]
				},
				{
					"name": "mouth_closed",
					"parent": "mouth",
					"pivot": [0, 1.5, 0.025],
					"cubes": [
						{"origin": [-4.5, 9.75, -6.485], "size": [9, 1, 0], "uv": [39, 2]}
					]
				}
			]
		}
	]
}