{
	"format_version": "1.12.0",
	"minecraft:geometry": [
		{
			"description": {
				"identifier": "geometry.treecko",
				"texture_width": 64,
				"texture_height": 64,
				"visible_bounds_width": 3,
				"visible_bounds_height": 2.5,
				"visible_bounds_offset": [0, 0.75, 0]
			},
			"bones": [
				{
					"name": "treecko",
					"pivot": [0, 0, 0]
				},
				{
					"name": "body",
					"parent": "treecko",
					"pivot": [0, 10, 0]
				},
				{
					"name": "torso",
					"parent": "body",
					"pivot": [0, 5.75, 0],
					"cubes": [
						{"origin": [-1.5, 10.5, -1.5], "size": [3, 2, 3], "uv": [0, 30]},
						{"origin": [-2, 5, -2], "size": [4, 6, 4], "uv": [16, 16]}
					]
				},
				{
					"name": "head",
					"parent": "torso",
					"pivot": [0, 12, 0.5],
					"cubes": [
						{"origin": [0.5, 19, -2.75], "size": [2, 1, 5], "uv": [17, 0]},
						{"origin": [-1.5, 13.75, -5.5], "size": [3, 3, 3], "pivot": [0, 16.5, -2.75], "rotation": [12.5, 0, 0], "uv": [28, 13]},
						{"origin": [-2.5, 14, -2.75], "size": [5, 5, 5], "uv": [0, 10]},
						{"origin": [-2.5, 12, -0.75], "size": [5, 2, 3], "inflate": 0.01, "uv": [15, 11]},
						{"origin": [-2.5, 19, -2.75], "size": [2, 1, 5], "uv": [0, 20]}
					]
				},
				{
					"name": "Scarf",
					"parent": "head",
					"pivot": [0, 18, 2.2],
					"cubes": [
						{"origin": [-1, 17, 2.25], "size": [2, 2, 2], "uv": [0, 60]}
					]
				},
				{
					"name": "LeftDangle",
					"parent": "Scarf",
					"pivot": [0, 18, 3.4],
					"cubes": [
						{"origin": [-1, 14, 3.4], "size": [2, 4, 0], "pivot": [0, 18, 3.4], "rotation": [0, 0, -27.5], "uv": [8, 60]}
					]
				},
				{
					"name": "RightDangle",
					"parent": "Scarf",
					"pivot": [0, 18, 3.4],
					"cubes": [
						{"origin": [-1, 14, 3.4], "size": [2, 4, 0], "pivot": [0, 18, 3.4], "rotation": [0, 0, 27.5], "uv": [12, 60], "mirror": true}
					]
				},
				{
					"name": "eye_left",
					"parent": "head",
					"pivot": [-0.6, 12, 0.35],
					"cubes": [
						{"origin": [1.51, 14.5, -2.76], "size": [1, 3, 3], "uv": [33, 34]}
					]
				},
				{
					"name": "eyelid_left",
					"parent": "eye_left",
					"pivot": [-0.8, 12, 0.55],
					"cubes": [
						{"origin": [1.41, 14.5, -2.66], "size": [1, 4, 3], "inflate": 0.01, "uv": [17, 33]}
					]
				},
				{
					"name": "eye_right",
					"parent": "head",
					"pivot": [0.5, 12, 0.25],
					"cubes": [
						{"origin": [-2.51, 14.5, -2.76], "size": [1, 3, 3], "uv": [25, 33]}
					]
				},
				{
					"name": "eyelid_right",
					"parent": "eye_right",
					"pivot": [0.7, 12, 0.45],
					"cubes": [
						{"origin": [-2.41, 14.5, -2.66], "size": [1, 4, 3], "inflate": 0.01, "uv": [9, 33]}
					]
				},
				{
					"name": "jaw",
					"parent": "head",
					"pivot": [0, 14, -0.75],
					"cubes": [
						{"origin": [-2.5, 12, -2.75], "size": [5, 2, 2], "uv": [24, 7]}
					]
				},
				{
					"name": "tail",
					"parent": "torso",
					"pivot": [0, 6.5, 2]
				},
				{
					"name": "tail2",
					"parent": "tail",
					"pivot": [0, 6.25, 4]
				},
				{
					"name": "tail_left",
					"parent": "tail2",
					"pivot": [1.25, 4.25, 10.5],
					"rotation": [27.5, 0, 0]
				},
				{
					"name": "tail_right",
					"parent": "tail2",
					"pivot": [-1.25, 4.25, 10.5],
					"rotation": [27.5, 0, 0]
				},
				{
					"name": "arm_left",
					"parent": "torso",
					"pivot": [2, 10.5, 0],
					"cubes": [
						{"origin": [2, 9.5, -0.5], "size": [2, 1, 1], "uv": [29, 11]}
					]
				},
				{
					"name": "arm_left2",
					"parent": "arm_left",
					"pivot": [4, 10, 0.5],
					"cubes": [
						{"origin": [4, 9.5, -0.5], "size": [2, 1, 1], "inflate": 0.001, "uv": [31, 5]}
					]
				},
				{
					"name": "hand_left",
					"parent": "arm_left2",
					"pivot": [6, 10.5, 0],
					"cubes": [
						{"origin": [6, 9.5, -1], "size": [2, 1, 2], "inflate": 0.002, "uv": [32, 19]}
					]
				},
				{
					"name": "finger_left",
					"parent": "hand_left",
					"pivot": [7.5, 10.5, -1],
					"cubes": [
						{"origin": [7.5, 9.5, -1.5], "size": [1, 1, 1], "inflate": 0.001, "uv": [4, 37]}
					]
				},
				{
					"name": "finger_left2",
					"parent": "finger_left",
					"pivot": [8.5, 10.5, -1],
					"cubes": [
						{"origin": [8.5, 9.5, -1.5], "size": [1, 1, 1], "uv": [0, 37]}
					]
				},
				{
					"name": "finger_left3",
					"parent": "hand_left",
					"pivot": [7.5, 10.5, 1],
					"cubes": [
						{"origin": [7.5, 9.5, 0.5], "size": [1, 1, 1], "inflate": 0.001, "uv": [36, 7]}
					]
				},
				{
					"name": "finger_left4",
					"parent": "finger_left3",
					"pivot": [8.5, 10.5, 1],
					"cubes": [
						{"origin": [8.5, 9.5, 0.5], "size": [1, 1, 1], "uv": [4, 35]}
					]
				},
				{
					"name": "finger_left5",
					"parent": "hand_left",
					"pivot": [8, 10.5, 0],
					"cubes": [
						{"origin": [8, 9.5, -0.5], "size": [1, 1, 1], "inflate": 0.001, "uv": [35, 0]}
					]
				},
				{
					"name": "finger_left6",
					"parent": "finger_left5",
					"pivot": [9, 10.5, 0],
					"cubes": [
						{"origin": [9, 9.5, -0.5], "size": [1, 1, 1], "uv": [0, 35]}
					]
				},
				{
					"name": "arm_right",
					"parent": "torso",
					"pivot": [-2, 10.5, 0],
					"cubes": [
						{"origin": [-4, 9.5, -0.5], "size": [2, 1, 1], "uv": [0, 27]}
					]
				},
				{
					"name": "arm_right2",
					"parent": "arm_right",
					"pivot": [-4, 10, 0.5],
					"cubes": [
						{"origin": [-6, 9.5, -0.5], "size": [2, 1, 1], "inflate": 0.001, "uv": [30, 27]}
					]
				},
				{
					"name": "hand_right",
					"parent": "arm_right2",
					"pivot": [-6, 10.5, 0],
					"cubes": [
						{"origin": [-8, 9.5, -1], "size": [2, 1, 2], "inflate": 0.002, "uv": [18, 26]}
					]
				},
				{
					"name": "finger_right",
					"parent": "hand_right",
					"pivot": [-7.5, 10.5, -1],
					"cubes": [
						{"origin": [-8.5, 9.5, -1.5], "size": [1, 1, 1], "inflate": 0.001, "uv": [30, 34]}
					]
				},
				{
					"name": "finger_right2",
					"parent": "finger_right",
					"pivot": [-8.5, 10.5, -1],
					"cubes": [
						{"origin": [-9.5, 9.5, -1.5], "size": [1, 1, 1], "uv": [22, 33]}
					]
				},
				{
					"name": "finger_right3",
					"parent": "hand_right",
					"pivot": [-7.5, 10.5, 1],
					"cubes": [
						{"origin": [-8.5, 9.5, 0.5], "size": [1, 1, 1], "inflate": 0.001, "uv": [14, 33]}
					]
				},
				{
					"name": "finger_right4",
					"parent": "finger_right3",
					"pivot": [-8.5, 10.5, 1],
					"cubes": [
						{"origin": [-9.5, 9.5, 0.5], "size": [1, 1, 1], "uv": [10, 27]}
					]
				},
				{
					"name": "finger_right5",
					"parent": "hand_right",
					"pivot": [-8, 10.5, 0],
					"cubes": [
						{"origin": [-9, 9.5, -0.5], "size": [1, 1, 1], "inflate": 0.001, "uv": [12, 23]}
					]
				},
				{
					"name": "finger_right6",
					"parent": "finger_right5",
					"pivot": [-9, 10.5, 0],
					"cubes": [
						{"origin": [-10, 9.5, -0.5], "size": [1, 1, 1], "uv": [9, 22]}
					]
				},
				{
					"name": "leg_left",
					"parent": "body",
					"pivot": [1.25, 5.5, 0.5],
					"cubes": [
						{"origin": [0.75, 3.5, -0.5], "size": [1, 3, 1], "uv": [0, 20]}
					]
				},
				{
					"name": "leg_left2",
					"parent": "leg_left",
					"pivot": [1.25, 3.5, -0.5],
					"cubes": [
						{"origin": [0.75, 0.5, -0.5], "size": [1, 3, 1], "inflate": 0.001, "uv": [17, 0]}
					]
				},
				{
					"name": "foot_left",
					"parent": "leg_left2",
					"pivot": [1.25, 0.5, 0.25],
					"cubes": [
						{"origin": [0.25, 0, -2.75], "size": [2, 1, 4], "uv": [30, 29]}
					]
				},
				{
					"name": "toes_left",
					"parent": "foot_left",
					"pivot": [1.25, 0, -2.75],
					"rotation": [-20, 0, 0],
					"cubes": [
						{"origin": [0.25, 0, -3.75], "size": [2, 1, 1], "inflate": 0.001, "uv": [9, 20]}
					]
				},
				{
					"name": "leg_right",
					"parent": "body",
					"pivot": [-1.25, 5.5, 0.5],
					"cubes": [
						{"origin": [-1.75, 3.5, -0.5], "size": [1, 3, 1], "uv": [0, 11]}
					]
				},
				{
					"name": "leg_right2",
					"parent": "leg_right",
					"pivot": [-1.25, 3.5, -0.5],
					"cubes": [
						{"origin": [-1.75, 0.5, -0.5], "size": [1, 3, 1], "inflate": 0.001, "uv": [0, 0]}
					]
				},
				{
					"name": "foot_right",
					"parent": "leg_right2",
					"pivot": [-1.25, 0.5, 0.25],
					"cubes": [
						{"origin": [-2.25, 0, -2.75], "size": [2, 1, 4], "uv": [30, 22]}
					]
				},
				{
					"name": "toes_right",
					"parent": "foot_right",
					"pivot": [-1.25, 0, -2.75],
					"rotation": [-20, 0, 0],
					"cubes": [
						{"origin": [-2.25, 0, -3.75], "size": [2, 1, 1], "inflate": 0.001, "uv": [0, 4]}
					]
				}
			]
		}
	]
}