{
	"format_version": "1.12.0",
	"minecraft:geometry": [
		{
			"description": {
				"identifier": "geometry.charmeleon",
				"texture_width": 64,
				"texture_height": 64,
				"visible_bounds_width": 4,
				"visible_bounds_height": 3.5,
				"visible_bounds_offset": [0, 1.25, 0]
			},
			"bones": [
				{
					"name": "charmeleon",
					"pivot": [0, 0, 0]
				},
				{
					"name": "body",
					"parent": "charmeleon",
					"pivot": [0, 10.5, 0]
				},
				{
					"name": "torso",
					"parent": "body",
					"pivot": [0, 10.5, 0],
					"cubes": [
						{"origin": [-3, 11, -2.5], "size": [6, 6, 6], "uv": [19, 14]},
						{"origin": [-3.5, 4, -3], "size": [7, 7, 7], "uv": [17, 39]},
						{"origin": [-2.9, 11.1, -2.4], "size": [5.8, 0, 5.9], "uv": [14, 53]},
						{"origin": [-3.4, 10.9, -2.4], "size": [6.8, 0, 6.4], "uv": [12, 53]},
						{"origin": [-0.5, 7.1, -2.9], "size": [6, 0, 6.9], "pivot": [0, 10.5, 0], "rotation": [0, 0, 90], "uv": [12, 53]},
						{"origin": [-0.5, 13.9, -2.9], "size": [6, 0, 6.9], "pivot": [0, 10.5, 0], "rotation": [0, 0, 90], "uv": [13, 53]},
						{"origin": [-0.5, 13.9, -3.5], "size": [5.9, 0, 7], "pivot": [0, 10.5, 0], "rotation": [-90, 0, 90], "uv": [12, 52]},
						{"origin": [-2.9, 13.9, -6.5], "size": [5.8, 0, 6.1], "pivot": [0, 10.5, 0], "rotation": [-90, 0, 0], "uv": [14, 53]},
						{"origin": [-2.4, 13.4, -6.5], "size": [5.8, 0, 6], "pivot": [0, 10.5, 0], "rotation": [0, -90, -90], "uv": [14, 53]},
						{"origin": [-2.4, 7.7, -6.5], "size": [5.8, 0, 6], "pivot": [0, 10.5, 0], "rotation": [0, -90, -90], "uv": [14, 53]}
					]
				},
				{
					"name": "neck",
					"parent": "torso",
					"pivot": [0, 17, -0.5],
					"cubes": [
						{"origin": [-2, 16, -1.5], "size": [4, 4, 4], "uv": [0, 42]}
					]
				},
				{
					"name": "head",
					"parent": "neck",
					"pivot": [0, 19, -0.5],
					"cubes": [
						{"origin": [-4, 19, -3.5], "size": [8, 7, 7], "uv": [0, 0]},
						{"origin": [-1.5, 24.07634, 2.04404], "size": [3, 2, 6], "pivot": [0, 25, 2.25], "rotation": [25, 0, 0], "uv": [39, 0]},
						{"origin": [-2.5, 20, -7.5], "size": [5, 3, 4], "uv": [0, 14]},
						{"origin": [-6, 24, 0.5], "size": [2, 2, 2], "uv": [21, 7]},
						{"origin": [-7, 24, 1.5], "size": [1, 2, 1], "uv": [21, 7]},
						{"origin": [-6, 22, 1.5], "size": [2, 1, 1], "uv": [39, 12]},
						{"origin": [4, 24, 0.5], "size": [2, 2, 2], "uv": [21, 7]},
						{"origin": [6, 24, 1.5], "size": [1, 2, 1], "uv": [21, 7]},
						{"origin": [4, 22, 1.5], "size": [2, 1, 1], "uv": [39, 12]}
					]
				},
				{
					"name": "jaw",
					"parent": "head",
					"pivot": [0, 20, -3.5],
					"cubes": [
						{"origin": [-2, 19, -7], "size": [4, 1, 4], "inflate": 0.01, "uv": [47, 10]}
					]
				},
				{
					"name": "eyes",
					"parent": "head",
					"pivot": [0, 23, -1.75]
				},
				{
					"name": "eye_right",
					"parent": "eyes",
					"pivot": [-4.01, 23, -1.75],
					"rotation": [15, 0, 0],
					"cubes": [
						{"origin": [-4.01, 22, -3.25], "size": [0, 2, 3], "uv": [51, -3]}
					]
				},
				{
					"name": "eye_left",
					"parent": "eyes",
					"pivot": [4.01, 23, -1.75],
					"rotation": [15, 0, 0],
					"cubes": [
						{"origin": [4.01, 22, -3.25], "size": [0, 2, 3], "uv": [51, -1], "mirror": true}
					]
				},
				{
					"name": "tail",
					"parent": "torso",
					"pivot": [0, 6.75, 4],
					"cubes": [
						{"origin": [-1.5, 5.85, 4], "size": [3, 3, 7], "uv": [26, 54]}
					]
				},
				{
					"name": "tail2",
					"parent": "tail",
					"pivot": [0, 6.4, 10],
					"cubes": [
						{"origin": [-1, 6.5, 10], "size": [2, 2, 9], "uv": [0, 52]}
					]
				},
				{
					"name": "fire",
					"parent": "tail2",
					"pivot": [0, 8.05, 17.4],
					"cubes": [
						{"origin": [0, 8.15, 13.9], "size": [0, 10, 7], "uv": [48, 47]},
						{"origin": [0, 8.15, 13.9], "size": [0, 10, 7], "pivot": [0, 8.05, 17.4], "rotation": [0, 90, 0], "uv": [48, 37]}
					]
				},
				{
					"name": "arm_right",
					"parent": "torso",
					"pivot": [-3, 16.75, 0.25],
					"cubes": [
						{"origin": [-9, 14.75, -1.25], "size": [6, 2, 3], "uv": [23, 0], "mirror": true}
					]
				},
				{
					"name": "hand_right",
					"parent": "arm_right",
					"pivot": [-9, 16.75, 0.25],
					"cubes": [
						{"origin": [-15, 14.75, -1.75], "size": [6, 2, 4], "uv": [30, 8], "mirror": true},
						{"origin": [-11, 13.75, -0.75], "size": [1, 5, 2], "pivot": [-9, 16.75, 0.25], "rotation": [0, 0, 50], "uv": [19, 7]},
						{"origin": [-10, 18.75, -0.75], "size": [0, 1, 2], "pivot": [-9, 16.75, 0.25], "rotation": [0, 0, 50], "uv": [19, 7]}
					]
				},
				{
					"name": "claw_right1",
					"parent": "hand_right",
					"pivot": [-15, 15.75, -1.15],
					"rotation": [15, 0, 0],
					"cubes": [
						{"origin": [-16.75, 15.75, -1.65], "size": [2, 0, 1], "uv": [18, 17], "mirror": true}
					]
				},
				{
					"name": "claw_right2",
					"parent": "hand_right",
					"pivot": [-15, 16, 0.25],
					"cubes": [
						{"origin": [-17, 16, -0.25], "size": [2, 0, 1], "uv": [18, 18], "mirror": true}
					]
				},
				{
					"name": "claw_right3",
					"parent": "hand_right",
					"pivot": [-15, 15.75, 1.65],
					"rotation": [-15, 0, 0],
					"cubes": [
						{"origin": [-16.75, 15.75, 1.15], "size": [2, 0, 1], "uv": [18, 19], "mirror": true}
					]
				},
				{
					"name": "arm_left",
					"parent": "torso",
					"pivot": [3, 16.75, 0.25],
					"cubes": [
						{"origin": [3, 14.75, -1.25], "size": [6, 2, 3], "uv": [18, 32]}
					]
				},
				{
					"name": "hand_left",
					"parent": "arm_left",
					"pivot": [9, 16.75, 0.25],
					"cubes": [
						{"origin": [9, 14.75, -1.75], "size": [6, 2, 4], "uv": [44, 38]},
						{"origin": [10, 13.75, -0.75], "size": [1, 5, 2], "pivot": [9, 16.75, 0.25], "rotation": [0, 0, -50], "uv": [45, 0]},
						{"origin": [10, 18.75, -0.75], "size": [0, 1, 2], "pivot": [9, 16.75, 0.25], "rotation": [0, 0, -50], "uv": [40, 10]}
					]
				},
				{
					"name": "claw_left1",
					"parent": "hand_left",
					"pivot": [15, 15.75, -1.15],
					"rotation": [15, 0, 0],
					"cubes": [
						{"origin": [14.75, 15.75, -1.65], "size": [2, 0, 1], "uv": [18, 14]}
					]
				},
				{
					"name": "claw_left2",
					"parent": "hand_left",
					"pivot": [15, 16, 0.25],
					"cubes": [
						{"origin": [15, 16, -0.25], "size": [2, 0, 1], "uv": [18, 15]}
					]
				},
				{
					"name": "claw_left3",
					"parent": "hand_left",
					"pivot": [15, 15.75, 1.65],
					"rotation": [-15, 0, 0],
					"cubes": [
						{"origin": [14.75, 15.75, 1.15], "size": [2, 0, 1], "uv": [18, 16]}
					]
				},
				{
					"name": "leg_right",
					"parent": "body",
					"pivot": [-3.75, 6.5, 0.5],
					"cubes": [
						{"origin": [-5.75, 2.5, -2], "size": [4, 6, 5], "uv": [0, 31], "mirror": true}
					]
				},
				{
					"name": "leg_right2",
					"parent": "leg_right",
					"pivot": [-3.75, 2.55, 0.75],
					"cubes": [
						{"origin": [-5.25, 1, -1.25], "size": [3, 2, 4], "uv": [0, 21], "mirror": true},
						{"origin": [-5.75, 0, -2.25], "size": [4, 1, 5], "inflate": 0.01, "uv": [13, 26], "mirror": true},
						{"origin": [-5.25, 0, -4], "size": [0, 1, 2], "pivot": [-5.25, 0.5, -2.25], "rotation": [0, 10, 0], "uv": [0, 3]},
						{"origin": [-3.75, 0, -4.25], "size": [0, 1, 2], "uv": [0, 2]},
						{"origin": [-2.25, 0, -4], "size": [0, 1, 2], "pivot": [-2.25, 0.5, -2.25], "rotation": [0, -10, 0], "uv": [0, 1]}
					]
				},
				{
					"name": "leg_left",
					"parent": "body",
					"pivot": [3.75, 6.5, 0],
					"cubes": [
						{"origin": [1.75, 2.5, -2], "size": [4, 6, 5], "uv": [46, 26]}
					]
				},
				{
					"name": "leg_left2",
					"parent": "leg_left",
					"pivot": [3.75, 2.55, 0.75],
					"cubes": [
						{"origin": [2.25, 1, -1.25], "size": [3, 2, 4], "uv": [46, 20]},
						{"origin": [1.75, 0, -2.25], "size": [4, 1, 5], "inflate": 0.01, "uv": [32, 32]},
						{"origin": [2.25, 0, -4], "size": [0, 1, 2], "pivot": [2.25, 0.5, -2.25], "rotation": [0, 10, 0], "uv": [0, 0]},
						{"origin": [3.75, 0, -4.25], "size": [0, 1, 2], "uv": [0, -1]},
						{"origin": [5.25, 0, -4], "size": [0, 1, 2], "pivot": [5.25, 0.5, -2.25], "rotation": [0, -10, 0], "uv": [0, -2]}
					]
				}
			]
		}
	]
}