{
	"format_version": "1.12.0",
	"minecraft:geometry": [
		{
			"description": {
				"identifier": "geometry.doduo_male",
				"texture_width": 64,
				"texture_height": 32,
				"visible_bounds_width": 2,
				"visible_bounds_height": 3.5,
				"visible_bounds_offset": [0, 1.25, 0]
			},
			"bones": [
				{
					"name": "doduo",
					"pivot": [0, 0, 0]
				},
				{
					"name": "body",
					"parent": "doduo",
					"pivot": [0, 13.5, 0]
				},
				{
					"name": "torso",
					"parent": "body",
					"pivot": [0, 8, 0],
					"cubes": [
						{"origin": [-4, 7.5, -4], "size": [8, 8, 8], "uv": [0, 0]}
					]
				},
				{
					"name": "neck_left",
					"parent": "torso",
					"pivot": [2.5, 15, -2],
					"cubes": [
						{"origin": [2, 14, -2.5], "size": [1, 4, 0], "uv": [22, 27]},
						{"origin": [6.5, 14, -3], "size": [1, 4, 0], "pivot": [5, 0, 0], "rotation": [0, 90, 0], "uv": [22, 27]},
						{"origin": [2.5, 14, 2], "size": [1, 4, 0], "pivot": [5, 0, 0], "rotation": [0, -90, 0], "uv": [22, 27]},
						{"origin": [7, 14, 1.5], "size": [1, 4, 0], "pivot": [5, 0, 0], "rotation": [0, 180, 0], "uv": [22, 27]}
					]
				},
				{
					"name": "neck_left2",
					"parent": "neck_left",
					"pivot": [2.5, 18, -2.5],
					"cubes": [
						{"origin": [2, 18, -2.5], "size": [1, 4, 0], "inflate": 0.001, "uv": [18, 26]},
						{"origin": [6.5, 18, -3], "size": [1, 4, 0], "inflate": 0.001, "pivot": [5, 0, 0], "rotation": [0, 90, 0], "uv": [18, 26]},
						{"origin": [2.5, 18, 2], "size": [1, 4, 0], "inflate": 0.001, "pivot": [5, 0, 0], "rotation": [0, -90, 0], "uv": [18, 26]},
						{"origin": [7, 18, 1.5], "size": [1, 4, 0], "inflate": 0.001, "pivot": [5, 0, 0], "rotation": [0, 180, 0], "uv": [18, 26]}
					]
				},
				{
					"name": "head",
					"parent": "neck_left2",
					"pivot": [2.5, 21.25, -2],
					"cubes": [
						{"origin": [-0.4, 20.6, -5], "size": [0, 6, 6], "pivot": [2.5, 23.6, -2], "rotation": [-90, 0, 90], "uv": [42, 20]},
						{"origin": [-0.6, 20.6, -5], "size": [0, 6, 6], "pivot": [2.5, 23.6, -2], "rotation": [90, 0, -90], "uv": [42, 20]},
						{"origin": [-0.5, 20.5, -5], "size": [0, 6, 6], "pivot": [2.5, 23.6, -2], "rotation": [0, -90, 0], "uv": [42, 20]},
						{"origin": [-0.5, 20.5, -5], "size": [0, 6, 6], "pivot": [2.5, 23.6, -2], "rotation": [0, 180, 0], "uv": [42, 20]},
						{"origin": [-0.5, 20.5, -5], "size": [0, 6, 6], "pivot": [2.5, 23.6, -2], "rotation": [0, 90, 0], "uv": [42, 20]},
						{"origin": [-0.5, 20.5, -5], "size": [0, 6, 6], "uv": [42, 20]},
						{"origin": [1.5, 25.05, -4.6], "size": [2, 1, 1], "uv": [58, 30]},
						{"origin": [0, 21, -4.5], "size": [5, 5, 5], "uv": [20, 16]},
						{"origin": [1.5, 22.5, -10.5], "size": [2, 1, 6], "uv": [35, 14]}
					]
				},
				{
					"name": "jaw",
					"parent": "head",
					"pivot": [2.5, 23, -4.5],
					"cubes": [
						{"origin": [2, 22, -7.5], "size": [1, 1, 3], "uv": [0, 4]}
					]
				},
				{
					"name": "eye_left",
					"parent": "head",
					"pivot": [3.65, 24, -4.01],
					"rotation": [0, 0, -90],
					"cubes": [
						{"origin": [3.45, 22.7, -4.51], "size": [1, 2, 1], "uv": [42, 8]}
					]
				},
				{
					"name": "eyelid_left",
					"parent": "eye_left",
					"pivot": [3.65, 24, -3.91],
					"cubes": [
						{"origin": [3.15, 23, -4.41], "size": [1, 2, 1], "inflate": 0.01, "uv": [38, 8]}
					]
				},
				{
					"name": "eye_right",
					"parent": "head",
					"pivot": [0.75, 24, -4.01],
					"rotation": [0, 0, 90],
					"cubes": [
						{"origin": [-0.05, 23.3, -4.51], "size": [1, 2, 1], "uv": [60, 15]}
					]
				},
				{
					"name": "eyelid_right",
					"parent": "eye_right",
					"pivot": [0.75, 24, -3.91]
				},
				{
					"name": "neck_right",
					"parent": "torso",
					"pivot": [-2.5, 15, -2],
					"cubes": [
						{"origin": [-3, 14, -2.5], "size": [1, 4, 0], "uv": [22, 27]},
						{"origin": [1.5, 14, -3], "size": [1, 4, 0], "pivot": [0, 0, 0], "rotation": [0, 90, 0], "uv": [22, 27]},
						{"origin": [-2.5, 14, 2], "size": [1, 4, 0], "pivot": [0, 0, 0], "rotation": [0, -90, 0], "uv": [22, 27]},
						{"origin": [2, 14, 1.5], "size": [1, 4, 0], "pivot": [0, 0, 0], "rotation": [0, 180, 0], "uv": [22, 27]}
					]
				},
				{
					"name": "neck_right2",
					"parent": "neck_right",
					"pivot": [-2.5, 18, -2.5],
					"cubes": [
						{"origin": [-3, 18, -2.5], "size": [1, 4, 0], "inflate": 0.001, "uv": [18, 26]},
						{"origin": [1.5, 18, -3], "size": [1, 4, 0], "inflate": 0.001, "pivot": [0, 0, 0], "rotation": [0, 90, 0], "uv": [18, 26]},
						{"origin": [-2.5, 18, 2], "size": [1, 4, 0], "inflate": 0.001, "pivot": [0, 0, 0], "rotation": [0, -90, 0], "uv": [18, 26]},
						{"origin": [2, 18, 1.5], "size": [1, 4, 0], "inflate": 0.001, "pivot": [0, 0, 0], "rotation": [0, 180, 0], "uv": [18, 26]}
					]
				},
				{
					"name": "head2",
					"parent": "neck_right2",
					"pivot": [-2.5, 21.25, -2],
					"cubes": [
						{"origin": [-3.5, 25.05, -4.6], "size": [2, 1, 1], "uv": [58, 30]},
						{"origin": [-5, 21, -4.5], "size": [5, 5, 5], "uv": [0, 16]},
						{"origin": [-5.5, 20.5, -5], "size": [0, 6, 6], "uv": [42, 20]},
						{"origin": [-5.5, 20.5, -5], "size": [0, 6, 6], "pivot": [-2.5, 23.6, -2], "rotation": [0, 90, 0], "uv": [42, 20]},
						{"origin": [-5.5, 20.5, -5], "size": [0, 6, 6], "pivot": [-2.5, 23.6, -2], "rotation": [0, 180, 0], "uv": [42, 20]},
						{"origin": [-5.5, 20.5, -5], "size": [0, 6, 6], "pivot": [-2.5, 23.6, -2], "rotation": [0, -90, 0], "uv": [42, 20]},
						{"origin": [-5.6, 20.6, -5], "size": [0, 6, 6], "pivot": [-2.5, 23.6, -2], "rotation": [90, 0, -90], "uv": [42, 20]},
						{"origin": [-5.4, 20.6, -5], "size": [0, 6, 6], "pivot": [-2.5, 23.6, -2], "rotation": [-90, 0, 90], "uv": [42, 20]},
						{"origin": [-3.5, 22.5, -10.5], "size": [2, 1, 6], "uv": [24, 0]}
					]
				},
				{
					"name": "jaw2",
					"parent": "head2",
					"pivot": [-2.5, 23, -4.5],
					"cubes": [
						{"origin": [-3, 22, -7.5], "size": [1, 1, 3], "uv": [0, 0]}
					]
				},
				{
					"name": "eye_left2",
					"parent": "head2",
					"pivot": [-4.25, 24, -4.01],
					"cubes": [
						{"origin": [-4.75, 23, -4.51], "size": [1, 2, 1], "uv": [50, 7]}
					]
				},
				{
					"name": "eyelid_left2",
					"parent": "eye_left2",
					"pivot": [-4.25, 24, -3.91],
					"cubes": [
						{"origin": [-4.75, 23, -4.41], "size": [1, 2, 1], "inflate": 0.01, "uv": [34, 26]}
					]
				},
				{
					"name": "eye_right2",
					"parent": "head2",
					"pivot": [-0.75, 24, -4.01],
					"cubes": [
						{"origin": [-1.25, 23, -4.51], "size": [1, 2, 1], "uv": [34, 0]}
					]
				},
				{
					"name": "eyelid_right2",
					"parent": "eye_right2",
					"pivot": [-0.75, 24, -3.91],
					"cubes": [
						{"origin": [-1.25, 23, -4.41], "size": [1, 2, 1], "inflate": 0.01, "uv": [34, 3]}
					]
				},
				{
					"name": "leg_right",
					"parent": "body",
					"pivot": [-2, 8, 0.25],
					"cubes": [
						{"origin": [-2.5, 4, -0.25], "size": [1, 4, 1], "inflate": 0.001, "uv": [46, 4]}
					]
				},
				{
					"name": "leg_right2",
					"parent": "leg_right",
					"pivot": [-2, 4, 0.75],
					"cubes": [
						{"origin": [-2.5, 0, -0.25], "size": [1, 4, 1], "uv": [56, 4]}
					]
				},
				{
					"name": "foot_right",
					"parent": "leg_right2",
					"pivot": [-2, 0.06031, 0.73298],
					"cubes": [
						{"origin": [-3, 0, -1.25], "size": [2, 1, 2], "inflate": 0.001, "uv": [10, 26]}
					]
				},
				{
					"name": "toe_right",
					"parent": "foot_right",
					"pivot": [-1.35, 1, -1],
					"cubes": [
						{"origin": [-1.35, 0, -4], "size": [0, 1, 1], "uv": [0, 4]},
						{"origin": [-1.85, 0, -3], "size": [1, 1, 2], "inflate": -0.001, "uv": [54, 15]}
					]
				},
				{
					"name": "toe_right2",
					"parent": "foot_right",
					"pivot": [-1.25, 1, 0],
					"cubes": [
						{"origin": [0.75, 0, 0], "size": [1, 1, 0], "uv": [5, 2]},
						{"origin": [-1.25, 0, -0.5], "size": [2, 1, 1], "inflate": -0.001, "uv": [43, 21]}
					]
				},
				{
					"name": "toe_right3",
					"parent": "foot_right",
					"pivot": [-2.75, 1, 0],
					"cubes": [
						{"origin": [-5.75, 0, 0], "size": [1, 1, 0], "uv": [5, 1]},
						{"origin": [-4.75, 0, -0.5], "size": [2, 1, 1], "inflate": -0.001, "uv": [32, 14]}
					]
				},
				{
					"name": "toe_right4",
					"parent": "foot_right",
					"pivot": [-2.65, 1, -1],
					"cubes": [
						{"origin": [-2.65, 0, -4], "size": [0, 1, 1], "uv": [0, 3]},
						{"origin": [-3.15, 0, -3], "size": [1, 1, 2], "inflate": -0.001, "uv": [45, 17]}
					]
				},
				{
					"name": "leg_left",
					"parent": "body",
					"pivot": [2, 8, 0.25],
					"cubes": [
						{"origin": [1.5, 4, -0.25], "size": [1, 4, 1], "inflate": 0.001, "uv": [0, 16]}
					]
				},
				{
					"name": "leg_left2",
					"parent": "leg_left",
					"pivot": [2, 4, 0.75],
					"cubes": [
						{"origin": [1.5, 0, -0.25], "size": [1, 4, 1], "uv": [0, 26]}
					]
				},
				{
					"name": "foot_left",
					"parent": "leg_left2",
					"pivot": [2, 0.06031, 0.73298],
					"cubes": [
						{"origin": [1, 0, -1.25], "size": [2, 1, 2], "inflate": 0.001, "uv": [15, 16]}
					]
				},
				{
					"name": "toe_left",
					"parent": "foot_left",
					"pivot": [1.35, 1, -1],
					"cubes": [
						{"origin": [1.35, 0, -4], "size": [0, 1, 1], "uv": [0, 1]},
						{"origin": [0.85, 0, -3], "size": [1, 1, 2], "inflate": -0.001, "uv": [24, 3]}
					]
				},
				{
					"name": "toe_left2",
					"parent": "foot_left",
					"pivot": [1.25, 1, 0],
					"cubes": [
						{"origin": [-1.75, 0, 0], "size": [1, 1, 0], "uv": [5, 0]},
						{"origin": [-0.75, 0, -0.5], "size": [2, 1, 1], "inflate": -0.001, "uv": [32, 12]}
					]
				},
				{
					"name": "toe_left3",
					"parent": "foot_left",
					"pivot": [2.75, 1, 0],
					"cubes": [
						{"origin": [4.75, 0, 0], "size": [1, 1, 0], "uv": [0, 0]},
						{"origin": [2.75, 0, -0.5], "size": [2, 1, 1], "inflate": -0.001, "uv": [15, 19]}
					]
				},
				{
					"name": "toe_left4",
					"parent": "foot_left",
					"pivot": [2.65, 1, -1],
					"cubes": [
						{"origin": [2.65, 0, -4], "size": [0, 1, 1], "uv": [0, 0]},
						{"origin": [2.15, 0, -3], "size": [1, 1, 2], "inflate": -0.001, "uv": [24, 0]}
					]
				}
			]
		}
	]
}