{
	"format_version": "1.12.0",
	"minecraft:geometry": [
		{
			"description": {
				"identifier": "geometry.lucario",
				"texture_width": 64,
				"texture_height": 64,
				"visible_bounds_width": 4,
				"visible_bounds_height": 3.5,
				"visible_bounds_offset": [0, 1.25, 0]
			},
			"bones": [
				{
					"name": "lucario",
					"pivot": [0, 0, 0]
				},
				{
					"name": "body",
					"parent": "lucario",
					"pivot": [0, 0, 0]
				},
				{
					"name": "torso",
					"parent": "body",
					"pivot": [0, 11.25, -0.5],
					"cubes": [
						{"origin": [-2.5, 11.25, -2.5], "size": [5, 5, 4], "uv": [16, 16]}
					]
				},
				{
					"name": "tail",
					"parent": "torso",
					"pivot": [0, 13.25, 1.2],
					"rotation": [30, 0, 0],
					"cubes": [
						{"origin": [0, 9.4, 1.2], "size": [0, 6, 5], "uv": [21, 21]}
					]
				},
				{
					"name": "tail2",
					"parent": "tail",
					"pivot": [0, 9.4, 6.2]
				},
				{
					"name": "tail3",
					"parent": "tail2",
					"pivot": [0, 10.4, 11.2]
				},
				{
					"name": "waist",
					"parent": "torso",
					"pivot": [0, 15.65, 1],
					"cubes": [
						{"origin": [-1.5, 14.75, -2], "size": [3, 4, 3], "uv": [30, 0]}
					]
				},
				{
					"name": "WaistGarb",
					"parent": "waist",
					"pivot": [0, 15.65, 1],
					"cubes": [
						{"origin": [-1.5, 9.25, -2.8], "size": [3, 5, 0], "pivot": [0, 15, -2.3], "rotation": [-15, 0, 0], "uv": [0, 59]},
						{"origin": [-2.5, 14.05, -2.7], "size": [5, 2, 0], "pivot": [0, 15.25, -2.5], "rotation": [-14.5, 0, 0], "uv": [6, 62]}
					]
				},
				{
					"name": "gem",
					"parent": "WaistGarb",
					"pivot": [-0.3, 14.7, -2],
					"rotation": [0, 15, 90],
					"cubes": [
						{"origin": [-1.3, 14.5, -3.5], "size": [1, 0, 1], "uv": [61, 8]},
						{"origin": [-1.3, 14.5, -3.5], "size": [1, 0, 1], "pivot": [-0.8, 15, -3], "rotation": [0, 0, 90], "uv": [61, 8]},
						{"origin": [-1.3, 14.5, -3.5], "size": [1, 0, 1], "pivot": [-0.8, 15, -3], "rotation": [0, 0, -180], "uv": [61, 8]},
						{"origin": [-1.3, 14.5, -3.5], "size": [1, 0, 1], "pivot": [-0.8, 15, -3], "rotation": [0, 0, -90], "uv": [61, 8]},
						{"origin": [-1.3, 14.6, -3.5], "size": [1, 0, 1], "pivot": [-0.8, 15, -3], "rotation": [-90, 0, -90], "uv": [61, 8]},
						{"origin": [-1.3, 15, -3.5], "size": [1, 0, 1], "pivot": [-0.8, 15, -3], "rotation": [-90, 0, -90], "uv": [61, 9]},
						{"origin": [-1.3, 14.5, -3.5], "size": [1, 0, 1], "pivot": [-0.8, 15, -3], "rotation": [90, 0, -90], "uv": [61, 8]}
					]
				},
				{
					"name": "chest",
					"parent": "waist",
					"pivot": [0, 18.75, 1],
					"cubes": [
						{"origin": [-2, 18.75, -2], "size": [4, 3, 3], "uv": [7, 25]},
						{"origin": [2, 18.75, -2], "size": [1, 3, 3], "uv": [40, 40]},
						{"origin": [-3, 18.75, -2], "size": [1, 3, 3], "uv": [40, 11]}
					]
				},
				{
					"name": "fur",
					"parent": "chest",
					"pivot": [0, 21.75, -0.5]
				},
				{
					"name": "neck",
					"parent": "chest",
					"pivot": [0, 21.75, -0.5],
					"cubes": [
						{"origin": [-1, 21.25, -1.5], "size": [2, 2, 2], "uv": [37, 46]}
					]
				},
				{
					"name": "head",
					"parent": "neck",
					"pivot": [0, 22.85, -0.5],
					"cubes": [
						{"origin": [-2.96172, 20.60443, 2.30926], "size": [6, 7.5, 0], "pivot": [0, 28, 2.2], "rotation": [9.5, 0, 0], "uv": [52, 0]},
						{"origin": [-2.5, 22.75, -3], "size": [5, 5, 5], "uv": [15, 5]},
						{"origin": [-1.5, 23.7911, -6.44074], "size": [3, 3, 4], "inflate": 0.01, "pivot": [0, 25.25, -0.5], "rotation": [12.5, 0, 0], "uv": [17, 8]}
					]
				},
				{
					"name": "HeadPiece",
					"parent": "head",
					"pivot": [0, 34.75, 2.5],
					"rotation": [0, -90, 0],
					"cubes": [
						{"origin": [-2.8, 22.65, -0.5], "size": [2.8, 5.5, 6], "pivot": [0, 34, 3], "rotation": [0, 0, 2.5], "uv": [16, 53]},
						{"origin": [-5.16552, 26.31877, 0.5], "size": [2.3, 1.8, 4], "pivot": [-4, 28, 3], "rotation": [0, 0, -4.5], "uv": [35, 59]}
					]
				},
				{
					"name": "jaw",
					"parent": "head",
					"pivot": [0, 23.75, -3],
					"cubes": [
						{"origin": [-1.5, 22.75, -5], "size": [3, 1, 2], "uv": [42, 2]}
					]
				},
				{
					"name": "eyes",
					"parent": "head",
					"pivot": [0, 24.75, -0.5]
				},
				{
					"name": "eye_left",
					"parent": "eyes",
					"pivot": [2.01, 25.75, -1.51],
					"cubes": [
						{"origin": [1.51, 24.75, -3.01], "size": [1, 2, 3], "uv": [31, 43]}
					]
				},
				{
					"name": "eyelid_left",
					"parent": "eye_left",
					"pivot": [1.91, 25.75, -1.41],
					"cubes": [
						{"origin": [1.41, 24.75, -2.91], "size": [1, 2, 3], "inflate": 0.01, "uv": [0, 43]}
					]
				},
				{
					"name": "eye_right",
					"parent": "eyes",
					"pivot": [-2.01, 25.75, -1.51],
					"cubes": [
						{"origin": [-2.51, 24.75, -3.01], "size": [1, 2, 3], "uv": [8, 43]}
					]
				},
				{
					"name": "eyelid_right",
					"parent": "eye_right",
					"pivot": [-1.91, 25.75, -1.41],
					"cubes": [
						{"origin": [-2.41, 24.75, -2.91], "size": [1, 2, 3], "inflate": 0.01, "uv": [41, 21]}
					]
				},
				{
					"name": "ears",
					"parent": "head",
					"pivot": [0, 27.75, 0]
				},
				{
					"name": "ear_left",
					"parent": "ears",
					"pivot": [2.5, 27.25, 0.5],
					"rotation": [0, 0, 12.5],
					"cubes": [
						{"origin": [0.5, 27.25, -0.5], "size": [2, 4, 2], "uv": [18, 41]},
						{"origin": [0.5, 31.25, -0.5], "size": [1, 2, 2], "uv": [14, 46]}
					]
				},
				{
					"name": "ear_right",
					"parent": "ears",
					"pivot": [-2.5, 27.25, 0.5],
					"rotation": [0, 0, -12.5],
					"cubes": [
						{"origin": [-2.5, 27.25, -0.5], "size": [2, 4, 2], "uv": [26, 38]},
						{"origin": [-1.5, 31.25, -0.5], "size": [1, 2, 2], "uv": [10, 20]}
					]
				},
				{
					"name": "arms",
					"parent": "chest",
					"pivot": [0, 20.55, 0]
				},
				{
					"name": "arm_left",
					"parent": "arms",
					"pivot": [2.95, 20.75, -0.5],
					"cubes": [
						{"origin": [2.5, 19.75, -1], "size": [5, 1, 1], "uv": [39, 0]}
					]
				},
				{
					"name": "arm_left2",
					"parent": "arm_left",
					"pivot": [7.5, 20.25, 0],
					"cubes": [
						{"origin": [7.5, 19.25, -1.5], "size": [4, 2, 2], "uv": [31, 25]}
					]
				},
				{
					"name": "wrist_left",
					"parent": "arm_left2",
					"pivot": [11.5, 19.25, -0.5]
				},
				{
					"name": "hand_left",
					"parent": "wrist_left",
					"pivot": [11.5, 21.25, -0.5],
					"cubes": [
						{"origin": [11.5, 19.25, -2], "size": [2, 2, 3], "inflate": 0.01, "uv": [37, 29]}
					]
				},
				{
					"name": "arm_right",
					"parent": "arms",
					"pivot": [-2.95, 20.75, -0.5],
					"cubes": [
						{"origin": [-7.5, 19.75, -1], "size": [5, 1, 1], "uv": [37, 34]}
					]
				},
				{
					"name": "arm_right2",
					"parent": "arm_right",
					"pivot": [-7.5, 20.25, 0],
					"cubes": [
						{"origin": [-11.5, 19.25, -1.5], "size": [4, 2, 2], "uv": [30, 15]}
					]
				},
				{
					"name": "wrist_right",
					"parent": "arm_right2",
					"pivot": [-11.5, 19.25, -0.5]
				},
				{
					"name": "hand_right",
					"parent": "wrist_right",
					"pivot": [-11.5, 21.25, -0.5],
					"cubes": [
						{"origin": [-13.5, 19.25, -2], "size": [2, 2, 3], "inflate": 0.01, "uv": [34, 19]}
					]
				},
				{
					"name": "legs",
					"parent": "body",
					"pivot": [0, 14.25, -0.5]
				},
				{
					"name": "leg_left",
					"parent": "legs",
					"pivot": [2.25, 14.25, -0.5],
					"cubes": [
						{"origin": [-0.25, 9.5, -3], "size": [5, 5, 5], "inflate": 0.01, "pivot": [2.25, 11.75, -0.5], "rotation": [0, 0, 70], "uv": [0, 10]}
					]
				},
				{
					"name": "leg_left2",
					"parent": "leg_left",
					"pivot": [3.25, 9.5, -0.5],
					"cubes": [
						{"origin": [2.25, 7.75, -1.5], "size": [2, 3, 2], "inflate": 0.01, "uv": [45, 9]}
					]
				},
				{
					"name": "leg_left3",
					"parent": "leg_left2",
					"pivot": [3.25, 7.75, -1.5],
					"rotation": [25, 0, 0],
					"cubes": [
						{"origin": [2.25, 5.75, -1.5], "size": [2, 2, 2], "uv": [24, 46]}
					]
				},
				{
					"name": "leg_left4",
					"parent": "leg_left3",
					"pivot": [3.25, 5.75, -0.5],
					"rotation": [-25, 0, 0],
					"cubes": [
						{"origin": [1.75, 0.75, -1.5], "size": [3, 6, 2], "uv": [10, 31]}
					]
				},
				{
					"name": "foot_left",
					"parent": "leg_left4",
					"pivot": [3.25, 0.75, 0.45],
					"rotation": [45, 0, 0],
					"cubes": [
						{"origin": [1.75, 0.75, -1.55], "size": [3, 2, 2], "inflate": 0.01, "uv": [41, 5]}
					]
				},
				{
					"name": "foot_left2",
					"parent": "foot_left",
					"pivot": [3.25, 0.74952, -1.57181],
					"rotation": [-45, 0, 0],
					"cubes": [
						{"origin": [1.75, 0.75, -3.55], "size": [3, 2, 2], "uv": [41, 17]}
					]
				},
				{
					"name": "foot_left3",
					"parent": "foot_left2",
					"pivot": [3.25, 0.75, -3.55],
					"cubes": [
						{"origin": [1.75, 0.75, -4.55], "size": [3, 2, 1], "uv": [45, 40]}
					]
				},
				{
					"name": "leg_right",
					"parent": "legs",
					"pivot": [-2.25, 14.25, -0.5],
					"cubes": [
						{"origin": [-4.75, 9.5, -3], "size": [5, 5, 5], "pivot": [-2.25, 11.75, -0.5], "rotation": [0, 0, -70], "uv": [0, 0]}
					]
				},
				{
					"name": "leg_right2",
					"parent": "leg_right",
					"pivot": [-3.25, 10.5, -0.5],
					"cubes": [
						{"origin": [-4.25, 7.75, -1.5], "size": [2, 3, 2], "inflate": 0.01, "uv": [44, 26]}
					]
				},
				{
					"name": "leg_right3",
					"parent": "leg_right2",
					"pivot": [-3.25, 7.75, -1.5],
					"rotation": [25, 0, 0],
					"cubes": [
						{"origin": [-4.25, 5.75, -1.5], "size": [2, 2, 2], "uv": [43, 36]}
					]
				},
				{
					"name": "leg_right4",
					"parent": "leg_right3",
					"pivot": [-3.25, 5.75, -0.5],
					"rotation": [-25, 0, 0],
					"cubes": [
						{"origin": [-4.75, 0.75, -1.5], "size": [3, 6, 2], "uv": [0, 31]}
					]
				},
				{
					"name": "foot_right",
					"parent": "leg_right4",
					"pivot": [-3.25, 0.75, 0.45],
					"rotation": [45, 0, 0],
					"cubes": [
						{"origin": [-4.75, 0.75, -1.55], "size": [3, 2, 2], "inflate": 0.01, "uv": [10, 39]}
					]
				},
				{
					"name": "foot_right2",
					"parent": "foot_right",
					"pivot": [-3.25, 0.74952, -1.57181],
					"rotation": [-45, 0, 0],
					"cubes": [
						{"origin": [-4.75, 0.75, -3.55], "size": [3, 2, 2], "uv": [0, 39]}
					]
				},
				{
					"name": "foot_right3",
					"parent": "foot_right2",
					"pivot": [-3.25, 0.75, -3.55],
					"cubes": [
						{"origin": [-4.75, 0.75, -4.55], "size": [3, 2, 1], "uv": [24, 0]}
					]
				}
			]
		}
	]
}