{
	"format_version": "1.12.0",
	"minecraft:geometry": [
		{
			"description": {
				"identifier": "geometry.ralts",
				"texture_width": 64,
				"texture_height": 64,
				"visible_bounds_width": 2,
				"visible_bounds_height": 2.5,
				"visible_bounds_offset": [0, 0.75, 0]
			},
			"bones": [
				{
					"name": "all",
					"pivot": [0, 0, 0]
				},
				{
					"name": "body",
					"parent": "all",
					"pivot": [0, 4.5, 0],
					"cubes": [
						{"origin": [-1, 0, -1], "size": [2, 5, 2], "uv": [24, 11]}
					]
				},
				{
					"name": "arm_left",
					"parent": "body",
					"pivot": [1, 4.5, 0],
					"cubes": [
						{"origin": [1, 4, -0.5], "size": [3, 1, 1], "uv": [15, 11]}
					]
				},
				{
					"name": "arm_right",
					"parent": "body",
					"pivot": [-1, 4.5, 0],
					"cubes": [
						{"origin": [-4, 4, -0.5], "size": [3, 1, 1], "uv": [15, 13]}
					]
				},
				{
					"name": "head",
					"parent": "body",
					"pivot": [0, 5, 0],
					"cubes": [
						{"origin": [-3.5, 7, -3.5], "size": [7, 4, 7], "uv": [0, 0]},
						{"origin": [-2.5, 5, -2.5], "size": [5, 5, 5], "uv": [31, 0]}
					]
				},
				{
					"name": "hairpointy",
					"parent": "head",
					"pivot": [0, 5, 0],
					"cubes": [
						{"origin": [2.5, 8.1, -0.5], "size": [1, 5, 1], "pivot": [3, 11, 0], "rotation": [0, 0, 32.5], "uv": [56, 0]}
					]
				},
				{
					"name": "backspike",
					"parent": "head",
					"pivot": [0, 10.5, 3],
					"cubes": [
						{"origin": [-0.5, 9, 1.5], "size": [1, 3, 3], "uv": [25, 19]},
						{"origin": [1, 8.5, 1], "size": [0, 4, 4], "uv": [0, 56]},
						{"origin": [-1, 8.5, 1], "size": [0, 4, 4], "uv": [0, 56], "mirror": true},
						{"origin": [-2, 8.5, 2], "size": [0, 4, 2], "pivot": [0, 10.5, 3], "rotation": [0, -90, 0], "uv": [2, 58], "mirror": true},
						{"origin": [-2, 8.5, 2], "size": [0, 4, 2], "pivot": [0, 10.5, 3], "rotation": [-90, 0, 90], "uv": [2, 58], "mirror": true},
						{"origin": [-2, 8.5, 2], "size": [0, 4, 2], "pivot": [0, 10.5, 3], "rotation": [90, 0, -90], "uv": [2, 58], "mirror": true},
						{"origin": [-2, 8.5, 2], "size": [0, 4, 2], "pivot": [0, 10.5, 3], "rotation": [0, 90, -180], "uv": [2, 58], "mirror": true}
					]
				},
				{
					"name": "frontspike",
					"parent": "head",
					"pivot": [0, 11, -2.5],
					"cubes": [
						{"origin": [-0.5, 9, -4.5], "size": [1, 4, 4], "uv": [8, 22]},
						{"origin": [-2.5, 8.5, -3.5], "size": [0, 5, 2], "pivot": [0, 11, -2.5], "rotation": [-90, 0, 90], "uv": [2, 57], "mirror": true},
						{"origin": [-2.5, 8.5, -3.5], "size": [0, 5, 2], "pivot": [0, 11, -2.5], "rotation": [0, -90, 0], "uv": [2, 57], "mirror": true},
						{"origin": [-2.5, 8.5, -3.5], "size": [0, 5, 2], "pivot": [0, 11, -2.5], "rotation": [90, 0, -90], "uv": [2, 57], "mirror": true},
						{"origin": [-2.5, 8.5, -3.5], "size": [0, 5, 2], "pivot": [0, 11, -2.5], "rotation": [0, 90, -180], "uv": [2, 57], "mirror": true},
						{"origin": [-1, 8.5, -5], "size": [0, 5, 5], "pivot": [0, 11, -2.5], "rotation": [0, 0, -180], "uv": [0, 45], "mirror": true},
						{"origin": [-1, 8.5, -5], "size": [0, 5, 5], "pivot": [0, 11, -2.5], "rotation": [0, 0, 0], "uv": [0, 45], "mirror": true}
					]
				},
				{
					"name": "leg_left",
					"parent": "all",
					"pivot": [1, 2, 0],
					"cubes": [
						{"origin": [0.5, 0, -2], "size": [2, 3, 4], "uv": [0, 19]},
						{"origin": [2.5, 0, -2], "size": [1, 1, 4], "uv": [18, 22]},
						{"origin": [3.5, 0, 2], "size": [0, 1, 1], "uv": [0, 1]}
					]
				},
				{
					"name": "leg_right",
					"parent": "all",
					"pivot": [-1, 2, 0],
					"cubes": [
						{"origin": [-3.5, 0, -2], "size": [1, 1, 4], "uv": [21, 0]},
						{"origin": [-3.5, 0, 2], "size": [0, 1, 1], "uv": [0, 0]},
						{"origin": [-2.5, 0, -2], "size": [2, 3, 4], "uv": [16, 15]}
					]
				}
			]
		}
	]
}