{
	"format_version": "1.12.0",
	"minecraft:geometry": [
		{
			"description": {
				"identifier": "geometry.grovyle",
				"texture_width": 64,
				"texture_height": 64,
				"visible_bounds_width": 5,
				"visible_bounds_height": 3.5,
				"visible_bounds_offset": [0, 1.25, 0]
			},
			"bones": [
				{
					"name": "grovyle",
					"pivot": [0, 0, 0]
				},
				{
					"name": "body",
					"parent": "grovyle",
					"pivot": [0, 13, 0]
				},
				{
					"name": "torso",
					"parent": "body",
					"pivot": [0, 7, 2],
					"cubes": [
						{"origin": [-3, 7, -2], "size": [6, 9, 7], "uv": [0, 0]}
					]
				},
				{
					"name": "tail_left",
					"parent": "torso",
					"pivot": [2, 8, 5]
				},
				{
					"name": "tail_left2",
					"parent": "tail_left",
					"pivot": [2, 8, 13]
				},
				{
					"name": "tail_right",
					"parent": "torso",
					"pivot": [-2, 8, 5]
				},
				{
					"name": "tail_right2",
					"parent": "tail_right",
					"pivot": [-2, 8, 13]
				},
				{
					"name": "neck",
					"parent": "torso",
					"pivot": [0, 15.5, 1],
					"cubes": [
						{"origin": [-2, 15, -1], "size": [4, 7, 4], "uv": [0, 28]}
					]
				},
				{
					"name": "head",
					"parent": "neck",
					"pivot": [0, 21, 1],
					"cubes": [
						{"origin": [-3, 20, -2.5], "size": [6, 6, 6], "inflate": 0.001, "uv": [0, 16]},
						{"origin": [-2, 22, -6.5], "size": [4, 3, 4], "inflate": 0.001, "uv": [19, 0]},
						{"origin": [-1, 21, -6.5], "size": [2, 1, 0], "uv": [0, 6]}
					]
				},
				{
					"name": "leaf",
					"parent": "head",
					"pivot": [0, 25, 3.5],
					"rotation": [-52.9338, 26.94622, 18.89595],
					"cubes": [
						{"origin": [-1.5, 25, 3.5], "size": [3, 6, 0], "inflate": 0.001, "uv": [38, 41], "mirror": true}
					]
				},
				{
					"name": "leaf7",
					"parent": "leaf",
					"pivot": [0, 31, 3.5],
					"rotation": [-35, 0, 0],
					"cubes": [
						{"origin": [-2, 31, 3.5], "size": [4, 6, 0], "inflate": 0.001, "uv": [40, 27], "mirror": true}
					]
				},
				{
					"name": "leaf8",
					"parent": "leaf7",
					"pivot": [0, 37, 3.4],
					"rotation": [-22.5, 0, 0],
					"cubes": [
						{"origin": [-2, 36.98437, 3.51049], "size": [4, 6, 0], "inflate": 0.001, "uv": [16, 39], "mirror": true}
					]
				},
				{
					"name": "leaf9",
					"parent": "leaf8",
					"pivot": [0, 42.98437, 3.51049],
					"rotation": [-25, 0, 0],
					"cubes": [
						{"origin": [-1.5, 42.98437, 3.51049], "size": [3, 6, 0], "inflate": 0.001, "uv": [32, 41], "mirror": true}
					]
				},
				{
					"name": "leaf10",
					"parent": "leaf9",
					"pivot": [0, 48.98437, 3.51049],
					"rotation": [-7.5, 0, 0],
					"cubes": [
						{"origin": [-1.5, 48.98437, 3.51049], "size": [3, 6, 0], "inflate": 0.001, "uv": [0, 0], "mirror": true}
					]
				},
				{
					"name": "RightDangle",
					"parent": "head",
					"pivot": [0, 25, 3.5],
					"rotation": [-52.9338, -26.94622, -18.89595],
					"cubes": [
						{"origin": [-1.5, 25, 3.5], "size": [3, 6, 0], "inflate": 0.001, "uv": [38, 41]}
					]
				},
				{
					"name": "leaf2",
					"parent": "RightDangle",
					"pivot": [0, 31, 3.5],
					"rotation": [-35, 0, 0],
					"cubes": [
						{"origin": [-2, 31, 3.5], "size": [4, 6, 0], "inflate": 0.001, "uv": [40, 27]}
					]
				},
				{
					"name": "leaf3",
					"parent": "leaf2",
					"pivot": [0, 37.2, 3.5],
					"rotation": [-22.5, 0, 0],
					"cubes": [
						{"origin": [-2, 36.96133, 3.59464], "size": [4, 6, 0], "inflate": 0.001, "uv": [16, 39]}
					]
				},
				{
					"name": "leaf5",
					"parent": "leaf3",
					"pivot": [0, 42.96133, 3.59464],
					"rotation": [-25, 0, 0],
					"cubes": [
						{"origin": [-1.5, 42.96133, 3.59464], "size": [3, 6, 0], "inflate": 0.001, "uv": [32, 41]}
					]
				},
				{
					"name": "leaf6",
					"parent": "leaf5",
					"pivot": [0, 48.96133, 3.59464],
					"rotation": [-7.5, 0, 0],
					"cubes": [
						{"origin": [-1.5, 48.96133, 3.59464], "size": [3, 6, 0], "inflate": 0.001, "uv": [0, 0]}
					]
				},
				{
					"name": "jaw",
					"parent": "head",
					"pivot": [0, 22.25, -2],
					"cubes": [
						{"origin": [-1.5, 20.25, -6], "size": [3, 2, 4], "uv": [30, 21]}
					]
				},
				{
					"name": "eye_left",
					"parent": "head",
					"pivot": [3, 23.15, -0.76],
					"rotation": [12.5, 0, 0],
					"cubes": [
						{"origin": [3.01, 22.15, -2.01], "size": [0, 2, 3], "inflate": 0.001, "uv": [26, 4]},
						{"origin": [3.015, 22.15, -1.51], "size": [0, 2, 1], "inflate": 0.001, "uv": [18, 17]}
					]
				},
				{
					"name": "eyelid_left",
					"parent": "eye_left",
					"pivot": [0, 20.4, 1],
					"cubes": [
						{"origin": [1.93, 22.15, -2.01], "size": [1, 2, 3], "inflate": 0.001, "uv": [51, 24]}
					]
				},
				{
					"name": "eye_right",
					"parent": "head",
					"pivot": [-3, 23.15, -0.76],
					"rotation": [12.5, 0, 0],
					"cubes": [
						{"origin": [-3.01, 22.15, -2.01], "size": [0, 2, 3], "inflate": 0.001, "uv": [12, 25]},
						{"origin": [-3.015, 22.15, -1.51], "size": [0, 2, 1], "inflate": 0.001, "uv": [18, 15]}
					]
				},
				{
					"name": "eyelid_right",
					"parent": "eye_right",
					"pivot": [0, 20.4, 1],
					"cubes": [
						{"origin": [-2.93, 22.15, -2.01], "size": [1, 2, 3], "inflate": 0.001, "uv": [51, 18]}
					]
				},
				{
					"name": "arm_left",
					"parent": "torso",
					"pivot": [3, 15.5, 1],
					"cubes": [
						{"origin": [3, 13.5, 0], "size": [4, 2, 2], "inflate": 0.01, "uv": [33, 7]}
					]
				},
				{
					"name": "arm_left2",
					"parent": "arm_left",
					"pivot": [7, 14.5, 2],
					"cubes": [
						{"origin": [6, 13.5, 2], "size": [1, 2, 0], "pivot": [7, 14.5, 2], "rotation": [0, 17.5, 0], "uv": [19, 2]},
						{"origin": [7, 13.5, 0], "size": [4, 2, 2], "uv": [28, 35]}
					]
				},
				{
					"name": "hand_left",
					"parent": "arm_left2",
					"pivot": [11, 15.5, 1],
					"cubes": [
						{"origin": [11, 13.5, -0.5], "size": [2, 2, 3], "uv": [38, 15]}
					]
				},
				{
					"name": "finger_left",
					"parent": "hand_left",
					"pivot": [12.5, 15.5, 0],
					"cubes": [
						{"origin": [12.5, 14.5, -0.5], "size": [2, 1, 1], "inflate": 0.001, "uv": [44, 36]}
					]
				},
				{
					"name": "finger_left2",
					"parent": "finger_left",
					"pivot": [14.5, 15.5, 0],
					"cubes": [
						{"origin": [14.5, 14.5, -0.5], "size": [2, 1, 1], "uv": [44, 25]}
					]
				},
				{
					"name": "finger_left3",
					"parent": "hand_left",
					"pivot": [12.5, 15.5, 2],
					"cubes": [
						{"origin": [12.5, 14.5, 1.5], "size": [2, 1, 1], "inflate": 0.001, "uv": [44, 20]}
					]
				},
				{
					"name": "finger_left4",
					"parent": "finger_left3",
					"pivot": [14.5, 15.5, 2],
					"cubes": [
						{"origin": [14.5, 14.5, 1.5], "size": [2, 1, 1], "uv": [44, 12]}
					]
				},
				{
					"name": "arm_right",
					"parent": "torso",
					"pivot": [-3, 15.5, 1],
					"cubes": [
						{"origin": [-7, 13.5, 0], "size": [4, 2, 2], "inflate": 0.01, "uv": [31, 0]}
					]
				},
				{
					"name": "arm_right2",
					"parent": "arm_right",
					"pivot": [-7, 14.5, 2],
					"cubes": [
						{"origin": [-7, 13.5, 2], "size": [1, 2, 0], "pivot": [-7, 14.5, 2], "rotation": [0, -17.5, 0], "uv": [19, 0]},
						{"origin": [-11, 13.5, 0], "size": [4, 2, 2], "uv": [32, 11]}
					]
				},
				{
					"name": "hand_right",
					"parent": "arm_right2",
					"pivot": [-11, 15.5, 1],
					"cubes": [
						{"origin": [-13, 13.5, -0.5], "size": [2, 2, 3], "uv": [37, 36]}
					]
				},
				{
					"name": "finger_right",
					"parent": "hand_right",
					"pivot": [-12.5, 15.5, 0],
					"cubes": [
						{"origin": [-14.5, 14.5, -0.5], "size": [2, 1, 1], "inflate": 0.001, "uv": [44, 7]}
					]
				},
				{
					"name": "finger_right2",
					"parent": "finger_right",
					"pivot": [-14.5, 15.5, 0],
					"cubes": [
						{"origin": [-16.5, 14.5, -0.5], "size": [2, 1, 1], "uv": [43, 0]}
					]
				},
				{
					"name": "finger_right3",
					"parent": "hand_right",
					"pivot": [-12.5, 15.5, 2],
					"cubes": [
						{"origin": [-14.5, 14.5, 1.5], "size": [2, 1, 1], "inflate": 0.001, "uv": [40, 23]}
					]
				},
				{
					"name": "finger_right4",
					"parent": "finger_right3",
					"pivot": [-14.5, 15.5, 2],
					"cubes": [
						{"origin": [-16.5, 14.5, 1.5], "size": [2, 1, 1], "uv": [12, 30]}
					]
				},
				{
					"name": "leg_left",
					"parent": "body",
					"pivot": [3.5, 8, 2],
					"rotation": [32.5, -15, 0],
					"cubes": [
						{"origin": [2, 5.5, -2], "size": [3, 5, 6], "uv": [18, 22]}
					]
				},
				{
					"name": "leg_left2",
					"parent": "leg_left",
					"pivot": [3.5, 5.5, -2],
					"rotation": [5, 0, 0],
					"cubes": [
						{"origin": [2.5, 1.5, -2], "size": [2, 4, 2], "uv": [8, 39]}
					]
				},
				{
					"name": "foot_left",
					"parent": "leg_left2",
					"pivot": [3.5, 1.5, -0.5],
					"rotation": [-37.5, 0, 0],
					"cubes": [
						{"origin": [2.5, 0, -3.5], "size": [2, 2, 4], "inflate": 0.001, "uv": [16, 33]}
					]
				},
				{
					"name": "toe_left",
					"parent": "foot_left",
					"pivot": [3.5, 1, -3],
					"rotation": [0, -20, 0],
					"cubes": [
						{"origin": [3.5, 0, -5], "size": [1, 1, 2], "uv": [44, 9]}
					]
				},
				{
					"name": "toe_left2",
					"parent": "toe_left",
					"pivot": [3.5, 1, -5],
					"cubes": [
						{"origin": [3.5, 0, -6], "size": [1, 1, 1], "uv": [30, 23]}
					]
				},
				{
					"name": "toe_left3",
					"parent": "foot_left",
					"pivot": [2.5, 1, -3],
					"rotation": [0, 20, 0],
					"cubes": [
						{"origin": [2.5, 0, -5], "size": [1, 1, 2], "uv": [42, 33]}
					]
				},
				{
					"name": "toe_left4",
					"parent": "toe_left3",
					"pivot": [2.5, 1, -5],
					"cubes": [
						{"origin": [2.5, 0, -6], "size": [1, 1, 1], "uv": [30, 21]}
					]
				},
				{
					"name": "toe_left5",
					"parent": "foot_left",
					"pivot": [3, 1, 0.5],
					"cubes": [
						{"origin": [3, 0, 0], "size": [1, 1, 2], "uv": [41, 4]}
					]
				},
				{
					"name": "leg_right",
					"parent": "body",
					"pivot": [-3.5, 8, 2],
					"rotation": [32.5, 15, 0],
					"cubes": [
						{"origin": [-5, 5.5, -2], "size": [3, 5, 6], "uv": [20, 10]}
					]
				},
				{
					"name": "leg_right2",
					"parent": "leg_right",
					"pivot": [-3.5, 5.5, -2],
					"rotation": [5, 0, 0],
					"cubes": [
						{"origin": [-4.5, 1.5, -2], "size": [2, 4, 2], "uv": [0, 39]}
					]
				},
				{
					"name": "foot_right",
					"parent": "leg_right2",
					"pivot": [-3.5, 1.5, -0.5],
					"rotation": [-37.5, 0, 0],
					"cubes": [
						{"origin": [-4.5, 0, -3.5], "size": [2, 2, 4], "inflate": 0.001, "uv": [32, 29]}
					]
				},
				{
					"name": "toe_right",
					"parent": "foot_right",
					"pivot": [-3.5, 1, -3],
					"rotation": [0, 20, 0],
					"cubes": [
						{"origin": [-4.5, 0, -5], "size": [1, 1, 2], "uv": [40, 20]}
					]
				},
				{
					"name": "toe_right2",
					"parent": "toe_right",
					"pivot": [-3.5, 1, -5],
					"cubes": [
						{"origin": [-4.5, 0, -6], "size": [1, 1, 1], "uv": [0, 30]}
					]
				},
				{
					"name": "toe_right3",
					"parent": "foot_right",
					"pivot": [-2.5, 1, -3],
					"rotation": [0, -20, 0],
					"cubes": [
						{"origin": [-3.5, 0, -5], "size": [1, 1, 2], "uv": [35, 4]}
					]
				},
				{
					"name": "toe_right4",
					"parent": "toe_right3",
					"pivot": [-2.5, 1, -5],
					"cubes": [
						{"origin": [-3.5, 0, -6], "size": [1, 1, 1], "uv": [0, 28]}
					]
				},
				{
					"name": "toe_right5",
					"parent": "foot_right",
					"pivot": [-3, 1, 0.5],
					"cubes": [
						{"origin": [-4, 0, 0], "size": [1, 1, 2], "uv": [24, 33]}
					]
				}
			]
		}
	]
}