{
	"format_version": "1.12.0",
	"minecraft:geometry": [
		{
			"description": {
				"identifier": "geometry.deltagrimer",
				"texture_width": 64,
				"texture_height": 64,
				"visible_bounds_width": 4,
				"visible_bounds_height": 2.5,
				"visible_bounds_offset": [0, 0.75, 0]
			},
			"bones": [
				{
					"name": "grimer",
					"pivot": [0, 0, 0]
				},
				{
					"name": "body",
					"parent": "grimer",
					"pivot": [0, 0, 0]
				},
				{
					"name": "torso",
					"parent": "body",
					"pivot": [0, 1.5, 0.25],
					"cubes": [
						{"origin": [-8.5, 0, -7.25], "size": [17, 3, 15], "uv": [0, 0]}
					]
				},
				{
					"name": "torso2",
					"parent": "torso",
					"pivot": [0, 3, 0],
					"cubes": [
						{"origin": [-7, 1, -6], "size": [14, 6, 12], "uv": [0, 18]}
					]
				},
				{
					"name": "torso3",
					"parent": "torso2",
					"pivot": [0, 7, -0.5],
					"cubes": [
						{"origin": [-6, 6, -5], "size": [12, 6, 9], "uv": [0, 36]}
					]
				},
				{
					"name": "head",
					"parent": "torso3",
					"pivot": [0, 12, -1.25],
					"cubes": [
						{"origin": [-4, 11, -4.25], "size": [8, 8, 6], "uv": [36, 50]},
						{"origin": [-3.5, 12, -5.25], "size": [0, 3, 1], "inflate": 0.01, "uv": [0, 5]},
						{"origin": [3.5, 12, -5.25], "size": [0, 3, 1], "inflate": 0.01, "uv": [10, 1]},
						{"origin": [-4, 15, -7.25], "size": [8, 4, 3], "uv": [40, 18]}
					]
				},
				{
					"name": "jaw",
					"parent": "head",
					"pivot": [0, 12.75, -4.25],
					"rotation": [40, 0, 0],
					"cubes": [
						{"origin": [-3.5, 12, -6.5], "size": [7, 1, 3], "uv": [40, 25]},
						{"origin": [-3, 12, -7.5], "size": [6, 1, 1], "uv": [0, 12]},
						{"origin": [-1, 2.80761, -10.19239], "size": [1, 5, 0], "pivot": [15, 0, 13], "rotation": [-25, 0, 0], "uv": [0, 0]},
						{"origin": [2, 12.19753, -6.75673], "size": [1, 5, 0], "pivot": [0, 13, -7], "rotation": [-32.5, 0, 0], "uv": [0, 0]},
						{"origin": [-3, 12.3195, -6.61765], "size": [1, 5, 0], "pivot": [-2, 12, -6], "rotation": [-25, 0, 0], "uv": [0, 0]}
					]
				},
				{
					"name": "eye_right",
					"parent": "head",
					"pivot": [-3, 17, -6.25],
					"cubes": [
						{"origin": [-4, 15.5, -7.25], "size": [2, 3, 2], "inflate": 0.01, "uv": [0, 22], "mirror": true}
					]
				},
				{
					"name": "eyelid_right",
					"parent": "eye_right",
					"pivot": [-2.9, 17, -6.15],
					"cubes": [
						{"origin": [-3.9, 15.5, -7.15], "size": [2, 3, 2], "inflate": 0.02, "uv": [49, 0], "mirror": true}
					]
				},
				{
					"name": "eye_left",
					"parent": "head",
					"pivot": [3, 17, -6.25],
					"cubes": [
						{"origin": [2, 15.5, -7.25], "size": [2, 3, 2], "inflate": 0.01, "uv": [0, 36]}
					]
				},
				{
					"name": "eyelid_left",
					"parent": "eye_left",
					"pivot": [2.9, 17, -6.15],
					"cubes": [
						{"origin": [1.9, 15.5, -7.15], "size": [2, 3, 2], "inflate": 0.02, "uv": [49, 5]}
					]
				},
				{
					"name": "arm_right",
					"parent": "torso3",
					"pivot": [-5.25, 9.25, -2.5],
					"cubes": [
						{"origin": [-9.25, 7.75, -4], "size": [5, 4, 3], "inflate": 0.01, "uv": [0, 51]}
					]
				},
				{
					"name": "arm_right2",
					"parent": "arm_right",
					"pivot": [-9.25, 9.5, -1],
					"cubes": [
						{"origin": [-14.25, 8, -4], "size": [5, 3, 3], "uv": [0, 58]}
					]
				},
				{
					"name": "hand_right",
					"parent": "arm_right2",
					"pivot": [-14.25, 9.5, -2.5],
					"cubes": [
						{"origin": [-16.25, 8, -4], "size": [2, 3, 3], "inflate": 0.01, "uv": [0, 6]}
					]
				},
				{
					"name": "finger_right_index",
					"parent": "hand_right",
					"pivot": [-16.25, 9.75, -3.5],
					"cubes": [
						{"origin": [-18.25, 8.75, -4], "size": [2, 1, 1], "uv": [6, 18]}
					]
				},
				{
					"name": "finger_right_middle",
					"parent": "hand_right",
					"pivot": [-16.25, 11, -2.5],
					"cubes": [
						{"origin": [-18.25, 10, -3], "size": [2, 1, 1], "uv": [6, 20]}
					]
				},
				{
					"name": "finger_right_ring",
					"parent": "hand_right",
					"pivot": [-16.25, 9.75, -1.5],
					"cubes": [
						{"origin": [-18.25, 8.75, -2], "size": [2, 1, 1], "uv": [0, 20]}
					]
				},
				{
					"name": "drippinright",
					"parent": "hand_right",
					"pivot": [-14.25, 9.5, -2.5],
					"cubes": [
						{"origin": [-15, 3, -2], "size": [1, 7, 0], "uv": [0, 0]},
						{"origin": [-17, 2, -2], "size": [1, 8, 0], "uv": [0, 0]},
						{"origin": [-16, -1, -2], "size": [1, 11, 0], "uv": [0, 0]}
					]
				},
				{
					"name": "arm_left",
					"parent": "torso3",
					"pivot": [5.25, 9.25, -2.5],
					"cubes": [
						{"origin": [4.25, 7.75, -4], "size": [5, 4, 3], "inflate": 0.01, "uv": [16, 51]}
					]
				},
				{
					"name": "arm_left2",
					"parent": "arm_left",
					"pivot": [9.25, 9.5, -1],
					"cubes": [
						{"origin": [9.25, 8, -4], "size": [5, 3, 3], "uv": [16, 58]}
					]
				},
				{
					"name": "hand_left",
					"parent": "arm_left2",
					"pivot": [14.25, 9.5, -2.5],
					"cubes": [
						{"origin": [14.25, 8, -4], "size": [2, 3, 3], "inflate": 0.01, "uv": [0, 0]}
					]
				},
				{
					"name": "finger_left_index",
					"parent": "hand_left",
					"pivot": [16.25, 9.75, -3.5],
					"cubes": [
						{"origin": [16.25, 8.75, -4], "size": [2, 1, 1], "uv": [0, 18]}
					]
				},
				{
					"name": "finger_left_middle",
					"parent": "hand_left",
					"pivot": [16.25, 11, -2.5],
					"cubes": [
						{"origin": [16.25, 10, -3], "size": [2, 1, 1], "uv": [7, 6]}
					]
				},
				{
					"name": "finger_left_ring",
					"parent": "hand_left",
					"pivot": [16.25, 9.75, -1.5],
					"cubes": [
						{"origin": [16.25, 8.75, -2], "size": [2, 1, 1], "uv": [7, 0]}
					]
				},
				{
					"name": "drippinright2",
					"parent": "arm_left2",
					"pivot": [9.25, 9.5, -1],
					"cubes": [
						{"origin": [9, -1, -2], "size": [1, 11, 0], "uv": [0, 0]},
						{"origin": [8, 2, -2], "size": [1, 8, 0], "uv": [0, 0]}
					]
				},
				{
					"name": "tail",
					"parent": "torso",
					"pivot": [0, 1, 7.75],
					"cubes": [
						{"origin": [-5, 0, 7.75], "size": [10, 2, 3], "uv": [33, 36]}
					]
				},
				{
					"name": "tail2",
					"parent": "tail",
					"pivot": [0, 0.5, 10.75],
					"cubes": [
						{"origin": [-3, 0, 10.75], "size": [6, 1, 2], "uv": [33, 41]}
					]
				}
			]
		}
	]
}