{
	"format_version": "1.12.0",
	"minecraft:geometry": [
		{
			"description": {
				"identifier": "geometry.squirtle",
				"texture_width": 64,
				"texture_height": 32,
				"visible_bounds_width": 3,
				"visible_bounds_height": 2.5,
				"visible_bounds_offset": [0, 0.75, 0]
			},
			"bones": [
				{
					"name": "squirtle",
					"pivot": [0, 0, 0]
				},
				{
					"name": "body",
					"parent": "squirtle",
					"pivot": [0, 8, 0]
				},
				{
					"name": "torso",
					"parent": "body",
					"pivot": [0, 8, 0],
					"cubes": [
						{"origin": [-4, 3, -3.5], "size": [8, 10, 7], "uv": [0, 0]}
					]
				},
				{
					"name": "neck",
					"parent": "torso",
					"pivot": [0, 13, 1.5],
					"cubes": [
						{"origin": [-2.5, 13, -2.5], "size": [5, 3, 4], "uv": [46, 17]}
					]
				},
				{
					"name": "head",
					"parent": "torso",
					"pivot": [0, 13, 0]
				},
				{
					"name": "head_correction",
					"parent": "head",
					"pivot": [0, 13, 0]
				},
				{
					"name": "head_ai",
					"parent": "head_correction",
					"pivot": [0, 13, 0]
				},
				{
					"name": "head_angle",
					"parent": "head_ai",
					"pivot": [0, 13, 0],
					"cubes": [
						{"origin": [-3.5, 13, -4.5], "size": [7, 6, 7], "uv": [0, 17]}
					]
				},
				{
					"name": "eyes",
					"parent": "head_angle",
					"pivot": [0, 16.25, -4.5]
				},
				{
					"name": "eye_right",
					"parent": "eyes",
					"pivot": [-2.51, 16.25, -3.51],
					"cubes": [
						{"origin": [-3.51, 14.75, -4.51], "size": [2, 3, 2], "uv": [41, 0], "mirror": true}
					]
				},
				{
					"name": "eyelid_right",
					"parent": "eye_right",
					"pivot": [-2.41, 16.25, -3.41],
					"cubes": [
						{"origin": [-3.41, 14.75, -4.41], "size": [2, 3, 2], "inflate": 0.01, "uv": [50, 5], "mirror": true}
					]
				},
				{
					"name": "eye_left",
					"parent": "eyes",
					"pivot": [2.51, 16.25, -3.51],
					"cubes": [
						{"origin": [1.51, 14.75, -4.51], "size": [2, 3, 2], "uv": [49, 0]}
					]
				},
				{
					"name": "eyelid_left",
					"parent": "eye_left",
					"pivot": [2.41, 16.25, -3.41],
					"cubes": [
						{"origin": [1.41, 14.75, -4.41], "size": [2, 3, 2], "inflate": 0.01, "uv": [42, 5]}
					]
				},
				{
					"name": "mouth",
					"parent": "head_angle",
					"pivot": [0, 13.515, -4.41],
					"cubes": [
						{"origin": [-2.5, 13.015, -4.41], "size": [5, 1, 0], "uv": [21, 23]}
					]
				},
				{
					"name": "tail",
					"parent": "torso",
					"pivot": [0, 4, 2],
					"cubes": [
						{"origin": [0, 1.25, 2], "size": [0, 7, 10], "uv": [42, 0]}
					]
				},
				{
					"name": "arm_right",
					"parent": "torso",
					"pivot": [-4, 12.5, -1],
					"cubes": [
						{"origin": [-9.5, 9.5, -2.5], "size": [6, 3, 3], "uv": [23, 0]}
					]
				},
				{
					"name": "rightribbon",
					"parent": "arm_right",
					"pivot": [-8, 9.5, -1],
					"cubes": [
						{"origin": [-8, 4.5, -2], "size": [0, 5, 2], "uv": [0, 0]}
					]
				},
				{
					"name": "arm_left",
					"parent": "torso",
					"pivot": [4, 12.5, -1],
					"cubes": [
						{"origin": [3.5, 9.5, -2.5], "size": [6, 3, 3], "uv": [21, 17]}
					]
				},
				{
					"name": "leftribbon",
					"parent": "arm_left",
					"pivot": [8, 9.5, -1],
					"cubes": [
						{"origin": [8, 4.5, -2], "size": [0, 5, 2], "uv": [0, 0]}
					]
				},
				{
					"name": "cape",
					"parent": "torso",
					"pivot": [0.5, 13, 3],
					"cubes": [
						{"origin": [-3.9, 4, 4.5], "size": [7.9, 8, 0], "pivot": [0.5, 8, 0], "rotation": [15, 0, 0], "uv": [50, 24]}
					]
				},
				{
					"name": "leg_right",
					"parent": "body",
					"pivot": [-3, 5, -1],
					"cubes": [
						{"origin": [-4.5, 0, -2.5], "size": [3, 6, 3], "uv": [30, 6]}
					]
				},
				{
					"name": "leg_left",
					"parent": "body",
					"pivot": [3, 5, -1],
					"cubes": [
						{"origin": [1.5, 0, -2.5], "size": [3, 6, 3], "uv": [37, 21]}
					]
				}
			]
		}
	]
}