{
	"format_version": "1.12.0",
	"minecraft:geometry": [
		{
			"description": {
				"identifier": "geometry.maractus",
				"texture_width": 64,
				"texture_height": 64,
				"visible_bounds_width": 3,
				"visible_bounds_height": 3.5,
				"visible_bounds_offset": [0, 1.25, 0]
			},
			"bones": [
				{
					"name": "maractus",
					"pivot": [0, 0.5, 0]
				},
				{
					"name": "body",
					"parent": "maractus",
					"pivot": [0, 5.75, -0.5],
					"cubes": [
						{"origin": [-2, 7.5, -2.5], "size": [4, 3, 4], "uv": [23, 0]}
					]
				},
				{
					"name": "lowerbody",
					"parent": "body",
					"pivot": [0, 0.5, 0],
					"cubes": [
						{"origin": [-2.5, 2, -3], "size": [5, 4.5, 5], "uv": [0, 25]}
					]
				},
				{
					"name": "tire",
					"parent": "lowerbody",
					"pivot": [0, 3, -0.5],
					"cubes": [
						{"origin": [-0.5, 0, -3.5], "size": [1, 6, 6], "uv": [50, 52]}
					]
				},
				{
					"name": "Tube",
					"parent": "body",
					"pivot": [0, 6.5, -0.5],
					"cubes": [
						{"origin": [-1, 5.5, 0.5], "size": [2, 2, 0], "uv": [56, 0]},
						{"origin": [-1, 5.5, 0.5], "size": [2, 2, 0], "pivot": [0, 6.5, -0.5], "rotation": [0, 90, 0], "uv": [56, 0]},
						{"origin": [-1, 5.5, 0.5], "size": [2, 2, 0], "pivot": [0, 6.5, -0.5], "rotation": [0, 180, 0], "uv": [56, 0]},
						{"origin": [-1, 5.5, 0.5], "size": [2, 2, 0], "pivot": [0, 6.5, -0.5], "rotation": [0, -90, 0], "uv": [56, 0]}
					]
				},
				{
					"name": "head",
					"parent": "body",
					"pivot": [0, 10.5, -0.5],
					"cubes": [
						{"origin": [-4, 10.5, -4], "size": [8, 6, 7], "uv": [0, 0]},
						{"origin": [-2.5, 10.75, -4.025], "size": [5, 2, 0], "inflate": 0.02, "uv": [0, 50], "mirror": true}
					]
				},
				{
					"name": "eyes",
					"parent": "head",
					"pivot": [0, 14, -4.025],
					"cubes": [
						{"origin": [-3.5, 13, -4.025], "size": [2, 2, 0], "inflate": 0.02, "uv": [0, 48]},
						{"origin": [1.5, 13, -4.025], "size": [2, 2, 0], "inflate": 0.02, "uv": [0, 48], "mirror": true}
					]
				},
				{
					"name": "ear_right",
					"parent": "head",
					"pivot": [-3.25, 16, -0.5],
					"rotation": [0, 0, -30],
					"cubes": [
						{"origin": [-4.75, 16, -2], "size": [3, 2, 3], "uv": [19, 40]},
						{"origin": [-5.75, 18, -3], "size": [5, 6, 5], "uv": [15, 19]}
					]
				},
				{
					"name": "ear_petal_right1",
					"parent": "ear_right",
					"pivot": [-3.25, 16, -2],
					"rotation": [-40, 0, 0]
				},
				{
					"name": "ear_petal_right2",
					"parent": "ear_right",
					"pivot": [-3.25, 16, 1],
					"rotation": [40, 0, 0]
				},
				{
					"name": "ear_petal_right3",
					"parent": "ear_right",
					"pivot": [-4.75, 16, -0.5],
					"rotation": [40, -90, 0]
				},
				{
					"name": "ear_petal_right4",
					"parent": "ear_right",
					"pivot": [-1.75, 16, -0.5],
					"rotation": [40, 90, 0]
				},
				{
					"name": "petal_right1",
					"parent": "ear_right",
					"pivot": [-3.25, 24.5, -1.5]
				},
				{
					"name": "petal_right2",
					"parent": "ear_right",
					"pivot": [-3.25, 24.5, 0.5]
				},
				{
					"name": "petal_right3",
					"parent": "ear_right",
					"pivot": [-2.75, 24.5, 0],
					"rotation": [-2.5, 60, 0]
				},
				{
					"name": "petal_right4",
					"parent": "ear_right",
					"pivot": [-2.75, 24.5, -1],
					"rotation": [2.5, -60, 0]
				},
				{
					"name": "petal_right5",
					"parent": "ear_right",
					"pivot": [-3.75, 24.5, -1],
					"rotation": [2.5, 60, 0]
				},
				{
					"name": "petal_right6",
					"parent": "ear_right",
					"pivot": [-3.75, 24.5, 0],
					"rotation": [-2.5, -60, 0]
				},
				{
					"name": "ear_left",
					"parent": "head",
					"pivot": [3.25, 16, -0.5],
					"rotation": [0, 0, 30],
					"cubes": [
						{"origin": [1.75, 16, -2], "size": [3, 2, 3], "uv": [7, 40]},
						{"origin": [0.75, 18, -3], "size": [5, 6, 5], "uv": [0, 13]}
					]
				},
				{
					"name": "ear_petal_left1",
					"parent": "ear_left",
					"pivot": [3.25, 16, -2],
					"rotation": [-40, 0, 0]
				},
				{
					"name": "ear_petal_left2",
					"parent": "ear_left",
					"pivot": [3.25, 16, 1],
					"rotation": [40, 0, 0]
				},
				{
					"name": "ear_petal_left3",
					"parent": "ear_left",
					"pivot": [4.75, 16, -0.5],
					"rotation": [40, 90, 0]
				},
				{
					"name": "ear_petal_left4",
					"parent": "ear_left",
					"pivot": [1.75, 16, -0.5],
					"rotation": [40, -90, 0]
				},
				{
					"name": "petal_left1",
					"parent": "ear_left",
					"pivot": [3.25, 24.5, -1.5]
				},
				{
					"name": "petal_left2",
					"parent": "ear_left",
					"pivot": [3.25, 24.5, 0.5]
				},
				{
					"name": "petal_left3",
					"parent": "ear_left",
					"pivot": [2.75, 24.5, 0],
					"rotation": [-2.5, -60, 0]
				},
				{
					"name": "petal_left4",
					"parent": "ear_left",
					"pivot": [2.75, 24.5, -1],
					"rotation": [2.5, 60, 0]
				},
				{
					"name": "petal_left5",
					"parent": "ear_left",
					"pivot": [3.75, 24.5, -1],
					"rotation": [2.5, -60, 0]
				},
				{
					"name": "petal_left6",
					"parent": "ear_left",
					"pivot": [3.75, 24.5, 0],
					"rotation": [-2.5, 60, 0]
				},
				{
					"name": "petal_right",
					"parent": "body",
					"pivot": [-2, 10.5, -0.5],
					"rotation": [0, 0, -5]
				},
				{
					"name": "petal_left",
					"parent": "body",
					"pivot": [2, 10.5, -0.5],
					"rotation": [0, 0, 5]
				},
				{
					"name": "petal_front",
					"parent": "body",
					"pivot": [0, 10.5, -2.5],
					"rotation": [75, 0, 0]
				},
				{
					"name": "petal_back",
					"parent": "body",
					"pivot": [-0.5, 10.5, 1.5],
					"rotation": [-75, 0, 0]
				},
				{
					"name": "arm_right1",
					"parent": "body",
					"pivot": [-2, 9.25, -0.5],
					"cubes": [
						{"origin": [-4, 8.25, -1.5], "size": [2, 2, 2], "uv": [29, 44]}
					]
				},
				{
					"name": "arm_right2",
					"parent": "arm_right1",
					"pivot": [-4, 9.25, 0.5],
					"cubes": [
						{"origin": [-9, 7.75, -2], "size": [5, 3, 3], "uv": [32, 27]}
					]
				},
				{
					"name": "finger_right1",
					"parent": "arm_right2",
					"pivot": [-9, 10.25, -0.5],
					"rotation": [10, 0, 0],
					"cubes": [
						{"origin": [-10, 9.75, -0.5], "size": [1, 1, 0], "inflate": 0.02, "uv": [0, 13]}
					]
				},
				{
					"name": "finger_right2",
					"parent": "arm_right2",
					"pivot": [-9, 9.25, 0.25],
					"rotation": [0, 10, 0],
					"cubes": [
						{"origin": [-10, 8.75, 0.25], "size": [1, 1, 0], "inflate": 0.02, "uv": [4, 2]}
					]
				},
				{
					"name": "finger_right3",
					"parent": "arm_right2",
					"pivot": [-9, 8.25, -0.5],
					"rotation": [-10, 0, 0],
					"cubes": [
						{"origin": [-10, 7.75, -0.5], "size": [1, 1, 0], "inflate": 0.02, "uv": [2, 2]}
					]
				},
				{
					"name": "arm_left1",
					"parent": "body",
					"pivot": [2, 9.25, -0.5],
					"cubes": [
						{"origin": [2, 8.25, -1.5], "size": [2, 2, 2], "uv": [0, 43]}
					]
				},
				{
					"name": "arm_left2",
					"parent": "arm_left1",
					"pivot": [4, 9.25, 0.5],
					"cubes": [
						{"origin": [4, 7.75, -2], "size": [5, 3, 3], "uv": [30, 7]}
					]
				},
				{
					"name": "finger_left1",
					"parent": "arm_left2",
					"pivot": [9, 10.25, -0.5],
					"rotation": [10, 0, 0],
					"cubes": [
						{"origin": [9, 9.75, -0.5], "size": [1, 1, 0], "inflate": 0.02, "uv": [0, 2]}
					]
				},
				{
					"name": "finger_left2",
					"parent": "arm_left2",
					"pivot": [9, 9.25, 0.25],
					"rotation": [0, -10, 0],
					"cubes": [
						{"origin": [9, 8.75, 0.25], "size": [1, 1, 0], "inflate": 0.02, "uv": [0, 1]}
					]
				},
				{
					"name": "finger_left3",
					"parent": "arm_left2",
					"pivot": [9, 8.25, -0.5],
					"rotation": [-10, 0, 0],
					"cubes": [
						{"origin": [9, 7.75, -0.5], "size": [1, 1, 0], "inflate": 0.02, "uv": [0, 0]}
					]
				},
				{
					"name": "foot1",
					"parent": "body",
					"pivot": [-1.25, 1.5, -2.25],
					"rotation": [15, 25, 0]
				},
				{
					"name": "foot2",
					"parent": "body",
					"pivot": [1.25, 1.5, -2.25],
					"rotation": [15, -30, 0]
				},
				{
					"name": "foot3",
					"parent": "body",
					"pivot": [2, 1.5, 0],
					"rotation": [0, -15, 15]
				},
				{
					"name": "foot4",
					"parent": "body",
					"pivot": [-2, 1.5, 0],
					"rotation": [0, 15, -15]
				},
				{
					"name": "foot5",
					"parent": "body",
					"pivot": [0, 1.5, 1.75],
					"rotation": [-15, 0, 0]
				}
			]
		}
	]
}