{
	"format_version": "1.12.0",
	"minecraft:geometry": [
		{
			"description": {
				"identifier": "geometry.deltapidgeot",
				"texture_width": 64,
				"texture_height": 64,
				"visible_bounds_width": 7,
				"visible_bounds_height": 4,
				"visible_bounds_offset": [0, 1, 0]
			},
			"bones": [
				{
					"name": "pidgeot",
					"pivot": [0, 0, 0]
				},
				{
					"name": "body",
					"parent": "pidgeot",
					"pivot": [0, 7.5, 0]
				},
				{
					"name": "torso",
					"parent": "body",
					"pivot": [0, 5.5, 1],
					"rotation": [-15, 0, 0],
					"cubes": [
						{"origin": [-3, 4, -5.25], "size": [6, 6, 6], "uv": [17, 16]},
						{"origin": [-2.5, 4.5, 0.25], "size": [5, 5, 5], "uv": [0, 23]},
						{"origin": [-2.5, 9.4, 4.25], "size": [5, 0, 4], "pivot": [0, 9.2, 6.25], "rotation": [7.5, 0, 0], "uv": [-4, 45]}
					]
				},
				{
					"name": "neck",
					"parent": "torso",
					"pivot": [0, 7, -3],
					"rotation": [20, 0, 0]
				},
				{
					"name": "head_ai",
					"parent": "neck",
					"pivot": [0, 8, -3],
					"cubes": [
						{"origin": [-2.5, 6, -5.5], "size": [5, 6, 5], "uv": [17, 28]}
					]
				},
				{
					"name": "bone",
					"parent": "head_ai",
					"pivot": [0, 10.39646, 0.06004],
					"cubes": [
						{"origin": [-2.5, 4.5, 7.2], "size": [5, 6, 0], "pivot": [0, 0, 0], "rotation": [43.5, 0, 0], "uv": [54, 0]}
					]
				},
				{
					"name": "frontfur",
					"parent": "head_ai",
					"pivot": [0, 7.28581, -6.06687],
					"cubes": [
						{"origin": [-3, 2.8, -7.5], "size": [6, 6, 0], "pivot": [0, 0, 0], "rotation": [-12.5, 0, 0], "uv": [52, 6]}
					]
				},
				{
					"name": "head",
					"parent": "head_ai",
					"pivot": [0, 12.5, -3],
					"rotation": [-5, 0, 0],
					"cubes": [
						{"origin": [-2.5, 10, -5.5], "size": [5, 5, 5], "inflate": 0.01, "uv": [0, 34]},
						{"origin": [-1, 11.75, -8], "size": [2, 1, 3], "inflate": 0.01, "pivot": [0, 12.25, -5.5], "rotation": [7.5, 0, 0], "uv": [42, 18]}
					]
				},
				{
					"name": "eyelid_left",
					"parent": "head",
					"pivot": [2, 13.5, -4.25],
					"cubes": [
						{"origin": [1.4, 13, -5.4], "size": [1, 1, 2], "inflate": 0.02, "uv": [0, 7]}
					]
				},
				{
					"name": "eyelid_right",
					"parent": "head",
					"pivot": [-1.75, 13.5, -4.4],
					"cubes": [
						{"origin": [-2.4, 13, -5.4], "size": [1, 1, 2], "inflate": 0.02, "uv": [0, 17]}
					]
				},
				{
					"name": "jaw",
					"parent": "head",
					"pivot": [0, 11.75, -5.5],
					"rotation": [-5, 0, 0],
					"cubes": [
						{"origin": [-1, 10.75, -7.5], "size": [2, 1, 3], "uv": [42, 0]},
						{"origin": [-1.5, 8.75, -6.1], "size": [3, 2, 1], "uv": [14, 1]}
					]
				},
				{
					"name": "hair",
					"parent": "head",
					"pivot": [0, 12.5, -5.61927],
					"cubes": [
						{"origin": [-2.5, 12.5, -5.6196], "size": [5, 3, 0], "uv": [42, 4]},
						{"origin": [-1.5, 14.62434, -12.90746], "size": [3, 2, 4], "pivot": [2, -1.37566, -7.28836], "rotation": [-25, 0, 0], "uv": [42, 48]},
						{"origin": [-2.5, 14.5, -5.6191], "size": [5, 1, 5], "uv": [36, 58]},
						{"origin": [-2.5, 15.5, -1.6191], "size": [5, 2, 1], "uv": [41, 55]},
						{"origin": [-1.5, 17.5, -1.6191], "size": [3, 1, 1], "uv": [45, 13]}
					]
				},
				{
					"name": "leftmiddle",
					"parent": "hair",
					"pivot": [-0.86671, 6.61035, -8.99072],
					"cubes": [
						{"origin": [2.54787, 21.24277, 4.05309], "size": [2, 2, 3], "pivot": [2.94787, 5.24277, 10.17219], "rotation": [36.91088, 20.9103, 11.70979], "uv": [54, 41]},
						{"origin": [0.45774, 17.958, 1.44125], "size": [2, 2, 1], "pivot": [0.85774, 1.958, 6.56035], "rotation": [14.41088, 20.9103, 11.70979], "uv": [58, 38]},
						{"origin": [-0.68323, 18.0539, 2.30064], "size": [2, 2, 2], "pivot": [-0.28323, 2.05357, 6.41974], "rotation": [13.52782, 6.34867, 7.9938], "uv": [56, 34]},
						{"origin": [-1.6811, 17.12645, -3.4258], "size": [2, 2, 5], "pivot": [-1.28152, 1.12645, -1.3067], "rotation": [-11.47218, 6.34867, 7.9938], "uv": [50, 27]},
						{"origin": [-1.26671, 23.61035, -6.10982], "size": [1, 1, 3], "pivot": [-0.86671, 6.61035, -8.99072], "rotation": [-41.47218, 6.34867, 7.9938], "uv": [56, 23]}
					]
				},
				{
					"name": "rightmiddle",
					"parent": "hair",
					"pivot": [-1.67, 17.16274, 0.54203],
					"cubes": [
						{"origin": [-4.54787, 21.24277, 4.05309], "size": [2, 2, 3], "pivot": [-2.94787, 5.24277, 10.17219], "rotation": [36.91088, -20.9103, -11.70979], "uv": [54, 41], "mirror": true},
						{"origin": [-2.45774, 17.958, 1.44125], "size": [2, 2, 1], "pivot": [-0.85774, 1.958, 6.56035], "rotation": [14.41088, -20.9103, -11.70979], "uv": [58, 38], "mirror": true},
						{"origin": [-1.31677, 18.0539, 2.30064], "size": [2, 2, 2], "pivot": [0.28323, 2.05357, 6.41974], "rotation": [13.52782, -6.34867, -7.9938], "uv": [56, 34], "mirror": true},
						{"origin": [-0.3182, 17.12645, -3.4258], "size": [2, 2, 5], "pivot": [1.28152, 1.12645, -1.3067], "rotation": [-11.47218, -6.34867, -7.9938], "uv": [50, 27], "mirror": true},
						{"origin": [0.26671, 23.61035, -6.10982], "size": [1, 1, 3], "pivot": [0.86671, 6.61035, -8.99072], "rotation": [-41.47218, -6.34867, -7.9938], "uv": [56, 23], "mirror": true}
					]
				},
				{
					"name": "left",
					"parent": "hair",
					"pivot": [-4.95446, 5.49724, -10.62092],
					"cubes": [
						{"origin": [-7.56699, 16.58336, -11.49395], "size": [2, 2, 2], "pivot": [-7.06699, 0.58336, -6.37485], "rotation": [-21.99054, 12.19908, 27.62113], "uv": [56, 60]},
						{"origin": [-5.081, 16.97138, -2.13934], "size": [2, 2, 4], "pivot": [-4.58144, 0.97138, 2.97976], "rotation": [8.00946, 12.19908, 27.62113], "uv": [52, 50]},
						{"origin": [-6.41696, 17.62625, -5.01715], "size": [2, 2, 2], "pivot": [-5.91696, 1.62625, -3.89805], "rotation": [-14.49054, 12.19908, 27.62113], "uv": [56, 56]},
						{"origin": [-5.45446, 22.49724, -9.74002], "size": [1, 1, 3], "pivot": [-4.95446, 5.49724, -10.62092], "rotation": [-39.49054, 12.19908, 27.62113], "uv": [56, 46]}
					]
				},
				{
					"name": "right",
					"parent": "hair",
					"pivot": [4.95446, 5.49724, -10.62092],
					"cubes": [
						{"origin": [5.56699, 16.58336, -11.49395], "size": [2, 2, 2], "pivot": [7.06699, 0.58336, -6.37485], "rotation": [-21.99054, -12.19908, -27.62113], "uv": [56, 60], "mirror": true},
						{"origin": [3.081, 16.97138, -2.13934], "size": [2, 2, 4], "pivot": [4.58144, 0.97138, 2.97976], "rotation": [8.00946, -12.19908, -27.62113], "uv": [52, 50], "mirror": true},
						{"origin": [4.41696, 17.62625, -5.01715], "size": [2, 2, 2], "pivot": [5.91696, 1.62625, -3.89805], "rotation": [-14.49054, -12.19908, -27.62113], "uv": [56, 56], "mirror": true},
						{"origin": [4.45446, 22.49724, -9.74002], "size": [1, 1, 3], "pivot": [4.95446, 5.49724, -10.62092], "rotation": [-39.49054, -12.19908, -27.62113], "uv": [56, 46], "mirror": true}
					]
				},
				{
					"name": "middle",
					"parent": "hair",
					"pivot": [4, 10.08053, -18.90373],
					"cubes": [
						{"origin": [-1, 18.24541, -18.41075], "size": [2, 1, 3], "pivot": [3, 0.24541, -12.79165], "rotation": [-42.5, 0, 0], "uv": [54, 13]},
						{"origin": [-1, 22.80323, -23.48715], "size": [2, 3, 2], "pivot": [3, 3.80323, -17.86805], "rotation": [-60.5, 0, 0], "uv": [54, 17]},
						{"origin": [-0.5, 29.08053, -24.52283], "size": [1, 3, 1], "pivot": [4, 10.08053, -18.90373], "rotation": [-78, 0, 0], "uv": [55, 22]}
					]
				},
				{
					"name": "tail",
					"parent": "torso",
					"pivot": [0, 6.5, 5.25],
					"cubes": [
						{"origin": [-2.5, 5, 5.25], "size": [5, 4, 5], "uv": [15, 39]}
					]
				},
				{
					"name": "segment1",
					"parent": "tail",
					"pivot": [0, 7, 9.75],
					"cubes": [
						{"origin": [-2, 5, 10.25], "size": [4, 4, 5], "uv": [36, 39]}
					]
				},
				{
					"name": "segment2",
					"parent": "segment1",
					"pivot": [0, 7.09587, 15.46376],
					"cubes": [
						{"origin": [-1.5, 5.21088, 15.37028], "size": [3, 3, 6], "uv": [22, 53]}
					]
				},
				{
					"name": "segment3",
					"parent": "segment2",
					"pivot": [0, 6.77186, 21.98336],
					"cubes": [
						{"origin": [-1, 5.33206, 21.49073], "size": [2, 2, 4], "uv": [14, 52]}
					]
				},
				{
					"name": "segment4",
					"parent": "segment3",
					"pivot": [0, 6.33206, 25.49073],
					"cubes": [
						{"origin": [-1, 5.33206, 25.49073], "size": [2, 2, 4], "uv": [14, 58]}
					]
				},
				{
					"name": "segment5",
					"parent": "segment4",
					"pivot": [0.36591, 7.09826, 28.92256],
					"cubes": [
						{"origin": [-0.13409, 6.59826, 29.42256], "size": [1, 1, 3], "uv": [37, 51]}
					]
				},
				{
					"name": "segment6",
					"parent": "segment5",
					"pivot": [0.36591, 7.09826, 32.42256],
					"cubes": [
						{"origin": [-0.13409, 6.59826, 32.42256], "size": [1, 1, 4], "uv": [45, 22]}
					]
				},
				{
					"name": "fluff",
					"parent": "segment6",
					"pivot": [0.36591, 7.09826, 32.92256],
					"cubes": [
						{"origin": [-3.13409, 7.09826, 32.42256], "size": [7, 0, 11], "uv": [-11, 53]}
					]
				},
				{
					"name": "wing_right",
					"parent": "torso",
					"pivot": [-3, 7.25, -3.5],
					"cubes": [
						{"origin": [-8, 7.25, -7], "size": [5, 0, 7], "uv": [28, 14]}
					]
				},
				{
					"name": "wing_right2",
					"parent": "wing_right",
					"pivot": [-8, 7.25, 0],
					"cubes": [
						{"origin": [-14, 7.25, -7], "size": [6, 0, 7], "inflate": 0.01, "uv": [23, 0]}
					]
				},
				{
					"name": "wing_right3",
					"parent": "wing_right2",
					"pivot": [-14, 7.25, -7],
					"cubes": [
						{"origin": [-22, 7.25, -7], "size": [8, 0, 7], "uv": [0, 15]}
					]
				},
				{
					"name": "wing_left",
					"parent": "torso",
					"pivot": [3, 7.25, -3.5],
					"cubes": [
						{"origin": [3, 7.25, -7], "size": [5, 0, 7], "uv": [28, 7]}
					]
				},
				{
					"name": "wing_left2",
					"parent": "wing_left",
					"pivot": [8, 7.25, 0],
					"cubes": [
						{"origin": [8, 7.25, -7], "size": [6, 0, 7], "inflate": 0.01, "uv": [16, 8]}
					]
				},
				{
					"name": "wing_left3",
					"parent": "wing_left2",
					"pivot": [14, 7.25, -7],
					"cubes": [
						{"origin": [14, 7.25, -7], "size": [8, 0, 7], "uv": [0, 8]}
					]
				},
				{
					"name": "leg_right",
					"parent": "body",
					"pivot": [-2.25, 5.25, 1],
					"cubes": [
						{"origin": [-3.25, 3, -1], "size": [2, 3, 4], "uv": [18, 0]}
					]
				},
				{
					"name": "leg_right2",
					"parent": "leg_right",
					"pivot": [-2.25, 3, 2],
					"cubes": [
						{"origin": [-2.75, 1, 1], "size": [1, 3, 1], "uv": [0, 10]}
					]
				},
				{
					"name": "foot_right",
					"parent": "leg_right2",
					"pivot": [-2.25, 1, 1.5],
					"cubes": [
						{"origin": [-3.25, 0, -0.5], "size": [2, 1, 3], "inflate": 0.02, "uv": [1, 4]}
					]
				},
				{
					"name": "toe_back_right",
					"parent": "foot_right",
					"pivot": [-2.25, 1, 2.5],
					"cubes": [
						{"origin": [-2.25, 0, 2.5], "size": [0, 1, 1], "inflate": 0.01, "uv": [2, 25]}
					]
				},
				{
					"name": "claw_back_right",
					"parent": "toe_back_right",
					"pivot": [-2.25, 1, 3.5],
					"cubes": [
						{"origin": [-2.25, 0, 3.5], "size": [0, 1, 1], "uv": [2, 24]}
					]
				},
				{
					"name": "toe_outer_right",
					"parent": "foot_right",
					"pivot": [-3.25, 1, -0.5],
					"cubes": [
						{"origin": [-3.25, 0, -1.5], "size": [0, 1, 1], "uv": [0, -1]}
					]
				},
				{
					"name": "toe_outer_right2",
					"parent": "toe_outer_right",
					"pivot": [-3.25, 1, -1.5],
					"cubes": [
						{"origin": [-3.25, 0, -2.5], "size": [0, 1, 1], "inflate": 0.01, "uv": [2, -1]}
					]
				},
				{
					"name": "claw_outer_right",
					"parent": "toe_outer_right2",
					"pivot": [-3.25, 1, -2.5],
					"cubes": [
						{"origin": [-3.25, 0, -3.5], "size": [0, 1, 1], "uv": [0, 21]}
					]
				},
				{
					"name": "toe_middle_right",
					"parent": "foot_right",
					"pivot": [-2.25, 1, -0.5],
					"cubes": [
						{"origin": [-2.25, 0, -1.5], "size": [0, 1, 1], "uv": [0, 0]}
					]
				},
				{
					"name": "toe_middle_right2",
					"parent": "toe_middle_right",
					"pivot": [-2.25, 1, -1.5],
					"cubes": [
						{"origin": [-2.25, 0, -2.5], "size": [0, 1, 1], "inflate": 0.01, "uv": [2, 0]}
					]
				},
				{
					"name": "claw_middle_right",
					"parent": "toe_middle_right2",
					"pivot": [-2.25, 1, -2.5],
					"cubes": [
						{"origin": [-2.25, 0, -3.5], "size": [0, 1, 1], "uv": [0, 24]}
					]
				},
				{
					"name": "toe_inner_right",
					"parent": "foot_right",
					"pivot": [-1.25, 1, -0.5],
					"cubes": [
						{"origin": [-1.25, 0, -1.5], "size": [0, 1, 1], "uv": [0, 1]}
					]
				},
				{
					"name": "toe_inner_right2",
					"parent": "toe_inner_right",
					"pivot": [-1.25, 1, -1.5],
					"cubes": [
						{"origin": [-1.25, 0, -2.5], "size": [0, 1, 1], "inflate": 0.01, "uv": [2, 1]}
					]
				},
				{
					"name": "claw_inner_right",
					"parent": "toe_inner_right2",
					"pivot": [-1.25, 1, -2.5],
					"cubes": [
						{"origin": [-1.25, 0, -3.5], "size": [0, 1, 1], "uv": [0, 20]}
					]
				},
				{
					"name": "leg_left",
					"parent": "body",
					"pivot": [2.25, 5.25, 1],
					"cubes": [
						{"origin": [1.25, 3, -1], "size": [2, 3, 4], "uv": [37, 24]}
					]
				},
				{
					"name": "leg_left2",
					"parent": "leg_left",
					"pivot": [2.25, 3, 2],
					"cubes": [
						{"origin": [1.75, 1, 1], "size": [1, 3, 1], "uv": [3, 13]}
					]
				},
				{
					"name": "foot_left",
					"parent": "leg_left2",
					"pivot": [2.25, 1, 1.5],
					"cubes": [
						{"origin": [1.25, 0, -0.5], "size": [2, 1, 3], "inflate": 0.02, "uv": [45, 9]}
					]
				},
				{
					"name": "toe_back_left",
					"parent": "foot_left",
					"pivot": [2.25, 1, 2.5],
					"cubes": [
						{"origin": [2.25, 0, 2.5], "size": [0, 1, 1], "inflate": 0.01, "uv": [2, 23]}
					]
				},
				{
					"name": "claw_back_left",
					"parent": "toe_back_left",
					"pivot": [2.25, 1, 3.5],
					"cubes": [
						{"origin": [2.25, 0, 3.5], "size": [0, 1, 1], "uv": [2, 22]}
					]
				},
				{
					"name": "toe_inner_left",
					"parent": "foot_left",
					"pivot": [1.25, 1, -0.5],
					"cubes": [
						{"origin": [1.25, 0, -1.5], "size": [0, 1, 1], "uv": [0, 2]}
					]
				},
				{
					"name": "toe_inner_left2",
					"parent": "toe_inner_left",
					"pivot": [1.25, 1, -1.5],
					"cubes": [
						{"origin": [1.25, 0, -2.5], "size": [0, 1, 1], "inflate": 0.01, "uv": [2, 2]}
					]
				},
				{
					"name": "claw_inner_left",
					"parent": "toe_inner_left2",
					"pivot": [1.25, 1, -2.5],
					"cubes": [
						{"origin": [1.25, 0, -3.5], "size": [0, 1, 1], "uv": [0, 22]}
					]
				},
				{
					"name": "toe_middle_left",
					"parent": "foot_left",
					"pivot": [2.25, 1, -0.5],
					"cubes": [
						{"origin": [2.25, 0, -1.5], "size": [0, 1, 1], "uv": [0, 3]}
					]
				},
				{
					"name": "toe_middle_left2",
					"parent": "toe_middle_left",
					"pivot": [2.25, 1, -1.5],
					"cubes": [
						{"origin": [2.25, 0, -2.5], "size": [0, 1, 1], "inflate": 0.01, "uv": [2, 3]}
					]
				},
				{
					"name": "claw_middle_left",
					"parent": "toe_middle_left2",
					"pivot": [2.25, 1, -2.5],
					"cubes": [
						{"origin": [2.25, 0, -3.5], "size": [0, 1, 1], "uv": [0, 25]}
					]
				},
				{
					"name": "toe_outer_left",
					"parent": "foot_left",
					"pivot": [3.25, 1, -0.5],
					"cubes": [
						{"origin": [3.25, 0, -1.5], "size": [0, 1, 1], "uv": [0, 4]}
					]
				},
				{
					"name": "toe_outer_left2",
					"parent": "toe_outer_left",
					"pivot": [3.25, 1, -1.5],
					"cubes": [
						{"origin": [3.25, 0, -2.5], "size": [0, 1, 1], "inflate": 0.01, "uv": [2, 4]}
					]
				},
				{
					"name": "claw_outer_left",
					"parent": "toe_outer_left2",
					"pivot": [3.25, 1, -2.5],
					"cubes": [
						{"origin": [3.25, 0, -3.5], "size": [0, 1, 1], "uv": [0, 23]}
					]
				}
			]
		}
	]
}