{
	"format_version": "1.12.0",
	"minecraft:geometry": [
		{
			"description": {
				"identifier": "geometry.unknown",
				"texture_width": 64,
				"texture_height": 64,
				"visible_bounds_width": 2,
				"visible_bounds_height": 2.5,
				"visible_bounds_offset": [0, 0.75, 0]
			},
			"bones": [
				{
					"name": "root",
					"pivot": [0, 0.1, 0]
				},
				{
					"name": "inner",
					"parent": "root",
					"pivot": [0, 5, 0],
					"cubes": [
						{"origin": [-4, 1, -4], "size": [8, 8, 8], "uv": [3, 27]}
					]
				},
				{
					"name": "eyes",
					"parent": "inner",
					"pivot": [0, 5, 0]
				},
				{
					"name": "RightEye",
					"parent": "eyes",
					"pivot": [0, 5, 0],
					"cubes": [
						{"origin": [-2.7, 5.3, -4.1], "size": [2, 1, 0], "uv": [0, 63]}
					]
				},
				{
					"name": "LeftEye",
					"parent": "eyes",
					"pivot": [0, 5, 0],
					"cubes": [
						{"origin": [0.7, 5.3, -4.1], "size": [2, 1, 0], "uv": [0, 63]}
					]
				},
				{
					"name": "Mouth",
					"parent": "inner",
					"pivot": [0, 5, 0],
					"cubes": [
						{"origin": [-2, 3, -4.1], "size": [4, 1, 0], "uv": [0, 63]},
						{"origin": [2, 3.2, -4.1], "size": [1, 1, 0], "uv": [0, 63]},
						{"origin": [-3, 3.2, -4.1], "size": [1, 1, 0], "uv": [0, 63]}
					]
				},
				{
					"name": "outer",
					"parent": "root",
					"pivot": [0, 5, 0],
					"cubes": [
						{"origin": [-5, 0, -5], "size": [0, 10, 10], "uv": [2, -10]},
						{"origin": [-5, 0, -5], "size": [0, 10, 10], "pivot": [0, 0, 0], "rotation": [0, -90, 0], "uv": [2, -10]},
						{"origin": [-5, 0, -5], "size": [0, 10, 10], "pivot": [0, 0, 0], "rotation": [0, 180, 0], "uv": [2, -10]},
						{"origin": [-5, 0, -5], "size": [0, 10, 10], "pivot": [0, 0, 0], "rotation": [0, 90, 0], "uv": [2, -10]},
						{"origin": [-10, -5, -5], "size": [0, 10, 10], "pivot": [0, 0, 0], "rotation": [90, 0, 90], "uv": [2, -10]},
						{"origin": [0, -5, -5], "size": [0, 10, 10], "pivot": [0, 0, 0], "rotation": [-90, 0, -90], "uv": [2, -10]}
					]
				}
			]
		}
	]
}