{
	"format_version": "1.12.0",
	"minecraft:geometry": [
		{
			"description": {
				"identifier": "geometry.deltadugtrio",
				"texture_width": 128,
				"texture_height": 128,
				"visible_bounds_width": 3,
				"visible_bounds_height": 3.5,
				"visible_bounds_offset": [0, 1.25, 0]
			},
			"bones": [
				{
					"name": "dugtrio",
					"pivot": [0, 1, -0.5]
				},
				{
					"name": "ground",
					"parent": "dugtrio",
					"pivot": [0, -0.5, 0],
					"cubes": [
						{"origin": [-10, -3, -11.5], "size": [22, 5, 21], "uv": [0, 18]}
					]
				},
				{
					"name": "body1",
					"parent": "ground",
					"pivot": [-4, 0, -3.75],
					"rotation": [0, 5, -2.5]
				},
				{
					"name": "body1_0",
					"parent": "body1",
					"pivot": [-4, 0, -5.75]
				},
				{
					"name": "body",
					"parent": "body1_0",
					"pivot": [0, 2, -5.5],
					"cubes": [
						{"origin": [-8.7818, 0.45065, -9.2876], "size": [9, 11, 7], "uv": [0, 0]},
						{"origin": [-7.9318, 7.36977, -10.10067], "size": [3, 2, 0], "pivot": [0, 0, -2], "rotation": [-5, 0, 0], "uv": [0, 0]},
						{"origin": [-3.6318, 7.36977, -10.10067], "size": [3, 2, 0], "pivot": [0, 0, -2], "rotation": [-5, 0, 0], "uv": [0, 0], "mirror": true},
						{"origin": [-6.2818, 5.95065, -10.2876], "size": [4, 2, 1], "uv": [0, 18]},
						{"origin": [-5.6818, 2.08247, -9.392], "size": [3, 2, 0], "pivot": [0, 3.47792, -5.61062], "rotation": [-7.5, 0, 0], "uv": [0, 21]}
					]
				},
				{
					"name": "bone2",
					"parent": "body",
					"pivot": [-3.46461, 7.11011, 1.00088],
					"cubes": [
						{"origin": [-3.6203, 6.583, -2.60831], "size": [4, 4, 0], "pivot": [3.46461, 7.11011, 1.00088], "rotation": [21.63716, 6.97562, -10.36615], "uv": [48, 56]},
						{"origin": [-8.74118, 4.77343, -2.22553], "size": [4, 4, 0], "pivot": [-3.46461, 7.11011, 1.00088], "rotation": [21.63716, -6.97562, 10.36615], "uv": [48, 56], "mirror": true}
					]
				},
				{
					"name": "bone",
					"parent": "body",
					"pivot": [-4, 5.75, -3.5],
					"cubes": [
						{"origin": [-8.47616, 2.65065, -8.99504], "size": [3, 6, 0], "pivot": [-4, 5.75, -3.5], "rotation": [0, 32.5, 0], "uv": [50, 60], "mirror": true},
						{"origin": [-1.62384, 2.45065, -4.39504], "size": [3, 6, 0], "pivot": [4, 5.75, -3.5], "rotation": [0, -32.5, 0], "uv": [50, 60]}
					]
				},
				{
					"name": "bone3",
					"parent": "body",
					"pivot": [-0.11464, 11.05, -4.2],
					"cubes": [
						{"origin": [-5.37871, 10.75455, -7.01753], "size": [3, 2, 0], "pivot": [-0.4, 11.05, -5.1], "rotation": [-8.26511, -24.77164, 3.48303], "uv": [50, 66]},
						{"origin": [-4.91483, 10.70411, -10.35351], "size": [3, 2, 0], "pivot": [0.16773, 10.99956, -4.71684], "rotation": [-8.26511, 24.77164, -3.48303], "uv": [50, 66], "mirror": true}
					]
				},
				{
					"name": "leftear",
					"parent": "body",
					"pivot": [4.3404, 10.97422, -3],
					"cubes": [
						{"origin": [-11.1203, 3.95764, -7.2876], "size": [4, 5, 1], "pivot": [0, 0, -2], "rotation": [0, 0, 55], "uv": [40, 61]}
					]
				},
				{
					"name": "rightear",
					"parent": "body",
					"pivot": [-3.65938, 9.80516, -3],
					"cubes": [
						{"origin": [-2.19236, 10.5703, -7.2876], "size": [4, 6, 1], "pivot": [0, 0, -2], "rotation": [0, 0, -35], "uv": [40, 61], "mirror": true}
					]
				},
				{
					"name": "body2",
					"parent": "ground",
					"pivot": [6.15, -1.5, -3.65],
					"rotation": [0, -5, 2.5],
					"cubes": [
						{"origin": [8.44118, 9.30581, -4.7876], "size": [4, 6, 1], "pivot": [9.84118, 11.00581, -4.6876], "rotation": [-40.73074, 13.35981, 50.02126], "uv": [40, 61]},
						{"origin": [-0.1586, 8.67487, -4.7876], "size": [4, 5, 1], "pivot": [1.8414, 11.17487, -4.6876], "rotation": [-20, 0, -55], "uv": [40, 61], "mirror": true},
						{"origin": [1.6818, 0.45065, -7.1876], "size": [9, 11, 7], "uv": [0, 0], "mirror": true},
						{"origin": [1.6818, 11.45065, -6.1876], "size": [9, 4, 0], "uv": [38, 68], "mirror": true},
						{"origin": [2.6682, 7.36977, -8.10067], "size": [3, 2, 0], "pivot": [10.6, 0, 0], "rotation": [-5, 0, 0], "uv": [0, 0]},
						{"origin": [6.9682, 7.36977, -8.10067], "size": [3, 2, 0], "pivot": [10.6, 0, 0], "rotation": [-5, 0, 0], "uv": [0, 0], "mirror": true},
						{"origin": [4.3182, 5.95065, -8.2876], "size": [4, 2, 1], "uv": [0, 18]},
						{"origin": [4.9182, 3.08247, -7.392], "size": [3, 2, 0], "pivot": [10.6, 3.47792, -3.61062], "rotation": [-7.5, 0, 0], "uv": [0, 21]},
						{"origin": [8.77616, 2.45065, -2.29504], "size": [3, 6, 0], "pivot": [14.4, 5.75, -1.4], "rotation": [0, -32.5, 0], "uv": [50, 60]},
						{"origin": [1.92384, 2.65065, -6.89504], "size": [3, 6, 0], "pivot": [6.4, 5.75, -1.4], "rotation": [0, 32.5, 0], "uv": [50, 60], "mirror": true}
					]
				},
				{
					"name": "bone4",
					"parent": "body2",
					"pivot": [6.93539, 7.11011, 3.10088],
					"cubes": [
						{"origin": [6.7797, 6.583, -0.50831], "size": [4, 4, 0], "pivot": [13.86461, 7.11011, 3.10088], "rotation": [21.63716, 6.97562, -10.36615], "uv": [48, 56]},
						{"origin": [1.65882, 4.77343, -0.12553], "size": [4, 4, 0], "pivot": [6.93539, 7.11011, 3.10088], "rotation": [21.63716, -6.97562, 10.36615], "uv": [48, 56], "mirror": true}
					]
				},
				{
					"name": "body3",
					"parent": "ground",
					"pivot": [1, 1.5, 4],
					"cubes": [
						{"origin": [-1.7818, 10.88247, -0.492], "size": [3, 2, 0], "pivot": [10.6, 5.47792, -3.61062], "rotation": [-7.5, 0, 0], "uv": [0, 21]},
						{"origin": [-3.5, 1.5, 0.5], "size": [9, 18, 8], "uv": [0, 54]},
						{"origin": [-4.7, 17.3, 3.9], "size": [11, 5, 0], "pivot": [1, 21.5, 4.5], "rotation": [-23.40084, -46.21555, 16.87315], "uv": [34, 72]},
						{"origin": [3.94118, 17.60581, 2.5124], "size": [4, 6, 1], "pivot": [4.54118, 19.00581, 3.0124], "rotation": [0, 0, 65], "uv": [40, 61]},
						{"origin": [3.7203, 10.75764, 2.5124], "size": [4, 6, 1], "pivot": [-3.4, 8, 7.8], "rotation": [0, 0, -67.5], "uv": [40, 61], "mirror": true},
						{"origin": [-2.6318, 15.36977, -0.40067], "size": [3, 2, 0], "pivot": [5.3, 8, 7.7], "rotation": [-5, 0, 0], "uv": [0, 0]},
						{"origin": [-0.9818, 13.95065, -0.5876], "size": [4, 2, 1], "uv": [0, 18]},
						{"origin": [1.6682, 15.36977, -0.40067], "size": [3, 2, 0], "pivot": [5.3, 8, 7.7], "rotation": [-5, 0, 0], "uv": [0, 0], "mirror": true},
						{"origin": [2.67616, 9.45065, 0.90496], "size": [3, 6, 0], "pivot": [0.9, 12.75, 6.4], "rotation": [0, -32.5, 0], "uv": [50, 60]},
						{"origin": [-5.37616, 9.45065, 7.30496], "size": [3, 6, 0], "pivot": [-10.9, 12.75, 6.4], "rotation": [0, 32.5, 0], "uv": [50, 60], "mirror": true}
					]
				},
				{
					"name": "eyes3",
					"parent": "body3",
					"pivot": [1, 14.5, 0.45]
				},
				{
					"name": "eye_right3",
					"parent": "eyes3",
					"pivot": [-0.75, 14.5, 0.49]
				},
				{
					"name": "eyelid_right3",
					"parent": "eye_right3",
					"pivot": [-1, 14.5, 1.09]
				},
				{
					"name": "eye_left3",
					"parent": "eyes3",
					"pivot": [2.75, 14.5, 0.49]
				},
				{
					"name": "eyelid_left3",
					"parent": "eye_left3",
					"pivot": [3, 14.5, 1.09]
				},
				{
					"name": "bone5",
					"parent": "body3",
					"pivot": [1.73539, 12.31011, 12.00088],
					"cubes": [
						{"origin": [1.5797, 11.783, 8.39169], "size": [4, 4, 0], "pivot": [8.66461, 12.31011, 12.00088], "rotation": [21.63716, 6.97562, -10.36615], "uv": [48, 56]},
						{"origin": [-3.54118, 9.97343, 8.77447], "size": [4, 4, 0], "pivot": [1.73539, 12.31011, 12.00088], "rotation": [21.63716, -6.97562, 10.36615], "uv": [48, 56], "mirror": true}
					]
				}
			]
		}
	]
}