{
	"format_version": "1.12.0",
	"minecraft:geometry": [
		{
			"description": {
				"identifier": "geometry.avalugg",
				"texture_width": 512,
				"texture_height": 256,
				"visible_bounds_width": 17,
				"visible_bounds_height": 6,
				"visible_bounds_offset": [0, 2, 0]
			},
			"bones": [
				{
					"name": "avalugg",
					"pivot": [0, 0, 0]
				},
				{
					"name": "body",
					"parent": "avalugg",
					"pivot": [0, 24, 0]
				},
				{
					"name": "torso",
					"parent": "body",
					"pivot": [0, 24, 0],
					"cubes": [
						{"origin": [-25, 31, -29], "size": [50, 12, 18], "inflate": 0.01, "uv": [0, 143]},
						{"origin": [-20, 24, -26], "size": [40, 7, 24], "uv": [193, 51]},
						{"origin": [-27, 29, -27], "size": [54, 14, 54], "inflate": 0.02, "pivot": [0, 37, 0], "rotation": [0, -45, 0], "uv": [0, 0]},
						{"origin": [-20, 22, -20], "size": [40, 7, 40], "pivot": [0, 37, 0], "rotation": [0, -45, 0], "uv": [0, 68]},
						{"origin": [-19, 32, -1], "size": [38, 11, 38], "inflate": 0.01, "pivot": [0, 37, 18], "rotation": [0, -45, 0], "uv": [98, 137]},
						{"origin": [-9, 22, 18], "size": [18, 10, 13], "uv": [97, 233]},
						{"origin": [-15, 19, -22.1], "size": [30, 10, 41], "pivot": [0, 29, -3], "rotation": [5, 0, 0], "uv": [162, 0]},
						{"origin": [-6, 14.5, -5], "size": [12, 5, 12], "pivot": [0, 19, 1], "rotation": [7.5, -45, -5], "uv": [0, 32]},
						{"origin": [-3.5, 9.5, -2.5], "size": [7, 5, 7], "pivot": [0, 19, 1], "rotation": [7.5, -45, -5], "uv": [163, 100]},
						{"origin": [-3, 14, -21], "size": [6, 5, 6], "pivot": [0, 19, -18], "rotation": [-15, -45, 10], "uv": [33, 224]},
						{"origin": [7, 12.5, -12], "size": [6, 7, 6], "pivot": [10, 19, -9], "rotation": [-5, -45, -5], "uv": [43, 198]},
						{"origin": [-13, 12.5, -12], "size": [6, 7, 6], "pivot": [-10, 19, -9], "rotation": [-5, -45, 5], "uv": [146, 82]},
						{"origin": [-3, 14.5, 17], "size": [6, 8, 6], "pivot": [0, 22, 20], "rotation": [15, -45, -10], "uv": [175, 76]},
						{"origin": [7, 13.5, 8], "size": [6, 7, 6], "pivot": [10, 20, 11], "rotation": [5, -45, -5], "uv": [81, 224]},
						{"origin": [-13, 13.5, 8], "size": [6, 7, 6], "pivot": [-10, 20, 11], "rotation": [5, -45, 5], "uv": [146, 69]},
						{"origin": [-9.5, 35, 27], "size": [20, 8, 20], "pivot": [0, 37, 36.5], "rotation": [0, -45, 0], "uv": [0, 115]},
						{"origin": [-6, 27, 31], "size": [12, 5, 6], "uv": [0, 173]}
					]
				},
				{
					"name": "Hump",
					"parent": "torso",
					"pivot": [0, 42, 0],
					"cubes": [
						{"origin": [-9.00973, 30.35553, 1.9], "size": [0, 20, 9], "pivot": [1.5, 51, -11], "rotation": [-85.65352, -75.01431, 85.32567], "uv": [162, -9]},
						{"origin": [-8.70973, 40.35553, -14.1], "size": [0, 20, 9], "pivot": [1.5, 51, -11], "rotation": [-95, -75, 95], "uv": [162, -9]},
						{"origin": [-9.00973, 30.35553, -31.1], "size": [0, 20, 9], "pivot": [1.5, 51, -11], "rotation": [-85.65352, -75.01431, 85.32567], "uv": [162, -9]},
						{"origin": [12.99027, 37.35553, -32.1], "size": [0, 20, 9], "pivot": [1.5, 51, -11], "rotation": [-85.65352, -75.01431, 85.32567], "uv": [162, -9]},
						{"origin": [12.99027, 37.35553, 3.9], "size": [0, 20, 9], "pivot": [1.5, 51, -11], "rotation": [-85.65352, -75.01431, 85.32567], "uv": [162, -9]},
						{"origin": [31.99027, 40.35553, 2.9], "size": [0, 20, 9], "pivot": [1.5, 51, -11], "rotation": [-85.65352, -75.01431, 85.32567], "uv": [162, -9]},
						{"origin": [31.99027, 40.35553, -29.1], "size": [0, 20, 9], "pivot": [1.5, 51, -11], "rotation": [-85.65352, -75.01431, 85.32567], "uv": [162, -9]},
						{"origin": [-0.70973, 45.35553, -14.1], "size": [0, 20, 9], "pivot": [1.5, 51, -11], "rotation": [-95, -75, 95], "uv": [162, -9]},
						{"origin": [9.29027, 48.35553, -14.1], "size": [0, 20, 9], "pivot": [1.5, 51, -11], "rotation": [-95, -75, 95], "uv": [162, -9]},
						{"origin": [21.29027, 51.35553, -14.1], "size": [0, 20, 9], "pivot": [1.5, 51, -11], "rotation": [-95, -75, 95], "uv": [162, -9]},
						{"origin": [26.29027, 65.35553, -14.1], "size": [0, 20, 9], "pivot": [1.5, 51, -11], "rotation": [-92.01267, -50.03712, 91.71244], "uv": [162, -9]},
						{"origin": [-25, 40, -9], "size": [50, 12, 18], "inflate": 0.01, "pivot": [0, 0, 0], "rotation": [0, -90, 0], "uv": [0, 143]}
					]
				},
				{
					"name": "neck",
					"parent": "torso",
					"pivot": [0, 37, -29],
					"cubes": [
						{"origin": [-7, 32, -35], "size": [14, 10, 8], "uv": [99, 186]}
					]
				},
				{
					"name": "head",
					"parent": "neck",
					"pivot": [0, 37, -34],
					"cubes": [
						{"origin": [-4, 40, -45], "size": [8, 6, 12], "inflate": 0.01, "pivot": [0, 44, -40], "rotation": [135, 0, 180], "uv": [28, 143]},
						{"origin": [-4, 32, -48], "size": [8, 6, 12], "inflate": 0.01, "pivot": [0, 44, -40], "rotation": [109.5, 0, 180], "uv": [28, 143]},
						{"origin": [-9.47915, 36.19928, -40.57788], "size": [0, 14, 9], "pivot": [-10.5, 44, -38], "rotation": [-14.56177, -53.20547, -17.59594], "uv": [162, -9]},
						{"origin": [8.8757, 37.17158, -43.46683], "size": [0, 14, 9], "pivot": [9.5, 43, -37], "rotation": [-156.9857, -44.40894, -161.01648], "uv": [162, -9]},
						{"origin": [-13.5, 35, -40], "size": [27, 8, 7], "inflate": 0.01, "uv": [263, 0]},
						{"origin": [-63.6, 36, -27.1], "size": [19, 7, 19], "pivot": [0, 37, 36.5], "rotation": [0, -45, 0], "uv": [191, 82]},
						{"origin": [1.13076, 40.82014, -52.71055], "size": [0, 10, 9], "pivot": [-0.1, 43, -48], "rotation": [-95, -75, 95], "uv": [162, -9]}
					]
				},
				{
					"name": "eyes",
					"parent": "head",
					"pivot": [0, 39.5, -44.5]
				},
				{
					"name": "eye_left",
					"parent": "eyes",
					"pivot": [8.9, 39.5, -44.6],
					"rotation": [0, -45, 0],
					"cubes": [
						{"origin": [4.5, 37, -44.6], "size": [9, 5, 0], "uv": [180, 0]}
					]
				},
				{
					"name": "pupil_left",
					"parent": "eye_left",
					"pivot": [8.1, 39.4, -44.61],
					"cubes": [
						{"origin": [6.5, 38.4, -44.61], "size": [2, 2, 0], "uv": [198, 0]}
					]
				},
				{
					"name": "eyelid_left",
					"parent": "eye_left",
					"pivot": [9, 39.5, -44.01],
					"cubes": [
						{"origin": [4.5, 37, -44.51], "size": [9, 5, 1], "inflate": 0.01, "uv": [180, 10]}
					]
				},
				{
					"name": "eye_right",
					"parent": "eyes",
					"pivot": [-8.9, 39.5, -44.6],
					"rotation": [0, 45, 0],
					"cubes": [
						{"origin": [-13.5, 37, -44.6], "size": [9, 5, 0], "uv": [180, 5], "mirror": true}
					]
				},
				{
					"name": "pupil_right",
					"parent": "eye_right",
					"pivot": [-8.1, 39.4, -44.61],
					"cubes": [
						{"origin": [-8.5, 38.4, -44.61], "size": [2, 2, 0], "uv": [198, 2], "mirror": true}
					]
				},
				{
					"name": "eyelid_right",
					"parent": "eye_right",
					"pivot": [-9, 39.5, -44.01],
					"cubes": [
						{"origin": [-13.5, 37, -44.51], "size": [9, 5, 1], "inflate": 0.01, "uv": [180, 16], "mirror": true}
					]
				},
				{
					"name": "fang_right",
					"parent": "head",
					"pivot": [-13.5, 34, -36.5],
					"cubes": [
						{"origin": [-12.2, 31.5, -41], "size": [0, 8, 9], "pivot": [-13.5, 34, -38], "rotation": [180, -25, 5], "uv": [162, -9]}
					]
				},
				{
					"name": "fang_left",
					"parent": "fang_right",
					"pivot": [13.5, 34, -36.5],
					"cubes": [
						{"origin": [11.5, 31.5, -41], "size": [0, 8, 9], "pivot": [13.5, 34, -38], "rotation": [169.19949, 17.61232, -6.21337], "uv": [162, 12]}
					]
				},
				{
					"name": "jaw",
					"parent": "head",
					"pivot": [0, 36, -36],
					"rotation": [-12.5, 0, 0],
					"cubes": [
						{"origin": [-10.5, 31, -40], "size": [21, 5, 7], "uv": [36, 173]}
					]
				},
				{
					"name": "jaw_spike",
					"parent": "jaw",
					"pivot": [0, 31, -35.5],
					"rotation": [10, 0, 0]
				},
				{
					"name": "jaw2",
					"parent": "jaw",
					"pivot": [0, 31, -40.05],
					"rotation": [-7.5, 0, 0],
					"cubes": [
						{"origin": [-8.5, 31.03916, -44.00257], "size": [17, 5, 4], "inflate": 0.01, "uv": [168, 91]}
					]
				},
				{
					"name": "jaw_spike2",
					"parent": "jaw2",
					"pivot": [0, 31.03916, -41.50257],
					"rotation": [20, 0, 0]
				},
				{
					"name": "jaw3",
					"parent": "jaw2",
					"pivot": [0, 31.03916, -44.00257],
					"cubes": [
						{"origin": [-6.7, 31.03916, -49.70257], "size": [12, 5, 12], "pivot": [0, 33.03916, -43.00257], "rotation": [0, -45, 0], "uv": [248, 84]}
					]
				},
				{
					"name": "jaw_spike3",
					"parent": "jaw3",
					"pivot": [0, 31.03916, -47.50257],
					"rotation": [25, 0, 0]
				},
				{
					"name": "Tail",
					"parent": "torso",
					"pivot": [0, 38, 43],
					"cubes": [
						{"origin": [-1, 31, 33], "size": [23, 12, 11], "inflate": 0.01, "pivot": [0, 37, 39], "rotation": [-89.99999, -72.5, 89.99999], "uv": [8, 150]},
						{"origin": [58.29027, 73.35553, -14.1], "size": [0, 20, 9], "pivot": [1.5, 51, -11], "rotation": [-92.01267, -50.03712, 91.71244], "uv": [162, -9]},
						{"origin": [1.14422, -0.91185, 100.34278], "size": [0, 20, 9], "pivot": [1.5, 16, 106], "rotation": [92.32399, 14.96164, 92.16961], "uv": [162, -9]}
					]
				},
				{
					"name": "Tail2",
					"parent": "Tail",
					"pivot": [0, 38, 43],
					"cubes": [
						{"origin": [-2.133, 27.3612, 56], "size": [25, 6, 7], "inflate": 0.01, "pivot": [0, 30, 60], "rotation": [-89.99999, -72.5, 89.99999], "uv": [12, 154]}
					]
				},
				{
					"name": "Tail3",
					"parent": "Tail2",
					"pivot": [0, 23, 82],
					"cubes": [
						{"origin": [0.50803, 21.64144, 78.3], "size": [25, 4, 5], "inflate": 0.01, "pivot": [0, 23.2, 81.3], "rotation": [-89.99999, -72.5, 89.99999], "uv": [18, 156]}
					]
				},
				{
					"name": "legs",
					"parent": "body",
					"pivot": [0, 37, 0]
				},
				{
					"name": "leg_front_left",
					"parent": "legs",
					"pivot": [18, 29, -14.5]
				},
				{
					"name": "leg_front_left1",
					"parent": "leg_front_left",
					"pivot": [16.5, 29, -14.5],
					"cubes": [
						{"origin": [13.5, 23.5, -20], "size": [19, 11, 11], "pivot": [16.5, 29, -14.5], "rotation": [45, 0, 0], "uv": [159, 234]}
					]
				},
				{
					"name": "leg_front_left2",
					"parent": "leg_front_left1",
					"pivot": [32.5, 35.35, -14.5],
					"cubes": [
						{"origin": [32.5, 24.5, -19], "size": [4, 9, 9], "pivot": [34.5, 29, -14.5], "rotation": [45, 0, 0], "uv": [0, 86]}
					]
				},
				{
					"name": "leg_front_left3",
					"parent": "leg_front_left2",
					"pivot": [37.5, 35.35, -14.5],
					"cubes": [
						{"origin": [36.5, 22.5, -21], "size": [15, 13, 13], "pivot": [43.5, 29, -14.5], "rotation": [45, 0, 0], "uv": [56, 198]}
					]
				},
				{
					"name": "leg_front_left4",
					"parent": "leg_front_left3",
					"pivot": [49, 29, -14.5],
					"cubes": [
						{"origin": [47, 21, -22.5], "size": [8, 16, 16], "pivot": [47, 29, -14.5], "rotation": [45, 0, 0], "uv": [1, 224]}
					]
				},
				{
					"name": "claw_front_left",
					"parent": "leg_front_left4",
					"pivot": [55, 29, -14.5]
				},
				{
					"name": "claw_front1_left",
					"parent": "claw_front_left",
					"pivot": [55, 29, -22]
				},
				{
					"name": "claw_front_left2",
					"parent": "leg_front_left4",
					"pivot": [55, 29, -14.5],
					"rotation": [-60, 0, 0]
				},
				{
					"name": "claw_front1_left2",
					"parent": "claw_front_left2",
					"pivot": [55, 29, -22],
					"cubes": [
						{"origin": [55, 27.5, -22], "size": [4, 3, 0], "uv": [36, 41]}
					]
				},
				{
					"name": "claw_front_left3",
					"parent": "leg_front_left4",
					"pivot": [55, 29, -14.5],
					"rotation": [60, 0, 0]
				},
				{
					"name": "claw_front1_left3",
					"parent": "claw_front_left3",
					"pivot": [55, 29, -22],
					"cubes": [
						{"origin": [55, 27.5, -22], "size": [4, 3, 0], "uv": [36, 38]}
					]
				},
				{
					"name": "claw_front_left4",
					"parent": "leg_front_left4",
					"pivot": [55, 29, -14.5]
				},
				{
					"name": "claw_front1_left4",
					"parent": "claw_front_left4",
					"pivot": [55, 29, -7],
					"cubes": [
						{"origin": [55, 27.5, -7], "size": [4, 3, 0], "uv": [36, 35]}
					]
				},
				{
					"name": "leg_front_right",
					"parent": "legs",
					"pivot": [-18, 29, -14.5]
				},
				{
					"name": "leg_front_right1",
					"parent": "leg_front_right",
					"pivot": [-16.5, 29, -14.5],
					"cubes": [
						{"origin": [-32.5, 23.5, -20], "size": [19, 11, 11], "pivot": [-16.5, 29, -14.5], "rotation": [45, 0, 0], "uv": [80, 115]}
					]
				},
				{
					"name": "leg_front_right2",
					"parent": "leg_front_right1",
					"pivot": [-32.5, 35.35, -14.5],
					"cubes": [
						{"origin": [-36.5, 24.5, -19], "size": [4, 9, 9], "pivot": [-34.5, 29, -14.5], "rotation": [45, 0, 0], "uv": [120, 68]}
					]
				},
				{
					"name": "leg_front_right3",
					"parent": "leg_front_right2",
					"pivot": [-37.5, 35.35, -14.5],
					"cubes": [
						{"origin": [-51.5, 22.5, -21], "size": [15, 13, 13], "pivot": [-43.5, 29, -14.5], "rotation": [45, 0, 0], "uv": [112, 207]}
					]
				},
				{
					"name": "leg_front_right4",
					"parent": "leg_front_right3",
					"pivot": [-49, 29, -14.5],
					"cubes": [
						{"origin": [-55, 21, -22.5], "size": [8, 16, 16], "pivot": [-47, 29, -14.5], "rotation": [45, 0, 0], "uv": [155, 188]}
					]
				},
				{
					"name": "claw_front_right",
					"parent": "leg_front_right4",
					"pivot": [-55, 29, -14.5]
				},
				{
					"name": "claw_front1_right",
					"parent": "claw_front_right",
					"pivot": [-55, 29, -22]
				},
				{
					"name": "claw_front_right2",
					"parent": "leg_front_right4",
					"pivot": [-55, 29, -14.5],
					"rotation": [-60, 0, 0]
				},
				{
					"name": "claw_front1_right2",
					"parent": "claw_front_right2",
					"pivot": [-55, 29, -22],
					"cubes": [
						{"origin": [-59, 27.5, -22], "size": [4, 3, 0], "uv": [40, 3]}
					]
				},
				{
					"name": "claw_front_right3",
					"parent": "leg_front_right4",
					"pivot": [-55, 29, -14.5],
					"rotation": [60, 0, 0]
				},
				{
					"name": "claw_front1_right3",
					"parent": "claw_front_right3",
					"pivot": [-55, 29, -22],
					"cubes": [
						{"origin": [-59, 27.5, -22], "size": [4, 3, 0], "uv": [0, 13]}
					]
				},
				{
					"name": "claw_front_right4",
					"parent": "leg_front_right4",
					"pivot": [-55, 29, -14.5]
				},
				{
					"name": "claw_front1_right4",
					"parent": "claw_front_right4",
					"pivot": [-55, 29, -7],
					"cubes": [
						{"origin": [-59, 27.5, -7], "size": [4, 3, 0], "uv": [40, 0]}
					]
				},
				{
					"name": "leg_back_left",
					"parent": "legs",
					"pivot": [12.5, 29, 21.5]
				},
				{
					"name": "leg_back_left1",
					"parent": "leg_back_left",
					"pivot": [11, 29, 21.5],
					"cubes": [
						{"origin": [8, 23.5, 16], "size": [19, 11, 11], "pivot": [11, 29, 21.5], "rotation": [45, 0, 0], "uv": [140, 115]}
					]
				},
				{
					"name": "leg_back_left2",
					"parent": "leg_back_left1",
					"pivot": [27, 35.35, 21.5],
					"cubes": [
						{"origin": [27, 24.5, 17], "size": [4, 9, 9], "pivot": [29, 29, 21.5], "rotation": [45, 0, 0], "uv": [120, 86]}
					]
				},
				{
					"name": "leg_back_left3",
					"parent": "leg_back_left2",
					"pivot": [32, 35.35, 21.5],
					"cubes": [
						{"origin": [31, 22.5, 15], "size": [15, 13, 13], "pivot": [38, 29, 21.5], "rotation": [45, 0, 0], "uv": [0, 198]}
					]
				},
				{
					"name": "leg_back_left4",
					"parent": "leg_back_left3",
					"pivot": [43.5, 29, 21.5],
					"cubes": [
						{"origin": [41.5, 21, 13.5], "size": [8, 16, 16], "pivot": [41.5, 29, 21.5], "rotation": [45, 0, 0], "uv": [49, 224]}
					]
				},
				{
					"name": "claw_back_left",
					"parent": "leg_back_left4",
					"pivot": [49.5, 29, 21.5]
				},
				{
					"name": "claw_back1_left",
					"parent": "claw_back_left",
					"pivot": [49.5, 29, 14]
				},
				{
					"name": "claw_back_left2",
					"parent": "leg_back_left4",
					"pivot": [49.5, 29, 21.5],
					"rotation": [-60, 0, 0]
				},
				{
					"name": "claw_back1_left2",
					"parent": "claw_back_left2",
					"pivot": [49.5, 29, 14],
					"cubes": [
						{"origin": [49.5, 27.5, 14], "size": [4, 3, 0], "uv": [0, 41]}
					]
				},
				{
					"name": "claw_back_left3",
					"parent": "leg_back_left4",
					"pivot": [49.5, 29, 21.5],
					"rotation": [60, 0, 0]
				},
				{
					"name": "claw_back1_left3",
					"parent": "claw_back_left3",
					"pivot": [49.5, 29, 14],
					"cubes": [
						{"origin": [49.5, 27.5, 14], "size": [4, 3, 0], "uv": [40, 9]}
					]
				},
				{
					"name": "claw_back_left4",
					"parent": "leg_back_left4",
					"pivot": [49.5, 29, 21.5]
				},
				{
					"name": "claw_back1_left4",
					"parent": "claw_back_left4",
					"pivot": [49.5, 29, 29],
					"cubes": [
						{"origin": [49.5, 27.5, 29], "size": [4, 3, 0], "uv": [40, 12]}
					]
				},
				{
					"name": "leg_back_right",
					"parent": "legs",
					"pivot": [-12.5, 29, 21.5]
				},
				{
					"name": "leg_back_right1",
					"parent": "leg_back_right",
					"pivot": [-11, 29, 21.5],
					"cubes": [
						{"origin": [-27, 23.5, 16], "size": [19, 11, 11], "pivot": [-11, 29, 21.5], "rotation": [45, 0, 0], "uv": [263, 16]}
					]
				},
				{
					"name": "leg_back_right2",
					"parent": "leg_back_right1",
					"pivot": [-27, 35.35, 21.5],
					"cubes": [
						{"origin": [-31, 24.5, 17], "size": [4, 9, 9], "pivot": [-29, 29, 21.5], "rotation": [45, 0, 0], "uv": [0, 68]}
					]
				},
				{
					"name": "leg_back_right3",
					"parent": "leg_back_right2",
					"pivot": [-32, 35.35, 21.5],
					"cubes": [
						{"origin": [-46, 22.5, 15], "size": [15, 13, 13], "pivot": [-38, 29, 21.5], "rotation": [45, 0, 0], "uv": [190, 207]}
					]
				},
				{
					"name": "leg_back_right4",
					"parent": "leg_back_right3",
					"pivot": [-43.5, 29, 21.5],
					"cubes": [
						{"origin": [-49.5, 21, 13.5], "size": [8, 16, 16], "pivot": [-41.5, 29, 21.5], "rotation": [45, 0, 0], "uv": [0, 0]}
					]
				},
				{
					"name": "claw_back_right",
					"parent": "leg_back_right4",
					"pivot": [-49.5, 29, 21.5]
				},
				{
					"name": "claw_back1_right",
					"parent": "claw_back_right",
					"pivot": [-49.5, 29, 14]
				},
				{
					"name": "claw_back_right2",
					"parent": "leg_back_right4",
					"pivot": [-49.5, 29, 21.5],
					"rotation": [-60, 0, 0]
				},
				{
					"name": "claw_back1_right2",
					"parent": "claw_back_right2",
					"pivot": [-49.5, 29, 14],
					"cubes": [
						{"origin": [-53.5, 27.5, 14], "size": [4, 3, 0], "uv": [0, 35]}
					]
				},
				{
					"name": "claw_back_right3",
					"parent": "leg_back_right4",
					"pivot": [-49.5, 29, 21.5],
					"rotation": [60, 0, 0]
				},
				{
					"name": "claw_back1_right3",
					"parent": "claw_back_right3",
					"pivot": [-49.5, 29, 14],
					"cubes": [
						{"origin": [-53.5, 27.5, 14], "size": [4, 3, 0], "uv": [32, 0]}
					]
				},
				{
					"name": "claw_back_right4",
					"parent": "leg_back_right4",
					"pivot": [-49.5, 29, 21.5]
				},
				{
					"name": "claw_back1_right4",
					"parent": "claw_back_right4",
					"pivot": [-49.5, 29, 29],
					"cubes": [
						{"origin": [-53.5, 27.5, 29], "size": [4, 3, 0], "uv": [0, 32]}
					]
				}
			]
		}
	]
}