{
	"format_version": "1.12.0",
	"minecraft:geometry": [
		{
			"description": {
				"identifier": "geometry.quagsire_delta",
				"texture_width": 128,
				"texture_height": 128,
				"visible_bounds_width": 4,
				"visible_bounds_height": 3.5,
				"visible_bounds_offset": [0, 1.25, 0]
			},
			"bones": [
				{
					"name": "quagsire",
					"pivot": [0, 0, 0]
				},
				{
					"name": "body",
					"parent": "quagsire",
					"pivot": [0, 9.5, -1]
				},
				{
					"name": "leg_left",
					"parent": "body",
					"pivot": [3.5, 2, 0.5],
					"cubes": [
						{"origin": [1.5, 0, -8.5], "size": [4, 2, 11], "uv": [52, 115]}
					]
				},
				{
					"name": "leg_right",
					"parent": "body",
					"pivot": [-3.5, 2, 0.5],
					"cubes": [
						{"origin": [-5.5, 0, -8.5], "size": [4, 2, 11], "uv": [82, 115]}
					]
				},
				{
					"name": "tail",
					"parent": "body",
					"pivot": [0, 4.25, 2.5],
					"cubes": [
						{"origin": [-2, 2.75, 2.5], "size": [4, 3, 3], "uv": [12, 37]}
					]
				},
				{
					"name": "tail2",
					"parent": "tail",
					"pivot": [0, 4.25, 7.5],
					"cubes": [
						{"origin": [-2.5, 1.25, 5.5], "size": [8, 5, 5], "uv": [6, 43]},
						{"origin": [0.5, 0.35, 4.4], "size": [9, 7, 8], "pivot": [0, 0, 0], "rotation": [0, 17.5, 0], "uv": [2, 53]},
						{"origin": [1.5, 0.25, 6.5], "size": [9, 8, 10], "pivot": [0, 0, 0], "rotation": [0, 47.5, 0], "uv": [0, 68]},
						{"origin": [10.5, 1.25, 7.5], "size": [2, 5, 8], "pivot": [0, 0, 0], "rotation": [0, 47.5, 0], "uv": [9, 86]}
					]
				},
				{
					"name": "bagend",
					"parent": "tail2",
					"pivot": [0, 0, 0],
					"cubes": [
						{"origin": [6.7, 7.3, 8.8], "size": [2, 6, 2], "pivot": [0, 0, 0], "rotation": [0, 47.5, 0], "uv": [30, 70]}
					]
				},
				{
					"name": "torso",
					"parent": "body",
					"pivot": [0, 2, -1],
					"cubes": [
						{"origin": [-5.5, 2, -5], "size": [11, 14, 8], "uv": [80, 46]},
						{"origin": [-3.5, 3, -4.9], "size": [0, 9, 4], "uv": [95, 68]},
						{"origin": [-3.5, 3, -0.9], "size": [7, 9, 0], "uv": [103, 72]},
						{"origin": [-3.5, 3, -4.9], "size": [7, 0, 4], "uv": [95, 68]},
						{"origin": [-3.5, 12, -4.9], "size": [7, 0, 4], "uv": [81, 68]},
						{"origin": [3.5, 3, -4.9], "size": [0, 9, 4], "uv": [88, 68]}
					]
				},
				{
					"name": "head",
					"parent": "torso",
					"pivot": [0, 18, -1],
					"cubes": [
						{"origin": [-7, 15, -7.25], "size": [14, 10, 12], "uv": [73, 24]},
						{"origin": [-2, 24.1, -3.85], "size": [2, 2, 2], "pivot": [0, 0, 0], "rotation": [-5, 0, 2.5], "uv": [95, 20]},
						{"origin": [-3, 26.1, -3.85], "size": [3, 2, 2], "pivot": [0, 0, 0], "rotation": [-5, 0, 2.5], "uv": [94, 16]},
						{"origin": [6, 15, -1.25], "size": [8, 11, 0], "uv": [97, 5]},
						{"origin": [-14, 15, -1.25], "size": [8, 11, 0], "uv": [113, 5]}
					]
				},
				{
					"name": "flame",
					"parent": "head",
					"pivot": [0, 0, 0],
					"cubes": [
						{"origin": [2.55, 28.1, -2.9], "size": [0, 8, 7], "pivot": [0, 0, 0], "rotation": [-174.99763, 2.66477, -176.77447], "uv": [83, 1]},
						{"origin": [-4, 28.1, -2.85], "size": [7, 8, 0], "pivot": [0, 0, 0], "rotation": [-5, 0, 2.5], "uv": [83, 8]}
					]
				},
				{
					"name": "mouth_open_happy",
					"parent": "head",
					"pivot": [0, 17.1, -6.2]
				},
				{
					"name": "arm_right",
					"parent": "torso",
					"pivot": [-5.5, 13.25, -2],
					"cubes": [
						{"origin": [-11.5, 12.25, -3], "size": [7, 2, 2], "uv": [110, 112]}
					]
				},
				{
					"name": "hand_right",
					"parent": "arm_right",
					"pivot": [-11.5, 13.25, -2],
					"cubes": [
						{"origin": [-14.5, 12.25, -4], "size": [3, 2, 4], "uv": [112, 122]}
					]
				},
				{
					"name": "arm_left",
					"parent": "torso",
					"pivot": [5.5, 13.25, -2],
					"cubes": [
						{"origin": [4.5, 12.25, -3], "size": [7, 2, 2], "uv": [110, 108]}
					]
				},
				{
					"name": "hand_left",
					"parent": "arm_left",
					"pivot": [11.5, 13.25, -2],
					"cubes": [
						{"origin": [11.5, 12.25, -4], "size": [3, 2, 4], "uv": [112, 116]}
					]
				}
			]
		}
	]
}