{
	"species": "cobblemon:linoone",
	"order": 0,
	"variations": [{
			"aspects": [],
			"poser": "cobblemon:linoone",
			"model": "cobblemon:linoone.geo",
			"texture": "cobblemon:textures/pokemon/linoone/linoone.png",
			"layers": []
		},
		{
			"aspects": [
				"shiny"
			],
			"texture": "cobblemon:textures/pokemon/linoone/linoone_shiny.png"
		},
		{
			"aspects": [
				"galarian"
			],
			"poser": "cobblemon:linoone",
			"model": "cobblemon:linoone.geo",
			"texture": "cobblemon:textures/pokemon/linoone/linoone.png",
			"layers": []
		},
		{
			"poser": "cobblemon:linoone",
			"model": "cobblemon:linoone.geo",
			"aspects": [
				"shiny",
				"galarian"
			],
			"texture": "cobblemon:textures/pokemon/linoone/linoone_shiny.png"
		}
	]
}