{
	"species": "cobblemon:zigzagoon",
	"order": 0,
	"variations": [{
			"aspects": [],
			"poser": "cobblemon:zigzagoon",
			"model": "cobblemon:zigzagoon.geo",
			"texture": "cobblemon:textures/pokemon/zigzagoon/zigzagoon.png",
			"layers": []
		},
		{
			"aspects": [
				"shiny"
			],
			"texture": "cobblemon:textures/pokemon/zigzagoon/zigzagoon_shiny.png"
		},
		{
			"aspects": [
				"galarian"
			],
			"poser": "cobblemon:zigzagoon",
			"model": "cobblemon:zigzagoon.geo",
			"texture": "cobblemon:textures/pokemon/zigzagoon/zigzagoon.png",
			"layers": []
		},
		{
			"poser": "cobblemon:zigzagoon",
			"model": "cobblemon:zigzagoon.geo",
			"aspects": [
				"shiny",
				"galarian"
			],
			"texture": "cobblemon:textures/pokemon/zigzagoon/zigzagoon_shiny.png"
		}
	]
}