{
	"format_version": "1.8.0",
	"animations": {
		"animation.mimikyu_craftonia.ground_idle": {
			"loop": true,
			"bones": {
				"hand_right": {
					"position": [7, 0, 0]
				},
				"hand_right2": {
					"position": [4, 0, 0]
				},
				"hand_right3": {
					"position": [4, 0, 0]
				},
				"hand_right4": {
					"position": [4, 0, 0]
				},
				"hand_right5": {
					"position": [4, 0, 0]
				},
				"hand_left": {
					"position": [-7, 0, 0]
				},
				"hand_left2": {
					"position": [-4, 0, 0]
				},
				"hand_left3": {
					"position": [-4, 0, 0]
				},
				"hand_left4": {
					"position": [-4, 0, 0]
				},
				"hand_left5": {
					"position": [-4, 0, 0]
				},
				"body": {
					"position": [0, "0+math.sin(q.anim_time*90*1.5+30)*0.1", 0]
				},
				"torso_top": {
					"rotation": ["-1.25+math.sin(q.anim_time*90*1.5-60)*4", 0, "-math.sin(q.anim_time*90*0.75)*3"],
					"position": [0, "math.sin(q.anim_time*90*1.5+30)*0.25", 0]
				},
				"head": {
					"rotation": ["-1.25+math.sin(q.anim_time*90*1.5-120)*3", 0, "-math.sin(q.anim_time*90*0.75)*3"],
					"position": [0, "-math.sin(q.anim_time*90*1.5-120)*0.25", 0]
				},
				"tail1": {
					"rotation": [0, "6*(math.sin(q.anim_time*90*1-90)*1)+0*(math.sin(q.anim_time*90*0/2-90)*1)", 0]
				},
				"mimikyu": {
					"position": [0, 0.05, 0]
				}
			}
		},
		"animation.mimikyu_craftonia.ground_walk": {
			"loop": true,
			"bones": {
				"hand_right": {
					"position": [7, 0, 0]
				},
				"hand_right2": {
					"position": [4, 0, 0]
				},
				"hand_right3": {
					"position": [4, 0, 0]
				},
				"hand_right4": {
					"position": [4, 0, 0]
				},
				"hand_right5": {
					"position": [4, 0, 0]
				},
				"hand_left": {
					"position": [-7, 0, 0]
				},
				"hand_left2": {
					"position": [-4, 0, 0]
				},
				"hand_left3": {
					"position": [-4, 0, 0]
				},
				"hand_left4": {
					"position": [-4, 0, 0]
				},
				"hand_left5": {
					"position": [-4, 0, 0]
				},
				"body": {
					"rotation": ["-1.25+math.sin(q.anim_time*90*6-90)*0.5", 0, 0],
					"position": [0, "0+math.sin(q.anim_time*90*6+30)*0.1", 0]
				},
				"torso_top": {
					"rotation": ["-1.25+math.sin(q.anim_time*90*6-60)*3", 0, "-math.sin(q.anim_time*90*6)*0.5"],
					"position": [0, 0, 0]
				},
				"head": {
					"rotation": ["-1.25+math.sin(q.anim_time*90*6-120)*3", 0, "-math.sin(q.anim_time*90*0.75)*3"],
					"position": [0, "-math.sin(q.anim_time*90*1.5-120)*0.25", 0]
				},
				"tail1": {
					"rotation": ["-1.25+math.sin(q.anim_time*90*6-90)*5", "1*(math.sin(q.anim_time*90*2*2-140))", 0]
				}
			}
		},
		"animation.mimikyu_craftonia.shoulder_left": {
			"loop": true,
			"bones": {
				"body": {
					"rotation": [0, 0, 17.5],
					"position": [0, -6, 8]
				},
				"head": {
					"rotation": [-10, 0, 10],
					"position": [0, 0, -0.5]
				},
				"torso_bottom": {
					"rotation": [-17.5, 0, -12.5]
				},
				"right_torso": {
					"rotation": [0, 0, 20]
				},
				"front_torso": {
					"rotation": [-45, 0, 0]
				},
				"left_torso": {
					"rotation": [0, 0, -20]
				},
				"tail1": {
					"rotation": [20, 45.5, 21.5]
				},
				"hand_right": {
					"rotation": [113.5, -81, -123.5],
					"position": [2, -0.5, 0]
				},
				"hand_right2": {
					"rotation": [0, 0, 75]
				},
				"hand_right3": {
					"rotation": [0, 0, 40]
				},
				"hand_right4": {
					"rotation": [0, 0, -75]
				},
				"hand_right5": {
					"rotation": [0, 0, -46.5]
				},
				"finger_right1": {
					"rotation": [0, 0, -10]
				},
				"finger_right_joint1": {
					"rotation": [0, 0, -12.5]
				},
				"finger_right2": {
					"rotation": [0, 0, -17.5]
				},
				"finger_right_joint2": {
					"rotation": [0, 0, -20]
				},
				"finger_right3": {
					"rotation": [0, 0, -20]
				},
				"hand_left": {
					"rotation": [98, 70, 83],
					"position": [0, 0.5, 0]
				},
				"hand_left2": {
					"rotation": [0, 0, -87.5]
				},
				"hand_left3": {
					"rotation": [0, 0, -37.5]
				},
				"hand_left4": {
					"rotation": [0, 0, 67.5]
				},
				"hand_left5": {
					"rotation": [0, 0, 51]
				},
				"finger_left1": {
					"rotation": [0, 0, 17.5]
				},
				"finger_left_joint1": {
					"rotation": [0, 0, 25]
				},
				"finger_left2": {
					"rotation": [0, 0, 22.5]
				},
				"finger_left_joint2": {
					"rotation": [0, 0, 20]
				},
				"finger_left3": {
					"rotation": [0, 0, 15]
				},
				"finger_left_joint3": {
					"rotation": [0, 0, 20]
				},
				"mimikyu": {
					"position": [-0.3, 0, 0]
				}
			}
		},
		"animation.mimikyu_craftonia.shoulder_right": {
			"loop": true,
			"bones": {
				"body": {
					"rotation": [0, 0, -17.5],
					"position": [0, -6, 8]
				},
				"head": {
					"rotation": [-10, 0, -10],
					"position": [0, 0, -0.5]
				},
				"torso_bottom": {
					"rotation": [-17.5, 0, 12.5]
				},
				"right_torso": {
					"rotation": [0, 0, 20]
				},
				"front_torso": {
					"rotation": [-40, 0, 0]
				},
				"left_torso": {
					"rotation": [0, 0, -20]
				},
				"tail1": {
					"rotation": [20, -45.5, -21.5]
				},
				"hand_right": {
					"rotation": [98, -70, -83],
					"position": [0, 0.5, 0]
				},
				"hand_right2": {
					"rotation": [0, 0, 87.5]
				},
				"hand_right3": {
					"rotation": [0, 0, 35]
				},
				"hand_right4": {
					"rotation": [0, 0, -67.5]
				},
				"hand_right5": {
					"rotation": [0, 0, -51]
				},
				"finger_right1": {
					"rotation": [0, 0, -17.5]
				},
				"finger_right_joint1": {
					"rotation": [0, 0, -25]
				},
				"finger_right2": {
					"rotation": [0, 0, -22.5]
				},
				"finger_right_joint2": {
					"rotation": [0, 0, -20]
				},
				"finger_right3": {
					"rotation": [0, 0, -15]
				},
				"finger_right_joint3": {
					"rotation": [0, 0, -20]
				},
				"hand_left": {
					"rotation": [113.5, 81, 123.5],
					"position": [-2, -0.5, 0]
				},
				"hand_left2": {
					"rotation": [0, 0, -75]
				},
				"hand_left3": {
					"rotation": [0, 0, -40]
				},
				"hand_left4": {
					"rotation": [0, 0, 75]
				},
				"hand_left5": {
					"rotation": [0, 0, 46.5]
				},
				"finger_left1": {
					"rotation": [0, 0, 10]
				},
				"finger_left_joint1": {
					"rotation": [0, 0, 12.5]
				},
				"finger_left2": {
					"rotation": [0, 0, 17.5]
				},
				"finger_left_joint2": {
					"rotation": [0, 0, 20]
				},
				"finger_left3": {
					"rotation": [0, 0, 20]
				},
				"finger_left_joint3": {
					"rotation": [0, 0, 20]
				}
			}
		}
	}
}