{
    "enabled": "true",
    "neededInstalledMods": [],
    "neededUninstalledMods": [],
    "spawns": [
        {
            "id": "gimmigold-1",
            "pokemon": "gimmigold",
            "type": "pokemon",
            "context": "grounded",
            "bucket": "ultra-rare",
            "level": "28-38",
            "weight": 4.06,
            "condition": {
                "canSeeSky": true,
                "biomes": [
                    "#cobblemon:is_overworld"
                ],
                "neededNearbyBlocks": [
                    "minecraft:gold_block"
                ]
            }
        }
    ]
}