{
    "enabled": true,
    "neededInstalledMods": [],
    "neededUninstalledMods": [],
    "spawns": [
        {
            "id": "mimikyu_craftonian-1",
            "pokemon": "mimikyu_craftonian",
            "presets": [
                "underground"
            ],
            "type": "pokemon",
            "context": "grounded",
            "bucket": "rare",
            "level": "20-38",
            "weight": 4.0,
            "condition": {
                "canSeeSky": false,
				"biomes": [
                    "#cobblemon:is_cave"
                ]
            }
        }
    ]
}