{
  "name": "Vikavolt",
  "nationalPokedexNumber": 738,
  "primaryType": "bug",
  "secondaryType": "electric",
  "abilities": [
    "levitate"
  ],
  "baseStats": {
    "hp": 77,
    "attack": 70,
    "defence": 90,
    "special_attack": 145,
    "special_defence": 75,
    "speed": 43
  },
  "catchRate": 45,
  "maleRatio": 0.5,
  "shoulderMountable": false,
  "forms": [
    {
      "name": "Totem",
      "primaryType": "bug",
      "secondaryType": "electric",
      "abilities": [
        "levitate"
      ],
      "baseStats": {
        "hp": 77,
        "attack": 70,
        "defence": 90,
        "special_attack": 145,
        "special_defence": 75,
        "speed": 43
      },
      "catchRate": 45,
      "maleRatio": 0.5,
      "baseExperienceYield": 250,
      "baseFriendship": 50,
      "evYield": {
        "hp": 0,
        "attack": 0,
        "defence": 0,
        "special_attack": 3,
        "special_defence": 0,
        "speed": 0
      },
      "experienceGroup": "medium_fast",
      "eggCycles": 15,
      "eggGroups": [
        "bug"
      ],
      "moves": [
        "1:airslash",
        "1:bite",
        "1:charge",
        "1:mudslap",
        "1:stringshot",
        "1:thunderbolt",
        "1:visegrip",
        "13:bugbite",
        "16:spark",
        "19:acrobatics",
        "25:guillotine",
        "31:bugbuzz",
        "37:dig",
        "41:zapcannon",
        "49:agility",
        "tm:acrobatics",
        "tm:attract",
        "tm:chargebeam",
        "tm:confide",
        "tm:doubleteam",
        "tm:energyball",
        "tm:facade",
        "tm:flashcannon",
        "tm:frustration",
        "tm:gigaimpact",
        "tm:hiddenpower",
        "tm:hyperbeam",
        "tm:lightscreen",
        "tm:poisonjab",
        "tm:protect",
        "tm:raindance",
        "tm:rest",
        "tm:return",
        "tm:roost",
        "tm:round",
        "tm:skydrop",
        "tm:sleeptalk",
        "tm:solarbeam",
        "tm:substitute",
        "tm:swagger",
        "tm:thunder",
        "tm:thunderbolt",
        "tm:thunderwave",
        "tm:toxic",
        "tm:voltswitch",
        "tm:wildcharge",
        "tm:xscissor",
        "tutor:acrobatics",
        "tutor:bugbite",
        "tutor:bugbuzz",
        "tutor:electroweb",
        "tutor:guillotine",
        "tutor:irondefense",
        "tutor:laserfocus",
        "tutor:magnetrise",
        "tutor:shockwave",
        "tutor:signalbeam",
        "tutor:snore",
        "tutor:spark"
      ],
      "labels": [
        "gen7",
        "totem"
      ],
      "aspects": [
        "totem"
      ],
      "height": 26,
      "weight": 1475,
      "evolutions": [],
      "cannotDynamax": false,
      "battleOnly": false
    }
  ],
  "baseExperienceYield": 250,
  "experienceGroup": "medium_fast",
  "eggCycles": 15,
  "eggGroups": [
    "bug"
  ],
  "moves": [
    "1:airslash",
    "1:bugbite",
    "1:charge",
    "1:crunch",
    "1:dig",
    "1:discharge",
    "1:irondefense",
    "1:mudslap",
    "1:stringshot",
    "1:thunderbolt",
    "1:visegrip",
    "1:xscissor",
    "15:bite",
    "19:acrobatics",
    "23:spark",
    "29:stickyweb",
    "36:bugbuzz",
    "43:guillotine",
    "50:fly",
    "57:agility",
    "64:zapcannon",
    "tm:acrobatics",
    "tm:agility",
    "tm:airslash",
    "tm:attract",
    "tm:bugbuzz",
    "tm:chargebeam",
    "tm:confide",
    "tm:crunch",
    "tm:dig",
    "tm:doubleteam",
    "tm:eerieimpulse",
    "tm:electroball",
    "tm:electroweb",
    "tm:endure",
    "tm:energyball",
    "tm:facade",
    "tm:flashcannon",
    "tm:fly",
    "tm:frustration",
    "tm:gigaimpact",
    "tm:hiddenpower",
    "tm:hyperbeam",
    "tm:irondefense",
    "tm:lightscreen",
    "tm:mudshot",
    "tm:poisonjab",
    "tm:protect",
    "tm:raindance",
    "tm:rest",
    "tm:return",
    "tm:roost",
    "tm:round",
    "tm:screech",
    "tm:skydrop",
    "tm:sleeptalk",
    "tm:snore",
    "tm:solarbeam",
    "tm:substitute",
    "tm:swagger",
    "tm:thunder",
    "tm:thunderbolt",
    "tm:thunderwave",
    "tm:toxic",
    "tm:voltswitch",
    "tm:wildcharge",
    "tm:xscissor",
    "tutor:bugbite",
    "tutor:dualwingbeat",
    "tutor:electroweb",
    "tutor:irondefense",
    "tutor:laserfocus",
    "tutor:magnetrise",
    "tutor:risingvoltage",
    "tutor:shockwave",
    "tutor:signalbeam",
    "tutor:skittersmack",
    "tutor:snore"
  ],
  "labels": [
    "gen7"
  ],
  "pokedex": [
    "cobblemon.species.vikavolt.desc"
  ],
  "preEvolution": "charjabug",
  "evolutions": [],
  "baseScale": 1,
  "hitbox": {
    "width": 1,
    "height": 1,
    "fixed": false
  },
  "baseFriendship": 50,
  "evYield": {
    "hp": 0,
    "attack": 0,
    "defence": 0,
    "special_attack": 3,
    "special_defence": 0,
    "speed": 0
  },
  "height": 15,
  "weight": 450,
  "aspects": [],
  "cannotDynamax": false
}