{
  "portraitScale": 0.6,
  "portraitTranslation": [0, 0.9, 0],
  "profileScale": 0.75,
  "profileTranslation": [0, 0.7, 0],
  "faint": "bedrock(blisteringbehemoth, faint)",
  "poses": {
    "standing": {
      "poseName": "standing",
      "transformTicks": 10,
      "poseTypes": ["STAND", "NONE", "PORTRAIT", "PROFILE"],
      "animations": [
        "bedrock(blisteringbehemoth, ground_idle)"
      ]
    },
    "walking": {
      "poseName": "walking",
      "transformTicks": 10,
      "poseTypes": ["WALK"],
      "animations": [
        "bedrock(blisteringbehemoth, ground_walk)"]
    },
    "floating": {
      "poseName": "floating",
      "transformTicks": 10,
      "poseTypes": [ "FLOAT" ],
      "animations": [ "bedrock(blisteringbehemoth, water_idle)" ]
    },
    "swimming": {
      "poseName": "swimming",
      "transformTicks": 10,
      "poseTypes": [ "SWIM" ],
      "animations": [ "bedrock(blisteringbehemoth, water_swim)" ]
    }
  }
}