
{
  "head": "head",
  "portraitScale": 1.25,
  "portraitTranslation": [ 0, 0.7, 0 ],
  "profileScale": 1.8,
  "profileTranslation": [ 0, -1, 0 ],
  "faint": "bedrock(ironradiator, faint)",
  "poses": {
    "standing": {
      "poseName": "standing",
      "transformTicks": 10,
      "poseTypes": [
        "STAND",
        "NONE",
        "PORTRAIT",
        "PROFILE"
      ],
      "animations": [
        "bedrock(ironradiator, ground_idle)"
      ]
    },
    "walking": {
      "poseName": "walking",
      "transformTicks": 10,
      "poseTypes": [ "WALK" ],
      "animations": [ "bedrock(ironradiator, ground_walk)" ]
    },
    "floating": {
      "poseName": "floating",
      "transformTicks": 10,
      "poseTypes": [ "FLOAT" ],
      "animations": [ "bedrock(ironradiator, water_idle)" ]
    },
    "swimming": {
      "poseName": "swimming",
      "transformTicks": 10,
      "poseTypes": [ "SWIM" ],
      "animations": [ "bedrock(ironradiator, water_swim)" ]
    }
  }
}