{
  "species": "cobblemon:florabri",
  "order": 0,
  "variations": [
    {
      "aspects": [],
      "poser": "cobblemon:sage_florabri",
      "model": "cobblemon:sage_florabri.geo",
      "texture": "cobblemon:textures/pokemon/sage/florabri/florabri.png",
      "layers": []
    },
    {
      "aspects": [
        "shiny"
      ],
      "texture": "cobblemon:textures/pokemon/sage/florabri/florabri_shiny.png"
    },
    {
      "aspects": [
        "female"
      ],
      "texture": "cobblemon:textures/pokemon/sage/florabri/florabri_female.png"
    },
    {
      "aspects": [
        "shiny",
		"female"
      ],
      "texture": "cobblemon:textures/pokemon/sage/florabri/florabri_shiny_female.png"
    }
  ]
}