{
  "species": "cobblemon:floressum",
  "order": 0,
  "variations": [
    {
      "aspects": [],
      "poser": "cobblemon:sage_floressum",
      "model": "cobblemon:sage_floressum.geo",
      "texture": "cobblemon:textures/pokemon/sage/floressum/floressum.png",
      "layers": []
    },
    {
      "aspects": [
        "shiny"
      ],
      "texture": "cobblemon:textures/pokemon/sage/floressum/floressum_shiny.png"
    },
    {
      "aspects": [
        "female"
      ],
      "texture": "cobblemon:textures/pokemon/sage/floressum/floressum_female.png"
    },
    {
      "aspects": [
        "female",
        "shiny"
      ],
      "texture": "cobblemon:textures/pokemon/sage/floressum/floressum_female_shiny.png"
    }
  ]
}