{
	"format_version": "1.8.0",
	"animations": {
		"animation.combustingtemper.ground_idle": {
			"loop": true,
			"animation_length": 2,
			"bones": {
				"head": {
					"rotation": {
						"0.0": [0, 0, 0],
						"1.0833": [10, 0, 0],
						"2.0": [0, 0, 0]
					},
					"position": {
						"0.0": [0, 0, 0],
						"1.0833": [0, 2.75, 0],
						"2.0": [0, 0, 0]
					}
				},
				"tail": {
					"rotation": {
						"0.0": [-40, 0, 0],
						"0.5": [-12.54624, -4.88119, 1.08482],
						"2.0": [-40, 0, 0]
					},
					"position": {
						"0.0": [0, 15, -6],
						"0.25": [0, 10, -5.5],
						"0.5": [0, 5, -3],
						"2.0": [0, 15, -6]
					}
				},
				"LeftArm": {
					"rotation": {
						"1.2083": [0, 0, 0],
						"1.375": [-12.5, 0, 0],
						"2.0": [0, 0, 0]
					},
					"position": {
						"1.2083": [0, 0, 0],
						"1.375": [0, 1, -5],
						"1.7917": [0, -1, -5],
						"2.0": [0, 0, 0]
					}
				}
			}
		},
		"animation.combustingtemper.water_idle": {
			"loop": true,
			"animation_length": 2,
			"bones": {
				"head": {
					"rotation": {
						"0.0": [0, 0, 0],
						"1.0833": [10, 0, 0],
						"2.0": [0, 0, 0]
					},
					"position": {
						"0.0": [0, 0, 0],
						"1.0833": [0, 2.75, 0],
						"2.0": [0, 0, 0]
					}
				},
				"tail": {
					"rotation": {
						"0.0": [-40, 0, 0],
						"0.5": [-12.54624, -4.88119, 1.08482],
						"2.0": [-40, 0, 0]
					},
					"position": {
						"0.0": [0, 15, -6],
						"0.25": [0, 10, -5.5],
						"0.5": [0, 5, -3],
						"2.0": [0, 15, -6]
					}
				},
				"LeftArm": {
					"rotation": {
						"1.2083": [0, 0, 0],
						"1.375": [-12.5, 0, 0],
						"2.0": [0, 0, 0]
					},
					"position": {
						"1.2083": [0, 0, 0],
						"1.375": [0, 1, -5],
						"1.7917": [0, -1, -5],
						"2.0": [0, 0, 0]
					}
				}
			}
		},
		"animation.combustingtemper.air_idle": {
			"loop": true,
			"animation_length": 2,
			"bones": {
				"head": {
					"rotation": {
						"0.0": [0, 0, 0],
						"1.0833": [10, 0, 0],
						"2.0": [0, 0, 0]
					},
					"position": {
						"0.0": [0, 0, 0],
						"1.0833": [0, 2.75, 0],
						"2.0": [0, 0, 0]
					}
				},
				"tail": {
					"rotation": {
						"0.0": [-40, 0, 0],
						"0.5": [-12.54624, -4.88119, 1.08482],
						"2.0": [-40, 0, 0]
					},
					"position": {
						"0.0": [0, 15, -6],
						"0.25": [0, 10, -5.5],
						"0.5": [0, 5, -3],
						"2.0": [0, 15, -6]
					}
				},
				"LeftArm": {
					"rotation": {
						"1.2083": [0, 0, 0],
						"1.375": [-12.5, 0, 0],
						"2.0": [0, 0, 0]
					},
					"position": {
						"1.2083": [0, 0, 0],
						"1.375": [0, 1, -5],
						"1.7917": [0, -1, -5],
						"2.0": [0, 0, 0]
					}
				}
			}
		},
		"animation.combustingtemper.ground_walk": {
			"loop": true,
			"animation_length": 4,
			"bones": {
				"head": {
					"rotation": {
						"0.0": [0, 0, 0],
						"1.0833": [10, 0, 0],
						"2.0": [0, 0, 0],
						"3.0833": [10, 0, 0],
						"4.0": [0, 0, 0]
					},
					"position": {
						"0.0": [0, 0, 0],
						"1.0833": [0, 2.75, 0],
						"3.0833": [0, 2.75, 0],
						"4.0": [0, 0, 0]
					}
				},
				"tail": {
					"rotation": {
						"0.0": [-40, 0, 0],
						"0.5": [-12.54624, -4.88119, 1.08482],
						"2.0": [-40, 0, 0],
						"3.5": [-12.54624, -4.88119, 1.08482]
					},
					"position": {
						"0.0": [0, 15, -6],
						"0.25": [0, 10, -5.5],
						"0.5": [0, 5, -3],
						"2.0": [0, 15, -6],
						"2.7083": [0, 10.17, -5.72],
						"3.125": [0, 6.04, -5.55],
						"3.5": [0, 5, -3]
					}
				},
				"LeftArm": {
					"rotation": {
						"0.0": [0, 0, 0],
						"1.0": [-30, 0, 0],
						"2.0": [0, 0, 0],
						"3.0": [30, 0, 0],
						"4.0": [0, 0, 0]
					},
					"position": {
						"0.0": [0, 0, 0],
						"1.0": [0, -0.5, -4.25],
						"2.0": [0, 0, 0],
						"3.0": [0, 5, 3.75],
						"4.0": [0, 0, 0]
					}
				},
				"Rightarm": {
					"rotation": {
						"0.0": [0, 0, 0],
						"1.0": [30, 0, 0],
						"2.0": [0, 0, 0],
						"3.0": [-30, 0, 0],
						"4.0": [0, 0, 0]
					},
					"position": {
						"0.0": [0, 0, 0],
						"1.0": [0, 5, 3.75],
						"2.0": [0, 0, 0],
						"3.0": [0, -0.5, -4.25],
						"4.0": [0, 0, 0]
					}
				},
				"LeftLeg": {
					"rotation": {
						"0.0": [0, 0, 0],
						"1.0": [30, 0, 0],
						"2.0": [0, 0, 0],
						"3.0": [-30, 0, 0],
						"4.0": [0, 0, 0]
					},
					"position": {
						"0.0": [0, 0, 0],
						"1.0": [0, 5, 3.75],
						"2.0": [0, 0, 0],
						"3.0": [0, -0.5, -4.25],
						"4.0": [0, 0, 0]
					}
				},
				"RightLeg": {
					"rotation": {
						"0.0": [0, 0, 0],
						"1.0": [-30, 0, 0],
						"2.0": [0, 0, 0],
						"3.0": [30, 0, 0],
						"4.0": [0, 0, 0]
					},
					"position": {
						"0.0": [0, 0, 0],
						"1.0": [0, -0.5, -4.25],
						"2.0": [0, 0, 0],
						"3.0": [0, 5, 3.75],
						"4.0": [0, 0, 0]
					}
				}
			}
		},
		"animation.combustingtemper.water_swim": {
			"loop": true,
			"animation_length": 4,
			"bones": {
				"head": {
					"rotation": {
						"0.0": [0, 0, 0],
						"1.0833": [10, 0, 0],
						"2.0": [0, 0, 0],
						"3.0833": [10, 0, 0],
						"4.0": [0, 0, 0]
					},
					"position": {
						"0.0": [0, 0, 0],
						"1.0833": [0, 2.75, 0],
						"3.0833": [0, 2.75, 0],
						"4.0": [0, 0, 0]
					}
				},
				"tail": {
					"rotation": {
						"0.0": [-40, 0, 0],
						"0.5": [-12.54624, -4.88119, 1.08482],
						"2.0": [-40, 0, 0],
						"3.5": [-12.54624, -4.88119, 1.08482]
					},
					"position": {
						"0.0": [0, 15, -6],
						"0.25": [0, 10, -5.5],
						"0.5": [0, 5, -3],
						"2.0": [0, 15, -6],
						"2.7083": [0, 10.17, -5.72],
						"3.125": [0, 6.04, -5.55],
						"3.5": [0, 5, -3]
					}
				},
				"LeftArm": {
					"rotation": {
						"0.0": [0, 0, 0],
						"1.0": [-30, 0, 0],
						"2.0": [0, 0, 0],
						"3.0": [30, 0, 0],
						"4.0": [0, 0, 0]
					},
					"position": {
						"0.0": [0, 0, 0],
						"1.0": [0, -0.5, -4.25],
						"2.0": [0, 0, 0],
						"3.0": [0, 5, 3.75],
						"4.0": [0, 0, 0]
					}
				},
				"Rightarm": {
					"rotation": {
						"0.0": [0, 0, 0],
						"1.0": [30, 0, 0],
						"2.0": [0, 0, 0],
						"3.0": [-30, 0, 0],
						"4.0": [0, 0, 0]
					},
					"position": {
						"0.0": [0, 0, 0],
						"1.0": [0, 5, 3.75],
						"2.0": [0, 0, 0],
						"3.0": [0, -0.5, -4.25],
						"4.0": [0, 0, 0]
					}
				},
				"LeftLeg": {
					"rotation": {
						"0.0": [0, 0, 0],
						"1.0": [30, 0, 0],
						"2.0": [0, 0, 0],
						"3.0": [-30, 0, 0],
						"4.0": [0, 0, 0]
					},
					"position": {
						"0.0": [0, 0, 0],
						"1.0": [0, 5, 3.75],
						"2.0": [0, 0, 0],
						"3.0": [0, -0.5, -4.25],
						"4.0": [0, 0, 0]
					}
				},
				"RightLeg": {
					"rotation": {
						"0.0": [0, 0, 0],
						"1.0": [-30, 0, 0],
						"2.0": [0, 0, 0],
						"3.0": [30, 0, 0],
						"4.0": [0, 0, 0]
					},
					"position": {
						"0.0": [0, 0, 0],
						"1.0": [0, -0.5, -4.25],
						"2.0": [0, 0, 0],
						"3.0": [0, 5, 3.75],
						"4.0": [0, 0, 0]
					}
				}
			}
		},
		"animation.combustingtemper.air_fly": {
			"loop": true,
			"animation_length": 4,
			"bones": {
				"head": {
					"rotation": {
						"0.0": [0, 0, 0],
						"1.0833": [10, 0, 0],
						"2.0": [0, 0, 0],
						"3.0833": [10, 0, 0],
						"4.0": [0, 0, 0]
					},
					"position": {
						"0.0": [0, 0, 0],
						"1.0833": [0, 2.75, 0],
						"3.0833": [0, 2.75, 0],
						"4.0": [0, 0, 0]
					}
				},
				"tail": {
					"rotation": {
						"0.0": [-40, 0, 0],
						"0.5": [-12.54624, -4.88119, 1.08482],
						"2.0": [-40, 0, 0],
						"3.5": [-12.54624, -4.88119, 1.08482]
					},
					"position": {
						"0.0": [0, 15, -6],
						"0.25": [0, 10, -5.5],
						"0.5": [0, 5, -3],
						"2.0": [0, 15, -6],
						"2.7083": [0, 10.17, -5.72],
						"3.125": [0, 6.04, -5.55],
						"3.5": [0, 5, -3]
					}
				},
				"LeftArm": {
					"rotation": {
						"0.0": [0, 0, 0],
						"1.0": [-30, 0, 0],
						"2.0": [0, 0, 0],
						"3.0": [30, 0, 0],
						"4.0": [0, 0, 0]
					},
					"position": {
						"0.0": [0, 0, 0],
						"1.0": [0, -0.5, -4.25],
						"2.0": [0, 0, 0],
						"3.0": [0, 5, 3.75],
						"4.0": [0, 0, 0]
					}
				},
				"Rightarm": {
					"rotation": {
						"0.0": [0, 0, 0],
						"1.0": [30, 0, 0],
						"2.0": [0, 0, 0],
						"3.0": [-30, 0, 0],
						"4.0": [0, 0, 0]
					},
					"position": {
						"0.0": [0, 0, 0],
						"1.0": [0, 5, 3.75],
						"2.0": [0, 0, 0],
						"3.0": [0, -0.5, -4.25],
						"4.0": [0, 0, 0]
					}
				},
				"LeftLeg": {
					"rotation": {
						"0.0": [0, 0, 0],
						"1.0": [30, 0, 0],
						"2.0": [0, 0, 0],
						"3.0": [-30, 0, 0],
						"4.0": [0, 0, 0]
					},
					"position": {
						"0.0": [0, 0, 0],
						"1.0": [0, 5, 3.75],
						"2.0": [0, 0, 0],
						"3.0": [0, -0.5, -4.25],
						"4.0": [0, 0, 0]
					}
				},
				"RightLeg": {
					"rotation": {
						"0.0": [0, 0, 0],
						"1.0": [-30, 0, 0],
						"2.0": [0, 0, 0],
						"3.0": [30, 0, 0],
						"4.0": [0, 0, 0]
					},
					"position": {
						"0.0": [0, 0, 0],
						"1.0": [0, -0.5, -4.25],
						"2.0": [0, 0, 0],
						"3.0": [0, 5, 3.75],
						"4.0": [0, 0, 0]
					}
				}
			}
		},
		"animation.combustingtemper.sleep": {
			"loop": true,
			"animation_length": 4.04167,
			"bones": {
				"body": {
					"rotation": [0, 0, -82.5]
				},
				"LeftLeg": {
					"rotation": [0, 0, 45],
					"position": [-5, 5, 0]
				},
				"LeftArm": {
					"rotation": [0, 0, 45],
					"position": [-5, 5, 0]
				},
				"tail": {
					"rotation": {
						"0.0": [0, 0, -17.5],
						"1.0": [0, 0, 22.5],
						"2.0": [0, 0, -17.5],
						"3.0": [0, 0, 22.5],
						"4.0": [0, 0, -17.5]
					},
					"position": {
						"0.0": [4, 0, 0],
						"1.0": [-6, 0, 0],
						"2.0": [4, 0, 0],
						"3.0": [-6, 0, 0],
						"4.0": [4, 0, 0]
					}
				},
				"head": {
					"rotation": [0, 0, 62.5],
					"position": [-11, 7.5, 0]
				},
				"EyeL": {
					"rotation": [0, 0, 0],
					"position": {
						"0.0": [0, 16, 0],
						"1.375": [0, 10, 0],
						"2.0": [0, 16, 0]
					},
					"scale": {
						"0.0": [1, "0.2v", 1],
						"1.375": [1, 0.4, 1],
						"2.0": [1, "0.2v", 1]
					}
				},
				"EyeR": {
					"rotation": [0, 0, 0],
					"position": {
						"0.0": [0, 16, 0],
						"1.375": [0, 10, 0],
						"2.0": [0, 16, 0]
					},
					"scale": {
						"0.0": [1, "0.2v", 1],
						"1.375": [1, 0.4, 1],
						"2.0": [1, "0.2v", 1]
					}
				}
			}
		},
		"animation.combustingtemper.faint": {
			"loop": true,
			"animation_length": 4.04167,
			"bones": {
				"body": {
					"rotation": [0, 0, -82.5]
				},
				"LeftLeg": {
					"rotation": [0, 0, 45],
					"position": [-5, 5, 0]
				},
				"LeftArm": {
					"rotation": [0, 0, 45],
					"position": [-5, 5, 0]
				},
				"tail": {
					"rotation": {
						"0.0": [0, 0, -17.5],
						"1.0": [0, 0, 22.5],
						"2.0": [0, 0, -17.5],
						"3.0": [0, 0, 22.5],
						"4.0": [0, 0, -17.5]
					},
					"position": {
						"0.0": [4, 0, 0],
						"1.0": [-6, 0, 0],
						"2.0": [4, 0, 0],
						"3.0": [-6, 0, 0],
						"4.0": [4, 0, 0]
					}
				},
				"head": {
					"rotation": [0, 0, 62.5],
					"position": [-11, 7.5, 0]
				},
				"EyeL": {
					"rotation": [0, 0, 0],
					"position": {
						"0.0": [0, 16, 0],
						"1.375": [0, 10, 0],
						"2.0": [0, 16, 0]
					},
					"scale": {
						"0.0": [1, "0.2v", 1],
						"1.375": [1, 0.4, 1],
						"2.0": [1, "0.2v", 1]
					}
				},
				"EyeR": {
					"rotation": [0, 0, 0],
					"position": {
						"0.0": [0, 16, 0],
						"1.375": [0, 10, 0],
						"2.0": [0, 16, 0]
					},
					"scale": {
						"0.0": [1, "0.2v", 1],
						"1.375": [1, 0.4, 1],
						"2.0": [1, "0.2v", 1]
					}
				}
			}
		}
	},
	"geckolib_format_version": 2
}