{
	"format_version": "1.12.0",
	"minecraft:geometry": [
		{
			"description": {
				"identifier": "geometry.devilishfruit",
				"texture_width": 64,
				"texture_height": 64,
				"visible_bounds_width": 4,
				"visible_bounds_height": 2.5,
				"visible_bounds_offset": [0, 0.75, 0]
			},
			"bones": [
				{
					"name": "root",
					"pivot": [0, 0, 0]
				},
				{
					"name": "body",
					"parent": "root",
					"pivot": [0, 0, 0],
					"cubes": [
						{"origin": [-5, 0, -5], "size": [10, 10, 10], "uv": [0, 0]}
					]
				},
				{
					"name": "righteye",
					"parent": "root",
					"pivot": [0, 0, 0],
					"cubes": [
						{"origin": [-1, 10, -1], "size": [1, 3, 1], "uv": [30, 0]},
						{"origin": [-9, 10, -1], "size": [2, 1, 1], "pivot": [0, 0, 0], "rotation": [0, 0, 30], "uv": [21, 22]},
						{"origin": [-4, 13, -1], "size": [1, 1, 1], "pivot": [0, 0, 0], "rotation": [0.51964, -0.18636, 2.46861], "uv": [30, 7]}
					]
				},
				{
					"name": "lefteye",
					"parent": "root",
					"pivot": [0, 0, 0],
					"cubes": [
						{"origin": [0, 10, -1], "size": [1, 3, 1], "uv": [6, 5]},
						{"origin": [7, 10, -1], "size": [2, 1, 1], "pivot": [0, 0, 0], "rotation": [0, 0, -30], "uv": [21, 20]},
						{"origin": [2, 13, -1], "size": [3, 1, 1], "uv": [0, 26]},
						{"origin": [-1, 12, -1], "size": [1, 2, 1], "pivot": [0, 0, 0], "rotation": [-0.19203, 0.04277, 20.00121], "uv": [30, 4]},
						{"origin": [2, 12, -1], "size": [3, 1, 1], "uv": [0, 24]},
						{"origin": [-1, 12, -1], "size": [2, 1, 1], "pivot": [0, 0, 0], "rotation": [0, 0, 15], "uv": [4, 3]}
					]
				},
				{
					"name": "tail",
					"parent": "root",
					"pivot": [0, 0, 0],
					"cubes": [
						{"origin": [-3, 1, 6], "size": [6, 1, 9], "uv": [0, 20]},
						{"origin": [-2, 0, 6], "size": [4, 1, 7], "uv": [21, 20]},
						{"origin": [-3, 2, 7], "size": [6, 1, 1], "uv": [0, 30]},
						{"origin": [-3, 1, 5], "size": [6, 4, 2], "uv": [28, 28]},
						{"origin": [-2, 1, 15], "size": [4, 2, 1], "uv": [0, 0]},
						{"origin": [-1, 2, 16], "size": [2, 4, 1], "uv": [0, 20]},
						{"origin": [3, 1, 11], "size": [1, 4, 2], "uv": [0, 3]},
						{"origin": [3, 5, 11], "size": [1, 2, 1], "uv": [21, 24]},
						{"origin": [-4, 1, 11], "size": [1, 4, 2], "uv": [0, 3]},
						{"origin": [-4, 5, 11], "size": [1, 2, 1], "uv": [21, 24]}
					]
				}
			]
		}
	]
}