{
	"format_version": "1.12.0",
	"minecraft:geometry": [
		{
			"description": {
				"identifier": "geometry.blisteringbehemoth",
				"texture_width": 128,
				"texture_height": 128,
				"visible_bounds_width": 5,
				"visible_bounds_height": 4.5,
				"visible_bounds_offset": [0, 1.75, 0]
			},
			"bones": [
				{
					"name": "FullBody",
					"pivot": [0, 0, 0]
				},
				{
					"name": "Head",
					"parent": "FullBody",
					"pivot": [0, 0, 0],
					"cubes": [
						{"origin": [-4.5, 25.75, -14.75], "size": [9, 10, 9], "uv": [38, 32]},
						{"origin": [-1, 29, -16.75], "size": [2, 2, 2], "uv": [92, 24]},
						{"origin": [-1, 32, -15], "size": [2, 1, 1.25], "uv": [44, 117]},
						{"origin": [1, 33, -15], "size": [2, 1, 3.25], "uv": [52, 1]},
						{"origin": [-3, 33, -15], "size": [2, 1, 1.25], "uv": [38, 115]},
						{"origin": [1, 33, -15], "size": [2, 1, 0], "uv": [43, 0]},
						{"origin": [-33, 3, -15], "size": [2, 1, 0.25], "pivot": [0, 0, 0.25], "rotation": [0, 0, 90], "uv": [58, 4]},
						{"origin": [-33, -4, -15], "size": [2, 1, 0.25], "pivot": [0, 0, 0.25], "rotation": [0, 0, 90], "uv": [52, 0]},
						{"origin": [1, 30, -15], "size": [3, 1, 0.25], "uv": [55, 5]},
						{"origin": [-4, 30, -15], "size": [3, 1, 0.25], "uv": [60, 7]},
						{"origin": [1, 23.25, -15], "size": [1, 6, 1], "pivot": [0, 30, -14], "rotation": [-17.5, 0, 0], "uv": [85, 120]},
						{"origin": [-7, 28.25, -15], "size": [5, 1, 1], "pivot": [0, 30, -14], "rotation": [-17.5, 0, 0], "uv": [80, 119]},
						{"origin": [-4, 24.25, -15], "size": [2, 4, 1], "pivot": [0, 30, -14], "rotation": [-17.5, 0, 0], "uv": [84, 121]},
						{"origin": [-4, 23.25, -15], "size": [1, 4, 1], "pivot": [0, 30, -14], "rotation": [-17.5, 0, 0], "uv": [86, 118]},
						{"origin": [2, 28.25, -15], "size": [4, 1, 1], "pivot": [0, 30, -14], "rotation": [-17.5, 0, 0], "uv": [84, 116]},
						{"origin": [2, 26.25, -15], "size": [2, 2, 1], "pivot": [0, 30, -14], "rotation": [-17.5, 0, 0], "uv": [87, 119]},
						{"origin": [3, 23.25, -15], "size": [1, 4, 1], "pivot": [0, 30, -14], "rotation": [-17.5, 0, 0], "uv": [53, 97]},
						{"origin": [-2, 23.25, -15], "size": [1, 6, 1], "pivot": [0, 30, -14], "rotation": [-17.5, 0, 0], "uv": [87, 115]},
						{"origin": [-1, 25.25, -15], "size": [1, 4, 1], "pivot": [0, 30, -14], "rotation": [-17.5, 0, 0], "uv": [85, 117]},
						{"origin": [0, 24.25, -15], "size": [1, 5, 1], "pivot": [0, 30, -14], "rotation": [-17.5, 0, 0], "uv": [91, 115]},
						{"origin": [1.75, 25.23071, -26.62001], "size": [3, 3, 16], "pivot": [3.5, 26, -13.5], "rotation": [75, -45, 0], "uv": [0, 29]},
						{"origin": [1.75, 10.95433, -21.46578], "size": [3, 3, 12], "pivot": [3.5, 26, -13.5], "rotation": [-30, -45, 0], "uv": [50, 12]},
						{"origin": [4.75, 22.21402, -28.39461], "size": [1, 3, 1], "pivot": [3.5, 26, -13.5], "rotation": [27.5, -45, 0], "uv": [98, 54]},
						{"origin": [4.75, 25.21402, -28.39461], "size": [1, 2, 2], "pivot": [3.5, 26, -13.5], "rotation": [27.5, -45, 0], "uv": [96, 3]},
						{"origin": [4.75, 24.21402, -29.39461], "size": [1, 3, 1], "pivot": [3.5, 26, -13.5], "rotation": [27.5, -45, 0], "uv": [98, 46]},
						{"origin": [0.75, 21.21402, -30.39461], "size": [3, 6, 1], "pivot": [3.5, 26, -13.5], "rotation": [27.5, -45, 0], "uv": [90, 86]},
						{"origin": [0.75, 22.21402, -29.39461], "size": [1, 5, 1], "pivot": [3.5, 26, -13.5], "rotation": [27.5, -45, 0], "uv": [27, 96]},
						{"origin": [0.75, 24.21402, -28.39461], "size": [1, 3, 1], "pivot": [3.5, 26, -13.5], "rotation": [27.5, -45, 0], "uv": [94, 97]},
						{"origin": [0.75, 19.21402, -27.39461], "size": [1, 8, 1], "pivot": [3.5, 26, -13.5], "rotation": [27.5, -45, 0], "uv": [0, 93]},
						{"origin": [1.75, 24.21402, -31.39461], "size": [3, 3, 1], "pivot": [3.5, 26, -13.5], "rotation": [27.5, -45, 0], "uv": [12, 93]},
						{"origin": [1.75, 22.21402, -31.39461], "size": [1, 2, 1], "pivot": [3.5, 26, -13.5], "rotation": [27.5, -45, 0], "uv": [99, 67]},
						{"origin": [3.75, 22.21402, -30.39461], "size": [1, 5, 1], "pivot": [3.5, 26, -13.5], "rotation": [27.5, -45, 0], "uv": [23, 96]},
						{"origin": [4.75, 23.71402, -30.39461], "size": [1, 3.5, 1], "pivot": [3.5, 26, -13.5], "rotation": [27.5, -45, 0], "uv": [86, 97]},
						{"origin": [4.75, 21.21402, -26.39461], "size": [1, 6, 1], "pivot": [3.5, 26, -13.5], "rotation": [27.5, -45, 0], "uv": [22, 71]},
						{"origin": [1.75, 23.21402, -26.39461], "size": [3, 4, 1], "pivot": [3.5, 26, -13.5], "rotation": [27.5, -45, 0], "uv": [52, 92]},
						{"origin": [4.75, 23.21402, -27.39461], "size": [1, 2, 1], "pivot": [3.5, 26, -13.5], "rotation": [27.5, -45, 0], "uv": [65, 99]},
						{"origin": [1.75, 21.86849, -30.96447], "size": [3, 7, 1], "pivot": [3.5, 26, -13.5], "rotation": [10, -45, 0], "uv": [74, 87]},
						{"origin": [1.75, 23.36849, -26.21447], "size": [3, 6, 1], "pivot": [3.5, 26, -13.5], "rotation": [10, -45, 0], "uv": [90, 55]},
						{"origin": [0.75, 21.86849, -29.96447], "size": [1, 7, 4], "pivot": [3.5, 26, -13.5], "rotation": [10, -45, 0], "uv": [10, 82]},
						{"origin": [4.75, 21.86849, -29.96447], "size": [1, 7, 4], "pivot": [3.5, 26, -13.5], "rotation": [10, -45, 0], "uv": [0, 82]},
						{"origin": [1.75, 20.41215, -30.3121], "size": [3, 7, 1], "pivot": [3.5, 26, -13.5], "rotation": [-17.5, -45, 0], "uv": [85, 30]},
						{"origin": [1.75, 23.16215, -26.3121], "size": [3, 7, 1], "pivot": [3.5, 26, -13.5], "rotation": [-17.5, -45, 0], "uv": [52, 84]},
						{"origin": [4.75, 20.86215, -29.3121], "size": [1, 9.3, 3.25], "pivot": [3.5, 26, -13.5], "rotation": [-17.5, -45, 0], "uv": [36, 84]},
						{"origin": [0.75, 20.86215, -29.3121], "size": [1, 9.3, 3.25], "pivot": [3.5, 26, -13.5], "rotation": [-17.5, -45, 0], "uv": [28, 84]},
						{"origin": [1.75, 22.10065, -29.83164], "size": [3, 7, 1], "pivot": [3.5, 26, -13.5], "rotation": [-35, -45, 0], "uv": [44, 84]},
						{"origin": [1.75, 33.25, -25.5], "size": [3, 4, 1], "pivot": [3.5, 26, -13.5], "rotation": [0, -45, 0], "uv": [44, 92]},
						{"origin": [1.5, 30.11215, -28.5621], "size": [3.5, 1.8, 1.5], "pivot": [3.5, 26, -13.5], "rotation": [-17.5, -45, 0], "uv": [52, 18]},
						{"origin": [-4.75, 27.19603, -28.18128], "size": [3, 3, 16], "pivot": [-3.25, 28, -13], "rotation": [75, 45, 0], "uv": [28, 13]},
						{"origin": [-4.75, 10.97227, -20.39879], "size": [3, 3, 12], "pivot": [-3.25, 28, -13], "rotation": [-30, 45, 0], "uv": [0, 48]},
						{"origin": [-1.75, 22.67088, -29.26162], "size": [1, 3, 1], "pivot": [-3.25, 28, -13], "rotation": [27.5, 45, 0], "uv": [78, 97]},
						{"origin": [-1.75, 25.67088, -29.26162], "size": [1, 2, 2], "pivot": [-3.25, 28, -13], "rotation": [27.5, 45, 0], "uv": [95, 34]},
						{"origin": [-1.75, 24.67088, -30.26162], "size": [1, 3, 1], "pivot": [-3.25, 28, -13], "rotation": [27.5, 45, 0], "uv": [86, 55]},
						{"origin": [-5.75, 21.67088, -31.26162], "size": [3, 6, 1], "pivot": [-3.25, 28, -13], "rotation": [27.5, 45, 0], "uv": [89, 38]},
						{"origin": [-5.75, 22.67088, -30.26162], "size": [1, 5, 1], "pivot": [-3.25, 28, -13], "rotation": [27.5, 45, 0], "uv": [19, 96]},
						{"origin": [-5.75, 24.67088, -29.26162], "size": [1, 3, 1], "pivot": [-3.25, 28, -13], "rotation": [27.5, 45, 0], "uv": [0, 82]},
						{"origin": [-5.75, 19.67088, -28.26162], "size": [1, 8, 1], "pivot": [-3.25, 28, -13], "rotation": [27.5, 45, 0], "uv": [92, 14]},
						{"origin": [-4.75, 24.67088, -32.26162], "size": [3, 3, 1], "pivot": [-3.25, 28, -13], "rotation": [27.5, 45, 0], "uv": [4, 93]},
						{"origin": [-4.75, 22.67088, -32.26162], "size": [1, 2, 1], "pivot": [-3.25, 28, -13], "rotation": [27.5, 45, 0], "uv": [61, 99]},
						{"origin": [-2.75, 22.67088, -31.26162], "size": [1, 5, 1], "pivot": [-3.25, 28, -13], "rotation": [27.5, 45, 0], "uv": [96, 14]},
						{"origin": [-1.75, 24.42088, -31.26162], "size": [1, 3, 1], "pivot": [-3.25, 28, -13], "rotation": [27.5, 45, 0], "uv": [74, 55]},
						{"origin": [-1.75, 21.67088, -27.26162], "size": [1, 6, 1], "pivot": [-3.25, 28, -13], "rotation": [27.5, 45, 0], "uv": [22, 29]},
						{"origin": [-4.75, 23.67088, -27.26162], "size": [3, 4, 1], "pivot": [-3.25, 28, -13], "rotation": [27.5, 45, 0], "uv": [92, 9]},
						{"origin": [-1.75, 23.67088, -28.26162], "size": [1, 2, 1], "pivot": [-3.25, 28, -13], "rotation": [27.5, 45, 0], "uv": [99, 32]},
						{"origin": [-4.75, 21.9857, -31.30417], "size": [3, 7, 1], "pivot": [-3.25, 28, -13], "rotation": [10, 45, 0], "uv": [68, 12]},
						{"origin": [-4.75, 23.4857, -26.55417], "size": [3, 6, 1], "pivot": [-3.25, 28, -13], "rotation": [10, 45, 0], "uv": [82, 87]},
						{"origin": [-5.75, 21.9857, -30.30417], "size": [1, 7, 4], "pivot": [-3.25, 28, -13], "rotation": [10, 45, 0], "uv": [50, 12]},
						{"origin": [-1.75, 21.9857, -30.30417], "size": [1, 7, 4], "pivot": [-3.25, 28, -13], "rotation": [10, 45, 0], "uv": [0, 48]},
						{"origin": [-4.75, 20.35436, -29.68755], "size": [3, 7, 1], "pivot": [-3.25, 28, -13], "rotation": [-17.5, 45, 0], "uv": [22, 63]},
						{"origin": [-4.75, 23.10436, -25.68755], "size": [3, 7, 1], "pivot": [-3.25, 28, -13], "rotation": [-17.5, 45, 0], "uv": [38, 32]},
						{"origin": [-1.75, 20.80436, -28.68755], "size": [1, 9.3, 3.25], "pivot": [-3.25, 28, -13], "rotation": [-17.5, 45, 0], "uv": [20, 84]},
						{"origin": [-5.75, 20.80436, -28.68755], "size": [1, 9.3, 3.25], "pivot": [-3.25, 28, -13], "rotation": [-17.5, 45, 0], "uv": [84, 7]},
						{"origin": [-4.75, 22.17556, -28.59406], "size": [3, 7, 1], "pivot": [-3.25, 28, -13], "rotation": [-35, 45, 0], "uv": [36, 0]},
						{"origin": [-4.75, 33.25, -25.5], "size": [3, 4, 1], "pivot": [-3.25, 28, -13], "rotation": [0, 45, 0], "uv": [91, 80]},
						{"origin": [-15.46447, 35.36142, -18.72046], "size": [3.5, 1.8, 1.5], "pivot": [-17.25, 37, -22], "rotation": [-17.5, 45, 0], "uv": [47, 88]},
						{"origin": [-6, 26.25, -15], "size": [2, 1, 1], "pivot": [0, 30, -14], "rotation": [-17.5, 0, 0], "uv": [85, 115]},
						{"origin": [3.25, 26.25, -15], "size": [2, 1, 1], "pivot": [0, 30, -14], "rotation": [-17.5, 0, 0], "uv": [82, 116]},
						{"origin": [-1.5, 37.25, 5.25], "size": [1.5, 2.5, 1.75], "pivot": [0, 0, 0], "rotation": [30.21362, 6.49053, 3.76613], "uv": [59, 5]},
						{"origin": [-1.5, 39.75, 5.5], "size": [1.5, 1.5, 1.5], "pivot": [0, 0, 0], "rotation": [30.21362, 6.49053, 3.76613], "uv": [54, 3]},
						{"origin": [-1.5, 37.25, 5.25], "size": [1.5, 2.5, 1.75], "pivot": [0, 0, 0], "rotation": [30.21362, 6.49053, 3.76613], "uv": [55, 6]},
						{"origin": [-1.5, 39.75, 5.5], "size": [1.5, 1.5, 1.5], "pivot": [0, 0, 0], "rotation": [30.21362, 6.49053, 3.76613], "uv": [52, 4]},
						{"origin": [-1.5, 41.25, 6.25], "size": [1.5, 0.5, 0.75], "pivot": [0, 0, 0], "rotation": [30.21362, 6.49053, 3.76613], "uv": [0, 0]},
						{"origin": [-2.5, 40.75, -5.5], "size": [1, 1, 1], "pivot": [0, 0, 0], "rotation": [10.33012, -10.73324, 0.65515], "uv": [66, 5]},
						{"origin": [-3, 36.25, -6.25], "size": [1.5, 4.5, 1.75], "pivot": [0, 0, 0], "rotation": [10.33012, -10.73324, 0.65515], "uv": [53, 3]},
						{"origin": [-2.5, 39.25, -12.5], "size": [0, 1, 1], "pivot": [0, 0, 0], "rotation": [-2.27249, 1.49448, 3.96542], "uv": [62, 4]},
						{"origin": [-3.25, 37.75, -12.75], "size": [1, 1.5, 1.5], "pivot": [0, 0, 0], "rotation": [-2.27249, 1.49448, 3.96542], "uv": [52, 5]},
						{"origin": [-3.25, 34.25, -13], "size": [1.75, 3.5, 1.75], "pivot": [0, 0, 0], "rotation": [-2.27249, 1.49448, 3.96542], "uv": [51, 3]},
						{"origin": [-3.5, 34.25, -12.75], "size": [2, 4, 2], "pivot": [0, 0, 0], "rotation": [-4.59924, 3.98849, 3.97371], "uv": [52, 5]},
						{"origin": [-3.75, 35.75, -17.25], "size": [2, 2, 1], "pivot": [0, 0, 0], "rotation": [-12.09924, 3.98849, 3.97371], "uv": [54, 5]},
						{"origin": [-3.25, 40, -10.25], "size": [1, 1, 0], "pivot": [0, 0, 0], "rotation": [-2.09924, 3.98849, 3.97371], "uv": [54, 4]},
						{"origin": [-16.75, 34.25, -18.25], "size": [2, 4, 2], "pivot": [-13.25, 0, -5.5], "rotation": [-18.92784, -43.38598, 22.7016], "uv": [54, 4]},
						{"origin": [-16, 35.75, -22.75], "size": [1, 2, 1], "pivot": [-13.25, 0, -5.5], "rotation": [-26.42784, -43.38598, 22.7016], "uv": [50, 6]},
						{"origin": [-15.5, 40, -16], "size": [0, 1, 1], "pivot": [-13.25, 0, -5.5], "rotation": [-16.42784, -43.38598, 22.7016], "uv": [57, 4]},
						{"origin": [-3.5, 87.75, -51.75], "size": [2, 4, 2], "pivot": [0, 53.5, -39], "rotation": [-137.24885, 0.22788, -5.62326], "uv": [52, 4]},
						{"origin": [-3.75, 89.25, -56.25], "size": [2, 2, 1], "pivot": [0, 53.5, -39], "rotation": [-144.74885, 0.22788, -5.62326], "uv": [52, 5]},
						{"origin": [-3.25, 93.25, -49.25], "size": [1, 1, 1], "pivot": [0, 53.5, -39], "rotation": [-134.74885, 0.22788, -5.62326], "uv": [51, 5]},
						{"origin": [-3.5, 37.25, -36], "size": [2, 2.5, 1.25], "pivot": [0, 3, -23.75], "rotation": [-47.22641, 5.62322, 0.22898], "uv": [51, 4]},
						{"origin": [-3, 37.75, -40.5], "size": [1.25, 1.75, 1], "pivot": [0, 3, -23.75], "rotation": [-54.72641, 5.62322, 0.22898], "uv": [56, 3]},
						{"origin": [-2.5, 34, -13.5], "size": [4, 2, 8], "uv": [68, 12]},
						{"origin": [1.5, 36, -11.75], "size": [1, 0, 5.25], "uv": [59, 4]},
						{"origin": [-3.5, 36, -12.75], "size": [1, 0, 5.25], "uv": [0, 0]},
						{"origin": [-1, 16.5, -29.5], "size": [1, 1, 4], "pivot": [0, 0, 0], "rotation": [-50, 0, 0], "uv": [48, 3]},
						{"origin": [-1, 15.75, -29.5], "size": [1, 1, 3], "pivot": [0, 0, 0], "rotation": [-50, 0, 0], "uv": [53, 5]},
						{"origin": [5, 35, -10.5], "size": [0.75, 2.25, 0.5], "pivot": [0, 0, 0], "rotation": [0, 0, -10], "uv": [64, 4]},
						{"origin": [5.5, 35, -13.5], "size": [0.75, 2.25, 0.5], "pivot": [0, 0, 0], "rotation": [0, 0, -10], "uv": [50, 4]},
						{"origin": [4.25, 35, -8], "size": [1, 2, 1], "pivot": [0, 0, 0], "rotation": [0, 0, -10], "uv": [53, 3]},
						{"origin": [-3.25, 35, -7], "size": [1, 2, 1], "pivot": [0, 0, 0], "rotation": [0, 0, 5], "uv": [53, 4]},
						{"origin": [5.5, 34.5, -12], "size": [0.75, 2.25, 0.5], "pivot": [0, 0, 0], "rotation": [0, 0, -10], "uv": [64, 6]},
						{"origin": [-3.5, 35.75, -15.5], "size": [0.75, 2.25, 0.5], "pivot": [0, 0, 0], "rotation": [-10, 0, 2.5], "uv": [53, 4]},
						{"origin": [-3.5, 68.5, -55.25], "size": [2, 6.5, 1.75], "pivot": [0, 34.25, -42.5], "rotation": [-114.84298, 2.35966, -5.11074], "uv": [51, 3]},
						{"origin": [-1.75, 82.75, -51.75], "size": [0.5, 3.75, 1.75], "pivot": [2, 48.5, -39], "rotation": [-137.24885, 0.22788, -5.62326], "uv": [0, 0]},
						{"origin": [-2.25, 26.5, -15.25], "size": [4.25, 2.75, 0.25], "pivot": [0, 30, -14], "rotation": [-17.5, 0, 0], "uv": [84, 117]},
						{"origin": [-1.25, 25.75, -15.25], "size": [2.25, 0.75, 0.25], "pivot": [0, 30, -14], "rotation": [-17.5, 0, 0], "uv": [84, 122]},
						{"origin": [-1.5, 27.5, -15.5], "size": [2.75, 1.75, 0.25], "pivot": [0, 30, -14], "rotation": [-17.5, 0, 0], "uv": [86, 117]},
						{"origin": [-1.5, 41.25, 6.25], "size": [1.5, 0.5, 0.75], "pivot": [0, 0, 0], "rotation": [30.21362, 6.49053, 3.76613], "uv": [58, 3]},
						{"origin": [-3.75, 70, -59.75], "size": [2, 5, 1], "pivot": [0, 34.25, -42.5], "rotation": [-122.34298, 2.35966, -5.11074], "uv": [50, 4]},
						{"origin": [-3.25, 74, -52.75], "size": [1, 4, 1], "pivot": [0, 34.25, -42.5], "rotation": [-112.34298, 2.35966, -5.11074], "uv": [50, 5]}
					]
				},
				{
					"name": "RightEar",
					"parent": "Head",
					"pivot": [-4, 35, -10],
					"cubes": [
						{"origin": [-5.25, 27.75, -13.75], "size": [1, 8, 6], "pivot": [-4, 35, -10], "rotation": [0, 0, 12.5], "uv": [60, 81]}
					]
				},
				{
					"name": "LeftEar",
					"parent": "Head",
					"pivot": [4, 35, -11],
					"cubes": [
						{"origin": [4.25, 27.75, -13.75], "size": [1, 8, 6], "pivot": [4, 35, -11], "rotation": [0, 0, -12.5], "uv": [0, 29]}
					]
				},
				{
					"name": "RightArm",
					"parent": "FullBody",
					"pivot": [-3, 23, -6],
					"cubes": [
						{"origin": [-11, 0, -11], "size": [2, 3, 1], "uv": [47, 97]},
						{"origin": [-9, 0, -11], "size": [2, 3, 1], "pivot": [-9, 0, -10], "rotation": [0, -22.5, 0], "uv": [97, 42]},
						{"origin": [-13, 0, -11], "size": [2, 3, 1], "pivot": [-11, 0, -10], "rotation": [0, 22.5, 0], "uv": [41, 97]},
						{"origin": [-12, 0, -10], "size": [4, 3, 4], "uv": [78, 0]},
						{"origin": [-13, 2, -7], "size": [1, 2, 2], "uv": [96, 50]},
						{"origin": [-13, 1, -8], "size": [1, 3, 1], "uv": [98, 88]},
						{"origin": [-13, 3, -9.75], "size": [1, 2, 1.75], "uv": [100, 0]},
						{"origin": [-12, 3, -10], "size": [4, 2, 1], "uv": [90, 0]},
						{"origin": [-8, 1, -9.5], "size": [1, 3, 1.5], "uv": [98, 84]},
						{"origin": [-8, 2, -8], "size": [1, 2, 1], "uv": [99, 81]},
						{"origin": [-8, 2, -7], "size": [1, 2, 1], "uv": [73, 99]},
						{"origin": [-8, 1, -6], "size": [1, 3, 1], "uv": [82, 98]},
						{"origin": [-12, 1, -6], "size": [2, 3, 1], "uv": [97, 38]},
						{"origin": [-10, 2, -6], "size": [2, 2, 1], "uv": [60, 84]},
						{"origin": [-13, 1, -10.75], "size": [6, 9, 5], "pivot": [0, 0, 0], "rotation": [-17.5, 0, 0], "uv": [72, 41]},
						{"origin": [-13, 11.25, -7], "size": [6, 17, 5], "pivot": [0, 0, 0], "rotation": [2.5, 0, 0], "uv": [52, 51]},
						{"origin": [-13.75, 22, -8.25], "size": [7, 7, 6], "uv": [42, 115]},
						{"origin": [-13.5, 20.5, -6.5], "size": [5, 2, 4], "uv": [35, 124]},
						{"origin": [-12.5, 21, -8.25], "size": [5, 1, 1], "uv": [30, 127]}
					]
				},
				{
					"name": "LeftArm",
					"parent": "FullBody",
					"pivot": [3, 23, -5],
					"cubes": [
						{"origin": [9, 0, -11], "size": [2, 3, 1], "uv": [97, 28]},
						{"origin": [7, 0, -11], "size": [2, 3, 1], "pivot": [9, 0, -10], "rotation": [0, 22.5, 0], "uv": [10, 97]},
						{"origin": [11, 0, -11], "size": [2, 3, 1], "pivot": [11, 0, -10], "rotation": [0, -22.5, 0], "uv": [4, 97]},
						{"origin": [8, 0, -10], "size": [4, 3, 4], "uv": [74, 55]},
						{"origin": [12, 2, -7], "size": [1, 2, 2], "uv": [35, 96]},
						{"origin": [12, 1, -8], "size": [1, 3, 1], "uv": [98, 58]},
						{"origin": [12, 3, -9.75], "size": [1, 2, 1.75], "uv": [69, 99]},
						{"origin": [8, 3, -10], "size": [4, 2, 1], "uv": [89, 62]},
						{"origin": [7, 1, -9.5], "size": [1, 3, 1.5], "uv": [57, 98]},
						{"origin": [10, 1, -6], "size": [2, 3, 1], "uv": [96, 20]},
						{"origin": [8, 2, -6], "size": [2, 2, 1], "uv": [33, 84]},
						{"origin": [7, 1, -10.75], "size": [6, 9, 5], "pivot": [0, 0, 0], "rotation": [-17.5, 0, 0], "uv": [63, 27]},
						{"origin": [7, 11.25, -7], "size": [6, 17, 5], "pivot": [0, 0, 0], "rotation": [2.5, 0, 0], "uv": [30, 51]},
						{"origin": [8.75, 20.5, -6], "size": [4.5, 1.5, 3.25], "uv": [35, 124]},
						{"origin": [6.25, 22, -8.25], "size": [7, 7, 6], "uv": [21, 115]},
						{"origin": [7.75, 20.5, -8.25], "size": [4.5, 1.5, 0.5], "uv": [51, 83]}
					]
				},
				{
					"name": "Body",
					"parent": "FullBody",
					"pivot": [0, 23, -7],
					"cubes": [
						{"origin": [-7, 3, 10.5], "size": [14, 21, 8], "pivot": [0, 0, 0], "rotation": [47.5, 0, 0], "uv": [0, 0]},
						{"origin": [-7.25, 15, 15.5], "size": [14.5, 9.5, 3.25], "pivot": [0, 0, 0], "rotation": [47.5, 0, 0], "uv": [21, 116]},
						{"origin": [5.75, 13.25, 15.5], "size": [1.5, 1.75, 3.25], "pivot": [0, 0, 0], "rotation": [47.5, 0, 0], "uv": [42, 124]},
						{"origin": [5.75, 16.25, 14], "size": [1.5, 4.75, 1.5], "pivot": [0, 0, 0], "rotation": [47.5, 0, 0], "uv": [39, 116]},
						{"origin": [-5.25, 13.25, 15.5], "size": [6.5, 1.75, 3.25], "pivot": [0, 0, 0], "rotation": [47.5, 0, 0], "uv": [33, 124]},
						{"origin": [-7.25, 16.25, 14], "size": [1.5, 4.75, 1.5], "pivot": [0, 0, 0], "rotation": [47.5, 0, 0], "uv": [46, 112]},
						{"origin": [-0.25, 88.25, -48.25], "size": [0, 0.5, 0.5], "pivot": [2, 48.5, -39], "rotation": [-134.74885, 0.22788, -5.62326], "uv": [0, 0]}
					]
				},
				{
					"name": "Tail",
					"parent": "Body",
					"pivot": [0, 16, 9],
					"cubes": [
						{"origin": [-2, 11.5, 14.5], "size": [4, 1.25, 4], "pivot": [0, 0, 0], "rotation": [22.5, 0, 0], "uv": [13, 13]}
					]
				},
				{
					"name": "LeftLeg",
					"parent": "FullBody",
					"pivot": [7, 15, 3],
					"cubes": [
						{"origin": [9, 0, 2.5], "size": [2, 3, 1], "uv": [16, 82]},
						{"origin": [11, 0, 2.5], "size": [2, 3, 1], "pivot": [11, 0, 3.5], "rotation": [0, -22.5, 0], "uv": [56, 12]},
						{"origin": [7, 0, 2.5], "size": [2, 3, 1], "pivot": [9, 0, 3.5], "rotation": [0, 22.5, 0], "uv": [6, 48]},
						{"origin": [8, 0, 3.5], "size": [4, 3, 4], "uv": [22, 32]},
						{"origin": [7, 2, 6.5], "size": [1, 2, 3], "uv": [0, 2]},
						{"origin": [7, 1, 5.5], "size": [1, 3, 1], "uv": [22, 39]},
						{"origin": [12, 1, 4], "size": [1, 3, 1.5], "uv": [34, 32]},
						{"origin": [12, 2, 5.5], "size": [1, 2, 1], "uv": [98, 64]},
						{"origin": [12, 2, 6.5], "size": [1, 2, 1], "uv": [85, 38]},
						{"origin": [12, 1, 7.5], "size": [1, 3, 2], "uv": [0, 29]},
						{"origin": [8, 1, 7.5], "size": [2, 3, 2], "uv": [18, 55]},
						{"origin": [10, 2, 7.5], "size": [2, 2, 2], "uv": [6, 82]},
						{"origin": [8, 3, 3.5], "size": [4, 2, 1], "uv": [47, 51]},
						{"origin": [7, -0.25, 5.25], "size": [6, 14, 5], "pivot": [20, 0, -1], "rotation": [20, 0, 0], "uv": [0, 63]}
					]
				},
				{
					"name": "RightLeg",
					"parent": "FullBody",
					"pivot": [-7, 15, 4],
					"cubes": [
						{"origin": [-11, 0, 2.5], "size": [2, 3, 1], "uv": [60, 95]},
						{"origin": [-9, 0, 2.5], "size": [2, 3, 1], "pivot": [-9, 0, 3.5], "rotation": [0, -22.5, 0], "uv": [81, 94]},
						{"origin": [-13, 0, 2.5], "size": [2, 3, 1], "pivot": [-11, 0, 3.5], "rotation": [0, 22.5, 0], "uv": [94, 69]},
						{"origin": [-12, 0, 3.5], "size": [4, 3, 4], "uv": [18, 48]},
						{"origin": [-13, 2, 6.5], "size": [1, 2, 3], "uv": [91, 4]},
						{"origin": [-13, 1, 5.5], "size": [1, 3, 1], "uv": [18, 48]},
						{"origin": [-8, 1, 4], "size": [1, 3, 1.5], "uv": [19, 18]},
						{"origin": [-8, 2, 5.5], "size": [1, 2, 1], "uv": [57, 63]},
						{"origin": [-8, 2, 6.5], "size": [1, 2, 1], "uv": [98, 78]},
						{"origin": [-8, 1, 7.5], "size": [1, 3, 2], "uv": [27, 12]},
						{"origin": [-12, 1, 7.5], "size": [2, 3, 2], "uv": [61, 73]},
						{"origin": [-10, 2, 7.5], "size": [2, 2, 2], "uv": [91, 65]},
						{"origin": [-12, 3, 3.5], "size": [4, 2, 1], "uv": [39, 73]},
						{"origin": [-13, -0.25, 5.25], "size": [6, 14, 5], "pivot": [0, 0, -1], "rotation": [20, 0, 0], "uv": [69, 68]}
					]
				}
			]
		}
	]
}