{
	"format_version": "1.8.0",
	"animations": {
		"animation.devilishfruit.ground_idle": {
			"animation_length": 2,
			"bones": {
				"righteye": {
					"rotation": {
						"0.0": [0, 0, 0],
						"2.0": [0, 0, -2.5]
					},
					"position": {
						"0.0": [0, 0, 0],
						"2.0": [0, 0, 0]
					}
				},
				"lefteye": {
					"rotation": {
						"0.0": [0, 0, 0],
						"2.0": [0, 0, 2.5]
					},
					"position": [-1, 0, 0]
				},
				"tail": {
					"rotation": {
						"0.0": [0, 0, 0],
						"1.0": [35, 0, 0],
						"2.0": [2.5, 0, 0]
					},
					"position": {
						"0.0": [0, 0, 0],
						"1.0": [0, -4, 2],
						"2.0": [0, 0, 0]
					}
				}
			}
		},
		"animation.devilishfruit.water_idle": {
			"animation_length": 2,
			"bones": {
				"righteye": {
					"rotation": {
						"0.0": [0, 0, 0],
						"2.0": [0, 0, -2.5]
					},
					"position": {
						"0.0": [0, 0, 0],
						"2.0": [0, 0, 0]
					}
				},
				"lefteye": {
					"rotation": {
						"0.0": [0, 0, 0],
						"2.0": [0, 0, 2.5]
					},
					"position": [-1, 0, 0]
				},
				"tail": {
					"rotation": {
						"0.0": [0, 0, 0],
						"1.0": [35, 0, 0],
						"2.0": [2.5, 0, 0]
					},
					"position": {
						"0.0": [0, 0, 0],
						"1.0": [0, -4, 2],
						"2.0": [0, 0, 0]
					}
				}
			}
		},
		"animation.devilishfruit.air_idle": {
			"animation_length": 2,
			"bones": {
				"righteye": {
					"rotation": {
						"0.0": [0, 0, 0],
						"2.0": [0, 0, -2.5]
					},
					"position": {
						"0.0": [0, 0, 0],
						"2.0": [0, 0, 0]
					}
				},
				"lefteye": {
					"rotation": {
						"0.0": [0, 0, 0],
						"2.0": [0, 0, 2.5]
					},
					"position": [-1, 0, 0]
				},
				"tail": {
					"rotation": {
						"0.0": [0, 0, 0],
						"1.0": [35, 0, 0],
						"2.0": [2.5, 0, 0]
					},
					"position": {
						"0.0": [0, 0, 0],
						"1.0": [0, -4, 2],
						"2.0": [0, 0, 0]
					}
				}
			}
		},
		"animation.devilishfruit.ground_walk": {
			"loop": true,
			"animation_length": 0.79167,
			"bones": {
				"root": {
					"rotation": {
						"0.0": [0, 0, 0],
						"0.4583": [20, 0, 0],
						"0.75": [2.5, 0, 0]
					},
					"position": {
						"0.0": [0, 0, 0],
						"0.4583": [0, 8, -6],
						"0.75": [0, 0, -6]
					}
				},
				"tail": {
					"rotation": {
						"0.0": [0, 0, 0],
						"0.7917": [27.5, 0, 0]
					},
					"position": {
						"0.0": [0, -2, 0],
						"0.7917": [0, -2, 2]
					}
				}
			}
		},
		"animation.devilishfruit.water_swim": {
			"loop": true,
			"animation_length": 0.79167,
			"bones": {
				"root": {
					"rotation": {
						"0.0": [0, 0, 0],
						"0.4583": [20, 0, 0],
						"0.75": [2.5, 0, 0]
					},
					"position": {
						"0.0": [0, 0, 0],
						"0.4583": [0, 8, -6],
						"0.75": [0, 0, -6]
					}
				},
				"tail": {
					"rotation": {
						"0.0": [0, 0, 0],
						"0.7917": [27.5, 0, 0]
					},
					"position": {
						"0.0": [0, -2, 0],
						"0.7917": [0, -2, 2]
					}
				}
			}
		},
		"animation.devilishfruit.air_fly": {
			"loop": true,
			"animation_length": 0.79167,
			"bones": {
				"root": {
					"rotation": {
						"0.0": [0, 0, 0],
						"0.4583": [20, 0, 0],
						"0.75": [2.5, 0, 0]
					},
					"position": {
						"0.0": [0, 0, 0],
						"0.4583": [0, 8, -6],
						"0.75": [0, 0, -6]
					}
				},
				"tail": {
					"rotation": {
						"0.0": [0, 0, 0],
						"0.7917": [27.5, 0, 0]
					},
					"position": {
						"0.0": [0, -2, 0],
						"0.7917": [0, -2, 2]
					}
				}
			}
		},
		"animation.devilishfruit.faint": {
			"animation_length": 0.5,
			"bones": {
				"root": {
					"position": [0, 0, 0],
					"scale": {
						"0.0": [1, 1, 1],
						"0.5": [0, 0.1, 0]
					}
				}
			}
		},
		"animation.devilishfruit.sleep": {
			"loop": "hold_on_last_frame",
			"animation_length": 5.5,
			"bones": {
				"righteye": {
					"rotation": {
						"0.0": [0, 0, 0],
						"1.5": [12.5, 0, -40]
					},
					"position": {
						"0.0": [0, 0, 0],
						"0.625": [2.08, 0.25, 0],
						"1.5": [5, 3, 0]
					}
				},
				"lefteye": {
					"rotation": {
						"0.0": [0, 0, 0],
						"1.5": [15, 0, 5],
						"2.3333": [15, 0, 7.5]
					}
				},
				"tail": {
					"position": {
						"0.0": [0, 0, 0],
						"1.0": [0, 0, -8]
					},
					"scale": {
						"0.0": [1, 1, 1],
						"1.0": [1, 1, 0.7]
					}
				}
			}
		}
	}
}