{
  "name": "Goomy",
  "nationalPokedexNumber": 704,
  "primaryType": "dragon",
  "abilities": [
    "sapsipper",
    "hydration",
    "h:gooey"
  ],
  "baseStats": {
    "hp": 45,
    "attack": 50,
    "defence": 35,
    "special_attack": 55,
    "special_defence": 75,
    "speed": 40
  },  
"features": [
    "hisuian"
],

  "catchRate": 45,
  "maleRatio": 0.5,
  "shoulderMountable": true,
"forms": [
    {
      "name": "Hisui",
      "primaryType": "steel",
      "abilities": [
        "sapsipper",
        "shellarmor",
        "h:gooey"
      ],
      "baseStats": {
    "hp": 45,
    "attack": 50,
    "defence": 35,
    "special_attack": 55,
    "special_defence": 75,
    "speed": 40
      },
      "catchRate": 45,
      "maleRatio": 0.5,
      "baseFriendship": 35,
      "evYield": {
        "hp": 0,
        "attack": 0,
        "defence": 0,
        "special_attack": 0,
        "special_defence": 1,
        "speed": 0
      },
 "shoulderMountable": true,
  "baseExperienceYield": 60,
  "experienceGroup": "slow",
  "eggCycles": 40,
  "eggGroups": [
    "dragon"
      ],
      "moves": [
        "1:bubble",
    "1:tackle",
    "5:absorb",
    "5:watergun",
    "9:protect",
    "13:bide",
    "18:dragonbreath",
    "25:raindance",
    "25:waterpulse",
    "28:flail",
    "32:bodyslam",
    "38:muddywater",
    "41:curse",
    "42:dragonpulse",
    "egg:acidarmor",
    "egg:counter",
    "egg:curse",
    "egg:endure",
    "egg:irontail",
    "egg:lifedew",
    "egg:poisontail",
    "tm:attract",
    "tm:bodyslam",
    "tm:charm",
    "tm:chillingwater",
    "tm:confide",
    "tm:doubleteam",
    "tm:dracometeor",
    "tm:dragonpulse",
    "tm:endure",
    "tm:facade",
    "tm:frustration",
    "tm:hiddenpower",
    "tm:infestation",
    "tm:irontail",
    "tm:muddywater",
    "tm:mudshot",
    "tm:outrage",
    "tm:protect",
    "tm:raindance",
    "tm:rest",
    "tm:return",
    "tm:rockslide",
    "tm:round",
    "tm:secretpower",
    "tm:sleeptalk",
    "tm:sludgebomb",
    "tm:sludgewave",
    "tm:snore",
    "tm:substitute",
    "tm:sunnyday",
    "tm:swagger",
    "tm:takedown",
    "tm:terablast",
    "tm:thunderbolt",
    "tm:toxic",
    "tm:waterpulse",
    "tutor:bodyslam",
    "tutor:counter",
    "tutor:dracometeor",
    "tutor:dragonpulse",
    "tutor:irontail",
    "tutor:outrage",
    "tutor:shockwave",
    "tutor:skittersmack",
    "tutor:snore",
    "tutor:waterpulse"
      ],
      "labels": [
        "gen8",
        "hisui_regional"
      ],
      "aspects": [
        "hisuian"
      ],
  "height": 3,
  "weight": 28,
      "evolutions": [{
      "id": "goomy_sliggoo_hisuian",
      "variant": "level_up",
      "result": "sliggoo hisuian",
      "consumeHeldItem": false,
      "learnableMoves": [
        "shelter"
      ],
      "requirements": [
        {
          "variant": "level",
          "minLevel": 40
        }
      ]
    }],
      "cannotDynamax": false,
      "battleOnly": false
    }
  ],




  "baseExperienceYield": 60,
  "experienceGroup": "slow",
  "eggCycles": 40,
  "eggGroups": [
    "dragon"
  ],
  "moves": [
    "1:bubble",
    "1:tackle",
    "5:absorb",
    "5:watergun",
    "9:protect",
    "13:bide",
    "18:dragonbreath",
    "25:raindance",
    "25:waterpulse",
    "28:flail",
    "32:bodyslam",
    "38:muddywater",
    "41:curse",
    "42:dragonpulse",
    "egg:acidarmor",
    "egg:counter",
    "egg:curse",
    "egg:endure",
    "egg:irontail",
    "egg:lifedew",
    "egg:poisontail",
    "tm:attract",
    "tm:bodyslam",
    "tm:charm",
    "tm:chillingwater",
    "tm:confide",
    "tm:doubleteam",
    "tm:dracometeor",
    "tm:dragonpulse",
    "tm:endure",
    "tm:facade",
    "tm:frustration",
    "tm:hiddenpower",
    "tm:infestation",
    "tm:irontail",
    "tm:muddywater",
    "tm:mudshot",
    "tm:outrage",
    "tm:protect",
    "tm:raindance",
    "tm:rest",
    "tm:return",
    "tm:rockslide",
    "tm:round",
    "tm:secretpower",
    "tm:sleeptalk",
    "tm:sludgebomb",
    "tm:sludgewave",
    "tm:snore",
    "tm:substitute",
    "tm:sunnyday",
    "tm:swagger",
    "tm:takedown",
    "tm:terablast",
    "tm:thunderbolt",
    "tm:toxic",
    "tm:waterpulse",
    "tutor:bodyslam",
    "tutor:counter",
    "tutor:dracometeor",
    "tutor:dragonpulse",
    "tutor:irontail",
    "tutor:outrage",
    "tutor:shockwave",
    "tutor:skittersmack",
    "tutor:snore",
    "tutor:waterpulse"
  ],
  "labels": [
    "gen6"
  ],
  "pokedex": [
    "cobblemon.species.goomy.desc"
  ],
  "evolutions": [
    {
      "id": "goomy_sliggoo_lvl",
      "variant": "level_up",
      "result": "sliggoo",
      "consumeHeldItem": false,
      "learnableMoves": [
        "acidspray"
      ],
      "requirements": [
        {
          "variant": "level",
          "minLevel": 40
        }
      ]
    }
  ],
  "baseScale": 1,
  "hitbox": {
    "width": 0.5,
    "height": 0.5,
    "fixed": false
  },
  "baseFriendship": 35,
  "evYield": {
    "hp": 0,
    "attack": 0,
    "defence": 0,
    "special_attack": 0,
    "special_defence": 1,
    "speed": 0
  },
  "height": 3,
  "weight": 28,
  "cannotDynamax": false,
  "behaviour": {
    "resting": {
      "canSleep": true,
      "times": "night",
      "willSleepOnBed": "true"
    },
    "moving": {
      "canLook": true,
      "swim": {
        "swimSpeed": 0.2,
        "canSwimInWater": true,
        "canBreatheUnderwater": true
      }
    }
  }
}