{
  "name": "Sliggoo",
  "nationalPokedexNumber": 705,
  "primaryType": "dragon",
  "abilities": [
    "sapsipper",
    "hydration",
    "h:gooey"
  ],
  "baseStats": {
    "hp": 68,
    "attack": 75,
    "defence": 53,
    "special_attack": 83,
    "special_defence": 113,
    "speed": 60
  },
  "catchRate": 45,
  "maleRatio": 0.5,
  "shoulderMountable": false,
  "forms": [
    {
      "name": "Hisui",
      "primaryType": "steel",
      "secondaryType": "dragon",
      "abilities": [
        "sapsipper",
        "shellarmor",
        "h:gooey"
      ],
      "baseStats": {
        "hp": 58,
        "attack": 75,
        "defence": 83,
        "special_attack": 83,
        "special_defence": 113,
        "speed": 40
      },
      "catchRate": 45,
      "maleRatio": 0.5,
      "baseFriendship": 35,
      "evYield": {
        "hp": 0,
        "attack": 0,
        "defence": 0,
        "special_attack": 0,
        "special_defence": 2,
        "speed": 0
      },
      "experienceGroup": "slow",
      "eggCycles": 40,
      "eggGroups": [
        "dragon"
      ],
      "moves": [
        "1:absorb",
        "1:acidarmor",
        "1:dragonbreath",
        "1:tackle",
        "1:watergun",
        "15:protect",
        "20:flail",
        "25:waterpulse",
        "30:raindance",
        "35:dragonpulse",
        "43:curse",
        "49:ironhead",
        "56:muddywater",
        "tm:acidspray",
        "tm:blizzard",
        "tm:bodyslam",
        "tm:charm",
        "tm:chillingwater",
        "tm:dracometeor",
        "tm:dragonpulse",
        "tm:endure",
        "tm:facade",
        "tm:flashcannon",
        "tm:heavyslam",
        "tm:icebeam",
        "tm:icespinner",
        "tm:ironhead",
        "tm:mudshot",
        "tm:outrage",
        "tm:protect",
        "tm:raindance",
        "tm:rest",
        "tm:rockslide",
        "tm:rocktomb",
        "tm:sandstorm",
        "tm:sleeptalk",
        "tm:sludgebomb",
        "tm:steelbeam",
        "tm:substitute",
        "tm:sunnyday",
        "tm:takedown",
        "tm:terablast",
        "tm:thunder",
        "tm:thunderbolt",
        "tm:waterpulse"
      ],
      "labels": [
        "gen8",
        "hisui_regional"
      ],
      "aspects": [
        "hisuian"
      ],
      "height": 7,
      "weight": 685,
      "preEvolution": "goomy form=hisui",
      "evolutions": [
        {
          "id": "sliggoo_goodra",
          "variant": "level_up",
          "result": "goodra form=hisui",
          "consumeHeldItem": false,
          "learnableMoves": [
            "irontail"
          ],
          "requirements": [
            {
              "variant": "level",
              "minLevel": 50
            }
          ]
        }
      ],
      "cannotDynamax": false,
      "battleOnly": false
    }
  ],
  "baseExperienceYield": 158,
  "experienceGroup": "slow",
  "eggCycles": 40,
  "eggGroups": [
    "dragon"
  ],
  "moves": [
    "1:acidarmor",
    "1:bubble",
    "1:tackle",
    "1:watergun",
    "5:absorb",
    "9:protect",
    "13:bide",
    "18:dragonbreath",
    "25:raindance",
    "25:waterpulse",
    "28:flail",
    "32:bodyslam",
    "38:muddywater",
    "43:curse",
    "47:dragonpulse",
    "tm:acidspray",
    "tm:attract",
    "tm:blizzard",
    "tm:bodyslam",
    "tm:charm",
    "tm:chillingwater",
    "tm:confide",
    "tm:doubleteam",
    "tm:dracometeor",
    "tm:dragonpulse",
    "tm:endure",
    "tm:facade",
    "tm:frustration",
    "tm:hiddenpower",
    "tm:icebeam",
    "tm:infestation",
    "tm:irontail",
    "tm:muddywater",
    "tm:mudshot",
    "tm:outrage",
    "tm:protect",
    "tm:raindance",
    "tm:rest",
    "tm:return",
    "tm:rockslide",
    "tm:round",
    "tm:secretpower",
    "tm:sleeptalk",
    "tm:sludgebomb",
    "tm:sludgewave",
    "tm:snore",
    "tm:substitute",
    "tm:sunnyday",
    "tm:swagger",
    "tm:takedown",
    "tm:terablast",
    "tm:thunder",
    "tm:thunderbolt",
    "tm:toxic",
    "tm:waterpulse",
    "tutor:dracometeor",
    "tutor:dragonpulse",
    "tutor:irontail",
    "tutor:outrage",
    "tutor:shockwave",
    "tutor:skittersmack",
    "tutor:snore",
    "tutor:waterpulse"
  ],
  "labels": [
    "gen6",
    "kalos_regional"
  ],
  "pokedex": [
    "cobblemon.species.sliggoo.desc"
  ],
  "preEvolution": "goomy",
  "evolutions": [
    {
      "id": "sliggoo_goodra",
      "variant": "level_up",
      "result": "goodra",
      "consumeHeldItem": false,
      "learnableMoves": [
        "aquatail"
      ],
      "requirements": [
        {
          "variant": "level",
          "minLevel": 50
        }
      ]
    }
  ],
  "baseScale": 1.5,
  "hitbox": {
    "width": 0.5,
    "height": 0.7,
    "fixed": false
  },
  "baseFriendship": 35,
  "evYield": {
    "hp": 0,
    "attack": 0,
    "defence": 0,
    "special_attack": 0,
    "special_defence": 2,
    "speed": 0
  },
  "height": 8,
  "weight": 175,
  "features": [
    "hisuian"
  ],
  "aspects": [],
  "cannotDynamax": false
}