{
	"format_version": "1.12.0",
	"minecraft:geometry": [
		{
			"description": {
				"identifier": "geometry.pyukumuku",
				"texture_width": 64,
				"texture_height": 64,
				"visible_bounds_width": 3,
				"visible_bounds_height": 2.5,
				"visible_bounds_offset": [0, 0.75, 0]
			},
			"bones": [
				{
					"name": "pyukumuku",
					"pivot": [0, 0, 0]
				},
				{
					"name": "body",
					"parent": "pyukumuku",
					"pivot": [0, 0, 0]
				},
				{
					"name": "torso",
					"parent": "body",
					"pivot": [0, 3.5, 0],
					"cubes": [
						{"origin": [-4.5, 0, -6.5], "size": [9, 7, 13], "uv": [0, 0]},
						{"origin": [-2.5, -0.45, -6.5], "size": [5, 5, 0], "inflate": 0.01, "uv": [0, 0]}
					]
				},
				{
					"name": "eyes",
					"parent": "torso",
					"pivot": [0, 4, -6.5]
				},
				{
					"name": "eye_right",
					"parent": "eyes",
					"pivot": [-3.25, 4, -6.5],
					"cubes": [
						{"origin": [-3.75, 3.5, -6.5], "size": [1, 1, 0], "inflate": 0.01, "uv": [0, 7]}
					]
				},
				{
					"name": "eyelid_right",
					"parent": "eye_right",
					"pivot": [-3.25, 4, -5.9],
					"cubes": [
						{"origin": [-4.25, 3.5, -6.4], "size": [2, 1, 1], "inflate": 0.02, "uv": [5, 6]}
					]
				},
				{
					"name": "eye_left",
					"parent": "eyes",
					"pivot": [3.25, 4, -6.5],
					"cubes": [
						{"origin": [2.75, 3.5, -6.5], "size": [1, 1, 0], "inflate": 0.01, "uv": [5, 5]}
					]
				},
				{
					"name": "eyelid_left",
					"parent": "eye_left",
					"pivot": [3.25, 4, -5.9],
					"cubes": [
						{"origin": [2.25, 3.5, -6.4], "size": [2, 1, 1], "inflate": 0.02, "uv": [0, 5]}
					]
				},
				{
					"name": "spike_right",
					"parent": "torso",
					"pivot": [-3.75, 5.75, -4.75],
					"rotation": [15, -15, -40]
				},
				{
					"name": "spike_right2",
					"parent": "torso",
					"pivot": [-3.25, 6.5, 0],
					"rotation": [0, 0, -30]
				},
				{
					"name": "spike_right3",
					"parent": "torso",
					"pivot": [-3.75, 5.75, 4.75],
					"rotation": [-15, 15, -40]
				},
				{
					"name": "spike_left",
					"parent": "torso",
					"pivot": [3.75, 5.75, -4.75],
					"rotation": [15, 15, 40]
				},
				{
					"name": "spike_left2",
					"parent": "torso",
					"pivot": [3.25, 6.5, 0],
					"rotation": [0, 0, 30]
				},
				{
					"name": "spike_left3",
					"parent": "torso",
					"pivot": [3.75, 5.75, 4.75],
					"rotation": [-15, -15, 40]
				},
				{
					"name": "tail",
					"parent": "torso",
					"pivot": [0, 2.5, 6.5],
					"cubes": [
						{"origin": [-2, 1.75, 5.5], "size": [4, 4, 4], "uv": [0, 20]}
					]
				}
			]
		}
	]
}