{
	"format_version": "1.12.0",
	"minecraft:geometry": [
		{
			"description": {
				"identifier": "geometry.unknown",
				"texture_width": 64,
				"texture_height": 64,
				"visible_bounds_width": 2,
				"visible_bounds_height": 2.5,
				"visible_bounds_offset": [0, 0.75, 0]
			},
			"bones": [
				{
					"name": "joltik",
					"pivot": [0, 0, 0]
				},
				{
					"name": "body",
					"parent": "joltik",
					"pivot": [0, 0, -1.25]
				},
				{
					"name": "torso",
					"parent": "body",
					"pivot": [0, 2, -1.25],
					"cubes": [
						{"origin": [-4, 2, -5.25], "size": [8, 4, 8], "uv": [0, 0]},
						{"origin": [-1.6, 6.5, -1.25], "size": [3, 0, 5], "pivot": [-0.1, 8, 0.25], "rotation": [55, 0, 0], "uv": [0, 12]}
					]
				},
				{
					"name": "fluff",
					"parent": "torso",
					"pivot": [-4, 6, 1.75],
					"cubes": [
						{"origin": [0.30518, -0.3, -4.13424], "size": [7, 9, 0], "pivot": [3.90518, 4.5, -4.13424], "rotation": [-0.55404, -12.48791, 2.56062], "uv": [0, 19]},
						{"origin": [-7.30518, -0.3, -4.13424], "size": [7, 9, 0], "pivot": [-3.90518, 4.5, -4.13424], "rotation": [-0.55404, 12.48791, -2.56062], "uv": [0, 19], "mirror": true},
						{"origin": [0.09482, 2, 2.61576], "size": [7, 7, 0], "pivot": [4, 6, 1.75], "rotation": [14.00533, -37.50658, -70.56838], "uv": [11, 12]},
						{"origin": [-7.09482, 2, 2.61576], "size": [7, 7, 0], "pivot": [-4, 6, 1.75], "rotation": [14.00533, 37.50658, 70.56838], "uv": [11, 12], "mirror": true}
					]
				},
				{
					"name": "fangs",
					"parent": "torso",
					"pivot": [-0.5, 3, -4.25],
					"rotation": [-10, 0, 0]
				},
				{
					"name": "fang_right",
					"parent": "fangs",
					"pivot": [0.5, 2.82635, -5.23481],
					"cubes": [
						{"origin": [0, 1, -5.52], "size": [1, 2, 1], "pivot": [0.5, 3, -4.25], "rotation": [0, 0, -12.5], "uv": [0, 12]}
					]
				},
				{
					"name": "fang_left",
					"parent": "fangs",
					"pivot": [-0.5, 2.82635, -5.23481],
					"cubes": [
						{"origin": [-1, 1, -5.52], "size": [1, 2, 1], "pivot": [-0.5, 3, -4.25], "rotation": [0, 0, 12.5], "uv": [0, 12], "mirror": true}
					]
				},
				{
					"name": "eyes",
					"parent": "torso",
					"pivot": [1, 5, -5.25]
				},
				{
					"name": "eye_left",
					"parent": "eyes",
					"pivot": [2, 4, -5.25],
					"cubes": [
						{"origin": [1.5, 3, -5.26], "size": [2, 2, 0], "pivot": [2, 4, -5.25], "rotation": [0, 0, 10], "uv": [0, 17]},
						{"origin": [2, 3.5, -5.28], "size": [1, 1, 0], "pivot": [2, 4, -5.25], "rotation": [0, 0, 10], "uv": [6, 1]},
						{"origin": [1.75, 4, -5.27], "size": [1, 1, 0], "pivot": [2, 4, -5.25], "rotation": [0, 0, 10], "uv": [6, 0]}
					]
				},
				{
					"name": "eyelid_left",
					"parent": "eye_left",
					"pivot": [2, 4, -5.15],
					"cubes": [
						{"origin": [1.5, 3, -5.18], "size": [2, 2, 0], "inflate": 0.02, "pivot": [2, 4, -7.15], "rotation": [0, 0, 10], "uv": [0, 15]}
					]
				},
				{
					"name": "eye_right",
					"parent": "eyes",
					"pivot": [-2, 4, -5.25],
					"cubes": [
						{"origin": [-3.5, 3, -5.26], "size": [2, 2, 0], "pivot": [-2, 4, -5.25], "rotation": [0, 0, -10], "uv": [0, 17], "mirror": true},
						{"origin": [-3, 3.5, -5.28], "size": [1, 1, 0], "pivot": [-2, 4, -5.25], "rotation": [0, 0, -10], "uv": [6, 1], "mirror": true},
						{"origin": [-2.75, 4, -5.27], "size": [1, 1, 0], "pivot": [-2, 4, -5.25], "rotation": [0, 0, -10], "uv": [6, 0], "mirror": true}
					]
				},
				{
					"name": "eyelid_right",
					"parent": "eye_right",
					"pivot": [-2, 4, -5.15],
					"cubes": [
						{"origin": [-3.5, 3, -5.18], "size": [2, 2, 0], "inflate": 0.02, "pivot": [-2, 4, -7.15], "rotation": [0, 0, -10], "uv": [0, 15], "mirror": true}
					]
				},
				{
					"name": "upper_eye_left",
					"parent": "eyes",
					"pivot": [1, 5, -5.25],
					"cubes": [
						{"origin": [0.40904, 4.81665, -5.26], "size": [1, 1, 0], "pivot": [1, 5, -5.25], "rotation": [0, 0, 15], "uv": [0, 1]}
					]
				},
				{
					"name": "upper_eyelid_left",
					"parent": "upper_eye_left",
					"pivot": [1, 5, -5.15],
					"cubes": [
						{"origin": [0.40904, 4.81665, -5.16], "size": [1, 1, 0], "inflate": 0.02, "pivot": [1, 5, -5.15], "rotation": [0, 0, 15], "uv": [0, 0]}
					]
				},
				{
					"name": "upper_eye_right",
					"parent": "eyes",
					"pivot": [-1, 5, -5.25],
					"cubes": [
						{"origin": [-1.40904, 4.81665, -5.26], "size": [1, 1, 0], "pivot": [-1, 5, -5.25], "rotation": [0, 0, -15], "uv": [0, 1], "mirror": true}
					]
				},
				{
					"name": "upper_eyelid_right",
					"parent": "upper_eye_right",
					"pivot": [-1, 5, -5.15],
					"cubes": [
						{"origin": [-1.40904, 4.81665, -5.16], "size": [1, 1, 0], "inflate": 0.02, "pivot": [-1, 5, -5.15], "rotation": [0, 0, -15], "uv": [0, 0], "mirror": true}
					]
				},
				{
					"name": "leg_front_left",
					"parent": "torso",
					"pivot": [4, 5, -2.5],
					"rotation": [0, 0, -35],
					"cubes": [
						{"origin": [2, 1, -3.5], "size": [2, 4, 2], "uv": [14, 23]},
						{"origin": [2.5, 0, -3], "size": [1, 1, 1], "uv": [4, 6]},
						{"origin": [1, 0.99, -4.5], "size": [4, 0, 4], "uv": [18, 19]}
					]
				},
				{
					"name": "leg_front_right",
					"parent": "torso",
					"pivot": [-4, 5, -2.5],
					"rotation": [0, 0, 35],
					"cubes": [
						{"origin": [-4, 1, -3.5], "size": [2, 4, 2], "uv": [14, 23], "mirror": true},
						{"origin": [-3.5, 0, -3], "size": [1, 1, 1], "uv": [4, 6], "mirror": true},
						{"origin": [-5, 0.99, -4.5], "size": [4, 0, 4], "uv": [18, 19], "mirror": true}
					]
				},
				{
					"name": "leg_back_left",
					"parent": "torso",
					"pivot": [4, 5, 1.5],
					"rotation": [0, 0, -35],
					"cubes": [
						{"origin": [2, 0.99, 0.5], "size": [2, 4, 2], "uv": [0, 0]},
						{"origin": [2.5, 0, 1], "size": [1, 1, 1], "uv": [0, 6]},
						{"origin": [1, 1, -0.5], "size": [4, 0, 4], "uv": [10, 19]}
					]
				},
				{
					"name": "leg_back_right",
					"parent": "torso",
					"pivot": [-4, 5, 1.5],
					"rotation": [0, 0, 35],
					"cubes": [
						{"origin": [-4, 0.99, 0.5], "size": [2, 4, 2], "uv": [0, 0], "mirror": true},
						{"origin": [-3.5, 0, 1], "size": [1, 1, 1], "uv": [0, 6], "mirror": true},
						{"origin": [-5, 1, -0.5], "size": [4, 0, 4], "uv": [10, 19], "mirror": true}
					]
				}
			]
		}
	]
}