{
	"format_version": "1.12.0",
	"minecraft:geometry": [
		{
			"description": {
				"identifier": "geometry.electabuzz",
				"texture_width": 64,
				"texture_height": 64,
				"visible_bounds_width": 5,
				"visible_bounds_height": 3.5,
				"visible_bounds_offset": [0, 1.25, 0]
			},
			"bones": [
				{
					"name": "electabuzz",
					"pivot": [0, 0, 0]
				},
				{
					"name": "body",
					"parent": "electabuzz",
					"pivot": [0, 12.5, 0],
					"cubes": [
						{"origin": [-4, 6.5, -3], "size": [8, 12, 6], "uv": [0, 0]}
					]
				},
				{
					"name": "head",
					"parent": "body",
					"pivot": [0, 18, -1],
					"cubes": [
						{"origin": [-3.5, 17.5, -4], "size": [7, 6, 6], "uv": [0, 18]},
						{"origin": [1.00816, 20.33554, -4], "size": [2, 1, 0], "inflate": 0.02, "pivot": [2.00816, 20.83554, -4], "rotation": [0, 0, -32.5], "uv": [0, 0]},
						{"origin": [-3.00816, 20.33554, -4], "size": [2, 1, 0], "inflate": 0.02, "pivot": [-2.00816, 20.83554, -4], "rotation": [0, 0, 32.5], "uv": [0, 0], "mirror": true},
						{"origin": [3.10854, 18.10634, -4], "size": [2, 4, 3], "pivot": [4.10854, 18.85634, -0.75], "rotation": [0, 5, 5], "uv": [45, 30]},
						{"origin": [-5.10854, 18.10634, -4], "size": [2, 4, 3], "pivot": [-4.10854, 18.85634, -0.75], "rotation": [0, -5, -5], "uv": [45, 30], "mirror": true},
						{"origin": [3.25, 22.25, -3.75], "size": [2, 5, 0], "inflate": 0.02, "pivot": [4.25, 24.5, -1.25], "rotation": [10, 0, 40], "uv": [25, 33]},
						{"origin": [-5.25, 22.25, -3.75], "size": [2, 5, 0], "inflate": 0.02, "pivot": [-4.25, 24.5, -1.25], "rotation": [10, 0, -40], "uv": [25, 33], "mirror": true},
						{"origin": [-2, 23, -4.75], "size": [4, 4, 4], "inflate": 0.02, "uv": [0, 39]},
						{"origin": [-2.5, 23, -0.75], "size": [5, 5, 4], "inflate": 0.02, "uv": [28, 8]},
						{"origin": [-1.5, 22.25, 2.25], "size": [3, 3, 5], "inflate": 0.02, "pivot": [0, 24.5, 5.25], "rotation": [-22.5, 0, 0], "uv": [9, 31]},
						{"origin": [-1, 21.86427, 5.10413], "size": [2, 3, 3], "inflate": 0.02, "pivot": [0, 24.11427, 6.10413], "rotation": [27.5, 0, 0], "uv": [45, 46]},
						{"origin": [-0.5, 24.62437, 7.59581], "size": [1, 1, 3], "inflate": 0.02, "pivot": [0.5, 24.87437, 5.59581], "rotation": [2.5, 0, 0], "uv": [8, 47]},
						{"origin": [-0.54, 26.24997, 7.56033], "size": [1, 1, 4], "inflate": 0.02, "pivot": [-0.54, 26.49997, 5.56033], "rotation": [-42.5, 0, 0], "uv": [46, 12]}
					]
				},
				{
					"name": "bone",
					"parent": "head",
					"pivot": [4.35854, 18.35634, -1.5],
					"rotation": [0, 17.5, 0],
					"cubes": [
						{"origin": [5.00224, 18.59052, 0.06562], "size": [2, 2, 4], "pivot": [5.50224, 18.59052, 1.81562], "rotation": [36.37095, 19.05471, -0.37379], "uv": [22, 0]},
						{"origin": [5.46515, 20.9803, 1.61993], "size": [1, 1, 3], "inflate": -0.001, "pivot": [5.96515, 21.4803, 3.11993], "rotation": [37.16841, -21.91103, -29.69085], "uv": [0, 47]},
						{"origin": [6.6852, 20.83747, 3.11614], "size": [1, 1, 3], "pivot": [7.1852, 20.33747, 4.61614], "rotation": [34.56117, 8.85911, -7.83764], "uv": [45, 37]},
						{"origin": [3.85854, 18.35634, -3.25], "size": [2, 3, 4], "inflate": 0.001, "pivot": [4.35854, 18.35634, -1.5], "rotation": [-21.12905, 19.05471, -0.37379], "uv": [24, 43]}
					]
				},
				{
					"name": "bone2",
					"parent": "head",
					"pivot": [-4.35854, 18.35634, -1.5],
					"rotation": [0, -17.5, 0],
					"cubes": [
						{"origin": [-7.00224, 18.59052, 0.06562], "size": [2, 2, 4], "pivot": [-5.50224, 18.59052, 1.81562], "rotation": [36.37095, -19.05471, 0.37379], "uv": [22, 0], "mirror": true},
						{"origin": [-6.46515, 20.9803, 1.61993], "size": [1, 1, 3], "inflate": -0.001, "pivot": [-5.96515, 21.4803, 3.11993], "rotation": [37.16841, 21.91103, 29.69085], "uv": [0, 47], "mirror": true},
						{"origin": [-7.6852, 20.83747, 3.11614], "size": [1, 1, 3], "pivot": [-7.1852, 20.33747, 4.61614], "rotation": [34.56117, -8.85911, 7.83764], "uv": [45, 37], "mirror": true},
						{"origin": [-5.85854, 18.35634, -3.25], "size": [2, 3, 4], "inflate": 0.001, "pivot": [-4.35854, 18.35634, -1.5], "rotation": [-21.12905, -19.05471, 0.37379], "uv": [24, 43], "mirror": true}
					]
				},
				{
					"name": "righthair",
					"parent": "head",
					"pivot": [-1, 23.5, -2.75]
				},
				{
					"name": "tail",
					"parent": "body",
					"pivot": [0, 8, 3],
					"cubes": [
						{"origin": [-1, 7, 2], "size": [2, 2, 6], "uv": [38, 17]}
					]
				},
				{
					"name": "tail2",
					"parent": "tail",
					"pivot": [0, 8, 8],
					"cubes": [
						{"origin": [-1, 7, 8], "size": [2, 2, 6], "uv": [35, 35]}
					]
				},
				{
					"name": "tail3",
					"parent": "tail2",
					"pivot": [0, 8, 14],
					"cubes": [
						{"origin": [-1, 7, 14], "size": [2, 2, 4], "uv": [44, 6]},
						{"origin": [-3, 5, 18], "size": [6, 6, 0], "uv": [42, 0]},
						{"origin": [0, 5, 18], "size": [0, 6, 7], "uv": [0, 23]},
						{"origin": [-3, 8, 18], "size": [6, 0, 7], "uv": [19, 18]}
					]
				},
				{
					"name": "leftarm",
					"parent": "body",
					"pivot": [4, 16.5, 0],
					"cubes": [
						{"origin": [3, 15.5, -1.5], "size": [6, 2, 3], "uv": [40, 25]}
					]
				},
				{
					"name": "leftforearm",
					"parent": "leftarm",
					"pivot": [9, 16.5, 0],
					"cubes": [
						{"origin": [9, 15.25, -2], "size": [7, 3, 4], "uv": [22, 26]},
						{"origin": [8.26502, 18.42266, -1.5], "size": [2, 0, 3], "inflate": 0.02, "pivot": [9.26502, 18.42266, 0], "rotation": [0, 0, 10], "uv": [17, 18]}
					]
				},
				{
					"name": "lefthand",
					"parent": "leftforearm",
					"pivot": [16, 16.75, 0],
					"cubes": [
						{"origin": [16, 15.25, -2.75], "size": [3, 3, 5], "uv": [25, 33]}
					]
				},
				{
					"name": "rightarm",
					"parent": "body",
					"pivot": [-4, 16.5, 0],
					"cubes": [
						{"origin": [-9, 15.5, -1.5], "size": [6, 2, 3], "uv": [40, 25], "mirror": true}
					]
				},
				{
					"name": "rightforearm",
					"parent": "rightarm",
					"pivot": [-9, 16.5, 0],
					"cubes": [
						{"origin": [-16, 15.25, -2], "size": [7, 3, 4], "uv": [22, 26], "mirror": true},
						{"origin": [-10.26502, 18.42266, -1.5], "size": [2, 0, 3], "inflate": 0.02, "pivot": [-9.26502, 18.42266, 0], "rotation": [0, 0, -10], "uv": [17, 18], "mirror": true}
					]
				},
				{
					"name": "righthand",
					"parent": "rightforearm",
					"pivot": [-16, 16.75, 0],
					"cubes": [
						{"origin": [-19, 15.25, -2.75], "size": [3, 3, 5], "uv": [25, 33], "mirror": true}
					]
				},
				{
					"name": "leftleg",
					"parent": "body",
					"pivot": [3, 9, 0.25],
					"cubes": [
						{"origin": [1.5, 5, -1.25], "size": [3, 5, 3], "uv": [16, 39]}
					]
				},
				{
					"name": "leftknee",
					"parent": "leftleg",
					"pivot": [3, 5, 0.25],
					"cubes": [
						{"origin": [1.5, 2, -1.25], "size": [3, 3, 3], "uv": [36, 43]}
					]
				},
				{
					"name": "leftfoot",
					"parent": "leftknee",
					"pivot": [3, 2, 0.25],
					"cubes": [
						{"origin": [1, 0, -3.75], "size": [4, 2, 6], "uv": [28, 0]},
						{"origin": [4.25, 0, -6.75], "size": [0, 2, 3], "inflate": 0.02, "uv": [0, 15]},
						{"origin": [1.75, 0, -6.75], "size": [0, 2, 3], "inflate": 0.02, "uv": [0, 0]},
						{"origin": [3, 0, 2.25], "size": [0, 2, 2], "inflate": 0.02, "uv": [0, 18]}
					]
				},
				{
					"name": "rightleg",
					"parent": "body",
					"pivot": [-3, 9, 0.25],
					"cubes": [
						{"origin": [-4.5, 5, -1.25], "size": [3, 5, 3], "uv": [16, 39], "mirror": true}
					]
				},
				{
					"name": "rightknee",
					"parent": "rightleg",
					"pivot": [-3, 5, 0.25],
					"cubes": [
						{"origin": [-4.5, 2, -1.25], "size": [3, 3, 3], "uv": [36, 43], "mirror": true}
					]
				},
				{
					"name": "rightfoot",
					"parent": "rightknee",
					"pivot": [-3, 2, 0.25],
					"cubes": [
						{"origin": [-5, 0, -3.75], "size": [4, 2, 6], "uv": [28, 0], "mirror": true},
						{"origin": [-4.25, 0, -6.75], "size": [0, 2, 3], "inflate": 0.02, "uv": [0, 15], "mirror": true},
						{"origin": [-1.75, 0, -6.75], "size": [0, 2, 3], "inflate": 0.02, "uv": [0, 0], "mirror": true},
						{"origin": [-3, 0, 2.25], "size": [0, 2, 2], "inflate": 0.02, "uv": [0, 18], "mirror": true}
					]
				}
			]
		}
	]
}