{
	"format_version": "1.12.0",
	"minecraft:geometry": [
		{
			"description": {
				"identifier": "geometry.galvantula",
				"texture_width": 128,
				"texture_height": 128,
				"visible_bounds_width": 5,
				"visible_bounds_height": 2.5,
				"visible_bounds_offset": [0, 0.75, 0]
			},
			"bones": [
				{
					"name": "galvantula",
					"pivot": [0, 0, 3]
				},
				{
					"name": "body",
					"parent": "galvantula",
					"pivot": [0, 0, 3]
				},
				{
					"name": "torso",
					"parent": "body",
					"pivot": [0, 4, 3],
					"cubes": [
						{"origin": [-4.5, 2, -5], "size": [9, 7, 9], "uv": [0, 22]},
						{"origin": [4.67888, 6.87099, -2], "size": [0, 3, 5], "pivot": [6.17888, 8.62099, 1.5], "rotation": [0, 0, 40], "uv": [22, 41]},
						{"origin": [2.67888, 6.87099, -2], "size": [0, 4, 6], "pivot": [6.17888, 8.62099, 1.5], "rotation": [0, 0, 22.5], "uv": [0, 0]},
						{"origin": [-2.67888, 6.87099, -2], "size": [0, 4, 6], "pivot": [-6.17888, 8.62099, 1.5], "rotation": [0, 0, -22.5], "uv": [0, 0], "mirror": true},
						{"origin": [-4.67888, 6.87099, -2], "size": [0, 3, 5], "pivot": [-6.17888, 8.62099, 1.5], "rotation": [0, 0, -40], "uv": [22, 41], "mirror": true}
					]
				},
				{
					"name": "eyes",
					"parent": "torso",
					"pivot": [0, 5, -5]
				},
				{
					"name": "forehead_eyes",
					"parent": "eyes",
					"pivot": [0, 0, 0],
					"cubes": [
						{"origin": [-1.5, 6, -5], "size": [3, 3, 1], "inflate": 0.01, "uv": [54, 4]}
					]
				},
				{
					"name": "eye_left",
					"parent": "eyes",
					"pivot": [0, 0, 0],
					"cubes": [
						{"origin": [4.56, 5, -5], "size": [0, 1, 3], "uv": [0, 7]},
						{"origin": [4.57, 5, -4.6], "size": [0, 1, 1], "uv": [0, 0]},
						{"origin": [3.55, 4, -5.05], "size": [1, 3, 3], "uv": [0, 22]}
					]
				},
				{
					"name": "eye_right",
					"parent": "eyes",
					"pivot": [0, 0, 0],
					"cubes": [
						{"origin": [-4.56, 5, -5], "size": [0, 1, 3], "uv": [0, 7], "mirror": true},
						{"origin": [-4.57, 5, -4.6], "size": [0, 1, 1], "uv": [0, 0], "mirror": true},
						{"origin": [-4.55, 4, -5.05], "size": [1, 3, 3], "uv": [0, 22], "mirror": true}
					]
				},
				{
					"name": "eyelids",
					"parent": "torso",
					"pivot": [0, 5, -5]
				},
				{
					"name": "forehead_eyelids",
					"parent": "eyelids",
					"pivot": [0, 2.1, -2.1],
					"cubes": [
						{"origin": [-1.5, 5.9, -4.9], "size": [3, 3, 1], "inflate": 0.02, "uv": [54, 0]}
					]
				},
				{
					"name": "eyelids_left",
					"parent": "eyelids",
					"pivot": [-0.1, 0, 0.1],
					"cubes": [
						{"origin": [3.45, 4, -4.95], "size": [1, 3, 3], "inflate": 0.03, "uv": [0, 0]}
					]
				},
				{
					"name": "eyelids_right",
					"parent": "eyelids",
					"pivot": [0.1, 0, 0.1],
					"cubes": [
						{"origin": [-4.45, 4, -4.95], "size": [1, 3, 3], "inflate": 0.03, "uv": [0, 0], "mirror": true}
					]
				},
				{
					"name": "arm_left",
					"parent": "torso",
					"pivot": [2.5, 2, -4],
					"rotation": [-37.5, 0, 0],
					"cubes": [
						{"origin": [1.5, 2, -11], "size": [1, 1, 7], "inflate": 0.001, "uv": [45, 45]}
					]
				},
				{
					"name": "forearm_left",
					"parent": "arm_left",
					"pivot": [2.5, 1.55, -10.1],
					"rotation": [-135, 0, 0],
					"cubes": [
						{"origin": [1, -0.85, -10.6], "size": [2, 2, 6], "uv": [12, 46]},
						{"origin": [2, -0.85, -10.6], "size": [0, 5, 9], "uv": [34, 36]}
					]
				},
				{
					"name": "arm_right",
					"parent": "torso",
					"pivot": [-2.5, 2, -4],
					"rotation": [-37.5, 0, 0],
					"cubes": [
						{"origin": [-2.5, 2, -11], "size": [1, 1, 7], "inflate": 0.001, "uv": [45, 45], "mirror": true}
					]
				},
				{
					"name": "forearm_right",
					"parent": "arm_right",
					"pivot": [-2.5, 1.55, -10.1],
					"rotation": [-135, 0, 0],
					"cubes": [
						{"origin": [-3, -0.85, -10.6], "size": [2, 2, 6], "uv": [12, 46], "mirror": true},
						{"origin": [-2, -0.85, -10.6], "size": [0, 5, 9], "uv": [34, 36], "mirror": true}
					]
				},
				{
					"name": "back",
					"parent": "torso",
					"pivot": [0, 2, 3],
					"rotation": [-7.5, 0, 0],
					"cubes": [
						{"origin": [-6.5, 2, 3], "size": [13, 10, 12], "uv": [0, 0]}
					]
				},
				{
					"name": "right_fluff",
					"parent": "back",
					"pivot": [6.5, 2, 9],
					"cubes": [
						{"origin": [6.5, 2, 6], "size": [0, 14, 9], "pivot": [6.5, 2, 9], "rotation": [0, 0, 12.5], "uv": [0, 29]}
					]
				},
				{
					"name": "left_fluff",
					"parent": "back",
					"pivot": [-6.5, 2, 9],
					"cubes": [
						{"origin": [-6.5, 2, 6], "size": [0, 14, 9], "pivot": [-6.5, 2, 9], "rotation": [0, 0, -12.5], "uv": [0, 29], "mirror": true}
					]
				},
				{
					"name": "back_fluff",
					"parent": "back",
					"pivot": [0, 2, 15],
					"cubes": [
						{"origin": [-2.5, 6.4, 12.5], "size": [11, 19, 0], "pivot": [0, 2, 12.3], "rotation": [-31.67413, 35.49178, -12.99301], "uv": [36, 22]},
						{"origin": [-8.5, 6.4, 12.5], "size": [11, 19, 0], "pivot": [0, 2, 12.3], "rotation": [-31.67413, -35.49178, 12.99301], "uv": [36, 22], "mirror": true}
					]
				},
				{
					"name": "leg_left",
					"parent": "body",
					"pivot": [4.5, 3, -1.5],
					"cubes": [
						{"origin": [4.5, 3, -2.5], "size": [9, 2, 2], "pivot": [4.5, 3, -1.5], "rotation": [0, 0, -40], "uv": [38, 8]}
					]
				},
				{
					"name": "foreleg_left2",
					"parent": "leg_left",
					"pivot": [10, 9, -1.5],
					"cubes": [
						{"origin": [9.5, 2, -3.5], "size": [4, 4, 4], "uv": [0, 52]},
						{"origin": [10, 5, -3], "size": [3, 6, 3], "uv": [16, 54]},
						{"origin": [10, 10.72873, -3.86036], "size": [3, 3, 0], "pivot": [11.5, 12.22873, -3.86036], "rotation": [35, 0, 0], "uv": [54, 45]},
						{"origin": [10, 12.98933, -6.30934], "size": [3, 3, 0], "pivot": [0, 1.98933, -6.30934], "rotation": [-35, 0, 0], "uv": [52, 53]},
						{"origin": [13.51303, 10.90954, -3], "size": [0, 3, 3], "pivot": [13.51303, 12.40954, -1.5], "rotation": [0, 0, 20], "uv": [22, 46]},
						{"origin": [7.5, 2, -5.5], "size": [8, 0, 8], "uv": [10, 38]},
						{"origin": [10.5, 0, -2.5], "size": [2, 2, 2], "uv": [27, 26]}
					]
				},
				{
					"name": "leg_right",
					"parent": "body",
					"pivot": [-4.5, 3, -1.5],
					"cubes": [
						{"origin": [-13.5, 3, -2.5], "size": [9, 2, 2], "pivot": [-4.5, 3, -1.5], "rotation": [0, 0, 40], "uv": [38, 8], "mirror": true}
					]
				},
				{
					"name": "foreleg_right2",
					"parent": "leg_right",
					"pivot": [-10, 9, -1.5],
					"cubes": [
						{"origin": [-13.5, 2, -3.5], "size": [4, 4, 4], "uv": [0, 52], "mirror": true},
						{"origin": [-13, 5, -3], "size": [3, 6, 3], "uv": [16, 54], "mirror": true},
						{"origin": [-13, 10.72873, -3.86036], "size": [3, 3, 0], "pivot": [-11.5, 12.22873, -3.86036], "rotation": [35, 0, 0], "uv": [54, 45], "mirror": true},
						{"origin": [-13, 12.98933, -6.30934], "size": [3, 3, 0], "pivot": [0, 1.98933, -6.30934], "rotation": [-35, 0, 0], "uv": [52, 53], "mirror": true},
						{"origin": [-13.51303, 10.90954, -3], "size": [0, 3, 3], "pivot": [-13.51303, 12.40954, -1.5], "rotation": [0, 0, -20], "uv": [22, 46], "mirror": true},
						{"origin": [-15.5, 2, -5.5], "size": [8, 0, 8], "uv": [10, 38], "mirror": true},
						{"origin": [-12.5, 0, -2.5], "size": [2, 2, 2], "uv": [27, 26], "mirror": true}
					]
				},
				{
					"name": "leg_left2",
					"parent": "body",
					"pivot": [4.5, 3, 2],
					"cubes": [
						{"origin": [4.5, 3, 1], "size": [8, 2, 2], "pivot": [4.5, 3, 2], "rotation": [0, 0, -40], "uv": [26, 52]}
					]
				},
				{
					"name": "foreleg_left",
					"parent": "leg_left2",
					"pivot": [9, 9, 2],
					"cubes": [
						{"origin": [8.5, 2, 0], "size": [4, 4, 4], "uv": [50, 12]},
						{"origin": [9, 5, 0.5], "size": [3, 6, 3], "uv": [43, 53]},
						{"origin": [6.5, 2, -2], "size": [8, 0, 8], "uv": [30, 0]},
						{"origin": [12.51303, 10.90954, 0.5], "size": [0, 3, 3], "pivot": [12.51303, 12.40954, 2], "rotation": [0, 0, 20], "uv": [0, 25]},
						{"origin": [9, 10.72873, -0.36036], "size": [3, 3, 0], "pivot": [10.5, 12.22873, -0.36036], "rotation": [35, 0, 0], "uv": [28, 49]},
						{"origin": [9, 12.98933, -2.80934], "size": [3, 3, 0], "pivot": [-1, 1.98933, -2.80934], "rotation": [-35, 0, 0], "uv": [5, 0]},
						{"origin": [9.5, 0, 1], "size": [2, 2, 2], "uv": [27, 22]}
					]
				},
				{
					"name": "leg_right2",
					"parent": "body",
					"pivot": [-4.5, 3, 2],
					"cubes": [
						{"origin": [-12.5, 3, 1], "size": [8, 2, 2], "pivot": [-4.5, 3, 2], "rotation": [0, 0, 40], "uv": [26, 52], "mirror": true}
					]
				},
				{
					"name": "foreleg_right",
					"parent": "leg_right2",
					"pivot": [-9, 9, 2],
					"cubes": [
						{"origin": [-12.5, 2, 0], "size": [4, 4, 4], "uv": [50, 12], "mirror": true},
						{"origin": [-12, 5, 0.5], "size": [3, 6, 3], "uv": [43, 53], "mirror": true},
						{"origin": [-14.5, 2, -2], "size": [8, 0, 8], "uv": [30, 0], "mirror": true},
						{"origin": [-12.51303, 10.90954, 0.5], "size": [0, 3, 3], "pivot": [-12.51303, 12.40954, 2], "rotation": [0, 0, -20], "uv": [0, 25], "mirror": true},
						{"origin": [-12, 10.72873, -0.36036], "size": [3, 3, 0], "pivot": [-10.5, 12.22873, -0.36036], "rotation": [35, 0, 0], "uv": [28, 49], "mirror": true},
						{"origin": [-12, 12.98933, -2.80934], "size": [3, 3, 0], "pivot": [1, 1.98933, -2.80934], "rotation": [-35, 0, 0], "uv": [5, 0], "mirror": true},
						{"origin": [-11.5, 0, 1], "size": [2, 2, 2], "uv": [27, 22], "mirror": true}
					]
				}
			]
		}
	]
}