{
	"format_version": "1.12.0",
	"minecraft:geometry": [
		{
			"description": {
				"identifier": "geometry.ivysaur",
				"texture_width": 128,
				"texture_height": 128,
				"visible_bounds_width": 4,
				"visible_bounds_height": 2.5,
				"visible_bounds_offset": [0, 0.75, 0]
			},
			"bones": [
				{
					"name": "ivysaur",
					"pivot": [0, 0, 0]
				},
				{
					"name": "body",
					"parent": "ivysaur",
					"pivot": [0, 5.5528, 0.2424]
				},
				{
					"name": "torso",
					"parent": "body",
					"pivot": [0, 5.55281, 0.24244],
					"cubes": [
						{"origin": [-4.5, 2.55281, -5.75756], "size": [9, 6, 12], "pivot": [0, 5.55281, 0.24244], "rotation": [-5, 0, 0], "uv": [0, 0]},
						{"origin": [-4.5, 7.85281, 4.24244], "size": [9, 4, 4], "pivot": [0, 5.55281, 0.24244], "rotation": [-5, 0, 0], "uv": [24, 18]}
					]
				},
				{
					"name": "bone21",
					"parent": "torso",
					"pivot": [1.51528, 5.06883, 9.22464],
					"rotation": [7.67995, -12.39135, -1.6575],
					"cubes": [
						{"origin": [-3.5, 6.55281, 7.04244], "size": [7, 3, 3], "pivot": [0, 5.55281, 1.64244], "rotation": [-4.25472, -7.78739, 33.17661], "uv": [52, 28]}
					]
				},
				{
					"name": "bone22",
					"parent": "bone21",
					"pivot": [1.51528, 5.06883, 9.22464],
					"cubes": [
						{"origin": [0.01528, 3.56883, 7.72464], "size": [3, 3, 3], "pivot": [1.51528, 5.06883, 9.22464], "rotation": [4.99606, 14.6641, 59.92989], "uv": [67, 52]},
						{"origin": [0.01528, 3.56883, 9.72464], "size": [2, 2, 5], "pivot": [1.51528, 5.06883, 9.22464], "rotation": [-14.33865, 39.23086, 56.83984], "uv": [58, 34]}
					]
				},
				{
					"name": "back_rightvine",
					"parent": "torso",
					"pivot": [0, 5.55281, 0.24244],
					"cubes": [
						{"origin": [-2.5, 6.55281, 2.94244], "size": [4, 5, 5], "pivot": [0, 5.55281, 0.24244], "rotation": [-5.51385, -24.89837, 2.3273], "uv": [50, 15]}
					]
				},
				{
					"name": "bone15",
					"parent": "back_rightvine",
					"pivot": [3.95321, 8.32633, 7.03843],
					"cubes": [
						{"origin": [-4.09075, 7.99048, 6.44452], "size": [4, 4, 6], "pivot": [-1.59075, 5.99048, -0.25548], "rotation": [-5.51385, -24.89837, 2.3273], "uv": [44, 40]}
					]
				},
				{
					"name": "bone16",
					"parent": "bone15",
					"pivot": [-7.25639, 9.33062, 10.19824],
					"cubes": [
						{"origin": [-3.59075, 8.99048, 12.44452], "size": [3, 3, 4], "pivot": [-1.59075, 5.99048, -0.25548], "rotation": [-5.51385, -24.89837, 2.3273], "uv": [51, 60]}
					]
				},
				{
					"name": "bone17",
					"parent": "bone16",
					"pivot": [-8.15818, 9.47326, 14.30468],
					"cubes": [
						{"origin": [-3.09075, 9.99048, 16.44452], "size": [2, 2, 5], "pivot": [-1.59075, 5.99048, -0.25548], "rotation": [-5.51385, -24.89837, 2.3273], "uv": [59, 45]}
					]
				},
				{
					"name": "back_leftvine",
					"parent": "torso",
					"pivot": [0.5, 5.15281, 0.24244],
					"rotation": [0, -6, 0],
					"cubes": [
						{"origin": [-1, 6.15281, 2.94244], "size": [4, 5, 5], "pivot": [0.5, 5.15281, 0.24244], "rotation": [-5.51385, 24.89837, -2.3273], "uv": [0, 45]}
					]
				},
				{
					"name": "bone18",
					"parent": "back_leftvine",
					"pivot": [4.26386, 9.35031, 6.58972],
					"cubes": [
						{"origin": [-1, 7.15281, 7.94244], "size": [4, 4, 5], "pivot": [0.5, 5.15281, 0.24244], "rotation": [-5.51385, 24.89837, -2.3273], "uv": [39, 50]}
					]
				},
				{
					"name": "bone19",
					"parent": "bone18",
					"pivot": [7.16564, 8.49295, 13.69616],
					"cubes": [
						{"origin": [-0.5, 8.15281, 12.94244], "size": [3, 3, 4], "pivot": [0.5, 5.15281, 0.24244], "rotation": [-5.51385, 24.89837, -2.3273], "uv": [12, 60]}
					]
				},
				{
					"name": "bone20",
					"parent": "bone19",
					"pivot": [9.06742, 8.63559, 14.80261],
					"cubes": [
						{"origin": [0, 9.15281, 16.94244], "size": [2, 2, 5], "pivot": [0.5, 5.15281, 0.24244], "rotation": [-5.51385, 24.89837, -2.3273], "uv": [37, 59]}
					]
				},
				{
					"name": "middle_leftvine",
					"parent": "torso",
					"pivot": [0, 5.55281, 0.24244],
					"cubes": [
						{"origin": [-0.2, 7.55281, 1.54244], "size": [4, 4, 5], "pivot": [0, 5.55281, 0.24244], "rotation": [-6.51543, 39.8173, -4.18273], "uv": [13, 51]}
					]
				},
				{
					"name": "bone9",
					"parent": "middle_leftvine",
					"pivot": [5, 9.55281, 4.24244],
					"cubes": [
						{"origin": [0.4, 8.15281, 6.54244], "size": [3, 3, 5], "pivot": [0, 5.55281, 0.24244], "rotation": [-6.51543, 39.8173, -4.18273], "uv": [26, 55]}
					]
				},
				{
					"name": "bone10",
					"parent": "bone9",
					"pivot": [9.32595, 8.82229, 6.91432],
					"cubes": [
						{"origin": [0.4, 8.15281, 11.54244], "size": [3, 3, 5], "pivot": [0, 5.55281, 0.24244], "rotation": [-6.51543, 39.8173, -4.18273], "uv": [0, 55]}
					]
				},
				{
					"name": "bone11",
					"parent": "bone10",
					"pivot": [11.53989, 8.58809, 10.73868],
					"cubes": [
						{"origin": [0.9, 8.75281, 16.54244], "size": [2, 2, 5], "pivot": [0, 5.55281, 0.24244], "rotation": [-6.51543, 39.8173, -4.18273], "uv": [0, 63]}
					]
				},
				{
					"name": "middle_rightvine",
					"parent": "torso",
					"pivot": [0, 6.25281, 0.24244],
					"rotation": [0, 0, -5],
					"cubes": [
						{"origin": [-3.8, 8.25281, 1.54244], "size": [4, 4, 5], "pivot": [0, 6.25281, 0.24244], "rotation": [-6.51543, -39.8173, 4.18273], "uv": [13, 51]}
					]
				},
				{
					"name": "bone12",
					"parent": "middle_rightvine",
					"pivot": [-5.11202, 9.85612, 4.09867],
					"cubes": [
						{"origin": [-3.4, 8.85281, 6.54244], "size": [3, 3, 5], "pivot": [0, 6.25281, 0.24244], "rotation": [-6.51543, -39.8173, 4.18273], "uv": [26, 55]}
					]
				},
				{
					"name": "bone13",
					"parent": "bone12",
					"pivot": [-8.32595, 9.52229, 7.91432],
					"cubes": [
						{"origin": [-3.4, 8.85281, 11.54244], "size": [3, 3, 5], "pivot": [0, 6.25281, 0.24244], "rotation": [-6.51543, -39.8173, 4.18273], "uv": [0, 55]}
					]
				},
				{
					"name": "bone14",
					"parent": "bone13",
					"pivot": [-11.53989, 9.28809, 11.73868],
					"cubes": [
						{"origin": [-2.9, 9.45281, 16.54244], "size": [2, 2, 5], "pivot": [0, 6.25281, 0.24244], "rotation": [-6.51543, -39.8173, 4.18273], "uv": [60, 62]}
					]
				},
				{
					"name": "front_leftvine",
					"parent": "torso",
					"pivot": [0, 5.55281, 0.54244],
					"cubes": [
						{"origin": [0.1, 7.55281, -1.45756], "size": [4, 4, 7], "pivot": [0, 5.55281, 0.54244], "rotation": [-42.83303, 80.99406, -33.5051], "uv": [0, 34]}
					]
				},
				{
					"name": "bone4",
					"parent": "front_leftvine",
					"pivot": [8.23632, 8.32023, -0.35443],
					"cubes": [
						{"origin": [0.7, 7.95281, 5.54244], "size": [3, 3, 5], "pivot": [0, 5.55281, 0.54244], "rotation": [-42.83303, 80.99406, -33.5051], "uv": [58, 0]}
					]
				},
				{
					"name": "bone5",
					"parent": "bone4",
					"pivot": [10.66689, 7.26549, -0.42924],
					"cubes": [
						{"origin": [1.5, 9.15281, 8.04244], "size": [2, 2, 4], "pivot": [0, 5.55281, 0.54244], "rotation": [-50.83303, 80.99406, -33.5051], "uv": [68, 30]}
					]
				},
				{
					"name": "bone8",
					"parent": "bone5",
					"pivot": [12.45939, 6.05693, -0.03377],
					"cubes": [
						{"origin": [1.5, 9.15281, 12.04244], "size": [2, 2, 4], "pivot": [0, 5.55281, 0.54244], "rotation": [-50.83303, 80.99406, -33.5051], "uv": [68, 18]}
					]
				},
				{
					"name": "bone6",
					"parent": "bone4",
					"pivot": [12.21777, 8.13437, 0.25673],
					"cubes": [
						{"origin": [11.01777, 8.23437, -2.64327], "size": [2, 2, 4], "pivot": [12.21777, 8.13437, 0.25673], "rotation": [-22.83303, 80.99406, -33.5051], "uv": [68, 37]}
					]
				},
				{
					"name": "bone7",
					"parent": "bone6",
					"pivot": [12.51397, 9.66034, 0.89619],
					"cubes": [
						{"origin": [11.01777, 8.23437, 1.35673], "size": [2, 2, 3], "pivot": [12.21777, 8.13437, 0.25673], "rotation": [-22.83303, 80.99406, -33.5051], "uv": [69, 0]}
					]
				},
				{
					"name": "front_rightvine",
					"parent": "torso",
					"pivot": [0, 9.55281, -2.45756],
					"cubes": [
						{"origin": [-4.7, 7.85281, -1.35756], "size": [4, 4, 7], "pivot": [0, 5.55281, 0.54244], "rotation": [-21.34857, -69.40933, 13.46639], "uv": [0, 34]}
					]
				},
				{
					"name": "bone",
					"parent": "front_rightvine",
					"pivot": [-6.63894, 9.16447, 0.39977],
					"cubes": [
						{"origin": [-8.13894, 7.86447, -0.10023], "size": [3, 3, 4], "pivot": [-6.63894, 9.16447, 0.39977], "rotation": [-21.34857, -69.40933, 13.46639], "uv": [22, 63]}
					]
				},
				{
					"name": "bone2",
					"parent": "bone",
					"pivot": [-9.79163, 9.53104, 2.22694],
					"cubes": [
						{"origin": [-8.13894, 7.86447, 3.89977], "size": [3, 3, 4], "pivot": [-6.63894, 9.16447, 0.39977], "rotation": [-21.34857, -69.40933, 13.46639], "uv": [64, 11]}
					]
				},
				{
					"name": "bone3",
					"parent": "bone2",
					"pivot": [-13.55659, 7.93526, 3.44356],
					"cubes": [
						{"origin": [-7.73894, 8.36447, 7.89977], "size": [2, 2, 4], "pivot": [-6.63894, 9.16447, 0.39977], "rotation": [-21.34857, -69.40933, 13.46639], "uv": [68, 43]}
					]
				},
				{
					"name": "head",
					"parent": "torso",
					"pivot": [0, 5.75, -5],
					"rotation": [-5, 0, 0],
					"cubes": [
						{"origin": [-5, 5, -9.5], "size": [10, 6, 6], "inflate": 0.01, "uv": [26, 28]},
						{"origin": [-5, 4, -7.5], "size": [10, 1, 3], "inflate": 0.01, "uv": [42, 11]},
						{"origin": [-4.75, 4.5, -9.35], "size": [1, 1, 0], "pivot": [-4.25, 5, -9.35], "rotation": [7.5, 5, 45], "uv": [0, 0]},
						{"origin": [3.75, 4.5, -9.35], "size": [1, 1, 0], "pivot": [4.25, 5, -9.35], "rotation": [7.5, -5, -45], "uv": [0, 0]}
					]
				},
				{
					"name": "jaw",
					"parent": "head",
					"pivot": [0, 5, -7],
					"cubes": [
						{"origin": [-5, 4, -9.25], "size": [10, 1, 2], "uv": [48, 25]}
					]
				},
				{
					"name": "eyes",
					"parent": "head",
					"pivot": [0, 8, -9.5]
				},
				{
					"name": "eye_right",
					"parent": "eyes",
					"pivot": [-3.515, 8.25, -8.515],
					"cubes": [
						{"origin": [-5.015, 6.75, -9.515], "size": [3, 3, 2], "uv": [23, 70]}
					]
				},
				{
					"name": "eyelid_right",
					"parent": "eye_right",
					"pivot": [-3.415, 8.25, -8.415],
					"cubes": [
						{"origin": [-4.915, 6.75, -9.415], "size": [3, 3, 2], "inflate": 0.01, "uv": [0, 70]}
					]
				},
				{
					"name": "eye_left",
					"parent": "eyes",
					"pivot": [3.515, 8.25, -8.515],
					"cubes": [
						{"origin": [2.015, 6.75, -9.515], "size": [3, 3, 2], "uv": [69, 60]}
					]
				},
				{
					"name": "eyelid_left",
					"parent": "eye_left",
					"pivot": [3.415, 8.25, -8.415],
					"cubes": [
						{"origin": [1.915, 6.75, -9.415], "size": [3, 3, 2], "inflate": 0.01, "uv": [60, 69]}
					]
				},
				{
					"name": "ears",
					"parent": "head",
					"pivot": [0, 11.25, -6]
				},
				{
					"name": "ear_left",
					"parent": "ears",
					"pivot": [2.25, 11.25, -7.5],
					"rotation": [5, 40, 15],
					"cubes": [
						{"origin": [2.25, 11, -8.5], "size": [0, 3, 5], "uv": [15, 29]}
					]
				},
				{
					"name": "ear_right",
					"parent": "ears",
					"pivot": [-2.25, 11.25, -7.5],
					"rotation": [5, -40, -15],
					"cubes": [
						{"origin": [-2.25, 11, -8.5], "size": [0, 3, 5], "uv": [15, 29], "mirror": true}
					]
				},
				{
					"name": "bulb",
					"parent": "torso",
					"pivot": [0, 7.25, 1],
					"rotation": [-7.5, 0, 0],
					"cubes": [
						{"origin": [-4, 8.28916, -2.45257], "size": [8, 8, 8], "uv": [0, 18]},
						{"origin": [-2.5, 16.28916, -0.95257], "size": [5, 1, 5], "uv": [52, 54]},
						{"origin": [-1.28928, 17.03067, 0.36382], "size": [2, 1, 2], "pivot": [0, 17.75, 1.25], "rotation": [-52.37075, -51.18666, 59.00707], "uv": [0, 18]},
						{"origin": [-1.72038, 17.15453, 0.2535], "size": [2, 1, 2], "pivot": [0, 17.75, 1.25], "rotation": [7.59059, 43.11055, 36.76304], "uv": [0, 18]},
						{"origin": [-1.60887, 17.58541, 0.32198], "size": [2, 1, 2], "pivot": [0, 17.75, 1.25], "rotation": [6.6919, 17.19748, 145.98398], "uv": [0, 18]},
						{"origin": [-5.5, 7.78916, 1.54743], "size": [11, 11, 0], "uv": [22, 40]},
						{"origin": [-5.79743, 7.78916, 1.25], "size": [11, 11, 0], "pivot": [0, 12.75, 1.25], "rotation": [0, 90, 0], "uv": [22, 40]},
						{"origin": [-7.20847, 7.78916, 1.03786], "size": [14, 11, 0], "pivot": [0, 12.75, 1.25], "rotation": [0, 135.5, 0], "uv": [30, 0]},
						{"origin": [-6.79153, 7.78916, 1.03786], "size": [14, 11, 0], "pivot": [0, 12.75, 1.25], "rotation": [0, -135.5, 0], "uv": [30, 0]}
					]
				},
				{
					"name": "leg_front_right",
					"parent": "body",
					"pivot": [-4, 5, -3.5],
					"cubes": [
						{"origin": [-5.5, 0, -5], "size": [3, 6, 3], "uv": [48, 67]},
						{"origin": [-5.25, 0, -5.65], "size": [0, 1, 1], "pivot": [-5.25, 0.5, -5], "rotation": [0, 15, 0], "uv": [0, 0]},
						{"origin": [-4, 0, -5.75], "size": [0, 1, 1], "uv": [0, 0]},
						{"origin": [-2.75, 0, -5.65], "size": [0, 1, 1], "pivot": [-2.75, 0.5, -5], "rotation": [0, -15, 0], "uv": [0, 0]}
					]
				},
				{
					"name": "leg_front_left",
					"parent": "body",
					"pivot": [4, 5, -3.5],
					"cubes": [
						{"origin": [2.5, 0, -5], "size": [3, 6, 3], "uv": [11, 67]},
						{"origin": [2.75, 0, -5.65], "size": [0, 1, 1], "pivot": [2.75, 0.5, -5], "rotation": [0, 15, 0], "uv": [0, 0]},
						{"origin": [4, 0, -5.75], "size": [0, 1, 1], "uv": [0, 0]},
						{"origin": [5.25, 0, -5.65], "size": [0, 1, 1], "pivot": [5.25, 0.5, -5], "rotation": [0, -15, 0], "uv": [0, 0]}
					]
				},
				{
					"name": "leg_back_right",
					"parent": "body",
					"pivot": [-4, 5, 4.5],
					"cubes": [
						{"origin": [-5.5, 0, 3], "size": [3, 6, 3], "uv": [36, 66]},
						{"origin": [-5.25, 0, 2.35], "size": [0, 1, 1], "pivot": [-5.25, 0.5, 3], "rotation": [0, 15, 0], "uv": [0, 0]},
						{"origin": [-4, 0, 2.25], "size": [0, 1, 1], "uv": [0, 0]},
						{"origin": [-2.75, 0, 2.35], "size": [0, 1, 1], "pivot": [-2.75, 0.5, 3], "rotation": [0, -15, 0], "uv": [0, 0]}
					]
				},
				{
					"name": "leg_back_left",
					"parent": "body",
					"pivot": [4, 5, 4.5],
					"cubes": [
						{"origin": [2.5, 0, 3], "size": [3, 6, 3], "uv": [0, 0]},
						{"origin": [2.75, 0, 2.35], "size": [0, 1, 1], "pivot": [2.75, 0.5, 3], "rotation": [0, 15, 0], "uv": [0, 0]},
						{"origin": [4, 0, 2.25], "size": [0, 1, 1], "uv": [0, 0]},
						{"origin": [5.25, 0, 2.35], "size": [0, 1, 1], "pivot": [5.25, 0.5, 3], "rotation": [0, -15, 0], "uv": [0, 0]}
					]
				}
			]
		}
	]
}