{
	"format_version": "1.12.0",
	"minecraft:geometry": [
		{
			"description": {
				"identifier": "geometry.ponyta",
				"texture_width": 128,
				"texture_height": 128,
				"visible_bounds_width": 7,
				"visible_bounds_height": 4.5,
				"visible_bounds_offset": [0, 1.75, 0]
			},
			"bones": [
				{
					"name": "ponyta",
					"pivot": [0, 0, 0]
				},
				{
					"name": "body",
					"parent": "ponyta",
					"pivot": [0, 10.25, -0.75]
				},
				{
					"name": "torso",
					"parent": "body",
					"pivot": [0, 10.25, -0.75],
					"cubes": [
						{"origin": [-3, 7.25, -6.75], "size": [6, 6, 12], "uv": [0, 27]}
					]
				},
				{
					"name": "neck",
					"parent": "torso",
					"pivot": [0, 11, -4.75],
					"rotation": [5, 0, 0],
					"cubes": [
						{"origin": [-2, 10.5, -6.75], "size": [4, 7, 4], "uv": [0, 0]}
					]
				},
				{
					"name": "fire_mane2",
					"parent": "neck",
					"pivot": [0, 15, -2.75]
				},
				{
					"name": "head",
					"parent": "neck",
					"pivot": [0, 18.5, -4.75],
					"cubes": [
						{"origin": [-2.5, 16.5, -8.25], "size": [5, 5, 6], "uv": [30, 39]},
						{"origin": [-1, 21.3, -6.7], "size": [2, 3, 2], "pivot": [0, 22.5, -5], "rotation": [27.5, 0, 0], "uv": [30, 50]},
						{"origin": [-0.86799, 20.82374, -5.98812], "size": [2, 1, 4], "pivot": [0, 22.5, -2.5], "rotation": [-20, -27.5, 0], "uv": [40, 10]},
						{"origin": [-1.13201, 20.82374, -5.98812], "size": [2, 1, 4], "pivot": [0, 22.5, -2.5], "rotation": [-20, 27.5, 0], "uv": [40, 10], "mirror": true}
					]
				},
				{
					"name": "eyes",
					"parent": "head",
					"pivot": [0, 19.5, -6.25],
					"rotation": [12.5, 0, 0]
				},
				{
					"name": "eye_left",
					"parent": "eyes",
					"pivot": [2.5, 19.5, -6.4],
					"cubes": [
						{"origin": [2.5, 18.5, -7.9], "size": [0, 2, 3], "inflate": 0.01, "uv": [0, 11]}
					]
				},
				{
					"name": "eyelid_left",
					"parent": "eye_left",
					"pivot": [2.4, 19.5, -6.4],
					"cubes": [
						{"origin": [1.4, 18.5, -7.9], "size": [1, 2, 3], "inflate": 0.02, "uv": [55, 0]}
					]
				},
				{
					"name": "eye_right",
					"parent": "eyes",
					"pivot": [-2.5, 19.5, -6.4],
					"cubes": [
						{"origin": [-2.5, 18.5, -7.9], "size": [0, 2, 3], "inflate": 0.01, "uv": [0, 11], "mirror": true}
					]
				},
				{
					"name": "eyelid_right",
					"parent": "eye_right",
					"pivot": [-2.4, 19.5, -6.4],
					"cubes": [
						{"origin": [-2.4, 18.5, -7.9], "size": [1, 2, 3], "inflate": 0.02, "uv": [55, 0], "mirror": true}
					]
				},
				{
					"name": "muzzle",
					"parent": "head",
					"pivot": [0, 18, -8],
					"rotation": [5, 0, 0],
					"cubes": [
						{"origin": [-1.5, 17.5, -11], "size": [3, 2, 3], "uv": [15, 45]}
					]
				},
				{
					"name": "jaw",
					"parent": "muzzle",
					"pivot": [0, 17.25, -8],
					"rotation": [-2.5, 0, 0],
					"cubes": [
						{"origin": [-1, 16.5, -10.75], "size": [2, 1, 2], "uv": [43, 29]},
						{"origin": [-1.5, 16.5, -8.75], "size": [3, 1, 1], "uv": [0, 37]}
					]
				},
				{
					"name": "cloud_mane_head",
					"parent": "head",
					"pivot": [0, 21, -5.5]
				},
				{
					"name": "cloud1",
					"parent": "cloud_mane_head",
					"pivot": [0, 22.54728, -4.93248],
					"rotation": [-20, 0, 0],
					"cubes": [
						{"origin": [-1.5, 20.44286, -4.22564], "size": [3, 4, 3], "pivot": [0, 22.54728, -1.93248], "rotation": [7.5, 0, 0], "uv": [0, 55]}
					]
				},
				{
					"name": "cloud2",
					"parent": "cloud1",
					"pivot": [0, 20.54728, -0.43248],
					"cubes": [
						{"origin": [-2.5, 20.34022, -1.70522], "size": [5, 5, 5], "uv": [15, 50]}
					]
				},
				{
					"name": "cloud3",
					"parent": "cloud2",
					"pivot": [0, 20.54728, 2.56752],
					"cubes": [
						{"origin": [-2.5, 20.34022, 3.29478], "size": [5, 5, 5], "uv": [47, 45]}
					]
				},
				{
					"name": "bone",
					"parent": "cloud3",
					"pivot": [0, 23.04728, 9.06752],
					"cubes": [
						{"origin": [-2.5, 20.34022, 8.29478], "size": [5, 5, 5], "uv": [46, 34]}
					]
				},
				{
					"name": "bone2",
					"parent": "bone",
					"pivot": [0, 23.04728, 14.06752],
					"cubes": [
						{"origin": [-2.5, 20.34022, 13.29478], "size": [5, 5, 5], "uv": [0, 45]}
					]
				},
				{
					"name": "bone3",
					"parent": "bone2",
					"pivot": [0, 23.04728, 19.06752],
					"cubes": [
						{"origin": [-2.5, 20.34022, 18.29478], "size": [5, 5, 5], "uv": [40, 0]}
					]
				},
				{
					"name": "bone4",
					"parent": "bone3",
					"pivot": [0, 23.04728, 24.06752],
					"cubes": [
						{"origin": [-3.5, 19.34022, 23.29478], "size": [7, 7, 5], "uv": [24, 27]}
					]
				},
				{
					"name": "bone5",
					"parent": "bone4",
					"pivot": [0, 23.54728, 29.06752],
					"cubes": [
						{"origin": [-6, 17.84022, 28.29478], "size": [12, 11, 16], "uv": [0, 0]}
					]
				},
				{
					"name": "ear_left",
					"parent": "head",
					"pivot": [2.25, 20.75, -4.25],
					"rotation": [-25, 0, -45],
					"cubes": [
						{"origin": [2.25, 20.75, -4.125], "size": [5, 0, 3], "pivot": [4.25, 20.75, -4.25], "rotation": [0, -50, -10], "uv": [0, 11]}
					]
				},
				{
					"name": "ear_right",
					"parent": "head",
					"pivot": [-2.25, 20.75, -4.25],
					"rotation": [-25, 0, 45],
					"cubes": [
						{"origin": [-7.25, 20.75, -4.125], "size": [5, 0, 3], "pivot": [-4.25, 20.75, -4.25], "rotation": [0, 50, 10], "uv": [0, 11], "mirror": true}
					]
				},
				{
					"name": "leg_front_left",
					"parent": "body",
					"pivot": [2.5, 9.65, -5],
					"cubes": [
						{"origin": [1.5, 5.15, -6], "size": [2, 6, 2], "inflate": 0.01, "uv": [49, 55]}
					]
				},
				{
					"name": "leg_front_left_fire",
					"parent": "leg_front_left",
					"pivot": [3.5, 8.15, -4],
					"rotation": [0, 15, 0],
					"cubes": [
						{"origin": [2.5, 7.65, -5], "size": [2, 3, 5], "pivot": [3.5, 9.15, -2.5], "rotation": [15, 0, 0], "uv": [35, 50]}
					]
				},
				{
					"name": "leg_front_left2",
					"parent": "leg_front_left",
					"pivot": [2.5, 5.15, -6],
					"cubes": [
						{"origin": [1.5, 1.15, -6], "size": [2, 4, 2], "uv": [57, 55]}
					]
				},
				{
					"name": "leg_front_left3",
					"parent": "leg_front_left2",
					"pivot": [2.5, 1.15, -5],
					"cubes": [
						{"origin": [1.5, -0.1, -6.25], "size": [2, 2, 2], "inflate": 0.02, "uv": [33, 58]}
					]
				},
				{
					"name": "leg_front_right",
					"parent": "body",
					"pivot": [-2.5, 9.65, -5],
					"cubes": [
						{"origin": [-3.5, 5.15, -6], "size": [2, 6, 2], "inflate": 0.01, "uv": [49, 55], "mirror": true}
					]
				},
				{
					"name": "leg_front_right_fire",
					"parent": "leg_front_right",
					"pivot": [-3.5, 8.15, -4],
					"rotation": [0, -15, 0],
					"cubes": [
						{"origin": [-4.5, 7.65, -5], "size": [2, 3, 5], "pivot": [-3.5, 9.15, -2.5], "rotation": [15, 0, 0], "uv": [35, 50], "mirror": true}
					]
				},
				{
					"name": "leg_front_right2",
					"parent": "leg_front_right",
					"pivot": [-2.5, 5.15, -6],
					"cubes": [
						{"origin": [-3.5, 1.15, -6], "size": [2, 4, 2], "uv": [57, 55], "mirror": true}
					]
				},
				{
					"name": "leg_front_right3",
					"parent": "leg_front_right2",
					"pivot": [-2.5, 1.15, -5],
					"cubes": [
						{"origin": [-3.5, -0.1, -6.25], "size": [2, 2, 2], "inflate": 0.02, "uv": [33, 58], "mirror": true}
					]
				},
				{
					"name": "leg_back_left",
					"parent": "body",
					"pivot": [2.75, 9.65, 2.75],
					"rotation": [2.5, 0, 0],
					"cubes": [
						{"origin": [1.75, 5.15, 0.75], "size": [2, 6, 4], "inflate": 0.01, "uv": [0, 27]}
					]
				},
				{
					"name": "leg_back_left_fire",
					"parent": "leg_back_left",
					"pivot": [3.75, 7.9, 4],
					"rotation": [0, 15, 0],
					"cubes": [
						{"origin": [1.75, 6.9, 4], "size": [2, 4, 6], "uv": [50, 21]}
					]
				},
				{
					"name": "leg_back_left2",
					"parent": "leg_back_left",
					"pivot": [2.75, 5.15, 4.75],
					"rotation": [-5, 0, 0],
					"cubes": [
						{"origin": [1.75, 1.15, 3.25], "size": [2, 4, 2], "uv": [52, 10]}
					]
				},
				{
					"name": "leg_back_left3",
					"parent": "leg_back_left2",
					"pivot": [2.75, 1.25, 4.25],
					"rotation": [2.5, 0, 0],
					"cubes": [
						{"origin": [1.75, -0.1, 3], "size": [2, 2, 2], "inflate": 0.02, "uv": [58, 8]}
					]
				},
				{
					"name": "leg_back_right",
					"parent": "body",
					"pivot": [-2.75, 9.65, 2.75],
					"rotation": [2.5, 0, 0],
					"cubes": [
						{"origin": [-3.75, 5.15, 0.75], "size": [2, 6, 4], "inflate": 0.01, "uv": [0, 27], "mirror": true}
					]
				},
				{
					"name": "leg_back_right_fire",
					"parent": "leg_back_right",
					"pivot": [-3.75, 7.9, 4],
					"rotation": [0, -15, 0],
					"cubes": [
						{"origin": [-3.75, 6.9, 4], "size": [2, 4, 6], "uv": [50, 21], "mirror": true}
					]
				},
				{
					"name": "leg_back_right2",
					"parent": "leg_back_right",
					"pivot": [-2.75, 5.15, 4.75],
					"rotation": [-5, 0, 0],
					"cubes": [
						{"origin": [-3.75, 1.15, 3.25], "size": [2, 4, 2], "uv": [52, 10], "mirror": true}
					]
				},
				{
					"name": "leg_back_right3",
					"parent": "leg_back_right2",
					"pivot": [-2.75, 1.25, 4.25],
					"rotation": [2.5, 0, 0],
					"cubes": [
						{"origin": [-3.75, -0.1, 3], "size": [2, 2, 2], "inflate": 0.02, "uv": [58, 8], "mirror": true}
					]
				}
			]
		}
	]
}