{
	"format_version": "1.12.0",
	"minecraft:geometry": [
		{
			"description": {
				"identifier": "geometry.spearow",
				"texture_width": 64,
				"texture_height": 64,
				"visible_bounds_width": 3,
				"visible_bounds_height": 2.5,
				"visible_bounds_offset": [0, 0.75, 0]
			},
			"bones": [
				{
					"name": "spearow",
					"pivot": [0, 0, 0]
				},
				{
					"name": "body",
					"parent": "spearow",
					"pivot": [0, 5.37059, -0.26704],
					"cubes": [
						{"origin": [-2.5, 3, -4.25], "size": [5, 5, 8], "pivot": [-0.5, 5.5, -0.75], "rotation": [-15, 0, 0], "uv": [0, 0]},
						{"origin": [-4.5, 7.90428, 0.05364], "size": [8, 0, 6], "pivot": [0, 8.10428, 3.05364], "rotation": [0, -75, 90], "uv": [20, 12]},
						{"origin": [2.93288, 2.22995, 0.48273], "size": [0, 6, 5], "pivot": [2.93288, 4.72995, 2.48273], "rotation": [-15.34721, 12.06754, -3.28396], "uv": [21, 24]},
						{"origin": [-2.93288, 2.22995, 0.48273], "size": [0, 6, 5], "pivot": [-2.93288, 4.72995, 2.48273], "rotation": [-15.34721, -12.06754, 3.28396], "uv": [21, 24], "mirror": true}
					]
				},
				{
					"name": "head",
					"parent": "body",
					"pivot": [0, 6.75, -2.75],
					"cubes": [
						{"origin": [-2, 6.25, -4.75], "size": [4, 7, 4], "uv": [16, 18]},
						{"origin": [-3, 4.75571, -4.88073], "size": [6, 4, 0], "inflate": 0.02, "pivot": [0, 6.25571, -4.88073], "rotation": [-5, 0, 0], "uv": [26, 7]},
						{"origin": [-2.51209, 7.25, -3], "size": [0, 7, 5], "inflate": 0.02, "pivot": [-2.51209, 10.25, -1.84012], "rotation": [0, -20, 0], "uv": [10, 24]},
						{"origin": [2.51209, 7.25, -3], "size": [0, 7, 5], "inflate": 0.02, "pivot": [2.51209, 10.25, -1.84012], "rotation": [0, 20, 0], "uv": [0, 19]},
						{"origin": [-2.5, 13.25, -4.5], "size": [5, 0, 6], "inflate": 0.02, "pivot": [0, 13.25, -4.5], "rotation": [15, 0, 0], "uv": [0, 13]},
						{"origin": [-1, 9.25, -6.75], "size": [2, 2, 2], "uv": [0, 0]}
					]
				},
				{
					"name": "tail",
					"parent": "body",
					"pivot": [0, 3.5, 3.25],
					"rotation": [7.5, 0, 0],
					"cubes": [
						{"origin": [-3, 4.4, 3.65], "size": [6, 0, 5], "inflate": 0.02, "uv": [13, 0]}
					]
				},
				{
					"name": "leftleg",
					"parent": "body",
					"pivot": [1.5, 3, -0.25],
					"cubes": [
						{"origin": [1, 1, -0.75], "size": [1, 3, 1], "uv": [31, 29]}
					]
				},
				{
					"name": "leftfoot",
					"parent": "leftleg",
					"pivot": [2, 0, 0.25],
					"cubes": [
						{"origin": [0.5, 0, -1.75], "size": [2, 1, 2], "uv": [28, 18]}
					]
				},
				{
					"name": "backlefttoe",
					"parent": "leftfoot",
					"pivot": [1.5, 0.5, 0.25],
					"cubes": [
						{"origin": [1.5, 0, 0.25], "size": [0, 1, 2], "inflate": 0.02, "uv": [0, 15]}
					]
				},
				{
					"name": "frontlefttoe3",
					"parent": "leftfoot",
					"pivot": [0.75, 0.5, -1.75],
					"cubes": [
						{"origin": [0.75, 0, -4.75], "size": [0, 1, 3], "inflate": 0.02, "uv": [0, 12]}
					]
				},
				{
					"name": "frontlefttoe4",
					"parent": "leftfoot",
					"pivot": [2.25, 0.5, -1.75],
					"cubes": [
						{"origin": [2.25, 0, -4.75], "size": [0, 1, 3], "inflate": 0.02, "uv": [0, 11]}
					]
				},
				{
					"name": "rightleg",
					"parent": "body",
					"pivot": [-1.5, 3, -0.25],
					"cubes": [
						{"origin": [-2, 1, -0.75], "size": [1, 3, 1], "uv": [10, 24]}
					]
				},
				{
					"name": "rightfoot",
					"parent": "rightleg",
					"pivot": [-2, 0, 0.25],
					"cubes": [
						{"origin": [-2.5, 0, -1.75], "size": [2, 1, 2], "uv": [0, 4]}
					]
				},
				{
					"name": "backrighttoe",
					"parent": "rightfoot",
					"pivot": [-1.5, 0.5, 0.25],
					"cubes": [
						{"origin": [-1.5, 0, 0.25], "size": [0, 1, 2], "inflate": 0.02, "uv": [0, 14]}
					]
				},
				{
					"name": "frontrighttoe",
					"parent": "rightfoot",
					"pivot": [-0.75, 0.5, -1.75],
					"cubes": [
						{"origin": [-0.75, 0, -4.75], "size": [0, 1, 3], "inflate": 0.02, "uv": [0, 10]}
					]
				},
				{
					"name": "frontrighttoe2",
					"parent": "rightfoot",
					"pivot": [-2.25, 0.5, -1.75],
					"cubes": [
						{"origin": [-2.25, 0, -4.75], "size": [0, 1, 3], "inflate": 0.02, "uv": [0, 4]}
					]
				},
				{
					"name": "rightwing",
					"parent": "spearow",
					"pivot": [-2.5, 7.25, -2.5],
					"rotation": [-35, -5, 5],
					"cubes": [
						{"origin": [-2.5, 4.75, -2.5], "size": [0, 5, 8], "uv": [0, 11]}
					]
				},
				{
					"name": "rightwing2",
					"parent": "rightwing",
					"pivot": [-2.5, 4.75, 3.5],
					"rotation": [47.5, 0, 2.5]
				},
				{
					"name": "leftwing",
					"parent": "spearow",
					"pivot": [2.5, 7.25, -2.5],
					"rotation": [-35, 5, -5],
					"cubes": [
						{"origin": [2.5, 4.75, -2.5], "size": [0, 5, 8], "uv": [0, 11], "mirror": true}
					]
				},
				{
					"name": "leftwing2",
					"parent": "leftwing",
					"pivot": [2.5, 4.75, 3.5],
					"rotation": [47.5, 0, -2.5]
				}
			]
		}
	]
}