{
	"format_version": "1.12.0",
	"minecraft:geometry": [
		{
			"description": {
				"identifier": "geometry.carvanha",
				"texture_width": 64,
				"texture_height": 64,
				"visible_bounds_width": 3,
				"visible_bounds_height": 3.5,
				"visible_bounds_offset": [0, 1.25, 0]
			},
			"bones": [
				{
					"name": "carvanha",
					"pivot": [0, 0, 0]
				},
				{
					"name": "body",
					"parent": "carvanha",
					"pivot": [0, 12, -1],
					"rotation": [0, 0, -180],
					"cubes": [
						{"origin": [-4.5, 7, -3.5], "size": [9, 4, 5], "uv": [34, 6]},
						{"origin": [-4, 11, -7.5], "size": [8, 6, 9], "uv": [0, 0]},
						{"origin": [-2.5, 10.5, -7.499], "size": [5, 1, 0], "uv": [0, 34]},
						{"origin": [0, 0, -6], "size": [0, 8, 6], "uv": [14, 33]},
						{"origin": [-2.5, 17, -7], "size": [0, 9, 7], "pivot": [-1.5, 17, -3.5], "rotation": [0, 0, -7.5], "uv": [0, 32]},
						{"origin": [2.5, 17, -7], "size": [0, 9, 7], "pivot": [1.5, 17, -3.5], "rotation": [0, 0, 7.5], "uv": [0, 32], "mirror": true}
					]
				},
				{
					"name": "jaw",
					"parent": "body",
					"pivot": [0, 11, -2],
					"cubes": [
						{"origin": [-4.5, 7, -8], "size": [9, 4, 6], "inflate": 0.01, "uv": [12, 29]},
						{"origin": [-2.5, 11, -5.5], "size": [5, 1, 4], "inflate": 0.01, "uv": [36, 29]},
						{"origin": [-2.5, 11, -7.99], "size": [5, 2, 0], "uv": [25, 7]},
						{"origin": [-3.75, 10.75, -8], "size": [2, 3, 0], "uv": [5, 0]},
						{"origin": [-4.5, 11, -8], "size": [0, 2, 5], "uv": [48, -1]},
						{"origin": [1.75, 10.75, -8], "size": [2, 3, 0], "uv": [5, 0], "mirror": true},
						{"origin": [4.5, 11, -8], "size": [0, 2, 5], "uv": [48, -1], "mirror": true}
					]
				},
				{
					"name": "eyelid_left",
					"parent": "body",
					"pivot": [3.41, 14, -5.91],
					"cubes": [
						{"origin": [2.91, 12, -7.41], "size": [1, 4, 3], "inflate": 0.01, "uv": [26, 39]}
					]
				},
				{
					"name": "eyelid_right",
					"parent": "body",
					"pivot": [-3.41, 14, -5.91],
					"cubes": [
						{"origin": [-3.91, 12, -7.41], "size": [1, 4, 3], "inflate": 0.01, "uv": [0, 0]}
					]
				},
				{
					"name": "fin_left",
					"parent": "body",
					"pivot": [4, 11, -1],
					"cubes": [
						{"origin": [4, 11, -2.9], "size": [10, 0, 6], "pivot": [4, 11, -2], "rotation": [0, -32.5, 0], "uv": [19, 0], "mirror": true}
					]
				},
				{
					"name": "fin_right",
					"parent": "body",
					"pivot": [-4, 11, -1],
					"cubes": [
						{"origin": [-14, 11, -2.9], "size": [10, 0, 6], "pivot": [-4, 11, -2], "rotation": [0, 32.5, 0], "uv": [19, 0]}
					]
				},
				{
					"name": "tail",
					"parent": "body",
					"pivot": [0, 12, 0.5],
					"cubes": [
						{"origin": [-3.5, 8, -1.5], "size": [7, 8, 6], "uv": [18, 15]}
					]
				},
				{
					"name": "tail2",
					"parent": "tail",
					"pivot": [0, 11.5, 4.5],
					"cubes": [
						{"origin": [0, 2, 4.5], "size": [0, 19, 9], "uv": [0, 6]}
					]
				}
			]
		}
	]
}