{
	"format_version": "1.12.0",
	"minecraft:geometry": [
		{
			"description": {
				"identifier": "geometry.rayquaza",
				"texture_width": 256,
				"texture_height": 256,
				"visible_bounds_width": 17,
				"visible_bounds_height": 6,
				"visible_bounds_offset": [0, 2, 0]
			},
			"bones": [
				{
					"name": "charizard",
					"pivot": [0, 0, 0]
				},
				{
					"name": "body",
					"parent": "charizard",
					"pivot": [0, 11, -38]
				},
				{
					"name": "neck_end",
					"parent": "body",
					"pivot": [0, 11, -65],
					"cubes": [
						{"origin": [-3.5, 7.5, -65], "size": [7, 7, 9], "uv": [103, 16]},
						{"origin": [0, 11.25, -65], "size": [0, 11, 13], "uv": [148, -4]}
					]
				},
				{
					"name": "neck",
					"parent": "neck_end",
					"pivot": [0, 11, -56],
					"cubes": [
						{"origin": [-3.5, 7.5, -56], "size": [7, 7, 9], "inflate": 0.02, "uv": [103, 67]},
						{"origin": [0, 11.25, -56], "size": [0, 13, 13], "uv": [148, 7]}
					]
				},
				{
					"name": "torso",
					"parent": "neck",
					"pivot": [0, 11, -47],
					"cubes": [
						{"origin": [-3.5, 7.5, -47], "size": [7, 7, 9], "uv": [80, 31]},
						{"origin": [0, 11.25, -48], "size": [0, 13, 14], "inflate": 0.001, "uv": [148, 19]}
					]
				},
				{
					"name": "bone",
					"parent": "torso",
					"pivot": [0, 11, -38],
					"cubes": [
						{"origin": [0, 11.25, -39], "size": [0, 13, 14], "uv": [148, 32]},
						{"origin": [-3.5, 7.5, -38], "size": [7, 7, 9], "uv": [80, 77]}
					]
				},
				{
					"name": "arm_right",
					"parent": "bone",
					"pivot": [-4, 11, -33.5],
					"cubes": [
						{"origin": [-6, 10, -34.5], "size": [3, 2, 2], "uv": [0, 6]}
					]
				},
				{
					"name": "arm_right2",
					"parent": "arm_right",
					"pivot": [-6, 11, -33.5],
					"cubes": [
						{"origin": [-14, 10, -34.5], "size": [8, 2, 2], "inflate": 0.02, "uv": [70, 60]},
						{"origin": [-14, 12, -33.5], "size": [8, 10, 0], "inflate": 0.02, "uv": [61, 121]}
					]
				},
				{
					"name": "arm_right3",
					"parent": "arm_right2",
					"pivot": [-14, 11, -33.5],
					"cubes": [
						{"origin": [-27, 10, -34.5], "size": [13, 2, 2], "uv": [0, 19]}
					]
				},
				{
					"name": "hand_right",
					"parent": "arm_right3",
					"pivot": [-27, 11, -33.5],
					"cubes": [
						{"origin": [-28, 10, -35], "size": [1, 2, 3], "inflate": 0.02, "uv": [80, 77]}
					]
				},
				{
					"name": "finger_left1",
					"parent": "hand_right",
					"pivot": [-29.75, 11, -33.5],
					"cubes": [
						{"origin": [-30.04, 11, -34], "size": [2, 1, 1], "inflate": 0.02, "uv": [39, 5]},
						{"origin": [-31.06, 11.02, -33.481], "size": [1, 1, 0], "uv": [0, 7]},
						{"origin": [-29.66904, 28.45088, -33.481], "size": [1, 1, 0], "pivot": [-5.91904, 17.45088, 8.019], "rotation": [0, 0, -40], "uv": [6, 1]}
					]
				},
				{
					"name": "finger_left2",
					"parent": "hand_right",
					"pivot": [-28.25, 10.5, -35],
					"cubes": [
						{"origin": [-30.04, 10.5, -35], "size": [2, 1, 1], "inflate": 0.02, "uv": [30, 25]},
						{"origin": [-31.06, 10.52, -34.521], "size": [1, 1, 0], "uv": [6, 0]},
						{"origin": [-29.99043, 27.83391, -34.521], "size": [1, 1, 0], "pivot": [-6.24043, 17.33391, 8.479], "rotation": [0, 0, -40], "uv": [0, 6]}
					]
				},
				{
					"name": "finger_left3",
					"parent": "hand_right",
					"pivot": [-28.25, 10.5, -32],
					"cubes": [
						{"origin": [-30.04, 10.5, -33], "size": [2, 1, 1], "inflate": 0.02, "uv": [28, 4]},
						{"origin": [-31.06, 10.52, -32.481], "size": [1, 1, 0], "uv": [0, 1]},
						{"origin": [-29.99043, 27.83391, -32.481], "size": [1, 1, 0], "pivot": [-6.24043, 17.33391, 7.519], "rotation": [0, 0, -40], "uv": [0, 0]}
					]
				},
				{
					"name": "arm_left",
					"parent": "bone",
					"pivot": [4, 11, -33.5],
					"cubes": [
						{"origin": [3, 10, -34.5], "size": [3, 2, 2], "uv": [28, 70]}
					]
				},
				{
					"name": "arm_left2",
					"parent": "arm_left",
					"pivot": [6, 11, -33.5],
					"cubes": [
						{"origin": [6, 10, -34.5], "size": [8, 2, 2], "inflate": 0.02, "uv": [92, 16]},
						{"origin": [6, 12, -33.5], "size": [8, 10, 0], "inflate": 0.02, "uv": [77, 124]}
					]
				},
				{
					"name": "arm_left3",
					"parent": "arm_left2",
					"pivot": [14, 11, -32.5],
					"cubes": [
						{"origin": [14, 10, -34.5], "size": [13, 2, 2], "uv": [114, 116]}
					]
				},
				{
					"name": "hand_left",
					"parent": "arm_left3",
					"pivot": [27, 11, -33.5],
					"cubes": [
						{"origin": [27, 10, -35], "size": [1, 2, 3], "inflate": 0.02, "uv": [92, 20]}
					]
				},
				{
					"name": "finger_right1",
					"parent": "hand_left",
					"pivot": [29.75, 11, -33.5],
					"cubes": [
						{"origin": [28.04, 11, -34], "size": [2, 1, 1], "inflate": 0.02, "uv": [82, 38]},
						{"origin": [30.06, 11.02, -33.481], "size": [1, 1, 0], "uv": [28, 1]},
						{"origin": [28.66904, 28.45088, -33.481], "size": [1, 1, 0], "pivot": [5.91904, 17.45088, 8.019], "rotation": [0, 0, 40], "uv": [28, 0]}
					]
				},
				{
					"name": "finger_right2",
					"parent": "hand_left",
					"pivot": [28, 10.5, -35],
					"cubes": [
						{"origin": [28.04, 10.5, -35], "size": [2, 1, 1], "inflate": 0.02, "uv": [82, 36]},
						{"origin": [30.06, 10.52, -34.521], "size": [1, 1, 0], "uv": [0, 24]},
						{"origin": [28.99043, 27.83391, -34.521], "size": [1, 1, 0], "pivot": [6.24043, 17.33391, 8.479], "rotation": [0, 0, 40], "uv": [0, 23]}
					]
				},
				{
					"name": "finger_right3",
					"parent": "hand_left",
					"pivot": [28, 10.5, -32],
					"cubes": [
						{"origin": [28.04, 10.5, -33], "size": [2, 1, 1], "inflate": 0.02, "uv": [80, 82]},
						{"origin": [30.06, 10.52, -32.481], "size": [1, 1, 0], "uv": [0, 20]},
						{"origin": [28.99043, 27.83391, -32.481], "size": [1, 1, 0], "pivot": [6.24043, 17.33391, 7.519], "rotation": [0, 0, 40], "uv": [0, 19]}
					]
				},
				{
					"name": "tail1",
					"parent": "bone",
					"pivot": [0, 11, -29],
					"cubes": [
						{"origin": [0, 11.25, -32], "size": [0, 13, 16], "inflate": 0.001, "uv": [148, 43]},
						{"origin": [-3.5, 7.5, -29], "size": [7, 7, 9], "uv": [81, 93]}
					]
				},
				{
					"name": "tail2",
					"parent": "tail1",
					"pivot": [0, 11, -20],
					"cubes": [
						{"origin": [0, 11.25, -23], "size": [0, 13, 15], "uv": [148, 57]},
						{"origin": [-3.5, 7.5, -20], "size": [7, 7, 9], "inflate": 0.02, "uv": [92, 51]}
					]
				},
				{
					"name": "tail3",
					"parent": "tail2",
					"pivot": [0, 11, -11],
					"cubes": [
						{"origin": [-3.5, 7.5, -11], "size": [7, 7, 8], "uv": [48, 106]},
						{"origin": [0, 11.25, -12], "size": [0, 13, 12], "inflate": 0.001, "uv": [148, 73]}
					]
				},
				{
					"name": "bone2",
					"parent": "tail3",
					"pivot": [0, 11, -3],
					"cubes": [
						{"origin": [-3.5, 7.5, -3], "size": [7, 7, 8], "uv": [78, 109]},
						{"origin": [0, 11.25, -5], "size": [0, 13, 13], "uv": [148, 85]}
					]
				},
				{
					"name": "leg_left",
					"parent": "bone2",
					"pivot": [4, 11, 0.5],
					"cubes": [
						{"origin": [3, 10, -0.5], "size": [3, 2, 2], "uv": [28, 66]}
					]
				},
				{
					"name": "leg_left5",
					"parent": "leg_left",
					"pivot": [6, 11, 0.5],
					"cubes": [
						{"origin": [6, 10, -0.5], "size": [10, 2, 2], "inflate": 0.02, "uv": [124, 60]},
						{"origin": [6.5, 11.5, 0.5], "size": [10, 10, 0], "inflate": 0.02, "pivot": [11, 17, 0.5], "rotation": [0, 0, 17.5], "uv": [41, 121]}
					]
				},
				{
					"name": "leg_left6",
					"parent": "leg_left5",
					"pivot": [16, 11, 1.5],
					"cubes": [
						{"origin": [16, 10, -0.5], "size": [13, 2, 2], "uv": [80, 47]}
					]
				},
				{
					"name": "foot_left2",
					"parent": "leg_left6",
					"pivot": [29, 11, 0.5],
					"rotation": [90, 0, 0],
					"cubes": [
						{"origin": [29, 10, -0.5], "size": [1, 2, 2], "inflate": 0.02, "uv": [68, 0]}
					]
				},
				{
					"name": "toe_right5",
					"parent": "foot_left2",
					"pivot": [29.25, 11, -1],
					"cubes": [
						{"origin": [30.04, 11, -0.5], "size": [2, 1, 1], "inflate": 0.02, "uv": [82, 34]},
						{"origin": [32.06, 11.02, -0.021], "size": [1, 1, 0], "uv": [8, 7]},
						{"origin": [30.99043, 28.33391, -0.021], "size": [1, 1, 0], "pivot": [8.24043, 17.83391, 42.979], "rotation": [0, 0, 40], "uv": [8, 6]}
					]
				},
				{
					"name": "toe_right6",
					"parent": "foot_left2",
					"pivot": [30, 11, 1.5],
					"cubes": [
						{"origin": [30.04, 11, 0.5], "size": [2, 1, 1], "inflate": 0.02, "uv": [82, 32]},
						{"origin": [32.06, 11.02, 1.019], "size": [1, 1, 0], "uv": [8, 5]},
						{"origin": [30.99043, 28.33391, 1.019], "size": [1, 1, 0], "pivot": [8.24043, 17.83391, 41.019], "rotation": [0, 0, 40], "uv": [8, 4]}
					]
				},
				{
					"name": "leg_right",
					"parent": "bone2",
					"pivot": [-4, 11, 0.5],
					"cubes": [
						{"origin": [-6, 10, -0.5], "size": [3, 2, 2], "uv": [28, 21]}
					]
				},
				{
					"name": "leg_right5",
					"parent": "leg_right",
					"pivot": [-6, 11, 0.5],
					"cubes": [
						{"origin": [-16.5, 11.5, 0.5], "size": [10, 10, 0], "inflate": 0.02, "pivot": [-11, 17, 0.5], "rotation": [0, 0, -17.5], "uv": [41, 121], "mirror": true},
						{"origin": [-16, 10, -0.5], "size": [10, 2, 2], "inflate": 0.02, "uv": [124, 9]}
					]
				},
				{
					"name": "leg_right6",
					"parent": "leg_right5",
					"pivot": [-16, 11, 0.5],
					"cubes": [
						{"origin": [-29, 10, -0.5], "size": [13, 2, 2], "uv": [0, 23]}
					]
				},
				{
					"name": "foot_right2",
					"parent": "leg_right6",
					"pivot": [-29, 11, 0.5],
					"rotation": [90, 0, 0],
					"cubes": [
						{"origin": [-30, 10, -0.5], "size": [1, 2, 2], "inflate": 0.02, "uv": [28, 0]}
					]
				},
				{
					"name": "toe_left5",
					"parent": "foot_right2",
					"pivot": [-29.75, 11, -0.5],
					"cubes": [
						{"origin": [-32.04, 11, -0.5], "size": [2, 1, 1], "inflate": 0.02, "uv": [82, 30]},
						{"origin": [-33.06, 11.02, -0.021], "size": [1, 1, 0], "uv": [8, 3]},
						{"origin": [-31.99043, 28.33391, -0.021], "size": [1, 1, 0], "pivot": [-8.24043, 17.83391, 42.979], "rotation": [0, 0, -40], "uv": [8, 2]}
					]
				},
				{
					"name": "toe_left6",
					"parent": "foot_right2",
					"pivot": [-29.25, 11, 1.5],
					"cubes": [
						{"origin": [-32.04, 11, 0.5], "size": [2, 1, 1], "inflate": 0.02, "uv": [76, 25]},
						{"origin": [-33.06, 11.02, 1.019], "size": [1, 1, 0], "uv": [8, 1]},
						{"origin": [-31.99043, 28.33391, 1.019], "size": [1, 1, 0], "pivot": [-8.24043, 17.83391, 41.019], "rotation": [0, 0, -40], "uv": [8, 0]}
					]
				},
				{
					"name": "tail4",
					"parent": "bone2",
					"pivot": [0, 11, 5],
					"cubes": [
						{"origin": [-3.5, 7.5, 5], "size": [7, 7, 9], "uv": [92, 0]},
						{"origin": [0, 11.25, 3], "size": [0, 13, 14], "inflate": 0.001, "uv": [148, 97]}
					]
				},
				{
					"name": "tail5",
					"parent": "tail4",
					"pivot": [0, 11, 14],
					"cubes": [
						{"origin": [-3.5, 7.5, 14], "size": [7, 7, 9], "inflate": 0.02, "uv": [49, 90]},
						{"origin": [0, 11.25, 12], "size": [0, 12, 13], "uv": [148, 111]}
					]
				},
				{
					"name": "tail6",
					"parent": "tail5",
					"pivot": [0, 11, 23],
					"cubes": [
						{"origin": [-3.5, 7.5, 23], "size": [7, 7, 8], "uv": [105, 101]},
						{"origin": [0, 11.25, 21], "size": [0, 12, 13], "inflate": 0.001, "uv": [148, 123]}
					]
				},
				{
					"name": "bone3",
					"parent": "tail6",
					"pivot": [0, 11, 31],
					"cubes": [
						{"origin": [0, 11.25, 30], "size": [0, 11, 12], "uv": [148, 136]},
						{"origin": [-3.5, 7.5, 31], "size": [7, 7, 8], "uv": [104, 85]}
					]
				},
				{
					"name": "tail7",
					"parent": "bone3",
					"pivot": [0, 11, 39],
					"cubes": [
						{"origin": [0, 11.25, 38], "size": [0, 10, 12], "inflate": 0.001, "uv": [148, 147]},
						{"origin": [-3.5, 7.5, 39], "size": [7, 7, 9], "uv": [17, 90]}
					]
				},
				{
					"name": "tail8",
					"parent": "tail7",
					"pivot": [0, 11, 48],
					"cubes": [
						{"origin": [-3, 8, 48], "size": [6, 6, 9], "inflate": 0.02, "uv": [112, 32]}
					]
				},
				{
					"name": "tail9",
					"parent": "tail8",
					"pivot": [0, 11, 57],
					"cubes": [
						{"origin": [-2.5, 8.5, 57], "size": [5, 5, 8], "inflate": 0.02, "uv": [115, 47]}
					]
				},
				{
					"name": "bone4",
					"parent": "tail9",
					"pivot": [0, 12, 65],
					"cubes": [
						{"origin": [-2.5, 8.5, 65], "size": [5, 5, 8], "inflate": 0.02, "uv": [66, 0]}
					]
				},
				{
					"name": "tail10",
					"parent": "bone4",
					"pivot": [0, 11, 73],
					"cubes": [
						{"origin": [-2, 9, 73], "size": [4, 4, 9], "uv": [15, 116]}
					]
				},
				{
					"name": "tail11",
					"parent": "tail10",
					"pivot": [0, 11, 82],
					"cubes": [
						{"origin": [-1.5, 9.5, 82], "size": [3, 3, 9], "uv": [99, 116]}
					]
				},
				{
					"name": "tail_end1",
					"parent": "tail11",
					"pivot": [0, 11, 91],
					"cubes": [
						{"origin": [-1.5, 9.5, 91], "size": [3, 3, 8], "uv": [115, 120]}
					]
				},
				{
					"name": "tail_end2",
					"parent": "tail_end1",
					"pivot": [0, 11, 99],
					"cubes": [
						{"origin": [-1, 10, 99], "size": [2, 2, 7], "uv": [28, 0]},
						{"origin": [0, 2.7, 94], "size": [0, 24, 27], "uv": [0, 0]}
					]
				},
				{
					"name": "head",
					"parent": "neck_end",
					"pivot": [0, 11.25, -65],
					"cubes": [
						{"origin": [-4.5, 6.25, -75], "size": [9, 9, 10], "uv": [0, 0]},
						{"origin": [0, 11.25, -75], "size": [0, 9, 13], "inflate": 0.001, "uv": [148, -13]},
						{"origin": [0.25, 13.25, -76.2], "size": [5, 2, 9], "inflate": -0.001, "pivot": [-0.45, 10.75, -70], "rotation": [-4.94968, -5.84865, -9.5318], "uv": [38, 0]},
						{"origin": [-0.13373, 14.14522, -75.56938], "size": [5, 3, 3], "pivot": [-0.83373, 12.64522, -69.36938], "rotation": [12.55032, -5.84865, -9.5318], "uv": [84, 0]},
						{"origin": [-4.86627, 14.14522, -75.56938], "size": [5, 3, 3], "pivot": [0.83373, 12.64522, -69.36938], "rotation": [12.55032, 5.84865, 9.5318], "uv": [84, 0], "mirror": true},
						{"origin": [-5.25, 13.25, -76.2], "size": [5, 2, 9], "inflate": -0.001, "pivot": [0.45, 10.75, -70], "rotation": [-4.94968, 5.84865, 9.5318], "uv": [38, 0], "mirror": true},
						{"origin": [-4, 8.35, -80], "size": [8, 4, 5], "inflate": 0.001, "uv": [115, 0]},
						{"origin": [4.49714, 1.35, -72.01497], "size": [0, 15, 19], "inflate": -0.001, "pivot": [4.49714, 8.85, -62.51497], "rotation": [0, 3, 0], "uv": [0, 32]},
						{"origin": [4.8279, 1.35, -72.03806], "size": [0, 15, 19], "inflate": -0.001, "pivot": [4.8279, 8.85, -62.53806], "rotation": [0, 5, 0], "uv": [0, 32]},
						{"origin": [-4.8279, 1.35, -72.03806], "size": [0, 15, 19], "inflate": -0.001, "pivot": [-4.8279, 8.85, -62.53806], "rotation": [0, -5, 0], "uv": [0, 32], "mirror": true},
						{"origin": [-4, 7.35, -77.2], "size": [0, 2, 2], "inflate": -0.001, "pivot": [-4, 8.35, -77], "rotation": [42.5, 0, 0], "uv": [57, 0]},
						{"origin": [4, 7.35, -77.2], "size": [0, 2, 2], "pivot": [4, 8.35, -77], "rotation": [42.5, 0, 0], "uv": [80, 82]}
					]
				},
				{
					"name": "hornleft",
					"parent": "head",
					"pivot": [3.2, 14.75, -66.9],
					"rotation": [7.5, 0, 0],
					"cubes": [
						{"origin": [2.03984, 13.69407, -68.53803], "size": [3, 3, 5], "pivot": [3.2, 14.75, -66.9], "rotation": [5.07673, 9.96156, 0.88045], "uv": [57, 0]},
						{"origin": [2.78984, 14.69407, -63.53803], "size": [2, 2, 9], "pivot": [3.2, 14.75, -66.9], "rotation": [5.07673, 9.96156, 0.88045], "uv": [0, 120]},
						{"origin": [3.88195, 15.45413, -60.09832], "size": [2, 4, 2], "pivot": [5.35657, 17.23344, -58.01945], "rotation": [-28.9162, 2.8481, -12.41776], "uv": [0, 0]},
						{"origin": [3.9538, 13.89857, -59.53381], "size": [2, 3, 2], "pivot": [5.35657, 17.23344, -58.01945], "rotation": [38.79316, -15.01043, 8.70319], "uv": [39, 0]},
						{"origin": [-5.03984, 13.69407, -68.53803], "size": [3, 3, 5], "pivot": [-3.2, 14.75, -66.9], "rotation": [5.07673, -9.96156, -0.88045], "uv": [57, 0], "mirror": true},
						{"origin": [-4.78984, 14.69407, -63.53803], "size": [2, 2, 9], "pivot": [-3.2, 14.75, -66.9], "rotation": [5.07673, -9.96156, -0.88045], "uv": [0, 120], "mirror": true},
						{"origin": [-5.88195, 15.45413, -60.09832], "size": [2, 4, 2], "pivot": [-5.35657, 17.23344, -58.01945], "rotation": [-28.9162, -2.8481, 12.41776], "uv": [0, 0], "mirror": true},
						{"origin": [-5.9538, 13.89857, -59.53381], "size": [2, 3, 2], "pivot": [-5.35657, 17.23344, -58.01945], "rotation": [38.79316, 15.01043, -8.70319], "uv": [39, 0], "mirror": true}
					]
				},
				{
					"name": "whisker_right",
					"parent": "head",
					"pivot": [4, 11, -79],
					"cubes": [
						{"origin": [3, 10.75, -79.6], "size": [4, 1, 1], "inflate": 0.001, "uv": [84, 6]}
					]
				},
				{
					"name": "bone8",
					"parent": "whisker_right",
					"pivot": [7, 11, -79],
					"cubes": [
						{"origin": [7, 10.75, -79.6], "size": [4, 1, 1], "inflate": 0.001, "uv": [28, 74]}
					]
				},
				{
					"name": "bone9",
					"parent": "bone8",
					"pivot": [11, 11, -79],
					"cubes": [
						{"origin": [11, 10.75, -79.6], "size": [4, 1, 1], "inflate": 0.001, "uv": [66, 25]}
					]
				},
				{
					"name": "bone10",
					"parent": "bone9",
					"pivot": [15, 11, -79],
					"cubes": [
						{"origin": [15, 10.75, -79.6], "size": [4, 1, 1], "inflate": 0.001, "uv": [56, 11]}
					]
				},
				{
					"name": "bone11",
					"parent": "bone10",
					"pivot": [19, 11, -79],
					"cubes": [
						{"origin": [19, 10.75, -79.6], "size": [4, 1, 1], "inflate": 0.001, "uv": [47, 12]}
					]
				},
				{
					"name": "bone12",
					"parent": "bone11",
					"pivot": [23, 11, -79],
					"cubes": [
						{"origin": [23, 10.75, -79.6], "size": [4, 1, 1], "inflate": 0.001, "uv": [38, 11]}
					]
				},
				{
					"name": "bone13",
					"parent": "bone12",
					"pivot": [27, 11, -79],
					"cubes": [
						{"origin": [27, 10.75, -79.6], "size": [4, 1, 1], "inflate": 0.001, "uv": [28, 19]}
					]
				},
				{
					"name": "bone5",
					"parent": "bone13",
					"pivot": [31, 11, -79],
					"cubes": [
						{"origin": [31, 10.75, -79.6], "size": [4, 1, 1], "inflate": 0.001, "uv": [28, 19]}
					]
				},
				{
					"name": "bone6",
					"parent": "bone5",
					"pivot": [35, 11, -79],
					"cubes": [
						{"origin": [35, 10.75, -79.6], "size": [4, 1, 1], "inflate": 0.001, "uv": [28, 19]}
					]
				},
				{
					"name": "whisker_left",
					"parent": "head",
					"pivot": [-4, 11, -79],
					"cubes": [
						{"origin": [-7, 10.75, -79.6], "size": [4, 1, 1], "inflate": 0.001, "uv": [84, 6]}
					]
				},
				{
					"name": "bone7",
					"parent": "whisker_left",
					"pivot": [-7, 11, -79],
					"cubes": [
						{"origin": [-11, 10.75, -79.6], "size": [4, 1, 1], "inflate": 0.001, "uv": [28, 74]}
					]
				},
				{
					"name": "bone14",
					"parent": "bone7",
					"pivot": [-11, 11, -79],
					"cubes": [
						{"origin": [-15, 10.75, -79.6], "size": [4, 1, 1], "inflate": 0.001, "uv": [66, 25]}
					]
				},
				{
					"name": "bone15",
					"parent": "bone14",
					"pivot": [-15, 11, -79],
					"cubes": [
						{"origin": [-19, 10.75, -79.6], "size": [4, 1, 1], "inflate": 0.001, "uv": [56, 11]}
					]
				},
				{
					"name": "bone16",
					"parent": "bone15",
					"pivot": [-19, 11, -79],
					"cubes": [
						{"origin": [-23, 10.75, -79.6], "size": [4, 1, 1], "inflate": 0.001, "uv": [47, 12]}
					]
				},
				{
					"name": "bone17",
					"parent": "bone16",
					"pivot": [-23, 11, -79],
					"cubes": [
						{"origin": [-27, 10.75, -79.6], "size": [4, 1, 1], "inflate": 0.001, "uv": [38, 11]}
					]
				},
				{
					"name": "bone18",
					"parent": "bone17",
					"pivot": [-27, 11, -79],
					"cubes": [
						{"origin": [-31, 10.75, -79.6], "size": [4, 1, 1], "inflate": 0.001, "uv": [28, 19]}
					]
				},
				{
					"name": "bone19",
					"parent": "bone18",
					"pivot": [-31, 11, -79],
					"cubes": [
						{"origin": [-35, 10.75, -79.6], "size": [4, 1, 1], "inflate": 0.001, "uv": [28, 19]}
					]
				},
				{
					"name": "bone20",
					"parent": "bone19",
					"pivot": [-35, 11, -79],
					"cubes": [
						{"origin": [-39, 10.75, -79.6], "size": [4, 1, 1], "inflate": 0.001, "uv": [28, 19]}
					]
				},
				{
					"name": "eyes",
					"parent": "head",
					"pivot": [0, 13.25, -73.75],
					"cubes": [
						{"origin": [2.525, 11.75, -75.05], "size": [2, 3, 4], "inflate": 0.02, "uv": [72, 90]},
						{"origin": [-4.525, 11.75, -75.05], "size": [2, 3, 4], "inflate": 0.02, "uv": [40, 90]}
					]
				},
				{
					"name": "jaw",
					"parent": "head",
					"pivot": [0, 8.25, -70],
					"cubes": [
						{"origin": [-4, 6.35, -79], "size": [8, 2, 4], "inflate": -0.002, "uv": [0, 91]},
						{"origin": [4, 1.35, -79], "size": [0, 5, 7], "inflate": -0.001, "uv": [82, 18]},
						{"origin": [-4, 1.35, -79], "size": [0, 5, 7], "inflate": -0.001, "uv": [82, 18], "mirror": true}
					]
				}
			]
		}
	]
}