{
	"format_version": "1.12.0",
	"minecraft:geometry": [
		{
			"description": {
				"identifier": "geometry.rapidash",
				"texture_width": 128,
				"texture_height": 128,
				"visible_bounds_width": 7,
				"visible_bounds_height": 5,
				"visible_bounds_offset": [0, 1.5, 0]
			},
			"bones": [
				{
					"name": "rapidash",
					"pivot": [0, 0, 0]
				},
				{
					"name": "body",
					"parent": "rapidash",
					"pivot": [0, 0, 0]
				},
				{
					"name": "torso",
					"parent": "body",
					"pivot": [0, 14.75, 0],
					"cubes": [
						{"origin": [-4, 10.75, -8], "size": [8, 8, 16], "uv": [0, 0]}
					]
				},
				{
					"name": "cloud_tail",
					"parent": "torso",
					"pivot": [0, 0, 0],
					"cubes": [
						{"origin": [-2.5, 13.45, 6.3], "size": [5, 6, 4], "uv": [40, 83]}
					]
				},
				{
					"name": "tail_left",
					"parent": "cloud_tail",
					"pivot": [2, 17.2, 8.8],
					"cubes": [
						{"origin": [-0.5, 14.2, 8.8], "size": [5, 6, 4], "uv": [81, 71]}
					]
				},
				{
					"name": "bone23",
					"parent": "tail_left",
					"pivot": [2.25, 17.7, 15.8],
					"cubes": [
						{"origin": [-0.75, 14.2, 12.8], "size": [6, 7, 6], "uv": [47, 46]}
					]
				},
				{
					"name": "bone24",
					"parent": "bone23",
					"pivot": [3.25, 16.7, 19.8],
					"cubes": [
						{"origin": [0.25, 13.2, 16.8], "size": [6, 7, 6], "uv": [0, 42]}
					]
				},
				{
					"name": "bone25",
					"parent": "bone24",
					"pivot": [1.75, 18.7, 21.8],
					"cubes": [
						{"origin": [-0.25, 16.2, 20.8], "size": [4, 5, 6], "uv": [66, 75]}
					]
				},
				{
					"name": "bone26",
					"parent": "bone25",
					"pivot": [1.75, 18.7, 25.8],
					"cubes": [
						{"origin": [0.75, 15.2, 24.8], "size": [4, 5, 6], "uv": [46, 72]}
					]
				},
				{
					"name": "bone27",
					"parent": "bone26",
					"pivot": [3.75, 16.9, 29.8],
					"cubes": [
						{"origin": [1.75, 14.9, 26.8], "size": [4, 4, 6], "uv": [78, 26]}
					]
				},
				{
					"name": "tail_right",
					"parent": "cloud_tail",
					"pivot": [-2.75, 16.45, 11.3],
					"cubes": [
						{"origin": [-5.25, 13.95, 9.3], "size": [5, 5, 4], "uv": [79, 36]}
					]
				},
				{
					"name": "bone18",
					"parent": "tail_right",
					"pivot": [-3, 16.45, 14.3],
					"cubes": [
						{"origin": [-6, 12.95, 12.3], "size": [6, 7, 4], "uv": [0, 77]}
					]
				},
				{
					"name": "bone19",
					"parent": "bone18",
					"pivot": [-2.75, 16.45, 15.8],
					"cubes": [
						{"origin": [-6.25, 12.45, 16.3], "size": [7, 8, 7], "uv": [32, 0]}
					]
				},
				{
					"name": "bone20",
					"parent": "bone19",
					"pivot": [-2.75, 16.95, 23.05],
					"cubes": [
						{"origin": [-7.25, 12.95, 19.05], "size": [5, 6, 7], "uv": [55, 32]},
						{"origin": [-3.25, 14.95, 20.05], "size": [5, 6, 7], "uv": [53, 8]}
					]
				},
				{
					"name": "bone21",
					"parent": "bone20",
					"pivot": [-2.75, 16.45, 26.55],
					"cubes": [
						{"origin": [-5.25, 13.45, 23.05], "size": [5, 6, 7], "uv": [17, 52]}
					]
				},
				{
					"name": "neck",
					"parent": "torso",
					"pivot": [0, 15.5, -5.5],
					"rotation": [5, 0, 0],
					"cubes": [
						{"origin": [-2.5, 14, -8], "size": [5, 11, 5], "uv": [65, 59]}
					]
				},
				{
					"name": "head",
					"parent": "neck",
					"pivot": [0, 25.5, -5.5],
					"cubes": [
						{"origin": [-3, 23.5, -9.25], "size": [6, 6, 7], "uv": [27, 39]},
						{"origin": [-1, 29.08589, -6.70452], "size": [2, 3, 5], "pivot": [0, 29.58589, -2.60452], "rotation": [15, -20, 0], "uv": [58, 86]},
						{"origin": [-1, 29.08589, -6.70452], "size": [2, 3, 5], "pivot": [0, 29.58589, -2.60452], "rotation": [15, -20, 0], "uv": [58, 86]},
						{"origin": [-1, 29.08589, -6.70452], "size": [2, 3, 5], "pivot": [0, 29.58589, -2.60452], "rotation": [15, -20, 0], "uv": [58, 86]},
						{"origin": [-1, 29.08589, -6.70452], "size": [2, 3, 5], "pivot": [0, 29.58589, -2.60452], "rotation": [15, 20, 0], "uv": [58, 86], "mirror": true}
					]
				},
				{
					"name": "bone22",
					"parent": "head",
					"pivot": [0, 27, -7.25],
					"rotation": [10, 0, 0],
					"cubes": [
						{"origin": [-0.5, 32.45078, -6.32741], "size": [1, 6, 1], "pivot": [0, 36.45078, -8.22741], "rotation": [-22.5, 0, 0], "uv": [48, 15]},
						{"origin": [-1, 28.1, -9.8], "size": [2, 4, 2], "pivot": [0, 27, -7.25], "rotation": [-32.5, 0, 0], "uv": [0, 24]}
					]
				},
				{
					"name": "eyes",
					"parent": "head",
					"pivot": [0, 27.1, -7.15],
					"rotation": [10, 0, 0]
				},
				{
					"name": "eye_left",
					"parent": "eyes",
					"pivot": [3, 27.1, -7.15],
					"cubes": [
						{"origin": [3, 26.1, -8.65], "size": [0, 2, 3], "inflate": 0.01, "uv": [0, 27]}
					]
				},
				{
					"name": "eyelid_left",
					"parent": "eye_left",
					"pivot": [2.4, 27.1, -7.15],
					"cubes": [
						{"origin": [1.9, 26.1, -8.65], "size": [1, 2, 3], "inflate": 0.02, "uv": [46, 39]}
					]
				},
				{
					"name": "eye_right",
					"parent": "eyes",
					"pivot": [-3, 27.1, -7.15],
					"cubes": [
						{"origin": [-3, 26.1, -8.65], "size": [0, 2, 3], "inflate": 0.01, "uv": [0, 27], "mirror": true}
					]
				},
				{
					"name": "eyelid_right",
					"parent": "eye_right",
					"pivot": [-2.4, 27.1, -7.15],
					"cubes": [
						{"origin": [-2.9, 26.1, -8.65], "size": [1, 2, 3], "inflate": 0.02, "uv": [46, 39], "mirror": true}
					]
				},
				{
					"name": "muzzle",
					"parent": "head",
					"pivot": [0, 25.5, -9],
					"rotation": [5, 0, 0],
					"cubes": [
						{"origin": [-2, 24.5, -13], "size": [4, 3, 4], "uv": [25, 24]}
					]
				},
				{
					"name": "jaw",
					"parent": "muzzle",
					"pivot": [0, 24.25, -9.25],
					"rotation": [-2.5, 0, 0],
					"cubes": [
						{"origin": [-2, 23.5, -10], "size": [4, 1, 1], "uv": [46, 44]},
						{"origin": [-1.5, 23.5, -13], "size": [3, 1, 3], "uv": [18, 42]},
						{"origin": [0, 20.5, -13], "size": [0, 4, 3], "uv": [32, 0]}
					]
				},
				{
					"name": "cloud_mane_head",
					"parent": "head",
					"pivot": [0, 28.5, -3.65],
					"cubes": [
						{"origin": [-2, 28.28589, -3.60452], "size": [4, 5, 6], "uv": [78, 13]}
					]
				},
				{
					"name": "bone9",
					"parent": "cloud_mane_head",
					"pivot": [-1, 31.58589, -1.20452],
					"cubes": [
						{"origin": [-5, 28.58589, -3.20452], "size": [4, 4, 4], "uv": [0, 0]}
					]
				},
				{
					"name": "bone10",
					"parent": "bone9",
					"pivot": [-4, 30.58589, -1.95452],
					"cubes": [
						{"origin": [-8, 27.58589, -3.95452], "size": [4, 6, 4], "uv": [0, 55]}
					]
				},
				{
					"name": "bone11",
					"parent": "bone10",
					"pivot": [-7.8, 31.38589, -1.75452],
					"cubes": [
						{"origin": [-11.8, 29.88589, -3.25452], "size": [4, 3, 3], "uv": [84, 0]}
					]
				},
				{
					"name": "bone12",
					"parent": "bone11",
					"pivot": [-10.8, 31.38589, -2.25452],
					"cubes": [
						{"origin": [-14.8, 29.38589, -3.75452], "size": [4, 4, 3], "uv": [53, 0]}
					]
				},
				{
					"name": "bone13",
					"parent": "bone12",
					"pivot": [0, -0.5, 0],
					"cubes": [
						{"origin": [-17.8, 29.92075, -3.153], "size": [3, 3, 2], "uv": [60, 59]}
					]
				},
				{
					"name": "bone14",
					"parent": "bone13",
					"pivot": [-17.3, 31.32075, -2.403],
					"cubes": [
						{"origin": [-20.8, 29.32075, -3.903], "size": [3, 4, 3], "uv": [65, 45]}
					]
				},
				{
					"name": "bone15",
					"parent": "bone14",
					"pivot": [-21.3, 30.57075, -2.653],
					"cubes": [
						{"origin": [-22.8, 28.57075, -4.153], "size": [3, 4, 3], "uv": [34, 52]}
					]
				},
				{
					"name": "bone16",
					"parent": "bone15",
					"pivot": [-22.3, 30.57075, -2.953],
					"cubes": [
						{"origin": [-24.8, 29.57075, -3.953], "size": [3, 2, 2], "uv": [12, 55]}
					]
				},
				{
					"name": "bone17",
					"parent": "bone16",
					"pivot": [-24.3, 30.57075, -2.953],
					"cubes": [
						{"origin": [-26.8, 30.07075, -3.453], "size": [2, 1, 1], "uv": [25, 31]}
					]
				},
				{
					"name": "bone",
					"parent": "cloud_mane_head",
					"pivot": [-0.25, 29.98589, 0.04548],
					"cubes": [
						{"origin": [-4, 27.68589, -0.30452], "size": [5, 7, 6], "uv": [24, 66]},
						{"origin": [-1, 27.28589, 0.39548], "size": [4, 7, 6], "uv": [70, 0]}
					]
				},
				{
					"name": "bone2",
					"parent": "bone",
					"pivot": [-0.5, 30.78589, 4.89548],
					"cubes": [
						{"origin": [-4.5, 26.28589, 4.39548], "size": [8, 9, 9], "uv": [0, 24]},
						{"origin": [-2.5, 25.28589, 6.39548], "size": [7, 8, 5], "uv": [41, 59]}
					]
				},
				{
					"name": "bone3",
					"parent": "bone2",
					"pivot": [-0.3, 33.68589, 12.89548],
					"cubes": [
						{"origin": [-3.8, 26.68589, 12.39548], "size": [7, 8, 7], "uv": [34, 24]}
					]
				},
				{
					"name": "bone4",
					"parent": "bone3",
					"pivot": [-0.3, 30.68589, 18.89548],
					"cubes": [
						{"origin": [-3.8, 26.68589, 19.39548], "size": [7, 7, 5], "uv": [0, 65]}
					]
				},
				{
					"name": "bone5",
					"parent": "bone4",
					"pivot": [-0.3, 30.18589, 25.39548],
					"cubes": [
						{"origin": [-2.55, 27.68589, 24.39548], "size": [4, 4, 6], "uv": [20, 79]}
					]
				},
				{
					"name": "bone6",
					"parent": "bone5",
					"pivot": [-0.3, 30.18589, 29.39548],
					"cubes": [
						{"origin": [-2.8, 27.18589, 29.39548], "size": [5, 5, 6], "uv": [62, 21]}
					]
				},
				{
					"name": "bone7",
					"parent": "bone6",
					"pivot": [-0.4, 30.18589, 33.39548],
					"cubes": [
						{"origin": [-1.4, 29.18589, 35.39548], "size": [2, 2, 4], "uv": [84, 45]},
						{"origin": [-2, 28.98589, 35.39548], "size": [3, 3, 2], "uv": [19, 65]}
					]
				},
				{
					"name": "bone8",
					"parent": "bone7",
					"pivot": [-0.4, 30.18589, 39.39548],
					"cubes": [
						{"origin": [-1.4, 29.18589, 39.39548], "size": [2, 2, 4], "uv": [55, 21]}
					]
				},
				{
					"name": "ear_left",
					"parent": "head",
					"pivot": [2.25, 29, -5.75],
					"rotation": [-2.5, -25, 20],
					"cubes": [
						{"origin": [1.46684, 28.93122, -4.32122], "size": [3, 5, 0], "uv": [0, 42]}
					]
				},
				{
					"name": "ear_right",
					"parent": "head",
					"pivot": [-2.25, 29, -5.75],
					"rotation": [-2.5, 25, -20],
					"cubes": [
						{"origin": [-4.46684, 28.93122, -4.32122], "size": [3, 5, 0], "uv": [0, 42], "mirror": true}
					]
				},
				{
					"name": "leg_front_left",
					"parent": "body",
					"pivot": [3.25, 13.75, -6],
					"cubes": [
						{"origin": [1.75, 7.25, -7.5], "size": [3, 8, 3], "inflate": 0.01, "uv": [85, 56]}
					]
				},
				{
					"name": "leg_front_left2",
					"parent": "leg_front_left",
					"pivot": [3.25, 7.25, -7.5],
					"cubes": [
						{"origin": [1.75, 1.25, -7.5], "size": [3, 6, 3], "uv": [12, 89]}
					]
				},
				{
					"name": "leg_front_left_fire",
					"parent": "leg_front_left2",
					"pivot": [4.75, 4.75, -5.75],
					"rotation": [12.5, 10, 2.5]
				},
				{
					"name": "leg_front_left3",
					"parent": "leg_front_left2",
					"pivot": [3.25, 1.25, -6],
					"cubes": [
						{"origin": [1.75, 0, -7.75], "size": [3, 2, 3], "inflate": 0.02, "uv": [24, 89]}
					]
				},
				{
					"name": "leg_front_right",
					"parent": "body",
					"pivot": [-3.25, 13.75, -6],
					"cubes": [
						{"origin": [-4.75, 7.25, -7.5], "size": [3, 8, 3], "inflate": 0.01, "uv": [85, 56], "mirror": true}
					]
				},
				{
					"name": "leg_front_right2",
					"parent": "leg_front_right",
					"pivot": [-3.25, 7.25, -7.5],
					"cubes": [
						{"origin": [-4.75, 1.25, -7.5], "size": [3, 6, 3], "uv": [12, 89], "mirror": true}
					]
				},
				{
					"name": "leg_front_right_fire",
					"parent": "leg_front_right2",
					"pivot": [-4.75, 4.75, -5.75],
					"rotation": [12.5, -10, -2.5]
				},
				{
					"name": "leg_front_right3",
					"parent": "leg_front_right2",
					"pivot": [-3.25, 1.25, -6],
					"cubes": [
						{"origin": [-4.75, 0, -7.75], "size": [3, 2, 3], "inflate": 0.02, "uv": [24, 89], "mirror": true}
					]
				},
				{
					"name": "leg_back_left",
					"parent": "body",
					"pivot": [3.5, 13, 5],
					"rotation": [2.5, 0, 0],
					"cubes": [
						{"origin": [2, 7, 2.5], "size": [3, 8, 5], "inflate": 0.01, "uv": [81, 81]}
					]
				},
				{
					"name": "leg_back_left2",
					"parent": "leg_back_left",
					"pivot": [3.5, 7, 7.5],
					"rotation": [-7.5, 0, 0],
					"cubes": [
						{"origin": [2, 1, 5], "size": [3, 6, 3], "uv": [0, 88]}
					]
				},
				{
					"name": "leg_back_left_fire",
					"parent": "leg_back_left2",
					"pivot": [5, 4.75, 6.5],
					"rotation": [12.5, 10, 2.5]
				},
				{
					"name": "leg_back_left3",
					"parent": "leg_back_left2",
					"pivot": [3.5, 1, 6.5],
					"rotation": [5, 0, 0],
					"cubes": [
						{"origin": [2, -0.25, 4.75], "size": [3, 2, 3], "inflate": 0.02, "uv": [67, 86]}
					]
				},
				{
					"name": "leg_back_right",
					"parent": "body",
					"pivot": [-3.5, 13, 5],
					"rotation": [2.5, 0, 0],
					"cubes": [
						{"origin": [-5, 7, 2.5], "size": [3, 8, 5], "inflate": 0.01, "uv": [81, 81], "mirror": true}
					]
				},
				{
					"name": "leg_back_right2",
					"parent": "leg_back_right",
					"pivot": [-3.5, 7, 7.5],
					"rotation": [-7.5, 0, 0],
					"cubes": [
						{"origin": [-5, 1, 5], "size": [3, 6, 3], "uv": [0, 88], "mirror": true}
					]
				},
				{
					"name": "leg_back_right_fire",
					"parent": "leg_back_right2",
					"pivot": [-5, 4.75, 6.5],
					"rotation": [12.5, -10, -2.5]
				},
				{
					"name": "leg_back_right3",
					"parent": "leg_back_right2",
					"pivot": [-3.5, 1, 6.5],
					"rotation": [5, 0, 0],
					"cubes": [
						{"origin": [-5, -0.25, 4.75], "size": [3, 2, 3], "inflate": 0.02, "uv": [67, 86], "mirror": true}
					]
				}
			]
		}
	]
}