{
	"format_version": "1.12.0",
	"minecraft:geometry": [
		{
			"description": {
				"identifier": "geometry.pikachu_female",
				"texture_width": 64,
				"texture_height": 64,
				"visible_bounds_width": 5,
				"visible_bounds_height": 5,
				"visible_bounds_offset": [0, 1.5, 0]
			},
			"bones": [
				{
					"name": "pikachu",
					"pivot": [0, 0, 0]
				},
				{
					"name": "body",
					"parent": "pikachu",
					"pivot": [0, 0, 0]
				},
				{
					"name": "torso",
					"parent": "body",
					"pivot": [0, 4, 0.5],
					"cubes": [
						{"origin": [-4.5, 1.75, -3], "size": [9, 13, 7], "uv": [27, 22]}
					]
				},
				{
					"name": "head",
					"parent": "torso",
					"pivot": [0, 12.75, 0.25],
					"cubes": [
						{"origin": [-5, 12.75, -3.75], "size": [10, 8, 8], "uv": [0, 0]},
						{"origin": [-0.5, 15.25, -4.5], "size": [1, 1, 0], "inflate": 0.01, "uv": [5, 0]},
						{"origin": [-1.5, 13.75, -4.5], "size": [3, 1, 0], "inflate": 0.01, "uv": [0, 4]},
						{"origin": [-1, 13.25, -4.4], "size": [2, 2, 0], "inflate": 0.01, "uv": [4, 5]},
						{"origin": [-2.5, 13.25, -4.5], "size": [5, 3, 2], "uv": [0, 40]}
					]
				},
				{
					"name": "eyes",
					"parent": "head",
					"pivot": [0, 17, -3.825],
					"cubes": [
						{"origin": [1.75, 16.25, -3.75], "size": [2, 2, 0], "inflate": 0.01, "uv": [0, 5]},
						{"origin": [-3.75, 16.25, -3.75], "size": [2, 2, 0], "inflate": 0.01, "uv": [0, 5], "mirror": true}
					]
				},
				{
					"name": "eyelids",
					"parent": "eyes",
					"pivot": [0, 17.25, -3.15],
					"cubes": [
						{"origin": [1.75, 16.25, -3.65], "size": [2, 2, 1], "inflate": 0.02, "uv": [0, 0]},
						{"origin": [-3.75, 16.25, -3.65], "size": [2, 2, 1], "inflate": 0.02, "uv": [0, 0], "mirror": true}
					]
				},
				{
					"name": "eyebrows",
					"parent": "eyes",
					"pivot": [0, 17, -3.725],
					"cubes": [
						{"origin": [1.45, 18, -3.67], "size": [3, 1, 0], "pivot": [3, 18, -3.725], "rotation": [0, 0, -17.5], "uv": [0, 3]},
						{"origin": [-4.45, 18, -3.67], "size": [3, 1, 0], "pivot": [-3, 18, -3.725], "rotation": [0, 0, 17.5], "uv": [0, 3], "mirror": true}
					]
				},
				{
					"name": "ear_left",
					"parent": "head",
					"pivot": [4, 20, 1.25],
					"rotation": [-5, -25, 25],
					"cubes": [
						{"origin": [0.6, 20, 1.25], "size": [8, 7, 0], "inflate": 0.01, "pivot": [4, 23.5, 1.25], "rotation": [1.50701, 4.76804, 17.56274], "uv": [36, 6]}
					]
				},
				{
					"name": "ear_right",
					"parent": "head",
					"pivot": [-4, 20, 1.25],
					"rotation": [-5, 25, -25],
					"cubes": [
						{"origin": [-8.6, 20, 1.25], "size": [8, 7, 0], "inflate": 0.01, "pivot": [-4, 23.5, 1.25], "rotation": [1.50701, -4.76804, -17.56274], "uv": [36, 6], "mirror": true}
					]
				},
				{
					"name": "arm_left",
					"parent": "torso",
					"pivot": [4.5, 12.5, -0.5],
					"cubes": [
						{"origin": [4.5, 9.5, -2], "size": [6, 3, 3], "uv": [28, 0]}
					]
				},
				{
					"name": "arm_right",
					"parent": "torso",
					"pivot": [-4.5, 12.5, -0.5],
					"cubes": [
						{"origin": [-10.5, 9.5, -2], "size": [6, 3, 3], "uv": [28, 0], "mirror": true}
					]
				},
				{
					"name": "tail",
					"parent": "torso",
					"pivot": [0, 2.75, 3],
					"cubes": [
						{"origin": [-4.5, 2.75, 3], "size": [9, 0, 17], "inflate": 0.01, "uv": [14, 42]}
					]
				},
				{
					"name": "leg_left",
					"parent": "body",
					"pivot": [3.5, 5.5, -0.5],
					"cubes": [
						{"origin": [2, 1.5, -3.5], "size": [3, 5, 6], "uv": [0, 29]},
						{"origin": [2.25, 1, -1.25], "size": [2, 1, 3], "uv": [12, 29]}
					]
				},
				{
					"name": "foot_left",
					"parent": "leg_left",
					"pivot": [3.25, 1, 0.25],
					"cubes": [
						{"origin": [1.75, 0, -3], "size": [3, 1, 5], "uv": [34, 13]}
					]
				},
				{
					"name": "leg_right",
					"parent": "body",
					"pivot": [-3.5, 5.5, -0.5],
					"cubes": [
						{"origin": [-5, 1.5, -3.5], "size": [3, 5, 6], "uv": [0, 29], "mirror": true},
						{"origin": [-4.25, 1, -1.25], "size": [2, 1, 3], "uv": [12, 29], "mirror": true}
					]
				},
				{
					"name": "foot_right",
					"parent": "leg_right",
					"pivot": [-3.25, 1, 0.25],
					"cubes": [
						{"origin": [-4.75, 0, -3], "size": [3, 1, 5], "uv": [34, 13], "mirror": true}
					]
				}
			]
		}
	]
}