{
	"format_version": "1.12.0",
	"minecraft:geometry": [
		{
			"description": {
				"identifier": "geometry.raichu_male",
				"texture_width": 128,
				"texture_height": 128,
				"visible_bounds_width": 14,
				"visible_bounds_height": 8,
				"visible_bounds_offset": [0, 2, 0]
			},
			"bones": [
				{
					"name": "raichu",
					"pivot": [0, 0, 0]
				},
				{
					"name": "body",
					"parent": "raichu",
					"pivot": [0, 0, 0]
				},
				{
					"name": "torso",
					"parent": "body",
					"pivot": [0, 9.5, 0],
					"cubes": [
						{"origin": [-5.5, 4, -3.5], "size": [11, 12, 8], "uv": [0, 29]}
					]
				},
				{
					"name": "head",
					"parent": "torso",
					"pivot": [0, 16, 0.25],
					"cubes": [
						{"origin": [-5, 16, -4.25], "size": [10, 8, 9], "uv": [38, 29]},
						{"origin": [-4, 13, 0.25], "size": [8, 4, 5], "uv": [0, 0]},
						{"origin": [2.5, 17, -4.25], "size": [2, 3, 0], "inflate": 0.002, "uv": [0, 0]},
						{"origin": [-4.5, 17, -4.25], "size": [2, 3, 0], "inflate": 0.002, "uv": [0, 0], "mirror": true},
						{"origin": [-1, 16.75, -4.25], "size": [2, 1, 0], "inflate": 0.01, "uv": [16, 9]}
					]
				},
				{
					"name": "eyes",
					"parent": "head",
					"pivot": [0, 20.5, -4.25],
					"cubes": [
						{"origin": [-4, 19, -4.25], "size": [8, 5, 0], "inflate": 0.001, "uv": [48, 46]}
					]
				},
				{
					"name": "ear_left",
					"parent": "head",
					"pivot": [5, 24, -1.25],
					"rotation": [2.36949, 7.51119, 1.95438],
					"cubes": [
						{"origin": [4.71867, 20.37827, 0.10643], "size": [0, 11, 8], "inflate": 0.01, "pivot": [-0.65387, 26.77314, 2.71069], "rotation": [-34.68212, -0.41234, -4.63564], "uv": [0, 1]}
					]
				},
				{
					"name": "ear_right",
					"parent": "head",
					"pivot": [-5, 24, -1.25],
					"rotation": [2.36949, -7.51119, -1.95438],
					"cubes": [
						{"origin": [-4.71867, 20.37827, 0.10643], "size": [0, 11, 8], "inflate": 0.01, "pivot": [0.65387, 26.77314, 2.71069], "rotation": [-34.68212, 0.41234, 4.63564], "uv": [0, 1], "mirror": true}
					]
				},
				{
					"name": "tail",
					"parent": "torso",
					"pivot": [0, 6, 4.5],
					"rotation": [0, 0, -90],
					"cubes": [
						{"origin": [0, 5.5, 3.5], "size": [0, 1, 9], "uv": [0, 17]}
					]
				},
				{
					"name": "tail2",
					"parent": "tail",
					"pivot": [0, 6, 12.5],
					"cubes": [
						{"origin": [0, 5.5, 12.5], "size": [0, 1, 8], "uv": [30, 21]}
					]
				},
				{
					"name": "tail3",
					"parent": "tail2",
					"pivot": [0, 6, 20.5],
					"cubes": [
						{"origin": [0, 5.5, 20.5], "size": [0, 1, 8], "uv": [0, 20]}
					]
				},
				{
					"name": "bone",
					"parent": "tail3",
					"pivot": [0, 6, 28.5],
					"cubes": [
						{"origin": [0, 5.5, 28.5], "size": [0, 1, 8], "uv": [0, 19]}
					]
				},
				{
					"name": "bone2",
					"parent": "bone",
					"pivot": [0, 6, 36.5],
					"cubes": [
						{"origin": [0, 5.5, 36.5], "size": [0, 1, 7], "uv": [16, 46]}
					]
				},
				{
					"name": "tail4",
					"parent": "bone2",
					"pivot": [0, 6, 43.5],
					"cubes": [
						{"origin": [0, 5.5, 43.5], "size": [0, 1, 7], "uv": [12, 45]}
					]
				},
				{
					"name": "bone3",
					"parent": "tail4",
					"pivot": [0, 5.48, 50.53],
					"cubes": [
						{"origin": [0, 5.5, 50.5], "size": [0, 1, 7], "uv": [12, 44]}
					]
				},
				{
					"name": "bone4",
					"parent": "bone3",
					"pivot": [0, 6, 57.5],
					"cubes": [
						{"origin": [0, 5.5, 57.5], "size": [0, 1, 7], "uv": [12, 43]}
					]
				},
				{
					"name": "bone5",
					"parent": "bone4",
					"pivot": [0, 6, 64.5],
					"cubes": [
						{"origin": [0, 5.5, 64.5], "size": [0, 1, 7], "uv": [12, 42]}
					]
				},
				{
					"name": "bone6",
					"parent": "bone5",
					"pivot": [0, 5.48, 71.5],
					"cubes": [
						{"origin": [-15.5, 5.48, 71.53], "size": [30, 0, 29], "pivot": [0, 5.48, 52.53], "rotation": [0, 0, 90], "uv": [0, 0]}
					]
				},
				{
					"name": "arm_left",
					"parent": "torso",
					"pivot": [5.5, 15.5, -0.25],
					"cubes": [
						{"origin": [5.5, 12.5, -2.25], "size": [4, 3, 4], "uv": [0, 49]}
					]
				},
				{
					"name": "arm_left2",
					"parent": "arm_left",
					"pivot": [9.5, 14, 1.75],
					"cubes": [
						{"origin": [14.5, 12.5, -2.25], "size": [1, 3, 4], "inflate": 0.01, "uv": [26, 51]},
						{"origin": [9.5, 12.25, -2.75], "size": [5, 4, 5], "inflate": 0.01, "uv": [33, 46]}
					]
				},
				{
					"name": "arm_right",
					"parent": "torso",
					"pivot": [-5.5, 15.5, -0.25],
					"cubes": [
						{"origin": [-9.5, 12.5, -2.25], "size": [4, 3, 4], "uv": [0, 49], "mirror": true}
					]
				},
				{
					"name": "arm_right2",
					"parent": "arm_right",
					"pivot": [-9.5, 14, 1.75],
					"cubes": [
						{"origin": [-15.5, 12.5, -2.25], "size": [1, 3, 4], "inflate": 0.01, "uv": [26, 51], "mirror": true},
						{"origin": [-14.5, 12.25, -2.75], "size": [5, 4, 5], "inflate": 0.01, "uv": [33, 46], "mirror": true}
					]
				},
				{
					"name": "leg_left",
					"parent": "body",
					"pivot": [4.5, 6.5, -0.75],
					"cubes": [
						{"origin": [3.5, 3, -4.25], "size": [3, 6, 7], "uv": [9, 13]},
						{"origin": [4, 2, -2.25], "size": [2, 1, 4], "uv": [12, 54]}
					]
				},
				{
					"name": "foot_left",
					"parent": "leg_left",
					"pivot": [5, 2, 0.25],
					"cubes": [
						{"origin": [3.5, 0, -2.75], "size": [3, 2, 5], "uv": [30, 30]}
					]
				},
				{
					"name": "foot_left2",
					"parent": "foot_left",
					"pivot": [5, 0, -2.75],
					"cubes": [
						{"origin": [3.5, 0, -6.75], "size": [3, 2, 4], "inflate": 0.01, "uv": [49, 51]}
					]
				},
				{
					"name": "leg_right",
					"parent": "body",
					"pivot": [-4.5, 6.5, -0.75],
					"cubes": [
						{"origin": [-6.5, 3, -4.25], "size": [3, 6, 7], "uv": [9, 13], "mirror": true},
						{"origin": [-6, 2, -2.25], "size": [2, 1, 4], "uv": [12, 54], "mirror": true}
					]
				},
				{
					"name": "foot_right",
					"parent": "leg_right",
					"pivot": [-5, 2, 0.25],
					"cubes": [
						{"origin": [-6.5, 0, -2.75], "size": [3, 2, 5], "uv": [30, 30], "mirror": true}
					]
				},
				{
					"name": "foot_right2",
					"parent": "foot_right",
					"pivot": [-5, 0, -2.75],
					"cubes": [
						{"origin": [-6.5, 0, -6.75], "size": [3, 2, 4], "inflate": 0.01, "uv": [49, 51], "mirror": true}
					]
				}
			]
		}
	]
}