{
	"format_version": "1.12.0",
	"minecraft:geometry": [
		{
			"description": {
				"identifier": "geometry.unknown",
				"texture_width": 64,
				"texture_height": 64,
				"visible_bounds_width": 4,
				"visible_bounds_height": 3.5,
				"visible_bounds_offset": [0, 1.25, 0]
			},
			"bones": [
				{
					"name": "kokipound",
					"pivot": [0, 0, 0]
				},
				{
					"name": "body",
					"parent": "kokipound",
					"pivot": [0, 0, 0]
				},
				{
					"name": "torso",
					"parent": "body",
					"pivot": [0, 0, 0],
					"cubes": [
						{"origin": [-3, 9, -3], "size": [6, 5, 6], "uv": [24, 8]},
						{"origin": [-3.5, 5, -3.5], "size": [7, 5, 7], "uv": [0, 23]},
						{"origin": [-4, 7, -4], "size": [8, 1, 8], "uv": [0, 14]}
					]
				},
				{
					"name": "leaf",
					"parent": "torso",
					"pivot": [0, 0, 0],
					"cubes": [
						{"origin": [-4, 3, -4], "size": [3, 4, 0], "uv": [0, 46]}
					]
				},
				{
					"name": "leaf2",
					"parent": "torso",
					"pivot": [0, 0, 0],
					"cubes": [
						{"origin": [-1.5, 3, -4], "size": [3, 4, 0], "inflate": 0.01, "uv": [6, 46]}
					]
				},
				{
					"name": "leaf3",
					"parent": "torso",
					"pivot": [0, 0, 0],
					"cubes": [
						{"origin": [1, 3, -4], "size": [3, 4, 0], "uv": [12, 46]}
					]
				},
				{
					"name": "leaf4",
					"parent": "torso",
					"pivot": [0, 0, 0],
					"cubes": [
						{"origin": [-4, 3, -4], "size": [3, 4, 0], "pivot": [0, 0, 0], "rotation": [0, -90, 0], "uv": [18, 46]}
					]
				},
				{
					"name": "leaf5",
					"parent": "torso",
					"pivot": [0, 0, 0],
					"cubes": [
						{"origin": [-1.5, 3, -4], "size": [3, 4, 0], "inflate": 0.01, "pivot": [0, 0, 0], "rotation": [0, -90, 0], "uv": [24, 46]}
					]
				},
				{
					"name": "leaf6",
					"parent": "torso",
					"pivot": [0, 0, 0],
					"cubes": [
						{"origin": [1, 3, -4], "size": [3, 4, 0], "pivot": [0, 0, 0], "rotation": [0, -90, 0], "uv": [30, 46]}
					]
				},
				{
					"name": "leaf7",
					"parent": "torso",
					"pivot": [0, 0, 0],
					"cubes": [
						{"origin": [1, 3, 4], "size": [3, 4, 0], "uv": [36, 46]}
					]
				},
				{
					"name": "leaf8",
					"parent": "torso",
					"pivot": [0, 0, 0],
					"cubes": [
						{"origin": [-1.5, 3, 4], "size": [3, 4, 0], "inflate": 0.01, "uv": [42, 46]}
					]
				},
				{
					"name": "leaf9",
					"parent": "torso",
					"pivot": [0, 0, 0],
					"cubes": [
						{"origin": [-4, 3, 4], "size": [3, 4, 0], "uv": [48, 46]}
					]
				},
				{
					"name": "leaf10",
					"parent": "torso",
					"pivot": [0, 0, 0],
					"cubes": [
						{"origin": [1, 3, 4], "size": [3, 4, 0], "pivot": [0, 0, 0], "rotation": [0, -90, 0], "uv": [54, 46]}
					]
				},
				{
					"name": "leaf11",
					"parent": "torso",
					"pivot": [0, 0, 0],
					"cubes": [
						{"origin": [-1.5, 3, 4], "size": [3, 4, 0], "inflate": 0.01, "pivot": [0, 0, 0], "rotation": [0, -90, 0], "uv": [0, 50]}
					]
				},
				{
					"name": "leaf12",
					"parent": "torso",
					"pivot": [0, 0, 0],
					"cubes": [
						{"origin": [-4, 3, 4], "size": [3, 4, 0], "pivot": [0, 0, 0], "rotation": [0, -90, 0], "uv": [6, 50]}
					]
				},
				{
					"name": "head",
					"parent": "torso",
					"pivot": [-0.01389, 15.82125, 0.2],
					"cubes": [
						{"origin": [-3.5, 14, -3.5], "size": [7, 7, 7], "uv": [0, 0]},
						{"origin": [-0.5, 15, -3.5], "size": [1, 1, 0], "inflate": 0.01, "uv": [2, 5]},
						{"origin": [14.52, 8.4, -3.5], "size": [1, 3, 0], "inflate": 0.05, "pivot": [0, 2, 0], "rotation": [0, 0, -68.3], "uv": [4, 0]},
						{"origin": [-15.52, 8.4, -3.5], "size": [1, 3, 0], "inflate": 0.05, "pivot": [0, 2, 0], "rotation": [0, 0, 68.2], "uv": [0, 4]},
						{"origin": [-16.85, 1.46, -3.5], "size": [1, 1, 0], "inflate": 0.06, "pivot": [0, 2, 0], "rotation": [0, 0, 90], "uv": [2, 4]}
					]
				},
				{
					"name": "leafhair",
					"parent": "head",
					"pivot": [0, 2, 0],
					"cubes": [
						{"origin": [-3, 15.2, 13], "size": [5, 0, 7], "pivot": [0, 2, 0], "rotation": [40, -25, 0], "uv": [14, 23]},
						{"origin": [-2, 15.2, 13], "size": [5, 0, 7], "pivot": [0, 2, 0], "rotation": [40, 25, 0], "uv": [14, 0]}
					]
				},
				{
					"name": "lefteye",
					"parent": "head",
					"pivot": [0, 2, 1],
					"cubes": [
						{"origin": [-2.9, 17, -3.5], "size": [2, 2, 0], "inflate": 0.01, "uv": [0, 2]}
					]
				},
				{
					"name": "leftpupil",
					"parent": "lefteye",
					"pivot": [0, 2, 1],
					"cubes": [
						{"origin": [-2.4, 17.5, -3.5], "size": [1, 1, 0], "inflate": 0.02, "uv": [4, 4]}
					]
				},
				{
					"name": "closed",
					"parent": "lefteye",
					"pivot": [0, 2, 1],
					"cubes": [
						{"origin": [0.9, 17, -2.5], "size": [2, 2, 0], "inflate": 0.02, "uv": [47, 41]}
					]
				},
				{
					"name": "righteye",
					"parent": "head",
					"pivot": [0, 2, 1],
					"cubes": [
						{"origin": [0.9, 17, -3.5], "size": [2, 2, 0], "inflate": 0.01, "uv": [0, 0]}
					]
				},
				{
					"name": "rightpupil",
					"parent": "righteye",
					"pivot": [0, 2, 1],
					"cubes": [
						{"origin": [1.4, 17.5, -3.5], "size": [1, 1, 0], "inflate": 0.02, "uv": [4, 3]}
					]
				},
				{
					"name": "closed2",
					"parent": "righteye",
					"pivot": [0, 2, 1],
					"cubes": [
						{"origin": [-2.9, 17, -2.5], "size": [2, 2, 0], "inflate": 0.02, "uv": [43, 41]}
					]
				},
				{
					"name": "rightleg",
					"parent": "body",
					"pivot": [4, 0, 0],
					"cubes": [
						{"origin": [1.2, 0, -1], "size": [2, 5, 2], "uv": [0, 14]}
					]
				},
				{
					"name": "leftleg",
					"parent": "body",
					"pivot": [0, 0, 0],
					"cubes": [
						{"origin": [-3.2, 0, -1], "size": [2, 5, 2], "uv": [0, 39]}
					]
				},
				{
					"name": "rightarm",
					"parent": "body",
					"pivot": [-22, 2, 0]
				},
				{
					"name": "part1",
					"parent": "rightarm",
					"pivot": [-22, 2, 0],
					"cubes": [
						{"origin": [-8, 12, -1], "size": [5, 2, 2], "uv": [31, 0]}
					]
				},
				{
					"name": "part2",
					"parent": "part1",
					"pivot": [-22, 2, 0],
					"cubes": [
						{"origin": [-11, 12, -1], "size": [4, 2, 2], "uv": [31, 21]}
					]
				},
				{
					"name": "hand_right",
					"parent": "part2",
					"pivot": [-14.5, 23, 0],
					"cubes": [
						{"origin": [-14.5, 10.5, -3], "size": [2, 2, 3], "uv": [12, 35]},
						{"origin": [-12, 11.5, -1.5], "size": [1, 3, 3], "uv": [8, 40]},
						{"origin": [-17, 11, -2.5], "size": [5, 4, 5], "uv": [28, 25]}
					]
				},
				{
					"name": "leftarm",
					"parent": "body",
					"pivot": [1, 2, 0]
				},
				{
					"name": "part3",
					"parent": "leftarm",
					"pivot": [1, 2, 0],
					"cubes": [
						{"origin": [3, 12, -1], "size": [5, 2, 2], "uv": [31, 4]}
					]
				},
				{
					"name": "part4",
					"parent": "part3",
					"pivot": [1, 2, 0],
					"cubes": [
						{"origin": [7, 12, -1], "size": [4, 2, 2], "uv": [0, 35]}
					]
				},
				{
					"name": "hand_left",
					"parent": "part4",
					"pivot": [14.5, 23, 0],
					"cubes": [
						{"origin": [12.5, 10.5, -3], "size": [2, 2, 3], "uv": [38, 34]},
						{"origin": [11, 11.5, -1.5], "size": [1, 3, 3], "uv": [16, 40]},
						{"origin": [12, 11, -2.5], "size": [5, 4, 5], "uv": [23, 34]}
					]
				}
			]
		}
	]
}