{
	"format_version": "1.12.0",
	"minecraft:geometry": [
		{
			"description": {
				"identifier": "geometry.umbreon",
				"texture_width": 64,
				"texture_height": 64,
				"visible_bounds_width": 6,
				"visible_bounds_height": 3.5,
				"visible_bounds_offset": [0, 1.25, 0]
			},
			"bones": [
				{
					"name": "umbreon",
					"pivot": [0, 0, 0]
				},
				{
					"name": "body",
					"parent": "umbreon",
					"pivot": [0, 10.25, 0]
				},
				{
					"name": "torso",
					"parent": "body",
					"pivot": [0, 10.25, 0],
					"cubes": [
						{"origin": [-3.5, 7.25, -7], "size": [7, 6, 14], "uv": [0, 0]}
					]
				},
				{
					"name": "head",
					"parent": "torso",
					"pivot": [0, 13, -6],
					"cubes": [
						{"origin": [-3.5, 11.5, -11.75], "size": [7, 7, 7], "inflate": 0.01, "uv": [0, 20]},
						{"origin": [-2.5, 17.75, -9], "size": [5, 5, 0], "inflate": 0.01, "pivot": [0, 15, -8.25], "rotation": [-10, 0, 0], "uv": [50, 15]},
						{"origin": [5.14519, 11.5, -9.65526], "size": [0, 6, 8], "inflate": 0.01, "pivot": [5.39519, 14.5, -5.65526], "rotation": [20.18701, 26.96729, 10.84743], "uv": [21, 12]},
						{"origin": [-5.14519, 11.5, -9.65526], "size": [0, 6, 8], "inflate": 0.01, "pivot": [-5.39519, 14.5, -5.65526], "rotation": [20.18701, -26.96729, -10.84743], "uv": [21, 12], "mirror": true},
						{"origin": [-2.5, 11.5, -13.25], "size": [5, 3, 2], "uv": [45, 0]}
					]
				},
				{
					"name": "mouth",
					"parent": "head",
					"pivot": [0, 12.25, -13.16],
					"cubes": [
						{"origin": [-1, 11.75, -13.16], "size": [2, 1, 0], "uv": [0, 0]}
					]
				},
				{
					"name": "eyes",
					"parent": "head",
					"pivot": [0, 15.25, -9.5]
				},
				{
					"name": "eye_left",
					"parent": "eyes",
					"pivot": [2.515, 15.5, -10.765],
					"cubes": [
						{"origin": [1.515, 14.5, -11.765], "size": [2, 2, 2], "uv": [51, 24]}
					]
				},
				{
					"name": "eyelid_left",
					"parent": "eye_left",
					"pivot": [2.415, 15.5, -10.665],
					"cubes": [
						{"origin": [1.415, 14.5, -11.665], "size": [2, 2, 2], "inflate": 0.01, "uv": [0, 51]}
					]
				},
				{
					"name": "eye_right",
					"parent": "eyes",
					"pivot": [-2.515, 15.5, -10.765],
					"cubes": [
						{"origin": [-3.515, 14.5, -11.765], "size": [2, 2, 2], "uv": [51, 24], "mirror": true}
					]
				},
				{
					"name": "eyelid_right",
					"parent": "eye_right",
					"pivot": [-2.415, 15.5, -10.665],
					"cubes": [
						{"origin": [-3.415, 14.5, -11.665], "size": [2, 2, 2], "inflate": 0.01, "uv": [0, 51], "mirror": true}
					]
				},
				{
					"name": "ear_left",
					"parent": "head",
					"pivot": [2.5, 18.5, -8.75],
					"rotation": [-18.49218, 22.91734, 7.29741],
					"cubes": [
						{"origin": [2.5, 18.5, -9.75], "size": [0, 13, 5], "uv": [22, 34]}
					]
				},
				{
					"name": "ear_right",
					"parent": "head",
					"pivot": [-2.5, 18.5, -8.75],
					"rotation": [-18.49218, -22.91734, -7.29741],
					"cubes": [
						{"origin": [-2.5, 18.5, -9.75], "size": [0, 13, 5], "uv": [22, 34], "mirror": true}
					]
				},
				{
					"name": "tail",
					"parent": "torso",
					"pivot": [0, 11.5, 6],
					"rotation": [35, 0, 0],
					"cubes": [
						{"origin": [-3, 8.5, 5], "size": [6, 6, 5], "uv": [28, 0]},
						{"origin": [1.36218, 8.5, 4.98318], "size": [0, 6, 5], "pivot": [-1.38782, 0, 0.98318], "rotation": [0, 17.5, 0], "uv": [32, 43]},
						{"origin": [-1.36218, 8.5, 4.98318], "size": [0, 6, 5], "pivot": [1.38782, 0, 0.98318], "rotation": [0, -17.5, 0], "uv": [32, 43], "mirror": true},
						{"origin": [-2.5, 7.60939, 4.78641], "size": [5, 0, 4], "pivot": [0, 10.60939, 8.28641], "rotation": [-17.5, 0, 0], "uv": [0, 10]},
						{"origin": [-2.5, 15.2483, 4.69153], "size": [5, 0, 4], "pivot": [0, 12.2483, 8.19153], "rotation": [15, 0, 0], "uv": [38, 11]}
					]
				},
				{
					"name": "tail2",
					"parent": "tail",
					"pivot": [0, 9.5, 9.75],
					"cubes": [
						{"origin": [-2.5, 9, 9.75], "size": [5, 5, 7], "uv": [21, 27]}
					]
				},
				{
					"name": "tail3",
					"parent": "tail2",
					"pivot": [0, 10, 16.5],
					"cubes": [
						{"origin": [-2, 9.5, 16.5], "size": [4, 4, 5], "inflate": -0.001, "uv": [32, 39]}
					]
				},
				{
					"name": "bone",
					"parent": "tail3",
					"pivot": [0, 9.5, 21.5],
					"cubes": [
						{"origin": [-2, 9.5, 21.5], "size": [4, 4, 5], "uv": [38, 24]}
					]
				},
				{
					"name": "bone2",
					"parent": "bone",
					"pivot": [0, 9.5, 26.5],
					"cubes": [
						{"origin": [-2, 9.5, 26.5], "size": [4, 4, 5], "inflate": 0.001, "uv": [37, 15]}
					]
				},
				{
					"name": "bone4",
					"parent": "bone2",
					"pivot": [0, 9.5, 31.5],
					"cubes": [
						{"origin": [-2, 9.5, 31.5], "size": [4, 4, 5], "inflate": 0.002, "uv": [37, 15]}
					]
				},
				{
					"name": "bone3",
					"parent": "bone4",
					"pivot": [0, 9.5, 36.5],
					"cubes": [
						{"origin": [-3, 9, 36.5], "size": [6, 5, 5], "uv": [0, 34]},
						{"origin": [-1, 9.25, 40.5], "size": [2, 2, 5], "pivot": [0, 11.5, 39], "rotation": [17.5, 0, 0], "uv": [0, 44]}
					]
				},
				{
					"name": "leg_front_left",
					"parent": "body",
					"pivot": [2.5, 9, -4.5],
					"rotation": [5, 0, 0],
					"cubes": [
						{"origin": [1, 4.5, -6], "size": [3, 6, 3], "inflate": 0.01, "uv": [45, 33]}
					]
				},
				{
					"name": "leg_front_left2",
					"parent": "leg_front_left",
					"pivot": [2.5, 4.5, -3.5],
					"rotation": [-20, 0, 0],
					"cubes": [
						{"origin": [1, 0.75, -6], "size": [3, 4, 3], "uv": [11, 49]}
					]
				},
				{
					"name": "leg_front_left3",
					"parent": "leg_front_left2",
					"pivot": [2.5, 1, -4.5],
					"rotation": [15, 0, 0],
					"cubes": [
						{"origin": [1, -0.5, -6.25], "size": [3, 2, 3], "inflate": 0.01, "uv": [50, 5]}
					]
				},
				{
					"name": "leg_front_right",
					"parent": "body",
					"pivot": [-2.5, 9, -4.5],
					"rotation": [5, 0, 0],
					"cubes": [
						{"origin": [-4, 4.5, -6], "size": [3, 6, 3], "inflate": 0.01, "uv": [45, 33], "mirror": true}
					]
				},
				{
					"name": "leg_front_right2",
					"parent": "leg_front_right",
					"pivot": [-2.5, 4.5, -3.5],
					"rotation": [-20, 0, 0],
					"cubes": [
						{"origin": [-4, 0.75, -6], "size": [3, 4, 3], "uv": [11, 49], "mirror": true}
					]
				},
				{
					"name": "leg_front_right3",
					"parent": "leg_front_right2",
					"pivot": [-2.5, 1, -4.5],
					"rotation": [15, 0, 0],
					"cubes": [
						{"origin": [-4, -0.5, -6.25], "size": [3, 2, 3], "inflate": 0.01, "uv": [50, 5], "mirror": true}
					]
				},
				{
					"name": "leg_back_left",
					"parent": "body",
					"pivot": [2.5, 9, 4.75],
					"rotation": [5, 0, 0],
					"cubes": [
						{"origin": [1, 4.5, 2.75], "size": [3, 6, 4], "inflate": 0.01, "uv": [0, 0]}
					]
				},
				{
					"name": "leg_back_left2",
					"parent": "leg_back_left",
					"pivot": [2.5, 4.5, 6.25],
					"rotation": [-12.5, 0, 0],
					"cubes": [
						{"origin": [1, 0.75, 4.25], "size": [3, 4, 3], "uv": [47, 45]},
						{"origin": [4, 2.5, 7.25], "size": [0, 3, 3], "uv": [0, 17]}
					]
				},
				{
					"name": "leg_back_left3",
					"parent": "leg_back_left2",
					"pivot": [2.5, 1.25, 5.75],
					"rotation": [7.5, 0, 0],
					"cubes": [
						{"origin": [1, -0.25, 4], "size": [3, 2, 3], "inflate": 0.01, "uv": [9, 44]}
					]
				},
				{
					"name": "leg_back_right",
					"parent": "body",
					"pivot": [-2.5, 9, 4.75],
					"rotation": [5, 0, 0],
					"cubes": [
						{"origin": [-4, 4.5, 2.75], "size": [3, 6, 4], "inflate": 0.01, "uv": [0, 0], "mirror": true}
					]
				},
				{
					"name": "leg_back_right2",
					"parent": "leg_back_right",
					"pivot": [-2.5, 4.5, 6.25],
					"rotation": [-12.5, 0, 0],
					"cubes": [
						{"origin": [-4, 0.75, 4.25], "size": [3, 4, 3], "uv": [47, 45], "mirror": true},
						{"origin": [-4, 2.5, 7.25], "size": [0, 3, 3], "uv": [0, 17], "mirror": true}
					]
				},
				{
					"name": "leg_back_right3",
					"parent": "leg_back_right2",
					"pivot": [-2.5, 1.25, 5.75],
					"rotation": [7.5, 0, 0],
					"cubes": [
						{"origin": [-4, -0.25, 4], "size": [3, 2, 3], "inflate": 0.01, "uv": [9, 44], "mirror": true}
					]
				}
			]
		}
	]
}