{
	"format_version": "1.12.0",
	"minecraft:geometry": [
		{
			"description": {
				"identifier": "geometry.espeon",
				"texture_width": 64,
				"texture_height": 64,
				"visible_bounds_width": 8,
				"visible_bounds_height": 3.5,
				"visible_bounds_offset": [0, 1.25, 0]
			},
			"bones": [
				{
					"name": "espeon",
					"pivot": [0, 0, 0]
				},
				{
					"name": "body",
					"parent": "espeon",
					"pivot": [0, 10.25, 0]
				},
				{
					"name": "torso",
					"parent": "body",
					"pivot": [0, 10.25, 0],
					"cubes": [
						{"origin": [-3.5, 7.25, -8], "size": [7, 6, 15], "uv": [19, 14]}
					]
				},
				{
					"name": "head",
					"parent": "torso",
					"pivot": [0, 13.25, -7],
					"cubes": [
						{"origin": [-3.5, 10.75, -13], "size": [7, 7, 7], "inflate": 0.01, "uv": [0, 0]},
						{"origin": [2.5, 11, -14.25], "size": [0, 1, 1], "inflate": -0.001, "uv": [5, 6]},
						{"origin": [-2.5, 11, -14.25], "size": [0, 1, 1], "inflate": -0.001, "uv": [5, 6], "mirror": true},
						{"origin": [-2.5, 11.75, -14.5], "size": [5, 2, 2], "uv": [28, 6]},
						{"origin": [-2, 10.75, -14], "size": [4, 1, 1], "uv": [28, 11]},
						{"origin": [-0.5, 12.5, -14.5], "size": [1, 1, 0], "inflate": 0.01, "uv": [0, 1]}
					]
				},
				{
					"name": "mouth",
					"parent": "head",
					"pivot": [0, 11.26, -13.41],
					"cubes": [
						{"origin": [-1, 10.76, -13.41], "size": [2, 1, 0], "uv": [0, 0]}
					]
				},
				{
					"name": "eyes",
					"parent": "head",
					"pivot": [0, 14.25218, -12]
				},
				{
					"name": "eye_left",
					"parent": "eyes",
					"pivot": [2.515, 14.25, -12.015],
					"cubes": [
						{"origin": [1.515, 13.25, -13.015], "size": [2, 2, 2], "uv": [24, 42]}
					]
				},
				{
					"name": "eyelid_left",
					"parent": "eye_left",
					"pivot": [2.415, 14.25, -11.915],
					"cubes": [
						{"origin": [1.415, 13.25, -12.915], "size": [2, 2, 2], "inflate": 0.01, "uv": [24, 46]}
					]
				},
				{
					"name": "eye_right",
					"parent": "eyes",
					"pivot": [-2.515, 14.25, -12.015],
					"cubes": [
						{"origin": [-3.515, 13.25, -13.015], "size": [2, 2, 2], "uv": [24, 42], "mirror": true}
					]
				},
				{
					"name": "eyelid_right",
					"parent": "eye_right",
					"pivot": [-2.415, 14.25, -11.915],
					"cubes": [
						{"origin": [-3.415, 13.25, -12.915], "size": [2, 2, 2], "inflate": 0.01, "uv": [24, 46], "mirror": true}
					]
				},
				{
					"name": "ear_left",
					"parent": "head",
					"pivot": [2.3, 17.25, -9.8],
					"rotation": [66.54077, -14.31866, -77.26403],
					"cubes": [
						{"origin": [0.05, 12.75, -9.8], "size": [14, 6, 0], "uv": [21, 0]}
					]
				},
				{
					"name": "ear_right",
					"parent": "head",
					"pivot": [-2.3, 17.25, -9.8],
					"rotation": [66.54077, 14.31866, 77.26403],
					"cubes": [
						{"origin": [-14.05, 12.75, -9.8], "size": [14, 6, 0], "uv": [21, 0], "mirror": true}
					]
				},
				{
					"name": "fur_left",
					"parent": "head",
					"pivot": [3.5, 14.5, -9.5],
					"rotation": [25.22025, -44.78563, -18.86227],
					"cubes": [
						{"origin": [3.60223, 10.34879, -9.17895], "size": [8, 4, 0], "uv": [42, 7]}
					]
				},
				{
					"name": "fur_left2",
					"parent": "head",
					"pivot": [-3.5, 14.5, -9.5],
					"rotation": [25.22025, 44.78563, 18.86227],
					"cubes": [
						{"origin": [-11.60223, 10.34879, -9.17895], "size": [8, 4, 0], "uv": [42, 7], "mirror": true}
					]
				},
				{
					"name": "fur_right",
					"parent": "head",
					"pivot": [-3.5, 14.5, -9.5],
					"rotation": [3.85317, 49.94321, -9.87543]
				},
				{
					"name": "tail",
					"parent": "torso",
					"pivot": [0, 12, 7],
					"cubes": [
						{"origin": [0, 10, 7], "size": [0, 2, 4], "inflate": 0.01, "uv": [55, 50]}
					]
				},
				{
					"name": "tail2",
					"parent": "tail",
					"pivot": [0, 10, 11],
					"cubes": [
						{"origin": [0, 10, 11], "size": [0, 2, 4], "uv": [55, 48]}
					]
				},
				{
					"name": "tail3",
					"parent": "tail2",
					"pivot": [0, 10, 15],
					"cubes": [
						{"origin": [0, 10, 15], "size": [0, 2, 4], "inflate": 0.01, "uv": [55, 46]}
					]
				},
				{
					"name": "tail4",
					"parent": "tail3",
					"pivot": [0, 10, 19],
					"cubes": [
						{"origin": [0, 10, 19], "size": [0, 2, 4], "uv": [55, 44]}
					]
				},
				{
					"name": "tail5",
					"parent": "tail4",
					"pivot": [0, 10, 23],
					"cubes": [
						{"origin": [0, 10, 23], "size": [0, 2, 5], "inflate": 0.01, "uv": [54, 41]}
					]
				},
				{
					"name": "tail6",
					"parent": "tail5",
					"pivot": [0, 12, 28],
					"cubes": [
						{"origin": [0, 10, 28], "size": [0, 2, 4], "uv": [55, 40]}
					]
				},
				{
					"name": "fire",
					"parent": "tail6",
					"pivot": [0, 11.5, 32],
					"cubes": [
						{"origin": [0, 4.75, 32], "size": [0, 12, 17], "uv": [0, 0]}
					]
				},
				{
					"name": "leg_front_left",
					"parent": "body",
					"pivot": [2.5, 9, -6],
					"rotation": [7.5, 0, 0],
					"cubes": [
						{"origin": [1, 4.5, -7.5], "size": [3, 6, 3], "inflate": 0.01, "uv": [34, 41]}
					]
				},
				{
					"name": "leg_front_left2",
					"parent": "leg_front_left",
					"pivot": [2.5, 4.5, -4.5],
					"rotation": [-22.5, 0, 0],
					"cubes": [
						{"origin": [1, 0.5, -7.5], "size": [3, 4, 3], "uv": [34, 50]}
					]
				},
				{
					"name": "leg_front_left3",
					"parent": "leg_front_left2",
					"pivot": [2.5, 1, -6],
					"rotation": [15, 0, 0],
					"cubes": [
						{"origin": [1, -0.75, -7.75], "size": [3, 2, 3], "inflate": 0.01, "uv": [34, 57]}
					]
				},
				{
					"name": "leg_front_right",
					"parent": "body",
					"pivot": [-2.5, 9, -6],
					"rotation": [7.5, 0, 0],
					"cubes": [
						{"origin": [-4, 4.5, -7.5], "size": [3, 6, 3], "inflate": 0.01, "uv": [34, 41], "mirror": true}
					]
				},
				{
					"name": "leg_front_right2",
					"parent": "leg_front_right",
					"pivot": [-2.5, 4.5, -4.5],
					"rotation": [-22.5, 0, 0],
					"cubes": [
						{"origin": [-4, 0.5, -7.5], "size": [3, 4, 3], "uv": [34, 50], "mirror": true}
					]
				},
				{
					"name": "leg_front_right3",
					"parent": "leg_front_right2",
					"pivot": [-2.5, 1, -6],
					"rotation": [15, 0, 0],
					"cubes": [
						{"origin": [-4, -0.75, -7.75], "size": [3, 2, 3], "inflate": 0.01, "uv": [34, 57], "mirror": true}
					]
				},
				{
					"name": "leg_back_left",
					"parent": "body",
					"pivot": [2.5, 9, 4.5],
					"rotation": [5, 0, 0],
					"cubes": [
						{"origin": [1, 4.5, 2.5], "size": [3, 6, 4], "inflate": 0.01, "uv": [0, 36]}
					]
				},
				{
					"name": "leg_back_left2",
					"parent": "leg_back_left",
					"pivot": [2.5, 4.5, 6],
					"rotation": [-12.5, 0, 0],
					"cubes": [
						{"origin": [1, 0.75, 4], "size": [3, 4, 3], "uv": [0, 46]}
					]
				},
				{
					"name": "leg_back_left3",
					"parent": "leg_back_left2",
					"pivot": [2.5, 1.25, 5.5],
					"rotation": [7.5, 0, 0],
					"cubes": [
						{"origin": [1, -0.25, 3.75], "size": [3, 2, 3], "inflate": 0.01, "uv": [0, 53]}
					]
				},
				{
					"name": "leg_back_right",
					"parent": "body",
					"pivot": [-2.5, 9, 4.25],
					"rotation": [5, 0, 0],
					"cubes": [
						{"origin": [-4, 4.5, 2.25], "size": [3, 6, 4], "inflate": 0.01, "uv": [0, 36], "mirror": true}
					]
				},
				{
					"name": "leg_back_right2",
					"parent": "leg_back_right",
					"pivot": [-2.5, 4.5, 5.75],
					"rotation": [-12.5, 0, 0],
					"cubes": [
						{"origin": [-4, 0.75, 3.75], "size": [3, 4, 3], "uv": [0, 46], "mirror": true}
					]
				},
				{
					"name": "leg_back_right3",
					"parent": "leg_back_right2",
					"pivot": [-2.5, 1.25, 5.25],
					"rotation": [7.5, 0, 0],
					"cubes": [
						{"origin": [-4, -0.25, 3.5], "size": [3, 2, 3], "inflate": 0.01, "uv": [0, 53], "mirror": true}
					]
				}
			]
		}
	]
}