{
	"format_version": "1.12.0",
	"minecraft:geometry": [
		{
			"description": {
				"identifier": "geometry.unknown",
				"texture_width": 64,
				"texture_height": 64,
				"visible_bounds_width": 3,
				"visible_bounds_height": 4.5,
				"visible_bounds_offset": [0, 1.75, 0]
			},
			"bones": [
				{
					"name": "porygon_x",
					"pivot": [1, 6, 0]
				},
				{
					"name": "being",
					"parent": "porygon_x",
					"pivot": [1, 5, -3]
				},
				{
					"name": "head",
					"parent": "being",
					"pivot": [0.54077, 24.49475, 0.01669],
					"cubes": [
						{"origin": [-5, 20, -4], "size": [11, 9, 9], "uv": [0, 0]},
						{"origin": [-1, 29, -1], "size": [3, 6, 3], "uv": [16, 38]},
						{"origin": [-10, 22, -1], "size": [2, 7, 2], "pivot": [1, 5, -3], "rotation": [0, 0, 40], "uv": [14, 47]},
						{"origin": [-10.5, 22.5, -10.5], "size": [2, 7, 2], "pivot": [1, 5, -3], "rotation": [-40, 0, 40], "uv": [0, 18]},
						{"origin": [9, 22, -10], "size": [2, 7, 2], "pivot": [-1, 5, -3], "rotation": [-40, 0, -40], "uv": [0, 0]},
						{"origin": [9, 21, -1], "size": [2, 7, 2], "pivot": [-1, 5, -3], "rotation": [0, 0, -40], "uv": [22, 47]}
					]
				},
				{
					"name": "eye",
					"parent": "head",
					"pivot": [1, 5, -3],
					"cubes": [
						{"origin": [-1, 24, -4], "size": [3, 1, 0], "inflate": 0.03, "uv": [36, 27]},
						{"origin": [-1.5, 23.5, -4], "size": [4, 2, 0], "inflate": 0.02, "uv": [40, 13]},
						{"origin": [-3, 22, -4], "size": [7, 5, 0], "inflate": 0.01, "uv": [0, 47]}
					]
				},
				{
					"name": "closedeye",
					"parent": "head",
					"pivot": [1, 5, 7],
					"cubes": [
						{"origin": [-3, 22, -3], "size": [7, 5, 0], "inflate": 0.01, "uv": [14, 56]},
						{"origin": [-2.5, 24, -3], "size": [6, 1, 0], "inflate": 0.02, "uv": [46, 53]}
					]
				},
				{
					"name": "body",
					"parent": "being",
					"pivot": [1, 6, 0],
					"cubes": [
						{"origin": [-4, 7, -4], "size": [9, 11, 9], "uv": [0, 18]},
						{"origin": [0, 14, -3.5], "size": [1, 1, 0], "inflate": 0.01, "uv": [0, 0]},
						{"origin": [-3.5, 7.5, -3.5], "size": [8, 10, 8], "uv": [28, 30]}
					]
				},
				{
					"name": "leftarm",
					"parent": "being",
					"pivot": [0, 8, 0],
					"cubes": [
						{"origin": [8, 14, -1.5], "size": [4, 5, 4], "uv": [31, 0]},
						{"origin": [12, 16, -0.5], "size": [0, 2, 2], "inflate": 0.01, "uv": [27, 18]},
						{"origin": [8.5, 10, -1], "size": [3, 4, 3], "uv": [43, 22]},
						{"origin": [9, 6, -0.5], "size": [2, 4, 2], "uv": [30, 48]}
					]
				},
				{
					"name": "backarm",
					"parent": "being",
					"pivot": [0.5, 13.275, 10.5]
				},
				{
					"name": "bone",
					"parent": "backarm",
					"pivot": [1, 16.5, 10.5],
					"rotation": [0, 90, 0],
					"cubes": [
						{"origin": [-1, 14, 8.5], "size": [4, 5, 4], "uv": [27, 18]},
						{"origin": [-1, 16, 9.5], "size": [0, 2, 2], "inflate": 0.01, "uv": [27, 16]},
						{"origin": [-0.5, 10, 9], "size": [3, 4, 3], "uv": [39, 15]},
						{"origin": [0, 6, 9.5], "size": [2, 4, 2], "uv": [47, 0]}
					]
				},
				{
					"name": "rightarm",
					"parent": "being",
					"pivot": [1, 8, 0],
					"cubes": [
						{"origin": [-11, 14, -1.5], "size": [4, 5, 4], "uv": [0, 38]},
						{"origin": [-11, 16, -0.5], "size": [0, 2, 2], "inflate": 0.01, "uv": [31, 0]},
						{"origin": [-10.5, 10, -1], "size": [3, 4, 3], "uv": [44, 6]},
						{"origin": [-10, 6, -0.5], "size": [2, 4, 2], "uv": [38, 48]}
					]
				}
			]
		}
	]
}