{
	"format_version": "1.12.0",
	"minecraft:geometry": [
		{
			"description": {
				"identifier": "geometry.flareon",
				"texture_width": 64,
				"texture_height": 64,
				"visible_bounds_width": 6,
				"visible_bounds_height": 4,
				"visible_bounds_offset": [0, 1, 0]
			},
			"bones": [
				{
					"name": "flareon",
					"pivot": [0, 0, -1]
				},
				{
					"name": "body",
					"parent": "flareon",
					"pivot": [0, 10.75, 0]
				},
				{
					"name": "torso",
					"parent": "body",
					"pivot": [0, 10.75, 0],
					"cubes": [
						{"origin": [-3.5, 7.25, -8.5], "size": [7, 7, 15], "uv": [0, 0]}
					]
				},
				{
					"name": "ruff",
					"parent": "torso",
					"pivot": [0, 12, -8],
					"rotation": [42.5, 0, 0],
					"cubes": [
						{"origin": [-5.5, 6.5, -11.75], "size": [11, 7, 11], "uv": [0, 22]}
					]
				},
				{
					"name": "head",
					"parent": "torso",
					"pivot": [0, 13.25, -6.5],
					"cubes": [
						{"origin": [-3.5, 12.25, -12.5], "size": [7, 7, 7], "inflate": 0.01, "uv": [29, 0]},
						{"origin": [-2, 12.25, -14], "size": [4, 3, 2], "uv": [0, 10]},
						{"origin": [-0.5, 14.25, -14.01], "size": [1, 1, 0], "uv": [0, 1]}
					]
				},
				{
					"name": "mouth",
					"parent": "head",
					"pivot": [0, 13.26, -14.01],
					"cubes": [
						{"origin": [-1, 12.76, -13.91], "size": [2, 1, 0], "uv": [0, 0]}
					]
				},
				{
					"name": "eyes",
					"parent": "head",
					"pivot": [0, 16, -10.25]
				},
				{
					"name": "eye_left",
					"parent": "eyes",
					"pivot": [2.515, 16.25, -11.515],
					"cubes": [
						{"origin": [1.515, 15.25, -12.515], "size": [2, 2, 2], "uv": [55, 22]}
					]
				},
				{
					"name": "eyelid_left",
					"parent": "eye_left",
					"pivot": [2.915, 16.25, -10.915],
					"cubes": [
						{"origin": [1.415, 15.25, -12.415], "size": [2, 2, 3], "inflate": 0.01, "uv": [29, 55]}
					]
				},
				{
					"name": "eye_right",
					"parent": "eyes",
					"pivot": [-2.515, 16.25, -11.515],
					"cubes": [
						{"origin": [-3.515, 15.25, -12.515], "size": [2, 2, 2], "uv": [55, 22], "mirror": true}
					]
				},
				{
					"name": "eyelid_right",
					"parent": "eye_right",
					"pivot": [-2.915, 16.25, -10.915],
					"cubes": [
						{"origin": [-3.415, 15.25, -12.415], "size": [2, 2, 3], "inflate": 0.01, "uv": [29, 55], "mirror": true}
					]
				},
				{
					"name": "ear_left",
					"parent": "head",
					"pivot": [3, 19, -8],
					"rotation": [-22.5, 30, 0],
					"cubes": [
						{"origin": [2, 18, -10], "size": [1, 14, 2], "inflate": -0.002, "uv": [49, 46]},
						{"origin": [2, 18.0203, -8.15419], "size": [1, 8, 2], "inflate": -0.001, "pivot": [2.5, 25.0203, -7.15419], "rotation": [-15, 0, 0], "uv": [10, 52]}
					]
				},
				{
					"name": "ear_left2",
					"parent": "ear_left",
					"pivot": [2.5, 27.39608, -8.41895],
					"rotation": [18.106, 0, 0],
					"cubes": [
						{"origin": [2, 22.26338, -8.49092], "size": [1, 10, 9], "uv": [35, 14]}
					]
				},
				{
					"name": "bone",
					"parent": "ear_left2",
					"pivot": [2.5, 27.39608, 0.58105],
					"cubes": [
						{"origin": [2.5, 22.26338, 0.50908], "size": [0, 12, 10], "uv": [0, 30]}
					]
				},
				{
					"name": "ear_right",
					"parent": "head",
					"pivot": [-3, 19, -8],
					"rotation": [-22.5, -30, 0],
					"cubes": [
						{"origin": [-3, 18, -10], "size": [1, 14, 2], "inflate": -0.002, "uv": [49, 46], "mirror": true},
						{"origin": [-3, 18.0203, -8.15419], "size": [1, 8, 2], "inflate": -0.001, "pivot": [-2.5, 25.0203, -7.15419], "rotation": [-15, 0, 0], "uv": [10, 52], "mirror": true}
					]
				},
				{
					"name": "ear_right2",
					"parent": "ear_right",
					"pivot": [-2.5, 27.39608, -8.41895],
					"rotation": [18.106, 0, 0],
					"cubes": [
						{"origin": [-3, 22.26338, -8.49092], "size": [1, 10, 9], "uv": [35, 14], "mirror": true}
					]
				},
				{
					"name": "bone2",
					"parent": "ear_right2",
					"pivot": [-2.5, 27.39608, 0.58105],
					"cubes": [
						{"origin": [-2.5, 22.26338, 0.50908], "size": [0, 12, 10], "uv": [0, 30], "mirror": true}
					]
				},
				{
					"name": "tuft",
					"parent": "head",
					"pivot": [-0.25, 19.25, -11.5],
					"rotation": [30, 0, 0],
					"cubes": [
						{"origin": [-2, 18.61602, -12.83494], "size": [4, 3, 5], "pivot": [0, 20.36602, -10.83494], "rotation": [-12.5, 0, 0], "uv": [46, 14]}
					]
				},
				{
					"name": "tail",
					"parent": "torso",
					"pivot": [0, 11.25, 4],
					"rotation": [27.5, 0, 0],
					"cubes": [
						{"origin": [-2, 7.25, 9], "size": [4, 6, 5], "uv": [39, 35]},
						{"origin": [-1.5, 9.25, 6], "size": [3, 4, 3], "uv": [50, 0]}
					]
				},
				{
					"name": "tail2",
					"parent": "tail",
					"pivot": [0, 11.25, 13.5],
					"cubes": [
						{"origin": [-1.5, 8.75, 13.5], "size": [3, 4, 5], "uv": [33, 46]}
					]
				},
				{
					"name": "tail3",
					"parent": "tail2",
					"pivot": [-1, 11.25, 17.5],
					"rotation": [15, 0, 0],
					"cubes": [
						{"origin": [-1, 8.25, 16.5], "size": [2, 3, 7], "uv": [20, 40]}
					]
				},
				{
					"name": "leg_front_left",
					"parent": "body",
					"pivot": [3, 10, -4.5],
					"rotation": [7.5, 0, 0],
					"cubes": [
						{"origin": [1.5, 5.5, -6], "size": [3, 6, 3], "inflate": 0.01, "uv": [17, 50]}
					]
				},
				{
					"name": "leg_front_left2",
					"parent": "leg_front_left",
					"pivot": [3, 5.5, -3],
					"rotation": [-22.5, 0, 0],
					"cubes": [
						{"origin": [1.5, 0.5, -6], "size": [3, 5, 2], "uv": [0, 52]}
					]
				},
				{
					"name": "leg_front_left3",
					"parent": "leg_front_left2",
					"pivot": [3, 1, -4.5],
					"rotation": [15, 0, 0],
					"cubes": [
						{"origin": [1.5, -0.75, -6.25], "size": [3, 2, 2], "inflate": 0.01, "uv": [52, 33]}
					]
				},
				{
					"name": "leg_front_right",
					"parent": "body",
					"pivot": [-3, 10, -4.5],
					"rotation": [7.5, 0, 0],
					"cubes": [
						{"origin": [-4.5, 5.5, -6], "size": [3, 6, 3], "inflate": 0.01, "uv": [17, 50], "mirror": true}
					]
				},
				{
					"name": "leg_front_right2",
					"parent": "leg_front_right",
					"pivot": [-3, 5.5, -3],
					"rotation": [-22.5, 0, 0],
					"cubes": [
						{"origin": [-4.5, 0.5, -6], "size": [3, 5, 2], "uv": [0, 52], "mirror": true}
					]
				},
				{
					"name": "leg_front_right3",
					"parent": "leg_front_right2",
					"pivot": [-3, 1, -4.5],
					"rotation": [15, 0, 0],
					"cubes": [
						{"origin": [-4.5, -0.75, -6.25], "size": [3, 2, 2], "inflate": 0.01, "uv": [52, 33], "mirror": true}
					]
				},
				{
					"name": "leg_back_left",
					"parent": "body",
					"pivot": [3, 10, 4.75],
					"rotation": [5, 0, 0],
					"cubes": [
						{"origin": [1.5, 5.5, 2.75], "size": [3, 6, 4], "inflate": 0.01, "uv": [0, 0]}
					]
				},
				{
					"name": "leg_back_left2",
					"parent": "leg_back_left",
					"pivot": [3, 5.5, 6.25],
					"rotation": [-12.5, 0, 0],
					"cubes": [
						{"origin": [1.5, 0.75, 4.25], "size": [3, 5, 2], "uv": [0, 22]}
					]
				},
				{
					"name": "leg_back_left3",
					"parent": "leg_back_left2",
					"pivot": [3, 2.25, 5.75],
					"rotation": [7.5, 0, 0],
					"cubes": [
						{"origin": [1.5, -0.25, 4], "size": [3, 2, 2], "inflate": 0.01, "uv": [0, 29]}
					]
				},
				{
					"name": "leg_back_right",
					"parent": "body",
					"pivot": [-3, 10, 4.75],
					"rotation": [5, 0, 0],
					"cubes": [
						{"origin": [-4.5, 5.5, 2.75], "size": [3, 6, 4], "inflate": 0.01, "uv": [0, 0], "mirror": true}
					]
				},
				{
					"name": "leg_back_right2",
					"parent": "leg_back_right",
					"pivot": [-3, 5.5, 6.25],
					"rotation": [-12.5, 0, 0],
					"cubes": [
						{"origin": [-4.5, 0.75, 4.25], "size": [3, 5, 2], "uv": [0, 22], "mirror": true}
					]
				},
				{
					"name": "leg_back_right3",
					"parent": "leg_back_right2",
					"pivot": [-3, 2.25, 5.75],
					"rotation": [7.5, 0, 0],
					"cubes": [
						{"origin": [-4.5, -0.25, 4], "size": [3, 2, 2], "inflate": 0.01, "uv": [0, 29], "mirror": true}
					]
				}
			]
		}
	]
}