{
	"format_version": "1.12.0",
	"minecraft:geometry": [
		{
			"description": {
				"identifier": "geometry.flareon",
				"texture_width": 128,
				"texture_height": 128,
				"visible_bounds_width": 6,
				"visible_bounds_height": 3.5,
				"visible_bounds_offset": [0, 1.25, 0]
			},
			"bones": [
				{
					"name": "flareon",
					"pivot": [0, 0, -1]
				},
				{
					"name": "body",
					"parent": "flareon",
					"pivot": [0, 9.75, 0]
				},
				{
					"name": "torso",
					"parent": "body",
					"pivot": [0, 9.75, 0],
					"cubes": [
						{"origin": [-3.5, 6.25, -8.5], "size": [7, 7, 15], "uv": [0, 0]}
					]
				},
				{
					"name": "ruff",
					"parent": "torso",
					"pivot": [0, 11, -8],
					"rotation": [42.5, 0, 0],
					"cubes": [
						{"origin": [-4.5, 5.5, -12.25], "size": [9, 7, 11], "uv": [33, 11]},
						{"origin": [-5.5, 8.75, -17.25], "size": [11, 0, 7], "pivot": [0, 11.5, -13.25], "rotation": [37.5, 0, 0], "uv": [28, 0]}
					]
				},
				{
					"name": "wingsleft",
					"parent": "ruff",
					"pivot": [3.5, 8, -1.75]
				},
				{
					"name": "bottomwing",
					"parent": "wingsleft",
					"pivot": [4.5, 8, 1.25],
					"cubes": [
						{"origin": [2.5, 8, 1.75], "size": [3, 0, 6], "uv": [0, 6]},
						{"origin": [2.5, 8, -2.25], "size": [2, 0, 4], "uv": [6, 31]},
						{"origin": [2.5, 8, 7.75], "size": [4, 0, 8], "uv": [23, 29]}
					]
				},
				{
					"name": "bottomwing2",
					"parent": "wingsleft",
					"pivot": [4.5, 8, -1.5],
					"rotation": [-15.34721, 12.06754, -3.28396],
					"cubes": [
						{"origin": [2.5, 8, 1.75], "size": [3, 0, 4], "uv": [2, 2]},
						{"origin": [2.5, 8, -2.25], "size": [2, 0, 4], "uv": [6, 22]},
						{"origin": [2.5, 8, 5.75], "size": [4, 0, 5], "uv": [30, 10]}
					]
				},
				{
					"name": "wingsright",
					"parent": "ruff",
					"pivot": [-3.5, 8, -1.75]
				},
				{
					"name": "bottomwing3",
					"parent": "wingsright",
					"pivot": [-4.5, 8, 1.25],
					"cubes": [
						{"origin": [-5.5, 8, 1.75], "size": [3, 0, 6], "uv": [0, 6], "mirror": true},
						{"origin": [-4.5, 8, -2.25], "size": [2, 0, 4], "uv": [6, 31], "mirror": true},
						{"origin": [-6.5, 8, 7.75], "size": [4, 0, 8], "uv": [23, 29], "mirror": true}
					]
				},
				{
					"name": "bottomwing4",
					"parent": "wingsright",
					"pivot": [-4.5, 8, -1.5],
					"rotation": [-15.34721, -12.06754, 3.28396],
					"cubes": [
						{"origin": [-5.5, 8, 1.75], "size": [3, 0, 4], "uv": [2, 2], "mirror": true},
						{"origin": [-4.5, 8, -2.25], "size": [2, 0, 4], "uv": [6, 22], "mirror": true},
						{"origin": [-6.5, 8, 5.75], "size": [4, 0, 5], "uv": [30, 10], "mirror": true}
					]
				},
				{
					"name": "head",
					"parent": "torso",
					"pivot": [0, 10.5, -7.25],
					"rotation": [-27.5, 0, 0],
					"cubes": [
						{"origin": [-3.5, 9.5, -13.25], "size": [7, 7, 7], "inflate": 0.01, "uv": [0, 40]},
						{"origin": [-2.5, 6.5, -15.75], "size": [5, 4, 4], "pivot": [0, 11, -13.75], "rotation": [57.5, 0, 0], "uv": [52, 48]},
						{"origin": [-0.5, 9.5, -15.775], "size": [1, 1, 0], "pivot": [0, 11, -13.75], "rotation": [57.5, 0, 0], "uv": [0, 10]}
					]
				},
				{
					"name": "mouth",
					"parent": "head",
					"pivot": [0, 10.51, -14.76]
				},
				{
					"name": "eyes",
					"parent": "head",
					"pivot": [0, 13.25, -11]
				},
				{
					"name": "eye_left",
					"parent": "eyes",
					"pivot": [2.515, 12.75, -12.265],
					"cubes": [
						{"origin": [1.69, 10.75, -13.415], "size": [2, 3, 2], "uv": [0, 10]}
					]
				},
				{
					"name": "eye_right",
					"parent": "eyes",
					"pivot": [-2.515, 12.75, -12.265],
					"cubes": [
						{"origin": [-3.69, 10.75, -13.415], "size": [2, 3, 2], "uv": [0, 10], "mirror": true}
					]
				},
				{
					"name": "ear_left",
					"parent": "head",
					"pivot": [1.71426, 15.42638, -13.14579],
					"rotation": [78.30847, 52.16383, 84.0588],
					"cubes": [
						{"origin": [1.21426, 14.08654, -13.22805], "size": [1, 3, 1], "uv": [11, 11]}
					]
				},
				{
					"name": "bone",
					"parent": "ear_left",
					"pivot": [1.96426, 18.19061, -13.0519],
					"rotation": [7.58967, -36.83503, -12.53061],
					"cubes": [
						{"origin": [0.71426, 16.44061, -14.0519], "size": [2, 3, 10], "pivot": [1.96426, 18.19061, -13.0519], "rotation": [17.5, 0, 0], "uv": [38, 48]},
						{"origin": [1.71426, 16.44061, -5.0519], "size": [0, 5, 5], "pivot": [1.96426, 18.19061, -13.0519], "rotation": [17.5, 0, 0], "uv": [0, 26]}
					]
				},
				{
					"name": "ear_right",
					"parent": "head",
					"pivot": [-1.71426, 15.42638, -13.14579],
					"rotation": [78.30847, -52.16383, -84.0588],
					"cubes": [
						{"origin": [-2.21426, 14.08654, -13.22805], "size": [1, 3, 1], "uv": [11, 11], "mirror": true}
					]
				},
				{
					"name": "bone2",
					"parent": "ear_right",
					"pivot": [-1.96426, 18.19061, -13.0519],
					"rotation": [7.58967, 36.83503, 12.53061],
					"cubes": [
						{"origin": [-2.71426, 16.44061, -14.0519], "size": [2, 3, 10], "pivot": [-1.96426, 18.19061, -13.0519], "rotation": [17.5, 0, 0], "uv": [38, 48], "mirror": true},
						{"origin": [-1.71426, 16.44061, -5.0519], "size": [0, 5, 5], "pivot": [-1.96426, 18.19061, -13.0519], "rotation": [17.5, 0, 0], "uv": [0, 26], "mirror": true}
					]
				},
				{
					"name": "tail",
					"parent": "torso",
					"pivot": [0, 10.25, 4],
					"rotation": [40, 0, 0],
					"cubes": [
						{"origin": [-3.5, 5.25, 4], "size": [7, 8, 10], "inflate": -0.001, "uv": [36, 30]},
						{"origin": [-4, 10.5, 4], "size": [8, 3, 15], "inflate": -0.001, "uv": [0, 22]},
						{"origin": [3.76378, 9.69643, 4], "size": [3, 0, 15], "inflate": -0.001, "pivot": [5.26378, 9.69643, 11.5], "rotation": [0, 0, 32.5], "uv": [14, 0]},
						{"origin": [-6.76378, 9.69643, 4], "size": [3, 0, 15], "inflate": -0.001, "pivot": [-5.26378, 9.69643, 11.5], "rotation": [0, 0, -32.5], "uv": [14, 0], "mirror": true}
					]
				},
				{
					"name": "tail3",
					"parent": "tail",
					"pivot": [-0.5, 11, 17.5],
					"rotation": [15, 0, 0],
					"cubes": [
						{"origin": [-5, 11, 16.5], "size": [10, 0, 7], "uv": [21, 48]}
					]
				},
				{
					"name": "tail2",
					"parent": "tail",
					"pivot": [0, 10.25, 13.5],
					"rotation": [-10, 0, 0],
					"cubes": [
						{"origin": [-3, 5.75, 13.5], "size": [6, 7, 5], "uv": [0, 54]}
					]
				},
				{
					"name": "leg_front_left",
					"parent": "body",
					"pivot": [2.75, 9, -4.5],
					"rotation": [7.5, 0, 0],
					"cubes": [
						{"origin": [1.25, 5.5, -6], "size": [3, 5, 3], "inflate": 0.01, "uv": [57, 0]}
					]
				},
				{
					"name": "leg_front_left2",
					"parent": "leg_front_left",
					"pivot": [2.75, 4.5, -3],
					"rotation": [-22.5, 0, 0],
					"cubes": [
						{"origin": [1.25, 0.5, -7], "size": [3, 5, 4], "inflate": 0.03, "uv": [0, 22]},
						{"origin": [5.4474, 0.5, -2.90487], "size": [0, 7, 3], "inflate": 0.03, "pivot": [0.9474, 0, 2.09513], "rotation": [0, 15, 0], "uv": [0, 0]}
					]
				},
				{
					"name": "leg_front_left3",
					"parent": "leg_front_left2",
					"pivot": [2.75, 1, -4.5],
					"rotation": [15, 0, 0],
					"cubes": [
						{"origin": [1.75, -0.75, -5.75], "size": [2, 2, 1], "inflate": 0.01, "uv": [0, 0]}
					]
				},
				{
					"name": "leg_front_right",
					"parent": "body",
					"pivot": [-2.75, 9, -4.5],
					"rotation": [7.5, 0, 0],
					"cubes": [
						{"origin": [-4.25, 5.5, -6], "size": [3, 5, 3], "inflate": 0.01, "uv": [57, 0], "mirror": true}
					]
				},
				{
					"name": "leg_front_right2",
					"parent": "leg_front_right",
					"pivot": [-2.75, 4.5, -3],
					"rotation": [-22.5, 0, 0],
					"cubes": [
						{"origin": [-4.25, 0.5, -7], "size": [3, 5, 4], "inflate": 0.03, "uv": [0, 22], "mirror": true},
						{"origin": [-5.4474, 0.5, -2.90487], "size": [0, 7, 3], "inflate": 0.03, "pivot": [-0.9474, 0, 2.09513], "rotation": [0, -15, 0], "uv": [0, 0], "mirror": true}
					]
				},
				{
					"name": "leg_front_right3",
					"parent": "leg_front_right2",
					"pivot": [-2.75, 1, -4.5],
					"rotation": [15, 0, 0],
					"cubes": [
						{"origin": [-3.75, -0.75, -5.75], "size": [2, 2, 1], "inflate": 0.01, "uv": [0, 0], "mirror": true}
					]
				},
				{
					"name": "leg_back_left",
					"parent": "body",
					"pivot": [3, 9, 4.75],
					"rotation": [5, 0, 0],
					"cubes": [
						{"origin": [1.5, 4.5, 1.75], "size": [3, 6, 5], "inflate": 0.01, "uv": [22, 55]}
					]
				},
				{
					"name": "leg_back_left2",
					"parent": "leg_back_left",
					"pivot": [3, 4.5, 6.25],
					"rotation": [-12.5, 0, 0],
					"cubes": [
						{"origin": [1.5, 1.75, 3.5], "size": [3, 3, 3], "uv": [21, 40]}
					]
				},
				{
					"name": "leg_back_left3",
					"parent": "leg_back_left2",
					"pivot": [3, 2.175, 5.25],
					"rotation": [7.5, 0, 0],
					"cubes": [
						{"origin": [2, -0.325, 4.5], "size": [2, 4, 1], "inflate": 0.01, "uv": [39, 29]}
					]
				},
				{
					"name": "leg_back_right",
					"parent": "body",
					"pivot": [-3, 9, 4.75],
					"rotation": [5, 0, 0],
					"cubes": [
						{"origin": [-4.5, 4.5, 1.75], "size": [3, 6, 5], "inflate": 0.01, "uv": [22, 55], "mirror": true}
					]
				},
				{
					"name": "leg_back_right2",
					"parent": "leg_back_right",
					"pivot": [-3, 4.5, 6.25],
					"rotation": [-12.5, 0, 0],
					"cubes": [
						{"origin": [-4.5, 1.75, 3.5], "size": [3, 3, 3], "uv": [21, 40], "mirror": true}
					]
				},
				{
					"name": "leg_back_right3",
					"parent": "leg_back_right2",
					"pivot": [-3, 2.175, 5.25],
					"rotation": [7.5, 0, 0],
					"cubes": [
						{"origin": [-4, -0.325, 4.5], "size": [2, 4, 1], "inflate": 0.01, "uv": [39, 29], "mirror": true}
					]
				}
			]
		}
	]
}