{
	"format_version": "1.12.0",
	"minecraft:geometry": [
		{
			"description": {
				"identifier": "geometry.umbreon",
				"texture_width": 128,
				"texture_height": 128,
				"visible_bounds_width": 4,
				"visible_bounds_height": 3.5,
				"visible_bounds_offset": [0, 1.25, 0]
			},
			"bones": [
				{
					"name": "umbreon",
					"pivot": [0, 0, 0]
				},
				{
					"name": "body",
					"parent": "umbreon",
					"pivot": [0, 10.25, 0]
				},
				{
					"name": "torso",
					"parent": "body",
					"pivot": [0, 10.25, 0],
					"cubes": [
						{"origin": [-3.5, 7.25, -7], "size": [7, 6, 14], "uv": [0, 19]},
						{"origin": [-3.5, 7.25, -6.75], "size": [7, 6, 4], "inflate": 0.3, "uv": [0, 39]}
					]
				},
				{
					"name": "mail",
					"parent": "torso",
					"pivot": [0, 13.6, -2.25],
					"rotation": [-12.5, 0, 0],
					"cubes": [
						{"origin": [-3.5, 13.4351, -3.36272], "size": [7, 1, 2], "inflate": 0.2998, "pivot": [0, 14.4351, -0.86272], "rotation": [40, 0, 0], "uv": [49, 19]}
					]
				},
				{
					"name": "mail2",
					"parent": "torso",
					"pivot": [0, 13.225, -0.5],
					"rotation": [5, 0, 0],
					"cubes": [
						{"origin": [-3.5, 13.975, -0.25], "size": [7, 0, 3], "pivot": [0, 13.975, 1.25], "rotation": [27.5, 0, 0], "uv": [34, 14]}
					]
				},
				{
					"name": "mail3",
					"parent": "torso",
					"pivot": [0, 12.975, 2.5],
					"rotation": [5, 0, 0],
					"cubes": [
						{"origin": [-3.5, 13.725, 2.25], "size": [7, 0, 3], "pivot": [0, 13.725, 3.75], "rotation": [27.5, 0, 0], "uv": [34, 11]}
					]
				},
				{
					"name": "head",
					"parent": "torso",
					"pivot": [0, 13, -6],
					"cubes": [
						{"origin": [-3.5, 11.5, -11.75], "size": [7, 7, 7], "inflate": 0.01, "uv": [28, 19]},
						{"origin": [-2.5, 11.5, -13.25], "size": [5, 3, 2], "uv": [0, 28]}
					]
				},
				{
					"name": "helmet",
					"parent": "head",
					"pivot": [0, 0, 0],
					"cubes": [
						{"origin": [-0.25, 10.75, -4.5], "size": [4, 8, 0], "inflate": 0.01, "uv": [0, 54]},
						{"origin": [-0.25, 18.75, -11.5], "size": [4, 0, 7], "inflate": 0.01, "uv": [0, 0]},
						{"origin": [-3.25, 18.75, -12.25], "size": [6, 0, 1], "inflate": -0.001, "uv": [0, 11]},
						{"origin": [-2.25, 16.75, -12.25], "size": [4, 2, 0], "inflate": -0.001, "uv": [0, 68]},
						{"origin": [3.75, 11, -11.5], "size": [0, 7, 7], "inflate": 0.01, "uv": [0, 0]},
						{"origin": [3.75, 17.75, -11.5], "size": [0, 1, 7], "uv": [0, 20]},
						{"origin": [-3.75, 11, -11.5], "size": [0, 7, 7], "inflate": 0.01, "uv": [0, 0], "mirror": true},
						{"origin": [-3.75, 17.75, -11.5], "size": [0, 1, 7], "uv": [0, 20], "mirror": true},
						{"origin": [-3.75, 10.75, -4.5], "size": [4, 8, 0], "inflate": 0.0098, "uv": [0, 54], "mirror": true},
						{"origin": [-3.75, 18.75, -11.5], "size": [4, 0, 7], "inflate": 0.0098, "uv": [0, 0], "mirror": true}
					]
				},
				{
					"name": "bone2",
					"parent": "helmet",
					"pivot": [0, 18.94134, -5.46194],
					"cubes": [
						{"origin": [-3, 19.94134, -7.01194], "size": [6, 5, 5], "inflate": 0.01, "pivot": [0, 18.94134, -5.46194], "rotation": [-22.5, 0, 0], "uv": [17, 44]},
						{"origin": [-1, 17.94134, -6.01194], "size": [2, 2, 2], "inflate": 0.01, "pivot": [0, 18.94134, -5.46194], "rotation": [-22.5, 0, 0], "uv": [34, 45]}
					]
				},
				{
					"name": "bone3",
					"parent": "bone2",
					"pivot": [-0.5, 22.68735, -2.12102],
					"cubes": [
						{"origin": [-2.5, 19.94134, -4.01194], "size": [5, 5, 7], "inflate": 0.01, "pivot": [0, 18.94134, -5.46194], "rotation": [-25, 0, 0], "uv": [35, 33]}
					]
				},
				{
					"name": "bone4",
					"parent": "bone3",
					"pivot": [0, 20.51634, 2.40913],
					"cubes": [
						{"origin": [-2, 18.68735, 1.87898], "size": [4, 4, 7], "inflate": 0.01, "pivot": [-0.5, 20.68735, 5.87898], "rotation": [20, 0, 0], "uv": [37, 0]}
					]
				},
				{
					"name": "bone",
					"parent": "helmet",
					"pivot": [0, 15.42107, -6.98369],
					"rotation": [12.5, 0, 0],
					"cubes": [
						{"origin": [-4, 14.67107, -13.28369], "size": [8, 5, 1], "pivot": [0, 14.67107, -7.48369], "rotation": [-62.5, 0, 0], "uv": [0, 62]},
						{"origin": [3, 14.67107, -13.23369], "size": [1, 2, 6], "inflate": 0.01, "pivot": [0, 14.67107, -7.48369], "rotation": [-62.5, 0, 0], "uv": [45, 11]},
						{"origin": [-4, 14.67107, -13.23369], "size": [1, 2, 6], "inflate": 0.01, "pivot": [0, 14.67107, -7.48369], "rotation": [-62.5, 0, 0], "uv": [45, 11], "mirror": true}
					]
				},
				{
					"name": "mouth",
					"parent": "head",
					"pivot": [0, 12.25, -13.16],
					"cubes": [
						{"origin": [-1, 11.75, -13.16], "size": [2, 1, 0], "uv": [15, 0]}
					]
				},
				{
					"name": "eyes",
					"parent": "head",
					"pivot": [0, 15.25, -9.5]
				},
				{
					"name": "eye_left",
					"parent": "eyes",
					"pivot": [2.515, 15.5, -10.765],
					"cubes": [
						{"origin": [1.515, 14.5, -11.765], "size": [2, 2, 2], "uv": [24, 54]}
					]
				},
				{
					"name": "eyelid_left",
					"parent": "eye_left",
					"pivot": [2.415, 15.5, -10.665],
					"cubes": [
						{"origin": [1.415, 14.5, -11.665], "size": [2, 2, 2], "inflate": 0.01, "uv": [16, 54]}
					]
				},
				{
					"name": "eye_right",
					"parent": "eyes",
					"pivot": [-2.515, 15.5, -10.765],
					"cubes": [
						{"origin": [-3.515, 14.5, -11.765], "size": [2, 2, 2], "uv": [24, 54], "mirror": true}
					]
				},
				{
					"name": "eyelid_right",
					"parent": "eye_right",
					"pivot": [-2.415, 15.5, -10.665],
					"cubes": [
						{"origin": [-3.415, 14.5, -11.665], "size": [2, 2, 2], "inflate": 0.01, "uv": [16, 54], "mirror": true}
					]
				},
				{
					"name": "ear_left",
					"parent": "head",
					"pivot": [2.5, 18.5, -8.75],
					"rotation": [-60, 40, -5],
					"cubes": [
						{"origin": [1.85721, 19.16341, -9.36698], "size": [0, 13, 5], "uv": [0, 9]}
					]
				},
				{
					"name": "ear_right",
					"parent": "head",
					"pivot": [-2.5, 18.5, -8.75],
					"rotation": [-60, -40, 5],
					"cubes": [
						{"origin": [-1.85721, 19.16341, -9.36698], "size": [0, 13, 5], "uv": [0, 9], "mirror": true}
					]
				},
				{
					"name": "tail",
					"parent": "torso",
					"pivot": [0, 11.5, 6],
					"rotation": [35, 0, 0],
					"cubes": [
						{"origin": [-4.5, 12, 6], "size": [9, 0, 19], "uv": [0, 0]}
					]
				},
				{
					"name": "leg_front_left",
					"parent": "body",
					"pivot": [2.5, 9, -4.5],
					"rotation": [5, 0, 0],
					"cubes": [
						{"origin": [1, 4.5, -6], "size": [3, 6, 3], "inflate": 0.01, "uv": [50, 52]},
						{"origin": [3, 7.5, -5.675], "size": [1, 3, 3], "inflate": 0.1998, "uv": [11, 11]},
						{"origin": [1, 7.5, -6.075], "size": [3, 3, 1], "inflate": 0.2, "uv": [49, 22]}
					]
				},
				{
					"name": "leg_front_left2",
					"parent": "leg_front_left",
					"pivot": [2.5, 4.5, -3.5],
					"rotation": [-20, 0, 0],
					"cubes": [
						{"origin": [1, 0.75, -6], "size": [3, 4, 3], "uv": [52, 33]},
						{"origin": [1, 0.75, -6.3], "size": [3, 4, 1], "inflate": 0.2, "uv": [8, 54]},
						{"origin": [3, 0.75, -5.9], "size": [1, 4, 2], "inflate": 0.198, "uv": [28, 19]},
						{"origin": [1, 0.75, -5.9], "size": [0, 4, 2], "inflate": 0.198, "uv": [14, 5]}
					]
				},
				{
					"name": "leg_front_left3",
					"parent": "leg_front_left2",
					"pivot": [2.5, 1, -4.5],
					"rotation": [15, 0, 0],
					"cubes": [
						{"origin": [1, -0.5, -6.25], "size": [3, 2, 3], "inflate": 0.01, "uv": [53, 11]}
					]
				},
				{
					"name": "leg_front_right",
					"parent": "body",
					"pivot": [-2.5, 9, -4.5],
					"rotation": [5, 0, 0],
					"cubes": [
						{"origin": [-4, 4.5, -6], "size": [3, 6, 3], "inflate": 0.01, "uv": [50, 52], "mirror": true},
						{"origin": [-4, 7.5, -5.675], "size": [1, 3, 3], "inflate": 0.1998, "uv": [11, 11], "mirror": true},
						{"origin": [-4, 7.5, -6.075], "size": [3, 3, 1], "inflate": 0.2, "uv": [49, 22], "mirror": true}
					]
				},
				{
					"name": "leg_front_right2",
					"parent": "leg_front_right",
					"pivot": [-2.5, 4.5, -3.5],
					"rotation": [-20, 0, 0],
					"cubes": [
						{"origin": [-4, 0.75, -6], "size": [3, 4, 3], "uv": [52, 33], "mirror": true},
						{"origin": [-4, 0.75, -6.3], "size": [3, 4, 1], "inflate": 0.2, "uv": [8, 54], "mirror": true},
						{"origin": [-4, 0.75, -5.9], "size": [1, 4, 2], "inflate": 0.198, "uv": [28, 19], "mirror": true},
						{"origin": [-1, 0.75, -5.9], "size": [0, 4, 2], "inflate": 0.198, "uv": [14, 5], "mirror": true}
					]
				},
				{
					"name": "leg_front_right3",
					"parent": "leg_front_right2",
					"pivot": [-2.5, 1, -4.5],
					"rotation": [15, 0, 0],
					"cubes": [
						{"origin": [-4, -0.5, -6.25], "size": [3, 2, 3], "inflate": 0.01, "uv": [53, 11], "mirror": true}
					]
				},
				{
					"name": "leg_back_left",
					"parent": "body",
					"pivot": [2.5, 9, 4.75],
					"rotation": [5, 0, 0],
					"cubes": [
						{"origin": [1, 4.5, 2.75], "size": [3, 6, 4], "inflate": 0.01, "uv": [39, 45]},
						{"origin": [1, 5.5, 2.75], "size": [3, 5, 1], "inflate": 0.2, "uv": [53, 45]},
						{"origin": [3, 5.5, 3.15], "size": [1, 5, 2], "inflate": 0.198, "uv": [0, 0]}
					]
				},
				{
					"name": "leg_back_left2",
					"parent": "leg_back_left",
					"pivot": [2.5, 4.5, 6.25],
					"rotation": [-12.5, 0, 0],
					"cubes": [
						{"origin": [1, 0.75, 4.25], "size": [3, 4, 3], "uv": [52, 0]}
					]
				},
				{
					"name": "leg_back_left3",
					"parent": "leg_back_left2",
					"pivot": [2.5, 1.25, 5.75],
					"rotation": [7.5, 0, 0],
					"cubes": [
						{"origin": [1, -0.25, 4], "size": [3, 2, 3], "inflate": 0.01, "uv": [22, 39]}
					]
				},
				{
					"name": "leg_back_right",
					"parent": "body",
					"pivot": [-2.5, 9, 4.75],
					"rotation": [5, 0, 0],
					"cubes": [
						{"origin": [-4, 4.5, 2.75], "size": [3, 6, 4], "inflate": 0.01, "uv": [39, 45], "mirror": true},
						{"origin": [-4, 5.5, 2.75], "size": [3, 5, 1], "inflate": 0.2, "uv": [53, 45], "mirror": true},
						{"origin": [-4, 5.5, 3.15], "size": [1, 5, 2], "inflate": 0.198, "uv": [0, 0], "mirror": true}
					]
				},
				{
					"name": "leg_back_right2",
					"parent": "leg_back_right",
					"pivot": [-2.5, 4.5, 6.25],
					"rotation": [-12.5, 0, 0],
					"cubes": [
						{"origin": [-4, 0.75, 4.25], "size": [3, 4, 3], "uv": [52, 0], "mirror": true}
					]
				},
				{
					"name": "leg_back_right3",
					"parent": "leg_back_right2",
					"pivot": [-2.5, 1.25, 5.75],
					"rotation": [7.5, 0, 0],
					"cubes": [
						{"origin": [-4, -0.25, 4], "size": [3, 2, 3], "inflate": 0.01, "uv": [22, 39], "mirror": true}
					]
				}
			]
		}
	]
}