{
	"format_version": "1.12.0",
	"minecraft:geometry": [
		{
			"description": {
				"identifier": "geometry.draconeon",
				"texture_width": 128,
				"texture_height": 128,
				"visible_bounds_width": 6,
				"visible_bounds_height": 3.5,
				"visible_bounds_offset": [0, 1.25, 0]
			},
			"bones": [
				{
					"name": "draconeon",
					"pivot": [0, 0, 0]
				},
				{
					"name": "body",
					"parent": "draconeon",
					"pivot": [0, 9.75, 0]
				},
				{
					"name": "torso",
					"parent": "body",
					"pivot": [0, 11.25, 0],
					"cubes": [
						{"origin": [0, 9.00688, -14.94789], "size": [0, 9, 14], "pivot": [0, 13.50688, -7.19789], "rotation": [12.5, 0, 0], "uv": [-1, 64]},
						{"origin": [-4, 11.45561, -12.29728], "size": [8, 10, 8], "pivot": [0, 14.55561, -7.54728], "rotation": [-37.5, 0, 0], "uv": [0, 0]},
						{"origin": [-3.5, 10.24997, -7], "size": [7, 6, 7], "uv": [0, 34]},
						{"origin": [0, 16.24997, -6.98093], "size": [0, 2, 7], "uv": [21, 27]}
					]
				},
				{
					"name": "head",
					"parent": "torso",
					"pivot": [0, 19.30731, -13.00875],
					"rotation": [12.5, 0, 0],
					"cubes": [
						{"origin": [-3.93162, 28.48963, -13.9], "size": [1, 3, 1], "uv": [80, 7]},
						{"origin": [3.03162, 28.48963, -13.9], "size": [1, 3, 1], "pivot": [3.25319, 27.12451, -13.225], "rotation": [0, 0, 2.5], "uv": [80, 7]},
						{"origin": [-3.5, 16.74997, -15], "size": [7, 7, 7], "inflate": 0.01, "uv": [19, 20]},
						{"origin": [2.1, 22.74997, -14.05], "size": [2, 3, 2], "inflate": 0.01, "pivot": [3.25319, 27.12451, -13.225], "rotation": [0, 0, 5], "uv": [58, 63]},
						{"origin": [2.8387, 25.76108, -13.79411], "size": [1, 3, 1], "inflate": 0.01, "pivot": [3.25319, 27.12451, -13.225], "rotation": [2.5, 0, 10], "uv": [45, 74]},
						{"origin": [-4, 22.74997, -14.05], "size": [2, 3, 2], "inflate": 0.01, "pivot": [-3.15319, 27.12451, -13.225], "rotation": [0, 0, -2.5], "uv": [63, 5]},
						{"origin": [-3.74189, 25.75793, -13.7962], "size": [1, 3, 1], "inflate": 0.01, "pivot": [-3.15319, 27.12451, -13.225], "rotation": [0, -2.5, -7.5], "uv": [81, 74]},
						{"origin": [-2.5, 16.74997, -17], "size": [5, 3, 2], "uv": [26, 65]},
						{"origin": [-0.5, 18.50731, -17.00875], "size": [1, 1, 0], "uv": [2, 71]}
					]
				},
				{
					"name": "mouth",
					"parent": "head",
					"pivot": [0, 6.75, -2.5],
					"cubes": [
						{"origin": [-1, 17.25, -15.91], "size": [2, 1, 0], "uv": [46, 40]}
					]
				},
				{
					"name": "eyes",
					"parent": "head",
					"pivot": [0, 20.87178, -14.98093]
				},
				{
					"name": "eye_right",
					"parent": "eyes",
					"pivot": [-2.515, 21, -14.515],
					"cubes": [
						{"origin": [-3.515, 20, -15.015], "size": [2, 2, 1], "uv": [54, 50]}
					]
				},
				{
					"name": "eyelid_right",
					"parent": "eye_right",
					"pivot": [-2.415, 21, -14.415],
					"cubes": [
						{"origin": [-3.415, 20, -14.915], "size": [2, 2, 1], "inflate": 0.01, "uv": [54, 38]}
					]
				},
				{
					"name": "eye_left",
					"parent": "eyes",
					"pivot": [2.515, 21, -14.515],
					"cubes": [
						{"origin": [1.515, 20, -15.015], "size": [2, 2, 1], "uv": [47, 31]}
					]
				},
				{
					"name": "eyelid_left",
					"parent": "eye_left",
					"pivot": [2.415, 21, -14.415],
					"cubes": [
						{"origin": [1.415, 20, -14.915], "size": [2, 2, 1], "inflate": 0.01, "uv": [41, 13]}
					]
				},
				{
					"name": "ear_left",
					"parent": "head",
					"pivot": [3.5, 24.74997, -11.98093],
					"rotation": [0, 10, 0],
					"cubes": [
						{"origin": [-0.76872, 23.74997, -6.47827], "size": [11, 9, 0], "pivot": [3.73128, 28.24997, -6.47827], "rotation": [0, -72.5, 0], "uv": [0, 47]}
					]
				},
				{
					"name": "ear_right",
					"parent": "head",
					"pivot": [-3.5, 24.74997, -11.98093],
					"rotation": [0, -10, 0],
					"cubes": [
						{"origin": [-10.23128, 23.74997, -6.47827], "size": [11, 9, 0], "pivot": [-3.73128, 28.24997, -6.47827], "rotation": [0, 72.5, 0], "uv": [0, 47], "mirror": true}
					]
				},
				{
					"name": "whiskerright",
					"parent": "torso",
					"pivot": [0, 0, 0]
				},
				{
					"name": "whiskerirght1",
					"parent": "whiskerright",
					"pivot": [3.56522, 18, -12.67346],
					"cubes": [
						{"origin": [3.8, 17.5, -13], "size": [0, 1, 2], "pivot": [4, 18, -12], "rotation": [0, 22.5, 0], "uv": [40, 24]}
					]
				},
				{
					"name": "whiskerright2",
					"parent": "whiskerirght1",
					"pivot": [3.76955, 18, -12.00307],
					"cubes": [
						{"origin": [4.4, 17.5, -12], "size": [0, 1, 3], "pivot": [4, 18, -10.5], "rotation": [0, 22.5, 0], "uv": [0, 37]}
					]
				},
				{
					"name": "whiskerright3",
					"parent": "whiskerright2",
					"pivot": [4.5176, 18, -10.18143],
					"cubes": [
						{"origin": [4.4, 17.5, -10], "size": [0, 1, 5], "pivot": [4, 18, -10.5], "rotation": [0, 22.5, 0], "uv": [21, 34]}
					]
				},
				{
					"name": "whiskerright4",
					"parent": "whiskerright3",
					"pivot": [0, 11.25, 0],
					"cubes": [
						{"origin": [6.85699, 17.5, -6.64786], "size": [0, 1, 4], "pivot": [6.85699, 18, -4.64786], "rotation": [0, 22.5, 0], "uv": [46, 35]}
					]
				},
				{
					"name": "whiskerright5",
					"parent": "whiskerright4",
					"pivot": [0, 11.25, 0],
					"cubes": [
						{"origin": [4.4, 17.5, -3], "size": [0, 1, 4], "pivot": [4, 18, -10.5], "rotation": [0, 22.5, 0], "uv": [40, 16]}
					]
				},
				{
					"name": "whiskerright6",
					"parent": "whiskerright5",
					"pivot": [0, 11.25, 0],
					"cubes": [
						{"origin": [4.4, 17.5, 0], "size": [0, 1, 4], "pivot": [4, 18, -10.5], "rotation": [0, 22.5, 0], "uv": [40, 15]}
					]
				},
				{
					"name": "whiskerright7",
					"parent": "whiskerright6",
					"pivot": [0, 11.25, 0],
					"cubes": [
						{"origin": [4.4, 17.5, 3], "size": [0, 1, 4], "pivot": [4, 18, -10.5], "rotation": [0, 22.5, 0], "uv": [40, 14]}
					]
				},
				{
					"name": "whiskerleft",
					"parent": "torso",
					"pivot": [0, 0, 0]
				},
				{
					"name": "whiskerirght2",
					"parent": "whiskerleft",
					"pivot": [-3.56522, 18, -12.67346],
					"cubes": [
						{"origin": [-3.8, 17.5, -13], "size": [0, 1, 2], "pivot": [-4, 18, -12], "rotation": [0, -22.5, 0], "uv": [40, 24], "mirror": true}
					]
				},
				{
					"name": "whiskerleft2",
					"parent": "whiskerirght2",
					"pivot": [-3.76955, 18, -12.00307],
					"cubes": [
						{"origin": [-4.4, 17.5, -12], "size": [0, 1, 3], "pivot": [-4, 18, -10.5], "rotation": [0, -22.5, 0], "uv": [0, 37], "mirror": true}
					]
				},
				{
					"name": "whiskerleft3",
					"parent": "whiskerleft2",
					"pivot": [-4.5176, 18, -10.18143],
					"cubes": [
						{"origin": [-4.4, 17.5, -10], "size": [0, 1, 5], "pivot": [-4, 18, -10.5], "rotation": [0, -22.5, 0], "uv": [21, 34], "mirror": true}
					]
				},
				{
					"name": "whiskerleft4",
					"parent": "whiskerleft3",
					"pivot": [0, 11.25, 0],
					"cubes": [
						{"origin": [-6.85699, 17.5, -6.64786], "size": [0, 1, 4], "pivot": [-6.85699, 18, -4.64786], "rotation": [0, -22.5, 0], "uv": [46, 35], "mirror": true}
					]
				},
				{
					"name": "whiskerleft5",
					"parent": "whiskerleft4",
					"pivot": [0, 11.25, 0],
					"cubes": [
						{"origin": [-4.4, 17.5, -3], "size": [0, 1, 4], "pivot": [-4, 18, -10.5], "rotation": [0, -22.5, 0], "uv": [40, 16], "mirror": true}
					]
				},
				{
					"name": "whiskerleft6",
					"parent": "whiskerleft5",
					"pivot": [0, 11.25, 0],
					"cubes": [
						{"origin": [-4.4, 17.5, 0], "size": [0, 1, 4], "pivot": [-4, 18, -10.5], "rotation": [0, -22.5, 0], "uv": [40, 15], "mirror": true}
					]
				},
				{
					"name": "whiskerleft7",
					"parent": "whiskerleft6",
					"pivot": [0, 11.25, 0],
					"cubes": [
						{"origin": [-4.4, 17.5, 3], "size": [0, 1, 4], "pivot": [-4, 18, -10.5], "rotation": [0, -22.5, 0], "uv": [40, 14], "mirror": true}
					]
				},
				{
					"name": "hips",
					"parent": "torso",
					"pivot": [0, 11.24997, 0.01907],
					"cubes": [
						{"origin": [-3.5, 10.24997, 0], "size": [7, 6, 7], "uv": [32, 0]},
						{"origin": [0, 16.24997, 0.01907], "size": [0, 2, 7], "uv": [0, 25]}
					]
				},
				{
					"name": "leg_back_right",
					"parent": "hips",
					"pivot": [-2.5, 8.99997, 4.75],
					"rotation": [5, 0, 0],
					"cubes": [
						{"origin": [-4, 4.99997, 2.75], "size": [3, 7, 4], "inflate": 0.01, "uv": [0, 56]}
					]
				},
				{
					"name": "leg_back_right2",
					"parent": "leg_back_right",
					"pivot": [-2.5, 4.49997, 6.25],
					"rotation": [-12.5, 0, 0],
					"cubes": [
						{"origin": [-4, 0.74997, 4.25], "size": [3, 5, 3], "uv": [58, 38]},
						{"origin": [-4, -0.25, 4], "size": [3, 2, 3], "inflate": 0.01, "uv": [55, 58]}
					]
				},
				{
					"name": "leg_back_left",
					"parent": "hips",
					"pivot": [2.5, 8.99997, 4.75],
					"rotation": [5, 0, 0],
					"cubes": [
						{"origin": [1, 4.99997, 2.75], "size": [3, 7, 4], "inflate": 0.01, "uv": [44, 50]},
						{"origin": [4, 7.49997, 6.75], "size": [0, 2, 4], "inflate": 0.01, "uv": [0, 2]},
						{"origin": [-4, 7.49997, 6.75], "size": [0, 2, 4], "inflate": 0.01, "uv": [0, 0]}
					]
				},
				{
					"name": "leg_back_left2",
					"parent": "leg_back_left",
					"pivot": [2.5, 4.49997, 6.25],
					"rotation": [-12.5, 0, 0],
					"cubes": [
						{"origin": [1, 0.74997, 4.25], "size": [3, 5, 3], "uv": [26, 57]}
					]
				},
				{
					"name": "leg_back_left3",
					"parent": "leg_back_left2",
					"pivot": [2.5, 1.24997, 5.75],
					"rotation": [7.5, 0, 0],
					"cubes": [
						{"origin": [1, -0.25, 4], "size": [3, 2, 3], "inflate": 0.01, "uv": [55, 58]}
					]
				},
				{
					"name": "tail",
					"parent": "hips",
					"pivot": [0.07143, 13.17854, 6.98336],
					"cubes": [
						{"origin": [-2.5, 10.24997, 7], "size": [5, 6, 8], "uv": [28, 34]},
						{"origin": [0, 16.24997, 7.01907], "size": [0, 2, 8], "uv": [0, 19]}
					]
				},
				{
					"name": "tail2",
					"parent": "tail",
					"pivot": [0, 12.49997, 15.01907],
					"cubes": [
						{"origin": [-1.5, 11.24997, 21], "size": [3, 4, 8], "uv": [46, 26]},
						{"origin": [0, 15.24997, 22.01907], "size": [0, 2, 7], "uv": [26, 11]},
						{"origin": [-2, 10.74997, 14], "size": [4, 5, 8], "uv": [40, 13]},
						{"origin": [0, 14.74997, 15.01907], "size": [0, 3, 7], "uv": [0, 22]}
					]
				},
				{
					"name": "tail3",
					"parent": "tail2",
					"pivot": [0, 12.24997, 22.01907],
					"cubes": [
						{"origin": [-1, 12.24997, 28], "size": [2, 2, 7], "uv": [47, 41]},
						{"origin": [-0.5, 12.24997, 35], "size": [1, 2, 3], "uv": [50, 61]},
						{"origin": [-1.5, 12.24997, 34.9], "size": [1, 2, 2], "pivot": [-1, 13.24997, 36], "rotation": [0, -35, 0], "uv": [0, 0]},
						{"origin": [0.5, 12.24997, 34.9], "size": [1, 2, 2], "pivot": [1, 13.24997, 36], "rotation": [0, 35, 0], "uv": [10, 56]},
						{"origin": [0, 14.24997, 29.01907], "size": [0, 2, 6], "uv": [21, 30]}
					]
				},
				{
					"name": "tailfin",
					"parent": "tail3",
					"pivot": [0, 12.24997, 27.51907]
				},
				{
					"name": "leg_front_right",
					"parent": "body",
					"pivot": [-2.5, 9, -4.5],
					"rotation": [7.5, 0, 0],
					"cubes": [
						{"origin": [-4, 4.5, -6], "size": [3, 7, 3], "inflate": 0.01, "uv": [14, 57]}
					]
				},
				{
					"name": "leg_front_right2",
					"parent": "leg_front_right",
					"pivot": [-2.5, 4.5, -3],
					"rotation": [-22.5, 0, 0],
					"cubes": [
						{"origin": [-4, 0.5, -6], "size": [3, 4, 3], "uv": [53, 0]},
						{"origin": [-4.05, 0.5, -4], "size": [0, 5, 3], "uv": [0, 31]}
					]
				},
				{
					"name": "leg_front_right3",
					"parent": "leg_front_right2",
					"pivot": [-2.5, 1, -4.5],
					"rotation": [15, 0, 0],
					"cubes": [
						{"origin": [-4, -0.75, -6.25], "size": [3, 2, 3], "inflate": 0.01, "uv": [60, 26]}
					]
				},
				{
					"name": "leg_front_left",
					"parent": "body",
					"pivot": [2.5, 9, -4.5],
					"rotation": [7.5, 0, 0],
					"cubes": [
						{"origin": [1, 4.5, -6], "size": [3, 7, 3], "inflate": 0.01, "uv": [57, 10]}
					]
				},
				{
					"name": "leg_front_left2",
					"parent": "leg_front_left",
					"pivot": [2.5, 4.5, -3],
					"rotation": [-22.5, 0, 0],
					"cubes": [
						{"origin": [1, 0.5, -6], "size": [3, 4, 3], "uv": [24, 0]},
						{"origin": [4.05, 0.5, -4], "size": [0, 5, 3], "uv": [47, 23]}
					]
				},
				{
					"name": "leg_front_left3",
					"parent": "leg_front_left2",
					"pivot": [2.5, 1, -4.5],
					"rotation": [15, 0, 0],
					"cubes": [
						{"origin": [1, -0.75, -6.25], "size": [3, 2, 3], "inflate": 0.01, "uv": [55, 58]}
					]
				}
			]
		}
	]
}