{
	"format_version": "1.12.0",
	"minecraft:geometry": [
		{
			"description": {
				"identifier": "geometry.florabri",
				"texture_width": 64,
				"texture_height": 64,
				"visible_bounds_width": 4,
				"visible_bounds_height": 2.5,
				"visible_bounds_offset": [0, 0.75, 0]
			},
			"bones": [
				{
					"name": "foliat",
					"pivot": [0, 0, 0]
				},
				{
					"name": "body",
					"parent": "foliat",
					"pivot": [0, 5.25, -0.75]
				},
				{
					"name": "torso",
					"parent": "body",
					"pivot": [0, 5.25, -0.75],
					"rotation": [-15, 0, 0],
					"cubes": [
						{"origin": [-2.5, 3.52274, -4.45706], "size": [5, 5, 6], "uv": [0, 12]},
						{"origin": [-2, 4.02274, 1.04294], "size": [4, 3, 2], "inflate": 0.01, "uv": [14, 33]}
					]
				},
				{
					"name": "bulb",
					"parent": "torso",
					"pivot": [0, 8.25, 4.25],
					"cubes": [
						{"origin": [-1, 5.72315, 4.36896], "size": [2, 2, 2], "inflate": 0.01, "pivot": [0, 8.25, 4.25], "rotation": [-62.5, 0, 0], "uv": [8, 36]},
						{"origin": [-1, 9.72315, 4.36896], "size": [2, 2, 2], "inflate": 0.01, "pivot": [0, 8.25, 4.25], "rotation": [-62.5, 0, 0], "uv": [34, 0]},
						{"origin": [-1.5, 7.72315, 3.76896], "size": [3, 2, 3], "inflate": 0.01, "pivot": [0, 8.25, 4.25], "rotation": [-62.5, 0, 0], "uv": [32, 15]},
						{"origin": [2, 10.19166, 3.53809], "size": [0, 4, 4], "inflate": 0.01, "pivot": [-0.5, 8.69351, 4.01913], "rotation": [-62.5, 0, 0], "uv": [0, 30]},
						{"origin": [-2, 10.20089, 3.55583], "size": [0, 4, 4], "inflate": 0.01, "pivot": [0.5, 8.70274, 4.03687], "rotation": [-62.5, 0, 0], "uv": [0, 30]},
						{"origin": [-3.47868, 8.52241, 8.822], "size": [0, 2, 4], "inflate": 0.01, "pivot": [-3.47868, 10.52241, 10.822], "rotation": [-52.38443, -40.84182, -26.744], "uv": [0, 34]},
						{"origin": [-3.48839, 10.52393, 8.82492], "size": [0, 2, 4], "inflate": 0.01, "pivot": [-3.48839, 10.52393, 10.82492], "rotation": [26.43596, -58.95768, -120.12627], "uv": [34, 0]},
						{"origin": [3.47868, 8.52241, 8.822], "size": [0, 2, 4], "inflate": 0.01, "pivot": [3.47868, 10.52241, 10.822], "rotation": [-52.38443, 40.84182, 26.744], "uv": [32, 6]},
						{"origin": [3.48839, 10.52393, 8.82492], "size": [0, 2, 4], "inflate": 0.01, "pivot": [3.48839, 10.52393, 10.82492], "rotation": [30.0129, 57.77464, 124.32669], "uv": [32, 16]},
						{"origin": [-2, 10.18315, 7.56506], "size": [4, 4, 0], "inflate": 0.01, "pivot": [0.5, 8.685, 4.0461], "rotation": [-62.5, 0, 0], "uv": [34, 28]},
						{"origin": [-2, 18.20994, 9.48177], "size": [4, 2, 0], "inflate": 0.01, "pivot": [0.5, 12.71179, 5.9628], "rotation": [-102.5, 0, 0], "uv": [32, 38]},
						{"origin": [-2, 23.0412, 18.55401], "size": [4, 2, 0], "inflate": 0.01, "pivot": [0.5, 15.54305, 15.03505], "rotation": [-172.5, 0, 0], "uv": [16, 38]},
						{"origin": [-2, 9.30465, 2.99984], "size": [4, 4, 0], "inflate": 0.01, "pivot": [0.5, 7.80649, 4.48087], "rotation": [-62.5, 0, 0], "uv": [34, 34]},
						{"origin": [-2, 11.48809, 6.96885], "size": [4, 2, 0], "inflate": 0.01, "pivot": [0.5, 5.98994, 8.44989], "rotation": [-17.5, 0, 0], "uv": [39, 32]},
						{"origin": [-2, 16.30641, 13.74474], "size": [4, 2, 0], "inflate": 0.01, "pivot": [0.5, 8.80826, 15.22578], "rotation": [40, 0, 0], "uv": [24, 38]},
						{"origin": [-2, 9.74815, 3.26896], "size": [4, 0, 4], "inflate": 0.01, "pivot": [0, 8.25, 4.25], "rotation": [-62.5, 0, 0], "uv": [28, 6]}
					]
				},
				{
					"name": "neck",
					"parent": "torso",
					"pivot": [0, 5.25, -1.5],
					"rotation": [20, 0, 0]
				},
				{
					"name": "head_ai",
					"parent": "neck",
					"pivot": [0, 7.85, -3],
					"cubes": [
						{"origin": [-2, 5.82274, -3.49294], "size": [4, 6, 4], "pivot": [0, 1.6, -1.5], "rotation": [10, 0, 0], "uv": [0, 23]}
					]
				},
				{
					"name": "head",
					"parent": "head_ai",
					"pivot": [0, 10.85, -3],
					"rotation": [-5, 0, 0],
					"cubes": [
						{"origin": [-3, 9.65, -5.4], "size": [6, 5, 5], "inflate": 0.01, "uv": [37, 35]},
						{"origin": [0, 12.65, -1.4], "size": [0, 5, 7], "inflate": 0.01, "pivot": [0, 15.15, 1.6], "rotation": [20, 0, 0], "uv": [16, 21]},
						{"origin": [-1, 11.18182, -9.32875], "size": [2, 1, 5], "inflate": 0.01, "pivot": [0, 11.35, -5], "rotation": [5, 0, 0], "uv": [25, 28]}
					]
				},
				{
					"name": "jaw",
					"parent": "head",
					"pivot": [0, 10.1, -5],
					"rotation": [-5, 0, 0],
					"cubes": [
						{"origin": [-1, 10.41209, -7.1682], "size": [2, 1, 2], "pivot": [0, 10.61209, -5.9682], "rotation": [-12.5, 0, 0], "uv": [37, 25]}
					]
				},
				{
					"name": "crest",
					"parent": "head",
					"pivot": [0, 12.85, -5],
					"rotation": [15, 0, 0]
				},
				{
					"name": "eyelid_right",
					"parent": "head",
					"pivot": [-1.41, 11.35, -3.91],
					"cubes": [
						{"origin": [-2, 11.65, -5.31], "size": [1, 2, 2], "inflate": 0.01, "uv": [0, 4]}
					]
				},
				{
					"name": "eyelid_left",
					"parent": "head",
					"pivot": [1.41, 11.35, -3.91],
					"cubes": [
						{"origin": [1, 11.65, -5.31], "size": [1, 2, 2], "inflate": 0.01, "uv": [0, 4]}
					]
				},
				{
					"name": "tail",
					"parent": "torso",
					"pivot": [0, 5.25, 4.05]
				},
				{
					"name": "wing_left",
					"parent": "torso",
					"pivot": [2.475, 8.25, -1.475],
					"cubes": [
						{"origin": [2.475, 8.25, -4.475], "size": [4, 0, 6], "uv": [-6, 52]}
					]
				},
				{
					"name": "wing_left2",
					"parent": "wing_left",
					"pivot": [6.475, 8.25, 1.525],
					"cubes": [
						{"origin": [6.475, 8.25, -4.475], "size": [5, 0, 6], "inflate": 0.01, "uv": [-6, 46]}
					]
				},
				{
					"name": "wing_left3",
					"parent": "wing_left2",
					"pivot": [11.475, 8.25, -4.475],
					"cubes": [
						{"origin": [11.475, 8.25, -4.475], "size": [11, 0, 6], "uv": [0, 6]}
					]
				},
				{
					"name": "wing_right",
					"parent": "torso",
					"pivot": [-2.4, 8.25, -1.475],
					"cubes": [
						{"origin": [-6.4, 8.25, -4.475], "size": [4, 0, 6], "uv": [-6, 40]}
					]
				},
				{
					"name": "wing_right2",
					"parent": "wing_right",
					"pivot": [-6.4, 8.25, 1.525],
					"cubes": [
						{"origin": [-11.4, 8.25, -4.475], "size": [5, 0, 6], "inflate": 0.01, "uv": [-6, 58]}
					]
				},
				{
					"name": "wing_right3",
					"parent": "wing_right2",
					"pivot": [-11.4, 8.25, -4.475],
					"cubes": [
						{"origin": [-22.4, 8.25, -4.475], "size": [11, 0, 6], "uv": [0, 0]}
					]
				},
				{
					"name": "leg_right",
					"parent": "body",
					"pivot": [-1.5, 3, 0.25],
					"rotation": [5, 0, 0],
					"cubes": [
						{"origin": [-2.401, 2.60166, -1.02961], "size": [1, 1, 2], "pivot": [-1.9, 3.10166, -0.02961], "rotation": [-57, 0, 0], "uv": [0, 8]}
					]
				},
				{
					"name": "leg_right2",
					"parent": "leg_right",
					"pivot": [-1.5, 1.75, 0.75],
					"rotation": [-15, 0, 0],
					"cubes": [
						{"origin": [-2.4, 0.59858, -0.35209], "size": [1, 2, 1], "pivot": [-1.9, 1.59858, 0.14791], "rotation": [-4.5, 0, 0], "uv": [0, 14]}
					]
				},
				{
					"name": "foot_right",
					"parent": "leg_right2",
					"pivot": [-1.5, 0.75, -0.25],
					"rotation": [10, 0, 0],
					"cubes": [
						{"origin": [-2.9, -0.25, -1.2], "size": [2, 1, 2], "uv": [37, 22]},
						{"origin": [-2.9, -0.25, -2.2], "size": [0, 1, 1], "uv": [0, 3]},
						{"origin": [-1.9, -0.25, 0.8], "size": [0, 1, 1], "uv": [0, 3]},
						{"origin": [-0.9, -0.25, -2.2], "size": [0, 1, 1], "uv": [0, 3]}
					]
				},
				{
					"name": "toe_back_right",
					"parent": "foot_right",
					"pivot": [-1.5, 0.75, 1]
				},
				{
					"name": "toe_inner_right",
					"parent": "foot_right",
					"pivot": [-0.75, 0.75, -1]
				},
				{
					"name": "toe_outer_right",
					"parent": "foot_right",
					"pivot": [-2.25, 0.75, -1]
				},
				{
					"name": "leg_left",
					"parent": "body",
					"pivot": [1.5, 3, 0.25],
					"rotation": [5, 0, 0],
					"cubes": [
						{"origin": [1.401, 2.60166, -1.02961], "size": [1, 1, 2], "pivot": [1.9, 3.10166, -0.02961], "rotation": [-57, 0, 0], "uv": [0, 11]}
					]
				},
				{
					"name": "leg_left2",
					"parent": "leg_left",
					"pivot": [1.5, 1.75, 0.75],
					"rotation": [-15, 0, 0],
					"cubes": [
						{"origin": [1.4, 0.59858, -0.35209], "size": [1, 2, 1], "pivot": [1.9, 1.59858, 0.14791], "rotation": [-4.5, 0, 0], "uv": [0, 23]}
					]
				},
				{
					"name": "foot_left",
					"parent": "leg_left2",
					"pivot": [1.5, 0.75, -0.25],
					"rotation": [10, 0, 0],
					"cubes": [
						{"origin": [0.9, -0.25, -2.2], "size": [0, 1, 1], "uv": [0, 3]},
						{"origin": [2.9, -0.25, -2.2], "size": [0, 1, 1], "uv": [0, 3]},
						{"origin": [1.9, -0.25, 0.8], "size": [0, 1, 1], "uv": [0, 3]},
						{"origin": [0.9, -0.25, -1.2], "size": [2, 1, 2], "uv": [34, 12]}
					]
				},
				{
					"name": "toe_back_left",
					"parent": "foot_left",
					"pivot": [1.5, 0.75, 1]
				},
				{
					"name": "toe_inner_left",
					"parent": "foot_left",
					"pivot": [0.75, 0.75, -1]
				},
				{
					"name": "toe_outer_left",
					"parent": "foot_left",
					"pivot": [2.25, 0.75, -1]
				},
				{
					"name": "claw_outer_right",
					"parent": "leg_left2",
					"pivot": [-2.25, 0.75, -2]
				}
			]
		}
	]
}