{
	"format_version": "1.12.0",
	"minecraft:geometry": [
		{
			"description": {
				"identifier": "geometry.kidling",
				"texture_width": 64,
				"texture_height": 64,
				"visible_bounds_width": 3,
				"visible_bounds_height": 2.5,
				"visible_bounds_offset": [0, 0.75, 0]
			},
			"bones": [
				{
					"name": "kidling",
					"pivot": [0, -1, 0]
				},
				{
					"name": "body",
					"parent": "kidling",
					"pivot": [0, -1, 0]
				},
				{
					"name": "torso",
					"parent": "body",
					"pivot": [0, 7.5, 3.75],
					"cubes": [
						{"origin": [-3, 5.75, 1], "size": [6, 6, 3], "uv": [21, 24]},
						{"origin": [3, 5.75, 3], "size": [0, 6, 3], "pivot": [3, 8.75, 3], "rotation": [0, 20, 0], "uv": [18, 12]},
						{"origin": [-3, 5.75, 3], "size": [0, 6, 3], "pivot": [-3, 8.75, 3], "rotation": [0, -20, 0], "uv": [0, 12]},
						{"origin": [-3, 12.26209, 2.90988], "size": [6, 0, 3], "pivot": [0, 12.26209, 4.40988], "rotation": [20, 0, 0], "uv": [19, 0]},
						{"origin": [-3, 5.75, -5], "size": [6, 6, 6], "inflate": 0.01, "uv": [0, 15]},
						{"origin": [0, 5.75, -7], "size": [0, 3, 2], "inflate": 0.01, "uv": [33, 31]}
					]
				},
				{
					"name": "flame",
					"parent": "torso",
					"pivot": [0, 9.95, 9],
					"rotation": [17.5, 0, 0],
					"cubes": [
						{"origin": [-0.38658, 6.41071, 3.09257], "size": [0, 7, 6], "pivot": [0, 9.95, 8], "rotation": [0, 0, 40], "uv": [0, 21]},
						{"origin": [0.38658, 6.41071, 3.09257], "size": [0, 7, 6], "pivot": [0, 9.95, 8], "rotation": [0, 0, -40], "uv": [0, 21]}
					]
				},
				{
					"name": "neck",
					"parent": "torso",
					"pivot": [0, 7.65, -1.5]
				},
				{
					"name": "head",
					"parent": "torso",
					"pivot": [0.1, 11.75, -5],
					"cubes": [
						{"origin": [-3.5, 9.75, -10.5], "size": [7, 7, 8], "uv": [0, 0]},
						{"origin": [0, 16.75, -7.4], "size": [0, 3, 4], "uv": [0, 0]},
						{"origin": [1.9, 16.25, -5.25], "size": [1, 3, 1], "pivot": [1.9, 16.75, -4.25], "rotation": [-12.5205, 5.96276, 3.79923], "uv": [42, 18]},
						{"origin": [-2.9, 16.25, -5.25], "size": [1, 3, 1], "pivot": [-1.9, 16.75, -4.25], "rotation": [-12.5205, -5.96276, -3.79923], "uv": [42, 18]}
					]
				},
				{
					"name": "eyes",
					"parent": "head",
					"pivot": [-0.15, 11.75, -9]
				},
				{
					"name": "eye_right",
					"parent": "eyes",
					"pivot": [-4.6, 12, -6.5]
				},
				{
					"name": "eyelid_right",
					"parent": "eye_right",
					"pivot": [-2.8645, 12.75, -7.01],
					"cubes": [
						{"origin": [-3.3645, 11.75, -9.51], "size": [1, 2, 3], "inflate": 0.06, "uv": [56, 59]}
					]
				},
				{
					"name": "eye_left",
					"parent": "eyes",
					"pivot": [4.75, 12, -6.5],
					"cubes": [
						{"origin": [3.51, 11.75, -9.5], "size": [0, 3, 3], "uv": [0, 42]},
						{"origin": [3.52, 11.75, -9.5], "size": [0, 2, 2], "uv": [0, 46]},
						{"origin": [-3.52, 11.75, -9.5], "size": [0, 2, 2], "uv": [0, 46], "mirror": true},
						{"origin": [-3.51, 11.75, -9.5], "size": [0, 3, 3], "uv": [0, 42], "mirror": true}
					]
				},
				{
					"name": "eyelid_left",
					"parent": "eye_left",
					"pivot": [2.8645, 12.75, -7.01],
					"cubes": [
						{"origin": [2.3645, 11.75, -9.51], "size": [1, 2, 3], "inflate": 0.06, "uv": [56, 59]}
					]
				},
				{
					"name": "mouth_open",
					"parent": "head",
					"pivot": [-0.05, 11, -9.5],
					"cubes": [
						{"origin": [-1.05, 9.75, -10.41], "size": [2, 1, 0], "uv": [0, 7]}
					]
				},
				{
					"name": "ear_left",
					"parent": "head",
					"pivot": [2.5, 12.75, -6.5],
					"rotation": [0, 0, 15],
					"cubes": [
						{"origin": [1.11116, 12.25734, -3.10271], "size": [3, 3, 0], "pivot": [3.11116, 14.25734, -3.10271], "rotation": [-100.59061, -6.6782, 43.11966], "uv": [0, 42]}
					]
				},
				{
					"name": "bone",
					"parent": "ear_left",
					"pivot": [3.11116, 14.25734, -3.10271],
					"cubes": [
						{"origin": [5.07674, 13.42781, -3.04292], "size": [4, 3, 0], "pivot": [3.07674, 15.42781, -3.04292], "rotation": [-102.39638, -1.61888, 67.67583], "uv": [34, 41]}
					]
				},
				{
					"name": "ear_right",
					"parent": "head",
					"pivot": [-2.5, 12.15, -6.1],
					"rotation": [0, 0, -15],
					"cubes": [
						{"origin": [-4.47354, 12.29778, -3.1], "size": [3, 3, 0], "pivot": [-3.47354, 14.29778, -3.1], "rotation": [-100.59061, 6.6782, -43.11966], "uv": [41, 29]},
						{"origin": [-9.43913, 13.46825, -3.04021], "size": [4, 3, 0], "pivot": [-3.43913, 15.46825, -3.04021], "rotation": [-102.39638, 1.61888, -67.67583], "uv": [41, 26]}
					]
				},
				{
					"name": "leg_front_right",
					"parent": "body",
					"pivot": [2.25, 7.5, -3],
					"cubes": [
						{"origin": [0.75, 4, -4.5], "size": [3, 5, 3], "uv": [0, 34]}
					]
				},
				{
					"name": "leg_front_right2",
					"parent": "leg_front_right",
					"pivot": [2.25, 5, -3.75],
					"cubes": [
						{"origin": [1.25, 1.25, -3.75], "size": [2, 3, 2], "uv": [39, 0]}
					]
				},
				{
					"name": "leg_front_right3",
					"parent": "leg_front_right2",
					"pivot": [2.25, 0.5, -2.75],
					"cubes": [
						{"origin": [1.25, 0, -4], "size": [2, 2, 2], "inflate": 0.01, "uv": [26, 41]}
					]
				},
				{
					"name": "leg_front_left",
					"parent": "body",
					"pivot": [-2.25, 7.5, -3],
					"cubes": [
						{"origin": [-3.75, 4, -4.5], "size": [3, 5, 3], "uv": [30, 3]}
					]
				},
				{
					"name": "leg_front_left2",
					"parent": "leg_front_left",
					"pivot": [-2.25, 4, -3.75],
					"cubes": [
						{"origin": [-3.25, 1.25, -3.75], "size": [2, 3, 2], "uv": [36, 21]}
					]
				},
				{
					"name": "leg_front_left3",
					"parent": "leg_front_left2",
					"pivot": [-2.25, 0.5, -2.75],
					"cubes": [
						{"origin": [-3.25, 0, -4], "size": [2, 2, 2], "inflate": 0.01, "uv": [0, 0]}
					]
				},
				{
					"name": "leg_back_right",
					"parent": "body",
					"pivot": [2.25, 7.5, 4.5],
					"cubes": [
						{"origin": [0.75, 4, 1.7], "size": [3, 5, 3], "uv": [44, 10]}
					]
				},
				{
					"name": "leg_back_right2",
					"parent": "leg_back_right",
					"pivot": [2.25, 4, 6],
					"cubes": [
						{"origin": [1.25, 1.25, 2.95], "size": [2, 3, 2], "uv": [39, 0]}
					]
				},
				{
					"name": "leg_back_right3",
					"parent": "leg_back_right2",
					"pivot": [2.25, 0.5, 5.75],
					"cubes": [
						{"origin": [1.25, 0, 2.7], "size": [2, 2, 2], "inflate": 0.01, "uv": [18, 40]}
					]
				},
				{
					"name": "leg_back_left",
					"parent": "body",
					"pivot": [-2.25, 7.5, 4.5],
					"cubes": [
						{"origin": [-3.75, 4, 1.7], "size": [3, 5, 3], "uv": [44, 2]}
					]
				},
				{
					"name": "leg_back_left2",
					"parent": "leg_back_left",
					"pivot": [-2.25, 4, 6],
					"cubes": [
						{"origin": [-3.25, 1.25, 2.95], "size": [2, 3, 2], "uv": [36, 21]}
					]
				},
				{
					"name": "leg_back_left3",
					"parent": "leg_back_left2",
					"pivot": [-2.25, 0.5, 5.75],
					"cubes": [
						{"origin": [-3.25, 0, 2.7], "size": [2, 2, 2], "inflate": 0.01, "uv": [10, 40]}
					]
				}
			]
		}
	]
}