{
	"format_version": "1.12.0",
	"minecraft:geometry": [
		{
			"description": {
				"identifier": "geometry.iguadium",
				"texture_width": 128,
				"texture_height": 128,
				"visible_bounds_width": 8,
				"visible_bounds_height": 4.5,
				"visible_bounds_offset": [0, 1.75, 0]
			},
			"bones": [
				{
					"name": "aguanaut",
					"pivot": [0, -0.2, 0]
				},
				{
					"name": "body",
					"parent": "aguanaut",
					"pivot": [0, 7.8, 0]
				},
				{
					"name": "torso",
					"parent": "body",
					"pivot": [0, 14.8, 0],
					"cubes": [
						{"origin": [-6.5, 8.8, -4.5], "size": [13, 8, 10], "inflate": -0.001, "uv": [0, 27]}
					]
				},
				{
					"name": "bone",
					"parent": "torso",
					"pivot": [0, 17.8, 1.5],
					"cubes": [
						{"origin": [-8, 15.8, -4.9], "size": [16, 14, 13], "inflate": -0.001, "uv": [0, 0]},
						{"origin": [-4.5, 16.58702, 7.20599], "size": [9, 13, 2], "inflate": -0.001, "uv": [92, 55]},
						{"origin": [0, 26.58702, 9.20599], "size": [0, 3, 2], "inflate": -0.001, "uv": [65, 95]},
						{"origin": [0, 18.58702, 9.20599], "size": [0, 3, 2], "inflate": -0.001, "uv": [65, 98]}
					]
				},
				{
					"name": "arm_left3",
					"parent": "bone",
					"pivot": [-13, 26.3, 2],
					"cubes": [
						{"origin": [-11.8, 17.3, -2.5], "size": [5, 11, 9], "pivot": [-10.3, 27.3, 2], "rotation": [0, 0, -25], "uv": [0, 63], "mirror": true}
					]
				},
				{
					"name": "leftarmupper3",
					"parent": "arm_left3",
					"pivot": [-10, 23.9, 3],
					"cubes": [
						{"origin": [-18.8, 19.9, -1.5], "size": [11, 7, 6], "inflate": -0.001, "uv": [62, 72], "mirror": true}
					]
				},
				{
					"name": "leftforearm3",
					"parent": "leftarmupper3",
					"pivot": [-25.11025, 23.86386, -5.73212],
					"rotation": [0, 90, 0],
					"cubes": [
						{"origin": [-48.26682, 18.9, -5.6667], "size": [12, 9, 9], "inflate": -0.001, "pivot": [-41.76682, 22.4, -5.1667], "rotation": [0, -90, 0], "uv": [37, 36], "mirror": true},
						{"origin": [-54.26682, 21.9, -4.0667], "size": [7, 5, 6], "inflate": -0.001, "pivot": [-41.76682, 22.4, -5.1667], "rotation": [90, -75, -90], "uv": [72, 85], "mirror": true},
						{"origin": [-52.26682, 22.9, -3.6667], "size": [4, 4, 5], "inflate": -0.001, "pivot": [-41.76682, 22.4, -5.1667], "rotation": [0, -90, 0], "uv": [46, 97], "mirror": true},
						{"origin": [-56.42458, 23.47095, -6.6667], "size": [4, 4, 3], "pivot": [-45.92458, 22.97095, -5.1667], "rotation": [0, -90, 52.5], "uv": [103, 0], "mirror": true},
						{"origin": [-53.06525, 27.43771, -1.6667], "size": [4, 4, 3], "inflate": 0.0001, "pivot": [-42.56525, 26.93771, -5.1667], "rotation": [0, -90, -52.5], "uv": [102, 18], "mirror": true},
						{"origin": [-48.16682, 24.7, -16.6647], "size": [6, 0, 8], "inflate": -0.001, "pivot": [-42.76682, 22.9, -15.6647], "rotation": [89.99999, -72.5, -89.99999], "uv": [28, 27], "mirror": true}
					]
				},
				{
					"name": "arm_right3",
					"parent": "bone",
					"pivot": [13, 26.3, 2],
					"cubes": [
						{"origin": [6.8, 17.3, -2.5], "size": [5, 11, 9], "pivot": [10.3, 27.3, 2], "rotation": [0, 0, 25], "uv": [0, 63]}
					]
				},
				{
					"name": "rightarmupper3",
					"parent": "arm_right3",
					"pivot": [10, 23.9, 3],
					"cubes": [
						{"origin": [7.8, 19.9, -1.5], "size": [11, 7, 6], "inflate": -0.001, "uv": [62, 72]}
					]
				},
				{
					"name": "rightforearm3",
					"parent": "rightarmupper3",
					"pivot": [32.27962, 23.86386, 1.60083],
					"rotation": [0, -90, 0],
					"cubes": [
						{"origin": [22.76296, 18.9, 9.19069], "size": [12, 9, 9], "inflate": -0.001, "pivot": [28.26296, 22.4, 9.69069], "rotation": [0, 90, 0], "uv": [37, 36]},
						{"origin": [33.76296, 21.9, 10.79069], "size": [7, 5, 6], "inflate": -0.001, "pivot": [28.26296, 22.4, 9.69069], "rotation": [90, 75, 90], "uv": [72, 85]},
						{"origin": [34.76296, 22.9, 11.19069], "size": [4, 4, 5], "inflate": -0.001, "pivot": [28.26296, 22.4, 9.69069], "rotation": [0, 90, 0], "uv": [46, 97]},
						{"origin": [38.92072, 23.47095, 8.19069], "size": [4, 4, 3], "pivot": [32.42072, 22.97095, 9.69069], "rotation": [0, 90, -52.5], "uv": [103, 0]},
						{"origin": [35.56139, 27.43771, 13.19069], "size": [4, 4, 3], "inflate": 0.0001, "pivot": [29.06139, 26.93771, 9.69069], "rotation": [0, 90, 52.5], "uv": [102, 18]},
						{"origin": [28.66296, 24.7, -1.80731], "size": [6, 0, 8], "inflate": -0.001, "pivot": [29.26296, 22.9, -0.80731], "rotation": [89.99999, 72.5, 89.99999], "uv": [28, 27]}
					]
				},
				{
					"name": "neck",
					"parent": "bone",
					"pivot": [0, 30.6, 1],
					"cubes": [
						{"origin": [-6.001, 30.10951, 5.89138], "size": [12, 11, 6], "pivot": [4.499, 26.10951, 10.29138], "rotation": [60, 0, 0], "uv": [36, 54]}
					]
				},
				{
					"name": "head",
					"parent": "neck",
					"pivot": [-2, 26.4, -3.5],
					"rotation": [10, 0, 0]
				},
				{
					"name": "head_correction",
					"parent": "head",
					"pivot": [-2, 26.4, -3.5]
				},
				{
					"name": "head_ai",
					"parent": "head_correction",
					"pivot": [-2, 26.4, -4]
				},
				{
					"name": "head_angle",
					"parent": "head_ai",
					"pivot": [-2, 27.4, -4],
					"cubes": [
						{"origin": [-4.001, 27.49932, -5.43269], "size": [8, 7, 5], "uv": [46, 85]},
						{"origin": [-3.001, 27.49932, -11.43269], "size": [6, 6, 6], "uv": [0, 94]}
					]
				},
				{
					"name": "headbit",
					"parent": "head_angle",
					"pivot": [-2, 32.98057, -9.60139],
					"cubes": [
						{"origin": [-3.501, 32.01267, -12.5651], "size": [7, 3, 1], "pivot": [-0.001, 34.51267, -8.5651], "rotation": [10, 0, 0], "uv": [0, 106]},
						{"origin": [-3.501, 31.33269, -14.55278], "size": [7, 2, 1], "inflate": 0.001, "pivot": [-0.001, 30.83269, -10.55278], "rotation": [-52.5, 0, 0], "uv": [45, 106]},
						{"origin": [-1.501, 33.33269, -14.55278], "size": [3, 3, 1], "pivot": [-0.001, 30.83269, -10.55278], "rotation": [-52.5, 0, 0], "uv": [0, 68]},
						{"origin": [-0.05517, 34.23209, -13.38065], "size": [3, 3, 1], "pivot": [-1.55517, 31.73209, -9.38065], "rotation": [-44.95208, 30.66101, 27.05847], "uv": [0, 50]},
						{"origin": [-3.501, 33.01267, -11.5651], "size": [7, 1, 3], "inflate": 0.001, "pivot": [-0.001, 34.51267, -8.5651], "rotation": [10, 0, 0], "uv": [92, 9]},
						{"origin": [-2.501, 26.71267, -11.1651], "size": [5, 4, 1], "pivot": [-0.001, 34.51267, -8.5651], "rotation": [-5, 0, 0], "uv": [0, 7]},
						{"origin": [-4.501, 25.71267, -11.1651], "size": [9, 3, 0], "inflate": 0.001, "pivot": [-0.001, 34.51267, -8.5651], "rotation": [-5, 0, 0], "uv": [105, 101]},
						{"origin": [-3.501, 31.01267, -12.5651], "size": [7, 1, 1], "pivot": [-0.001, 34.51267, -8.5651], "rotation": [10, 0, 0], "uv": [72, 60]},
						{"origin": [-3.501, 28.37125, -11.89656], "size": [7, 2, 0], "inflate": 0.0001, "uv": [36, 85]},
						{"origin": [2.64615, 30.4688, -11.88134], "size": [1, 3, 1], "inflate": -0.001, "pivot": [3.14615, 30.9688, -11.38134], "rotation": [10.34527, 14.76689, 2.66399], "uv": [0, 0]},
						{"origin": [2.43217, 30.45574, -11.68995], "size": [1, 2, 5], "pivot": [2.93217, 30.95574, -12.18995], "rotation": [-7.15473, 14.76689, 2.66399], "uv": [11, 106]},
						{"origin": [2.54089, 32.4312, -11.62627], "size": [1, 2, 5], "inflate": -0.002, "pivot": [3.04089, 32.9312, -12.12627], "rotation": [-27.15473, 14.76689, 2.66399], "uv": [0, 0]},
						{"origin": [-3.54089, 32.4312, -11.62627], "size": [1, 2, 5], "inflate": -0.002, "pivot": [-3.04089, 32.9312, -12.12627], "rotation": [-27.15473, -14.76689, -2.66399], "uv": [0, 0], "mirror": true},
						{"origin": [-3.43217, 30.45574, -11.68995], "size": [1, 2, 5], "pivot": [-2.93217, 30.95574, -12.18995], "rotation": [-7.15473, -14.76689, -2.66399], "uv": [11, 106], "mirror": true},
						{"origin": [-3.64615, 30.4688, -11.88134], "size": [1, 3, 1], "inflate": -0.001, "pivot": [-3.14615, 30.9688, -11.38134], "rotation": [10.34527, -14.76689, -2.66399], "uv": [0, 0], "mirror": true},
						{"origin": [-1.501, 33.01267, -11.5651], "size": [3, 2, 10], "inflate": 0.001, "pivot": [-0.001, 34.51267, -8.5651], "rotation": [10, 0, 0], "uv": [20, 85]},
						{"origin": [-4.001, 33.01267, -2.5651], "size": [8, 1, 2], "inflate": -0.001, "pivot": [-0.001, 34.51267, -8.5651], "rotation": [10, 0, 0], "uv": [82, 31]},
						{"origin": [-5.001, 34.75877, -1.61577], "size": [10, 1, 1], "inflate": -0.001, "pivot": [-0.001, 35.25877, -8.61577], "rotation": [-2.5, 0, 0], "uv": [47, 34]},
						{"origin": [-5.001, 33.56259, -1.27507], "size": [10, 1, 9], "inflate": -0.001, "pivot": [-0.001, 34.06259, 0.22493], "rotation": [-40, 0, 0], "uv": [63, 62]},
						{"origin": [-0.001, 34.56259, 2.72493], "size": [0, 2, 3], "inflate": -0.001, "pivot": [-0.001, 34.06259, 0.22493], "rotation": [-40, 0, 0], "uv": [59, 94]},
						{"origin": [-4.5, 33.01822, 7.35958], "size": [9, 1, 4], "inflate": -0.001, "pivot": [0.499, 33.51822, -0.14042], "rotation": [-35, 0, 0], "uv": [66, 55]},
						{"origin": [-0.57121, 34.02352, -11.50358], "size": [5, 1, 10], "pivot": [-0.07121, 34.52352, -8.50358], "rotation": [10.34527, 14.76689, 2.66399], "uv": [0, 83]},
						{"origin": [2.48691, 35.1155, -3.47589], "size": [2, 1, 2], "inflate": -0.001, "pivot": [-0.01309, 35.6155, -8.47589], "rotation": [-2.15473, 14.76689, 2.66399], "uv": [70, 34]},
						{"origin": [-4.48691, 35.1155, -3.47589], "size": [2, 1, 2], "inflate": -0.001, "pivot": [0.01309, 35.6155, -8.47589], "rotation": [-2.15473, -14.76689, -2.66399], "uv": [70, 34], "mirror": true},
						{"origin": [0.79903, 35.10925, 0.29638], "size": [2, 1, 3], "pivot": [-1.70097, 35.60925, -5.70362], "rotation": [-2.61776, 37.24805, 1.6283], "uv": [27, 50]},
						{"origin": [-0.52177, 32.86578, -1.11209], "size": [4, 1, 8], "inflate": -0.001, "pivot": [-0.02177, 33.36578, -8.11209], "rotation": [20.34527, 14.76689, 2.66399], "uv": [95, 44]},
						{"origin": [-4.42879, 34.02352, -11.50358], "size": [5, 1, 10], "pivot": [0.07121, 34.52352, -8.50358], "rotation": [10.34527, -14.76689, -2.66399], "uv": [0, 83], "mirror": true},
						{"origin": [-3.47823, 32.86578, -1.11209], "size": [4, 1, 8], "inflate": -0.001, "pivot": [0.02177, 33.36578, -8.11209], "rotation": [20.34527, -14.76689, -2.66399], "uv": [95, 44], "mirror": true},
						{"origin": [-2.79903, 35.10925, 0.29638], "size": [2, 1, 3], "inflate": -0.001, "pivot": [1.70097, 35.60925, -5.70362], "rotation": [-2.61776, -37.24805, -1.6283], "uv": [27, 50], "mirror": true},
						{"origin": [-2.94483, 34.23209, -13.38065], "size": [3, 3, 1], "pivot": [1.55517, 31.73209, -9.38065], "rotation": [-44.95208, -30.66101, -27.05847], "uv": [0, 50], "mirror": true},
						{"origin": [-0.57121, 33.02352, -10.50358], "size": [4, 1, 9], "pivot": [-0.07121, 34.52352, -8.50358], "rotation": [10.34527, 14.76689, 2.66399], "uv": [92, 76]},
						{"origin": [-3.42879, 33.02352, -10.50358], "size": [4, 1, 9], "pivot": [0.07121, 34.52352, -8.50358], "rotation": [10.34527, -14.76689, -2.66399], "uv": [92, 76], "mirror": true},
						{"origin": [-3.501, 33.01267, -11.5651], "size": [7, 1, 3], "pivot": [-0.001, 34.51267, -8.5651], "rotation": [10, 0, 0], "uv": [90, 72]},
						{"origin": [-1.501, 32.57989, -6.03408], "size": [3, 2, 9], "inflate": -0.001, "pivot": [-0.001, 33.07989, -8.03408], "rotation": [22.5, 0, 0], "uv": [95, 31]}
					]
				},
				{
					"name": "eyes",
					"parent": "head_angle",
					"pivot": [-2, 32.75, -7.9],
					"rotation": [-5, 0, 0]
				},
				{
					"name": "eye_right",
					"parent": "eyes",
					"pivot": [-1.41, 32.75, -6.91],
					"rotation": [0, 90, 0],
					"cubes": [
						{"origin": [-2.09269, 31.48555, -8.511], "size": [2, 3, 2], "inflate": 0.001, "uv": [0, 63]},
						{"origin": [-3.09269, 31.48555, -8.511], "size": [3, 3, 2], "uv": [0, 32]}
					]
				},
				{
					"name": "eyelid_right",
					"parent": "eye_right",
					"pivot": [0.54, 32.75, -6.81],
					"cubes": [
						{"origin": [-3.11269, 31.48555, -8.411], "size": [3, 3, 2], "inflate": 0.01, "uv": [45, 8]}
					]
				},
				{
					"name": "eye_left",
					"parent": "eyes",
					"pivot": [-2.59, 32.75, -8.91],
					"rotation": [0, -90, 0],
					"cubes": [
						{"origin": [-2.03731, 31.48555, -14.509], "size": [3, 3, 2], "uv": [0, 32]},
						{"origin": [-2.03731, 31.48555, -14.509], "size": [2, 3, 2], "inflate": 0.001, "uv": [0, 45]}
					]
				},
				{
					"name": "eyelid_left",
					"parent": "eye_left",
					"pivot": [-2.69, 32.75, -8.81],
					"cubes": [
						{"origin": [-2.03731, 31.48555, -14.409], "size": [3, 3, 2], "inflate": 0.01, "uv": [0, 27]}
					]
				},
				{
					"name": "tail",
					"parent": "torso",
					"pivot": [0, 9.8, -1],
					"cubes": [
						{"origin": [-5.5, 8.05, 1], "size": [11, 8, 6], "uv": [28, 71]}
					]
				},
				{
					"name": "bone3",
					"parent": "tail",
					"pivot": [0, 12.05, 6],
					"cubes": [
						{"origin": [-4.5, 7.9, 6], "size": [9, 9, 9], "uv": [0, 45]},
						{"origin": [-4, 16.9, 6], "size": [8, 1, 9], "uv": [70, 45]}
					]
				},
				{
					"name": "bone2",
					"parent": "bone3",
					"pivot": [0, 9.95, 14],
					"cubes": [
						{"origin": [-4, 8.4, 15], "size": [8, 8, 9], "uv": [58, 0]},
						{"origin": [-4, 16.4, 15], "size": [8, 1, 9], "uv": [70, 34]}
					]
				},
				{
					"name": "tail2",
					"parent": "bone2",
					"pivot": [0, 10.65, 24],
					"cubes": [
						{"origin": [-3, 9.9, 24], "size": [6, 6, 8], "uv": [82, 17]},
						{"origin": [-3, 15.9, 24], "size": [6, 1, 8], "uv": [83, 0]}
					]
				},
				{
					"name": "bone4",
					"parent": "tail2",
					"pivot": [0, 11.65, 32],
					"cubes": [
						{"origin": [-2, 10.9, 32], "size": [4, 5, 8], "uv": [90, 88]},
						{"origin": [0, 15.9, 33], "size": [0, 8, 6], "uv": [19, 57]}
					]
				},
				{
					"name": "bone5",
					"parent": "bone4",
					"pivot": [0, 13.15, 40],
					"cubes": [
						{"origin": [0, 15.9, 41], "size": [0, 8, 6], "uv": [72, 11]},
						{"origin": [-1.5, 12.9, 40], "size": [3, 3, 8], "uv": [64, 96]}
					]
				},
				{
					"name": "leg_right",
					"parent": "body",
					"pivot": [5, 13.3, -2],
					"cubes": [
						{"origin": [3.5, 7.9, -4.2], "size": [7, 7, 10], "pivot": [2, 4.3, 1.8], "rotation": [27.5, 0, 0], "uv": [48, 17]},
						{"origin": [3, 8.5, -5.2], "size": [8, 7, 3], "pivot": [2, 4.3, 1.8], "rotation": [27.5, 0, 0], "uv": [86, 101]},
						{"origin": [4, 6.5, -5.2], "size": [6, 2, 0], "pivot": [2, 4.3, 1.8], "rotation": [27.5, 0, 0], "uv": [56, 72]}
					]
				},
				{
					"name": "knee",
					"parent": "leg_right",
					"pivot": [-0.5, 0.87578, -3.06104],
					"cubes": [
						{"origin": [4, 4.56878, -3.89557], "size": [6, 5, 5], "pivot": [2, 3.96878, 2.90443], "rotation": [27.5, 0, 0], "uv": [24, 97]}
					]
				},
				{
					"name": "heel",
					"parent": "knee",
					"pivot": [-0.5, 0.87578, -3.06104],
					"cubes": [
						{"origin": [3.9999, 0.29953, -3.61734], "size": [6, 3, 5], "inflate": 0.001, "pivot": [8.4999, 0.79953, -1.61734], "rotation": [7.5, 0, 0], "uv": [45, 0]}
					]
				},
				{
					"name": "foot",
					"parent": "heel",
					"pivot": [1.1, 0.87578, -3.06104],
					"cubes": [
						{"origin": [4.4998, 0.04265, -6.53505], "size": [5, 2, 3], "uv": [102, 13]},
						{"origin": [8.9998, 0.04265, -9.53505], "size": [0, 2, 3], "uv": [36, 51]},
						{"origin": [4.9998, 0.04265, -9.53505], "size": [0, 2, 3], "uv": [7, 0]},
						{"origin": [6.9998, 0.04265, -10.53505], "size": [0, 2, 4], "uv": [36, 31]}
					]
				},
				{
					"name": "leg_left",
					"parent": "body",
					"pivot": [-5, 13.3, -2],
					"cubes": [
						{"origin": [-10.5, 7.9, -4.2], "size": [7, 7, 10], "pivot": [-2, 4.3, 1.8], "rotation": [27.5, 0, 0], "uv": [48, 17], "mirror": true},
						{"origin": [-11, 8.5, -5.2], "size": [8, 7, 3], "pivot": [-2, 4.3, 1.8], "rotation": [27.5, 0, 0], "uv": [86, 101], "mirror": true},
						{"origin": [-10, 6.5, -5.2], "size": [6, 2, 0], "pivot": [-2, 4.3, 1.8], "rotation": [27.5, 0, 0], "uv": [56, 72], "mirror": true}
					]
				},
				{
					"name": "knee3",
					"parent": "leg_left",
					"pivot": [0.5, 0.87578, -3.06104],
					"cubes": [
						{"origin": [-10, 4.56878, -3.89557], "size": [6, 5, 5], "pivot": [-2, 3.96878, 2.90443], "rotation": [27.5, 0, 0], "uv": [24, 97], "mirror": true}
					]
				},
				{
					"name": "heel3",
					"parent": "knee3",
					"pivot": [0.5, 0.87578, -3.06104],
					"cubes": [
						{"origin": [-9.9999, 0.29953, -3.61734], "size": [6, 3, 5], "inflate": 0.0001, "pivot": [-8.4999, 0.79953, -1.61734], "rotation": [7.5, 0, 0], "uv": [45, 0], "mirror": true}
					]
				},
				{
					"name": "foot3",
					"parent": "heel3",
					"pivot": [-1.1, 0.87578, -3.06104],
					"cubes": [
						{"origin": [-9.4998, 0.04265, -6.53505], "size": [5, 2, 3], "uv": [102, 13], "mirror": true},
						{"origin": [-8.9998, 0.04265, -9.53505], "size": [0, 2, 3], "uv": [36, 51], "mirror": true},
						{"origin": [-4.9998, 0.04265, -9.53505], "size": [0, 2, 3], "uv": [7, 0], "mirror": true},
						{"origin": [-6.9998, 0.04265, -10.53505], "size": [0, 2, 4], "uv": [36, 31], "mirror": true}
					]
				}
			]
		}
	]
}