{
	"format_version": "1.12.0",
	"minecraft:geometry": [
		{
			"description": {
				"identifier": "geometry.maelstream",
				"texture_width": 64,
				"texture_height": 64,
				"visible_bounds_width": 5,
				"visible_bounds_height": 2.5,
				"visible_bounds_offset": [0, 0.75, 0]
			},
			"bones": [
				{
					"name": "maelstream",
					"pivot": [0, 0, 0]
				},
				{
					"name": "body",
					"parent": "maelstream",
					"pivot": [1.5, 5, 0],
					"cubes": [
						{"origin": [-2.5, 3, -5], "size": [5, 6, 10], "inflate": -0.1, "uv": [0, 17]}
					]
				},
				{
					"name": "tail1",
					"parent": "body",
					"pivot": [0, 6, 3],
					"cubes": [
						{"origin": [-1, 4, 2], "size": [2, 4, 8], "uv": [0, 33]}
					]
				},
				{
					"name": "tail2",
					"parent": "tail1",
					"pivot": [0, 6, 10],
					"cubes": [
						{"origin": [-0.5, 5, 10], "size": [1, 2, 8], "uv": [24, 0]},
						{"origin": [0, 4, 17], "size": [0, 4, 8], "uv": [12, 27]}
					]
				},
				{
					"name": "head",
					"parent": "body",
					"pivot": [1.5, 5, -5],
					"cubes": [
						{"origin": [-2.5, 2.5, -12], "size": [5, 7, 10], "uv": [1, 0]},
						{"origin": [0.5, 3.5, -7.75], "size": [6, 4, 0], "pivot": [0.5, 5, -5.25], "rotation": [0, -30, 0], "uv": [34, 0]},
						{"origin": [-6.5, 3.5, -7.75], "size": [6, 4, 0], "pivot": [-0.5, 5, -5.25], "rotation": [0, 30, 0], "uv": [34, 0], "mirror": true},
						{"origin": [-1, 5, -22], "size": [2, 2, 10], "uv": [20, 23]},
						{"origin": [0, 8, -12], "size": [0, 6, 11], "uv": [20, 6]}
					]
				},
				{
					"name": "left_eye",
					"parent": "head",
					"pivot": [0.5, 5, 0],
					"cubes": [
						{"origin": [2.55, 4, -10], "size": [0, 3, 2], "uv": [0, 5]},
						{"origin": [2.6, 4.5, -9.5], "size": [0, 2, 1], "uv": [0, 1]},
						{"origin": [2.75, 4.75, -9.25], "size": [0, 1, 1], "pivot": [2.6, 4.75, -9], "rotation": [0, -57.5, 0], "uv": [0, -1]},
						{"origin": [2.75, 4.75, -9.75], "size": [0, 1, 1], "pivot": [2.6, 4.75, -9], "rotation": [0, 30, 0], "uv": [0, -1]},
						{"origin": [2.75, 5.25, -9.75], "size": [0, 1, 1], "pivot": [2.6, 5.25, -9], "rotation": [0, 30, 0], "uv": [0, -1]},
						{"origin": [2.75, 5.25, -9.25], "size": [0, 1, 1], "pivot": [2.6, 5.25, -9], "rotation": [0, -57.5, 0], "uv": [0, -1]},
						{"origin": [2.525, 4.25, -10.75], "size": [0, 2, 1], "pivot": [2.525, 5.5, -10], "rotation": [105, 0, 0], "uv": [0, -1]}
					]
				},
				{
					"name": "right_eye",
					"parent": "head",
					"pivot": [-0.5, 5, 0],
					"cubes": [
						{"origin": [-2.55, 4, -10], "size": [0, 3, 2], "uv": [0, 5], "mirror": true},
						{"origin": [-2.6, 4.5, -9.5], "size": [0, 2, 1], "uv": [0, 1], "mirror": true},
						{"origin": [-2.75, 4.75, -9.25], "size": [0, 1, 1], "pivot": [-2.6, 4.75, -9], "rotation": [0, 57.5, 0], "uv": [0, -1], "mirror": true},
						{"origin": [-2.75, 4.75, -9.75], "size": [0, 1, 1], "pivot": [-2.6, 4.75, -9], "rotation": [0, -30, 0], "uv": [0, -1], "mirror": true},
						{"origin": [-2.75, 5.25, -9.75], "size": [0, 1, 1], "pivot": [-2.6, 5.25, -9], "rotation": [0, -30, 0], "uv": [0, -1], "mirror": true},
						{"origin": [-2.75, 5.25, -9.25], "size": [0, 1, 1], "pivot": [-2.6, 5.25, -9], "rotation": [0, 57.5, 0], "uv": [0, -1], "mirror": true},
						{"origin": [-2.525, 4.25, -10.75], "size": [0, 2, 1], "pivot": [-2.525, 5.5, -10], "rotation": [105, 0, 0], "uv": [0, -1], "mirror": true}
					]
				},
				{
					"name": "left_fin",
					"parent": "body",
					"pivot": [1.25, 5, 0],
					"cubes": [
						{"origin": [2.25, -4, -1], "size": [0, 8, 3], "uv": [0, 14]}
					]
				},
				{
					"name": "right_fin",
					"parent": "body",
					"pivot": [-1.25, 5, 0],
					"cubes": [
						{"origin": [-2.25, -4, -1], "size": [0, 8, 3], "uv": [0, 14], "mirror": true}
					]
				}
			]
		}
	]
}