{
	"format_version": "1.12.0",
	"minecraft:geometry": [
		{
			"description": {
				"identifier": "geometry.dvaarak",
				"texture_width": 128,
				"texture_height": 128,
				"visible_bounds_width": 5,
				"visible_bounds_height": 3.5,
				"visible_bounds_offset": [0, 1.25, 0]
			},
			"bones": [
				{
					"name": "dvaarak",
					"pivot": [0, 0, 0]
				},
				{
					"name": "body",
					"parent": "dvaarak",
					"pivot": [0, 8, 0],
					"cubes": [
						{"origin": [-5.5, 5, -10], "size": [11, 11, 16], "uv": [0, 0]},
						{"origin": [-3, 11.5, 3], "size": [6, 6, 5], "pivot": [-0.5, 15, 7.5], "rotation": [22.5, 0, 0], "uv": [15, 48]}
					]
				},
				{
					"name": "neck",
					"parent": "body",
					"pivot": [0, 13, -7.5],
					"cubes": [
						{"origin": [-2, 15, -9.25], "size": [4, 7, 4], "uv": [37, 53]}
					]
				},
				{
					"name": "head",
					"parent": "neck",
					"pivot": [0, 20, -7.5],
					"cubes": [
						{"origin": [-4, 21, -14.5], "size": [8, 8, 10], "uv": [0, 27]}
					]
				},
				{
					"name": "jaw",
					"parent": "head",
					"pivot": [0, 20, -7.5],
					"cubes": [
						{"origin": [-4, 20, -13.75], "size": [8, 3, 7], "inflate": 0.1, "pivot": [0, 20, -7.5], "rotation": [12.5, 0, 0], "uv": [38, 0]}
					]
				},
				{
					"name": "left_eye_open",
					"parent": "head",
					"pivot": [3.1, 24, -10.5],
					"cubes": [
						{"origin": [4.2, 22, -12.25], "size": [0, 4, 4], "pivot": [3.1, 24, -10.5], "rotation": [15, 0, 0], "uv": [0, 29]},
						{"origin": [4.15, 22.75, -12.65], "size": [0, 3, 4], "uv": [28, 41]}
					]
				},
				{
					"name": "right_eye_open",
					"parent": "head",
					"pivot": [-3.1, 24, -10.5],
					"cubes": [
						{"origin": [-4.2, 22, -12.25], "size": [0, 4, 4], "pivot": [-3.1, 24, -10.5], "rotation": [15, 0, 0], "uv": [0, 29], "mirror": true},
						{"origin": [-4.15, 22.75, -12.65], "size": [0, 3, 4], "uv": [28, 41], "mirror": true}
					]
				},
				{
					"name": "left_eye_closed",
					"parent": "head",
					"pivot": [2, 24, -10.5],
					"cubes": [
						{"origin": [3.05, 23, -12.5], "size": [0, 1, 4], "pivot": [2, 24, -10.5], "rotation": [7.5, 0, 0], "uv": [0, 11]}
					]
				},
				{
					"name": "nose",
					"parent": "head",
					"pivot": [0, 20, -7.5],
					"cubes": [
						{"origin": [-1, 23.25, -24.5], "size": [2, 2, 3], "uv": [50, 10]},
						{"origin": [-2, 22.25, -21.5], "size": [4, 4, 4], "uv": [53, 53]},
						{"origin": [-3, 21.25, -17.5], "size": [6, 6, 4], "uv": [50, 23]}
					]
				},
				{
					"name": "left_ear",
					"parent": "head",
					"pivot": [3, 24.5, -5.5],
					"cubes": [
						{"origin": [3, 20.5, -5.5], "size": [0, 8, 10], "uv": [0, 35]}
					]
				},
				{
					"name": "right_ear",
					"parent": "head",
					"pivot": [-3, 24.5, -5.5],
					"cubes": [
						{"origin": [-3, 20.5, -5.5], "size": [0, 8, 10], "uv": [0, 35], "mirror": true}
					]
				},
				{
					"name": "left_arm_root",
					"parent": "body",
					"pivot": [4.5, 8, -9.5]
				},
				{
					"name": "left_arm",
					"parent": "left_arm_root",
					"pivot": [4.5, 7, -9.5],
					"rotation": [25, -30, 0],
					"cubes": [
						{"origin": [2.5, 5, -12], "size": [4, 4, 4], "uv": [0, 0]}
					]
				},
				{
					"name": "left_hand",
					"parent": "left_arm",
					"pivot": [4.5, 7, -12.5],
					"cubes": [
						{"origin": [3, 5.5, -14.5], "size": [3, 3, 3], "uv": [38, 10]},
						{"origin": [5.5, 6.5, -16.5], "size": [1, 1, 3], "uv": [5, 54]},
						{"origin": [4, 8, -16.5], "size": [1, 1, 3], "uv": [49, 53]},
						{"origin": [4, 5, -16.5], "size": [1, 1, 3], "uv": [0, 53]}
					]
				},
				{
					"name": "right_arm_root",
					"parent": "body",
					"pivot": [-4.5, 8, -9.5]
				},
				{
					"name": "right_arm",
					"parent": "right_arm_root",
					"pivot": [-4.5, 7, -9.5],
					"rotation": [25, 30, 0],
					"cubes": [
						{"origin": [-6.5, 5, -12], "size": [4, 4, 4], "uv": [0, 0], "mirror": true}
					]
				},
				{
					"name": "right_hand",
					"parent": "right_arm",
					"pivot": [-4.5, 7, -12.5],
					"cubes": [
						{"origin": [-6, 5.5, -14.5], "size": [3, 3, 3], "uv": [38, 10], "mirror": true},
						{"origin": [-6.5, 6.5, -16.5], "size": [1, 1, 3], "uv": [5, 54], "mirror": true},
						{"origin": [-5, 8, -16.5], "size": [1, 1, 3], "uv": [49, 53], "mirror": true},
						{"origin": [-5, 5, -16.5], "size": [1, 1, 3], "uv": [0, 53], "mirror": true}
					]
				},
				{
					"name": "tail1",
					"parent": "body",
					"pivot": [0, 14, 7],
					"cubes": [
						{"origin": [0, 14, 7], "size": [0, 2, 8], "uv": [0, 5]}
					]
				},
				{
					"name": "tail2",
					"parent": "tail1",
					"pivot": [0, 15, 15],
					"cubes": [
						{"origin": [0, 14, 15], "size": [0, 2, 8], "uv": [0, 3]}
					]
				},
				{
					"name": "tail3",
					"parent": "tail2",
					"pivot": [0, 15, 23],
					"cubes": [
						{"origin": [0, 14, 23], "size": [0, 3, 8], "uv": [0, 0]}
					]
				},
				{
					"name": "left_leg",
					"parent": "dvaarak",
					"pivot": [5, 9, 3.5],
					"cubes": [
						{"origin": [2, 0, 1], "size": [6, 11, 6], "uv": [36, 36]},
						{"origin": [5.5, 0, -3.25], "size": [0, 3, 5], "pivot": [7, 8, 2], "rotation": [0, -20, 0], "uv": [0, 25]},
						{"origin": [4.5, 0, -4.5], "size": [0, 3, 5], "pivot": [7, 8, 2], "rotation": [0, 20, 0], "uv": [0, 22]}
					]
				},
				{
					"name": "right_leg",
					"parent": "dvaarak",
					"pivot": [-5, 9, 3.5],
					"cubes": [
						{"origin": [-8, 0, 1], "size": [6, 11, 6], "uv": [36, 36], "mirror": true},
						{"origin": [-5.5, 0, -3.25], "size": [0, 3, 5], "pivot": [-7, 8, 2], "rotation": [0, 20, 0], "uv": [0, 25], "mirror": true},
						{"origin": [-4.5, 0, -4.5], "size": [0, 3, 5], "pivot": [-7, 8, 2], "rotation": [0, -20, 0], "uv": [0, 22], "mirror": true}
					]
				}
			]
		}
	]
}