{
	"format_version": "1.12.0",
	"minecraft:geometry": [
		{
			"description": {
				"identifier": "geometry.tentyrant",
				"texture_width": 128,
				"texture_height": 128,
				"visible_bounds_width": 3,
				"visible_bounds_height": 2.5,
				"visible_bounds_offset": [0, 0.75, 0]
			},
			"bones": [
				{
					"name": "tentyrant",
					"pivot": [0, 0, 0]
				},
				{
					"name": "body",
					"parent": "tentyrant",
					"pivot": [0, 4, 0],
					"cubes": [
						{"origin": [-1.15, 6.5, -7], "size": [3, 4, 3], "pivot": [0.35, 9.5, -6], "rotation": [0, -45, 0], "uv": [-1, 55]},
						{"origin": [-1.15, 5.5, -6.5], "size": [3, 6, 3], "pivot": [0.35, 8.5, -5.5], "rotation": [0, -45, 0], "uv": [-1, 55]},
						{"origin": [-6, 4.5, -6], "size": [12, 10, 12], "uv": [0, 0]}
					]
				},
				{
					"name": "fur",
					"parent": "body",
					"pivot": [0, 0, 0],
					"cubes": [
						{"origin": [2.5, -1, -5.5], "size": [0, 5, 11], "uv": [24, 34]},
						{"origin": [-2.5, -1, -5.5], "size": [0, 5, 11], "uv": [24, 34], "mirror": true},
						{"origin": [-5.5, -1, -2.5], "size": [11, 5, 0], "uv": [36, 0]},
						{"origin": [-5.5, -1, 2.5], "size": [11, 5, 0], "uv": [36, 0]},
						{"origin": [-5.5, 3, -5.5], "size": [11, 3, 11], "inflate": 0.1, "uv": [37, 31]},
						{"origin": [-5.5, 2, -5.5], "size": [11, 3, 11], "inflate": 0.2, "uv": [37, 11]}
					]
				},
				{
					"name": "coat",
					"parent": "body",
					"pivot": [0, 7, 0],
					"cubes": [
						{"origin": [-6, 8, -6], "size": [12, 8, 12], "inflate": 0.15, "uv": [0, 22]}
					]
				},
				{
					"name": "left_coat3",
					"parent": "coat",
					"pivot": [3.6, 8, 6],
					"cubes": [
						{"origin": [1.1, 2, 6.1], "size": [5, 6, 0], "pivot": [3.6, 8, 5.1], "rotation": [12.5, 0, 0], "uv": [0, 22]}
					]
				},
				{
					"name": "right_coat3",
					"parent": "coat",
					"pivot": [-3.6, 8, 6],
					"cubes": [
						{"origin": [-6.1, 2, 6.1], "size": [5, 6, 0], "pivot": [-3.6, 8, 5.1], "rotation": [12.5, 0, 0], "uv": [0, 22], "mirror": true}
					]
				},
				{
					"name": "left_coat2",
					"parent": "coat",
					"pivot": [3.6, 8, -6],
					"cubes": [
						{"origin": [1.1, 2, -6.1], "size": [5, 6, 0], "pivot": [3.6, 8, -6.1], "rotation": [-17.5, 0, 0], "uv": [0, 22]}
					]
				},
				{
					"name": "right_coat2",
					"parent": "coat",
					"pivot": [-3.6, 8, -6],
					"cubes": [
						{"origin": [-6.1, 2, -6.1], "size": [5, 6, 0], "pivot": [-3.6, 8, -6.1], "rotation": [-17.5, 0, 0], "uv": [0, 22], "mirror": true}
					]
				},
				{
					"name": "left_coat1",
					"parent": "coat",
					"pivot": [6.1, 8, 0],
					"cubes": [
						{"origin": [6.1, 2, -6], "size": [0, 6, 12], "pivot": [6.1, 8, 0], "rotation": [0, 0, -12.5], "uv": [0, 30]}
					]
				},
				{
					"name": "right_coat1",
					"parent": "coat",
					"pivot": [-6.1, 8, 0],
					"cubes": [
						{"origin": [-6.1, 2, -6], "size": [0, 6, 12], "pivot": [-6.1, 8, 0], "rotation": [0, 0, 12.5], "uv": [0, 30], "mirror": true}
					]
				},
				{
					"name": "left_eye",
					"parent": "body",
					"pivot": [-2, 6.5, -0.05],
					"cubes": [
						{"origin": [1, 6.5, -6.05], "size": [3, 1, 0], "uv": [24, 42]}
					]
				},
				{
					"name": "right_eye",
					"parent": "body",
					"pivot": [2, 6.5, -0.05],
					"cubes": [
						{"origin": [-4, 6.5, -6.05], "size": [3, 1, 0], "uv": [24, 42], "mirror": true}
					]
				},
				{
					"name": "feeler_top",
					"parent": "body",
					"pivot": [0, 4.5, -6.25],
					"cubes": [
						{"origin": [-2, 16, -2], "size": [4, 3, 4], "uv": [42, 46]},
						{"origin": [-1, 19.5, -7.25], "size": [2, 3, 2], "pivot": [0, 4.5, -6.25], "rotation": [-25, 0, 0], "uv": [36, 25]}
					]
				},
				{
					"name": "tentacles",
					"parent": "body",
					"pivot": [0, 4, 0]
				},
				{
					"name": "left_front_tentacle1",
					"parent": "tentacles",
					"pivot": [5, 7, -5],
					"cubes": [
						{"origin": [4.5, 3, -5.5], "size": [1, 4, 1], "uv": [46, 25]}
					]
				},
				{
					"name": "left_front_tentacle2",
					"parent": "left_front_tentacle1",
					"pivot": [5, 3, -5],
					"cubes": [
						{"origin": [4.5, -1, -5.5], "size": [1, 4, 1], "uv": [44, 5]}
					]
				},
				{
					"name": "left_front_tentacle3",
					"parent": "left_front_tentacle2",
					"pivot": [5, -1, -5],
					"cubes": [
						{"origin": [4, -4, -6], "size": [2, 4, 2], "uv": [36, 5]},
						{"origin": [4.5, -6, -5.5], "size": [1, 2, 1], "pivot": [5.5, -3, -5], "rotation": [30, 0, 30], "uv": [4, 8]}
					]
				},
				{
					"name": "right_front_tentacle1",
					"parent": "tentacles",
					"pivot": [-5, 7, -5],
					"cubes": [
						{"origin": [-5.5, 3, -5.5], "size": [1, 4, 1], "uv": [46, 25], "mirror": true}
					]
				},
				{
					"name": "right_front_tentacle2",
					"parent": "right_front_tentacle1",
					"pivot": [-5, 3, -5],
					"cubes": [
						{"origin": [-5.5, -1, -5.5], "size": [1, 4, 1], "uv": [44, 5], "mirror": true}
					]
				},
				{
					"name": "right_front_tentacle3",
					"parent": "right_front_tentacle2",
					"pivot": [-5, -1, -5],
					"cubes": [
						{"origin": [-6, -4, -6], "size": [2, 4, 2], "uv": [36, 5], "mirror": true},
						{"origin": [-5.5, -6, -5.5], "size": [1, 2, 1], "pivot": [-5.5, -3, -5], "rotation": [30, 0, -30], "uv": [4, 8], "mirror": true}
					]
				},
				{
					"name": "right_back_tentacle1",
					"parent": "tentacles",
					"pivot": [-5, 7, 5],
					"cubes": [
						{"origin": [-5.5, 3, 4.5], "size": [1, 4, 1], "uv": [46, 25], "mirror": true}
					]
				},
				{
					"name": "right_back_tentacle2",
					"parent": "right_back_tentacle1",
					"pivot": [-5, 3, 5],
					"cubes": [
						{"origin": [-5.5, -1, 4.5], "size": [1, 4, 1], "uv": [44, 5], "mirror": true}
					]
				},
				{
					"name": "right_back_tentacle3",
					"parent": "right_back_tentacle2",
					"pivot": [-5, -1, 5],
					"cubes": [
						{"origin": [-6, -4, 4], "size": [2, 4, 2], "uv": [36, 5], "mirror": true},
						{"origin": [-5.5, -6, 4.5], "size": [1, 2, 1], "pivot": [-5.5, -3, 5], "rotation": [-30, 0, -30], "uv": [4, 8], "mirror": true}
					]
				},
				{
					"name": "left_back_tentacle1",
					"parent": "tentacles",
					"pivot": [5, 7, 5],
					"cubes": [
						{"origin": [4.5, 3, 4.5], "size": [1, 4, 1], "uv": [46, 25]}
					]
				},
				{
					"name": "left_back_tentacle2",
					"parent": "left_back_tentacle1",
					"pivot": [5, 3, 5],
					"cubes": [
						{"origin": [4.5, -1, 4.5], "size": [1, 4, 1], "uv": [44, 5]}
					]
				},
				{
					"name": "left_back_tentacle3",
					"parent": "left_back_tentacle2",
					"pivot": [5, -1, 5],
					"cubes": [
						{"origin": [4, -4, 4], "size": [2, 4, 2], "uv": [36, 5]},
						{"origin": [4.5, -6, 4.5], "size": [1, 2, 1], "pivot": [5.5, -3, 5], "rotation": [-30, 0, 30], "uv": [4, 8]}
					]
				}
			]
		}
	]
}