{
	"format_version": "1.12.0",
	"minecraft:geometry": [
		{
			"description": {
				"identifier": "geometry.skelachone",
				"texture_width": 128,
				"texture_height": 128,
				"visible_bounds_width": 5,
				"visible_bounds_height": 3.5,
				"visible_bounds_offset": [0, 1.25, 0]
			},
			"bones": [
				{
					"name": "skelachone",
					"pivot": [0, 0, 0]
				},
				{
					"name": "body",
					"parent": "skelachone",
					"pivot": [0, 10, 0],
					"cubes": [
						{"origin": [-3.25, 4, -2], "size": [6, 11, 2], "uv": [32, 21]},
						{"origin": [2.75, 7, 0], "size": [0, 3, 2], "uv": [0, 4]},
						{"origin": [0, 5, -0.5], "size": [0, 10, 6], "uv": [14, 37]}
					]
				},
				{
					"name": "head",
					"parent": "body",
					"pivot": [0, 12, -3],
					"cubes": [
						{"origin": [-4, 5.5, -10], "size": [8, 8, 7], "pivot": [0, 12, -3], "rotation": [-27.5, 0, 0], "uv": [0, 22]},
						{"origin": [-4, 5.5, -6], "size": [8, 8, 3], "inflate": -0.1, "uv": [36, 62]},
						{"origin": [-2, 13.5, -7.5], "size": [4, 8, 4], "pivot": [0, 12, -3], "rotation": [-27.5, 0, 0], "uv": [40, 42]},
						{"origin": [-6, 6.25, -4], "size": [12, 4, 0], "pivot": [0, 12, -3], "rotation": [-27.5, 0, 0], "uv": [44, 0]},
						{"origin": [-4, 9.5, -11.5], "size": [8, 0, 7], "uv": [0, 6]},
						{"origin": [-0.5, 9, -27], "size": [1, 1, 12], "uv": [18, 25]},
						{"origin": [-2, 8.5, -15], "size": [4, 4, 4], "uv": [39, 54]},
						{"origin": [0, 8.75, -24], "size": [0, 7, 15], "uv": [0, 0]}
					]
				},
				{
					"name": "left_eye",
					"parent": "head",
					"pivot": [3.05, 10, -8.5],
					"rotation": [-10, 0, 0],
					"cubes": [
						{"origin": [4.05, 9, -11.5], "size": [0, 3, 5], "pivot": [3.05, 10, -8.5], "rotation": [25, 0, 0], "uv": [32, 29]},
						{"origin": [4.15, 10, -9.5], "size": [0, 1, 1], "pivot": [3.05, 10, -8.5], "rotation": [25, 0, 0], "uv": [0, 0]}
					]
				},
				{
					"name": "left_pupil",
					"parent": "left_eye",
					"pivot": [3.05, 10, -8.5],
					"cubes": [
						{"origin": [4.1, 9.5, -10], "size": [0, 2, 2], "pivot": [3.05, 10, -8.5], "rotation": [25, 0, 0], "uv": [0, 10]}
					]
				},
				{
					"name": "right_eye",
					"parent": "head",
					"pivot": [-3.05, 10, -8.5],
					"rotation": [-10, 0, 0],
					"cubes": [
						{"origin": [-4.05, 9, -11.5], "size": [0, 3, 5], "pivot": [-3.05, 10, -8.5], "rotation": [25, 0, 0], "uv": [32, 29], "mirror": true},
						{"origin": [-4.15, 10, -9.5], "size": [0, 1, 1], "pivot": [-3.05, 10, -8.5], "rotation": [25, 0, 0], "uv": [0, 0], "mirror": true}
					]
				},
				{
					"name": "right_pupil",
					"parent": "right_eye",
					"pivot": [-3.05, 10, -8.5],
					"cubes": [
						{"origin": [-4.1, 9.5, -10], "size": [0, 2, 2], "pivot": [-3.05, 10, -8.5], "rotation": [25, 0, 0], "uv": [0, 10], "mirror": true}
					]
				},
				{
					"name": "upperteeth",
					"parent": "head",
					"pivot": [0.5, 8, -3],
					"rotation": [0, 0, -180],
					"cubes": [
						{"origin": [-2.5, 5, -11], "size": [7, 4, 0], "pivot": [0.5, 8, -10.5], "rotation": [10, 0, 0], "uv": [51, 4]},
						{"origin": [-7.5, 4, -6.5], "size": [7, 4, 0], "pivot": [0.5, 8, -2.5], "rotation": [-90, -77.5, 90], "uv": [51, 4]},
						{"origin": [2.5, 4, -6.5], "size": [7, 4, 0], "pivot": [1.5, 8, -2.5], "rotation": [-90, 77.5, -90], "uv": [51, 4], "mirror": true}
					]
				},
				{
					"name": "jaw",
					"parent": "head",
					"pivot": [0, 10, -5],
					"rotation": [12.5, 0, 0],
					"cubes": [
						{"origin": [-3.5, 5.5, -12.5], "size": [7, 0, 7], "uv": [16, 6]},
						{"origin": [-3.5, 4, -11.5], "size": [7, 4, 0], "pivot": [-0.5, 8, -4], "rotation": [-12.5, 0, 0], "uv": [51, 4]},
						{"origin": [-8.5, 4, -7.75], "size": [7, 4, 0], "pivot": [-0.5, 8, -4], "rotation": [-90, -77.5, 90], "uv": [51, 4]},
						{"origin": [1.5, 4, -7.75], "size": [7, 4, 0], "pivot": [0.5, 8, -4], "rotation": [-90, 77.5, -90], "uv": [51, 4], "mirror": true},
						{"origin": [-3.5, 4.7, -11.65], "size": [7, 0, 6], "uv": [5, 53]},
						{"origin": [-3.5, 1.5, -11], "size": [7, 8, 7], "pivot": [-0.5, 8, -4], "rotation": [-27.5, 0, 0], "uv": [30, 6]}
					]
				},
				{
					"name": "bitsA",
					"parent": "head",
					"pivot": [0, 22, 0],
					"cubes": [
						{"origin": [-1.5, 23, -1], "size": [3, 2, 6], "pivot": [0, 22, 0], "rotation": [25, 0, 0], "uv": [42, 28]},
						{"origin": [-1, 28, 3], "size": [2, 1, 6], "pivot": [0, 26, 5], "rotation": [10, 0, 0], "uv": [48, 21]},
						{"origin": [-0.5, 29.5, 10], "size": [1, 1, 2], "pivot": [0, 26, 5], "rotation": [10, 0, 0], "uv": [0, 9]}
					]
				},
				{
					"name": "left_fin1",
					"parent": "body",
					"pivot": [2, 5, 0],
					"cubes": [
						{"origin": [2, 4, -1], "size": [10, 2, 2], "uv": [28, 38]}
					]
				},
				{
					"name": "left_fin2",
					"parent": "left_fin1",
					"pivot": [12, 6, -1],
					"cubes": [
						{"origin": [10, 3.75, -3], "size": [19, 3, 3], "pivot": [12, 6, -1], "rotation": [0, -72.5, 0], "uv": [0, 0]}
					]
				},
				{
					"name": "right_fin1",
					"parent": "body",
					"pivot": [-2, 5, 0],
					"cubes": [
						{"origin": [-12, 4, -1], "size": [10, 2, 2], "uv": [28, 38], "mirror": true}
					]
				},
				{
					"name": "right_fin2",
					"parent": "right_fin1",
					"pivot": [-12, 6, -1],
					"cubes": [
						{"origin": [-29, 3.75, -3], "size": [19, 3, 3], "pivot": [-12, 6, -1], "rotation": [0, 72.5, 0], "uv": [0, 0], "mirror": true}
					]
				},
				{
					"name": "tail1",
					"parent": "body",
					"pivot": [0, 10, 5.5],
					"cubes": [
						{"origin": [0, 5, 5.5], "size": [0, 10, 6], "uv": [28, 36]}
					]
				},
				{
					"name": "tail2",
					"parent": "tail1",
					"pivot": [0, 10, 11.5],
					"cubes": [
						{"origin": [0, 6, 11.5], "size": [0, 8, 6], "uv": [26, 46]}
					]
				},
				{
					"name": "tail3",
					"parent": "tail2",
					"pivot": [0, 10, 17.5],
					"cubes": [
						{"origin": [0, 6, 17.5], "size": [0, 8, 4], "uv": [0, 49]}
					]
				},
				{
					"name": "tail4",
					"parent": "tail3",
					"pivot": [0, 8, 21.5],
					"cubes": [
						{"origin": [0, 4, 21.5], "size": [0, 16, 7], "uv": [0, 30]}
					]
				}
			]
		}
	]
}