{
	"format_version": "1.12.0",
	"minecraft:geometry": [
		{
			"description": {
				"identifier": "geometry.doodloo",
				"texture_width": 128,
				"texture_height": 128,
				"visible_bounds_width": 8,
				"visible_bounds_height": 3.5,
				"visible_bounds_offset": [0, 1.25, 0]
			},
			"bones": [
				{
					"name": "doodloo",
					"pivot": [0, 0, 0]
				},
				{
					"name": "body",
					"parent": "doodloo",
					"pivot": [0, 7, 0],
					"cubes": [
						{"origin": [-4, 4.25, -3], "size": [8, 2, 6], "inflate": -0.1, "uv": [40, 11]},
						{"origin": [-3, 5, -2.5], "size": [6, 3, 5], "uv": [44, 53]}
					]
				},
				{
					"name": "torso",
					"parent": "body",
					"pivot": [0, 8, 0],
					"cubes": [
						{"origin": [-4, 7, -3], "size": [8, 2, 6], "inflate": -0.1, "uv": [0, 39]},
						{"origin": [-3, 7.75, -2.5], "size": [6, 3, 5], "uv": [22, 52]}
					]
				},
				{
					"name": "neck",
					"parent": "torso",
					"pivot": [0, 10, 0],
					"cubes": [
						{"origin": [-1, 10, -1], "size": [2, 3, 2], "uv": [34, 26]}
					]
				},
				{
					"name": "head",
					"parent": "neck",
					"pivot": [0, 12, 0],
					"cubes": [
						{"origin": [-5, 12, -2], "size": [10, 8, 4], "uv": [0, 23]},
						{"origin": [-1.5, 19.75, 0], "size": [3, 4, 0], "uv": [28, 17]},
						{"origin": [0.5, 10, 0.25], "size": [5, 8, 2], "pivot": [0, 18, 0], "rotation": [17.10967, 3.73171, -11.93845], "uv": [0, 58]},
						{"origin": [-5.5, 10, 0.25], "size": [5, 8, 2], "pivot": [0, 18, 0], "rotation": [17.10967, -3.73171, 11.93845], "uv": [0, 58], "mirror": true}
					]
				},
				{
					"name": "clone_hat",
					"parent": "head",
					"pivot": [0, 18.75, 0],
					"cubes": [
						{"origin": [-4, 20, -3], "size": [8, 2, 6], "uv": [38, 0]},
						{"origin": [-4, 22, -3], "size": [8, 6, 6], "inflate": 0.1, "uv": [0, 11]},
						{"origin": [-7, 19.5, -5], "size": [14, 1, 10], "inflate": 0.1, "uv": [0, 0]},
						{"origin": [3, 20.25, -7], "size": [6, 0, 6], "uv": [16, 11]}
					]
				},
				{
					"name": "left_eye_root",
					"parent": "torso",
					"pivot": [3.25, 9.5, -2]
				},
				{
					"name": "left_eye",
					"parent": "left_eye_root",
					"pivot": [3.25, 9.5, -2],
					"cubes": [
						{"origin": [1.5, 8.5, -4], "size": [3, 3, 3], "pivot": [3.25, 9.5, -2], "rotation": [0, 0, -10], "uv": [60, 0]}
					]
				},
				{
					"name": "left_pupil_open",
					"parent": "left_eye",
					"pivot": [3.25, 10.5, -2],
					"cubes": [
						{"origin": [3, 10, -4.05], "size": [1, 1, 0], "pivot": [3.25, 10.5, -2], "rotation": [0, 0, -10], "uv": [0, 0]}
					]
				},
				{
					"name": "left_pupil_closed",
					"parent": "left_eye",
					"pivot": [3.25, 9.5, -2.5],
					"cubes": [
						{"origin": [1.5, 9, -3.05], "size": [3, 1, 0], "pivot": [3.25, 9.5, -2.5], "rotation": [0, 0, -10], "uv": [0, 16]}
					]
				},
				{
					"name": "right_eye_root",
					"parent": "torso",
					"pivot": [-3.25, 9.5, -2]
				},
				{
					"name": "right_eye",
					"parent": "right_eye_root",
					"pivot": [-3.25, 9.5, -2],
					"cubes": [
						{"origin": [-4.5, 8.5, -4], "size": [3, 3, 3], "pivot": [-3.25, 9.5, -2], "rotation": [0, 0, 10], "uv": [60, 0], "mirror": true}
					]
				},
				{
					"name": "right_pupil_open",
					"parent": "right_eye",
					"pivot": [-3.25, 10.5, -2],
					"cubes": [
						{"origin": [-4, 10, -4.05], "size": [1, 1, 0], "pivot": [-3.25, 10.5, -2], "rotation": [0, 0, 10], "uv": [0, 0], "mirror": true}
					]
				},
				{
					"name": "right_pupil_closed",
					"parent": "right_eye",
					"pivot": [-3.25, 9.5, -2.5],
					"cubes": [
						{"origin": [-4.5, 9, -3.05], "size": [3, 1, 0], "pivot": [-3.25, 9.5, -2.5], "rotation": [0, 0, 10], "uv": [0, 16], "mirror": true}
					]
				},
				{
					"name": "clone_torso",
					"parent": "torso",
					"pivot": [0, 8, 0],
					"cubes": [
						{"origin": [1.75, 3, -3], "size": [3, 7, 6], "inflate": 0.1, "pivot": [0, 8, 0], "rotation": [0, 0, -25], "uv": [50, 19]},
						{"origin": [1, 4, -3.25], "size": [3, 7, 2], "inflate": 0.1, "pivot": [0, 8, 0], "rotation": [0, 0, -7.5], "uv": [0, 0]},
						{"origin": [-1, 5, 1.25], "size": [5, 6, 2], "inflate": 0.1, "pivot": [0, 8, 0], "rotation": [0, 0, -7.5], "uv": [14, 60]},
						{"origin": [-4.75, 3, -3], "size": [3, 7, 6], "inflate": 0.1, "pivot": [0, 8, 0], "rotation": [0, 0, 25], "uv": [50, 19], "mirror": true},
						{"origin": [-4, 4, -3.25], "size": [3, 7, 2], "inflate": 0.1, "pivot": [0, 8, 0], "rotation": [0, 0, 7.5], "uv": [0, 0], "mirror": true},
						{"origin": [-4, 5, 1.25], "size": [5, 6, 2], "inflate": 0.1, "pivot": [0, 8, 0], "rotation": [0, 0, 7.5], "uv": [14, 60], "mirror": true}
					]
				},
				{
					"name": "left_arm1",
					"parent": "torso",
					"pivot": [3, 10.25, 0],
					"cubes": [
						{"origin": [2.5, 9.75, 0], "size": [6, 1, 0], "uv": [34, 12]}
					]
				},
				{
					"name": "left_arm2",
					"parent": "left_arm1",
					"pivot": [8.5, 10.25, 0],
					"cubes": [
						{"origin": [8, 9.75, 0], "size": [6, 1, 0], "uv": [34, 11]}
					]
				},
				{
					"name": "left_hand",
					"parent": "left_arm2",
					"pivot": [13.5, 10.25, 0],
					"cubes": [
						{"origin": [13.5, 8.75, 0], "size": [2, 3, 0], "uv": [0, 23]}
					]
				},
				{
					"name": "left_finger1",
					"parent": "left_hand",
					"pivot": [15, 11.75, 0],
					"cubes": [
						{"origin": [14.5, 11.25, 0], "size": [2, 1, 0], "uv": [0, 15]}
					]
				},
				{
					"name": "left_finger3",
					"parent": "left_hand",
					"pivot": [15, 8.75, 0],
					"cubes": [
						{"origin": [14.5, 8.25, 0], "size": [2, 1, 0], "uv": [0, 9]}
					]
				},
				{
					"name": "left_finger2",
					"parent": "left_hand",
					"pivot": [15.5, 10.25, 0],
					"cubes": [
						{"origin": [15, 9.75, 0], "size": [2, 1, 0], "uv": [4, 9]}
					]
				},
				{
					"name": "left_arm1_clone",
					"parent": "left_arm1",
					"pivot": [3, 10.25, 0],
					"cubes": [
						{"origin": [2, 9.25, -1], "size": [5, 2, 2], "uv": [0, 35]}
					]
				},
				{
					"name": "right_arm1",
					"parent": "torso",
					"pivot": [-3, 10.25, 0],
					"cubes": [
						{"origin": [-8.5, 9.75, 0], "size": [6, 1, 0], "uv": [34, 12], "mirror": true}
					]
				},
				{
					"name": "right_arm2",
					"parent": "right_arm1",
					"pivot": [-8.5, 10.25, 0],
					"cubes": [
						{"origin": [-14, 9.75, 0], "size": [6, 1, 0], "uv": [34, 11], "mirror": true}
					]
				},
				{
					"name": "right_hand",
					"parent": "right_arm2",
					"pivot": [-13.5, 10.25, 0],
					"cubes": [
						{"origin": [-15.5, 8.75, 0], "size": [2, 3, 0], "uv": [0, 23], "mirror": true}
					]
				},
				{
					"name": "right_finger1",
					"parent": "right_hand",
					"pivot": [-15, 11.75, 0],
					"cubes": [
						{"origin": [-16.5, 11.25, 0], "size": [2, 1, 0], "uv": [0, 15], "mirror": true}
					]
				},
				{
					"name": "right_finger3",
					"parent": "right_hand",
					"pivot": [-15, 8.75, 0],
					"cubes": [
						{"origin": [-16.5, 8.25, 0], "size": [2, 1, 0], "uv": [0, 9], "mirror": true}
					]
				},
				{
					"name": "right_finger2",
					"parent": "right_hand",
					"pivot": [-15.5, 10.25, 0],
					"cubes": [
						{"origin": [-17, 9.75, 0], "size": [2, 1, 0], "uv": [4, 9], "mirror": true}
					]
				},
				{
					"name": "right_arm1_clone",
					"parent": "right_arm1",
					"pivot": [-3, 10.25, 0],
					"cubes": [
						{"origin": [-7, 9.25, -1], "size": [5, 2, 2], "uv": [0, 35], "mirror": true}
					]
				},
				{
					"name": "tail1",
					"parent": "body",
					"pivot": [0, 5.5, 1],
					"cubes": [
						{"origin": [-1.5, 4, 1], "size": [3, 3, 8], "inflate": 0.1, "uv": [0, 47]}
					]
				},
				{
					"name": "tail2",
					"parent": "tail1",
					"pivot": [0, 5.5, 9],
					"cubes": [
						{"origin": [-1.5, 4, 9], "size": [3, 3, 8], "uv": [42, 42]}
					]
				},
				{
					"name": "tail3",
					"parent": "tail2",
					"pivot": [0, 5.5, 17],
					"cubes": [
						{"origin": [-1.5, 4, 16], "size": [3, 3, 10], "inflate": -0.1, "uv": [34, 29]}
					]
				},
				{
					"name": "tail4",
					"parent": "tail3",
					"pivot": [0, 5.5, 25],
					"cubes": [
						{"origin": [-1.5, 4, 25], "size": [3, 3, 10], "inflate": -0.2, "uv": [18, 26]}
					]
				},
				{
					"name": "tail5",
					"parent": "tail4",
					"pivot": [0, 5.5, 33],
					"cubes": [
						{"origin": [-1.5, 4, 33], "size": [3, 3, 10], "inflate": -0.1, "uv": [24, 13]}
					]
				},
				{
					"name": "tail6",
					"parent": "tail5",
					"pivot": [0, 5.5, 41],
					"cubes": [
						{"origin": [-1.5, 3.5, 41], "size": [3, 5, 8], "uv": [20, 39]}
					]
				},
				{
					"name": "tongue",
					"parent": "body",
					"pivot": [0.5, 4.75, -2.25],
					"cubes": [
						{"origin": [-1.5, 2.75, -2.25], "size": [3, 4, 0], "uv": [0, 11]}
					]
				},
				{
					"name": "left_leg",
					"parent": "doodloo",
					"pivot": [1.5, 5, 0],
					"cubes": [
						{"origin": [0.25, 0, -1.5], "size": [3, 6, 3], "uv": [28, 60]}
					]
				},
				{
					"name": "left_leg_clone",
					"parent": "left_leg",
					"pivot": [1.5, 5, 0],
					"cubes": [
						{"origin": [-0.25, 2, -2], "size": [4, 4, 4], "uv": [56, 38]}
					]
				},
				{
					"name": "right_leg",
					"parent": "doodloo",
					"pivot": [-1.5, 5, 0],
					"cubes": [
						{"origin": [-3.25, 0, -1.5], "size": [3, 6, 3], "uv": [28, 60], "mirror": true}
					]
				},
				{
					"name": "right_leg_clone",
					"parent": "right_leg",
					"pivot": [-1.5, 5, 0],
					"cubes": [
						{"origin": [-3.75, 2, -2], "size": [4, 4, 4], "uv": [56, 38], "mirror": true}
					]
				}
			]
		}
	]
}