{
	"format_version": "1.12.0",
	"minecraft:geometry": [
		{
			"description": {
				"identifier": "geometry.trishout",
				"texture_width": 48,
				"texture_height": 48,
				"visible_bounds_width": 4,
				"visible_bounds_height": 2.5,
				"visible_bounds_offset": [0, 0.75, 0]
			},
			"bones": [
				{
					"name": "root",
					"pivot": [0, 0, 0]
				},
				{
					"name": "head",
					"parent": "root",
					"pivot": [0, 5, 0]
				},
				{
					"name": "head_2",
					"parent": "head",
					"pivot": [0, 5, 0]
				},
				{
					"name": "top",
					"parent": "head_2",
					"pivot": [0, 9.325, -0.25],
					"cubes": [
						{"origin": [-2, 7.225, -1.25], "size": [4, 4, 4], "inflate": -0.4, "uv": [0, 8]},
						{"origin": [-1.5, 8.05886, 0.0923], "size": [3, 4, 3], "pivot": [0, 10.075, 1.25], "rotation": [20, 0, 0], "uv": [14, 19]},
						{"origin": [-1, 9.32604, -0.58846], "size": [2, 2, 5], "inflate": 0.2, "pivot": [0, 10.825, 0.75], "rotation": [35, 0, 0], "uv": [0, 16]},
						{"origin": [-2, 8.12587, -3.04851], "size": [4, 3, 2], "inflate": -0.4, "uv": [0, 23]},
						{"origin": [-2, 8.2052, -2.44793], "size": [4, 4, 4], "inflate": -0.3, "uv": [0, 0]},
						{"origin": [-2, 8.04377, -3.62331], "size": [4, 2, 2], "inflate": -0.5, "uv": [19, 29]}
					]
				},
				{
					"name": "jaw",
					"parent": "top",
					"pivot": [0, 8.575, 0.25],
					"cubes": [
						{"origin": [-1.375, 7.81484, -2.70514], "size": [0, 1, 1], "uv": [9, 15]},
						{"origin": [-1.5, 7.56484, -3.00514], "size": [3, 1, 3], "inflate": -0.1, "uv": [9, 26]},
						{"origin": [1.375, 7.81484, -2.70514], "size": [0, 1, 1], "uv": [12, 0]}
					]
				},
				{
					"name": "eye_left",
					"parent": "top",
					"pivot": [3.025, 9.825, -2.5],
					"rotation": [-2.5, 0, 0],
					"cubes": [
						{"origin": [1.72196, 8.83855, -2.62411], "size": [0, 1, 2], "pivot": [3.025, 9.825, -2.5], "rotation": [26.13371, 5.46279, 0.11585], "uv": [0, 1]},
						{"origin": [1.69696, 8.33855, -2.87411], "size": [0, 2, 3], "pivot": [3.025, 9.825, -2.5], "rotation": [26.13371, 5.46279, 0.11585], "uv": [9, 16]},
						{"origin": [1.69696, 9.33855, 0.12589], "size": [0, 1, 1], "pivot": [3.025, 9.825, -2.5], "rotation": [26.13371, 5.46279, 0.11585], "uv": [2, 10]}
					]
				},
				{
					"name": "eyelid_left",
					"parent": "eye_left",
					"pivot": [0.275, 9.825, -1.6],
					"cubes": [
						{"origin": [-0.23259, 8.84843, -2.73775], "size": [1, 1, 2], "pivot": [3.025, 9.825, -2.6], "rotation": [26.13371, 5.46279, 0.11585], "uv": [22, 13]}
					]
				},
				{
					"name": "eye_right",
					"parent": "top",
					"pivot": [-3, 9.825, -2.5],
					"rotation": [-2.5, 0, 0],
					"cubes": [
						{"origin": [-1.72196, 8.83855, -2.62411], "size": [0, 1, 2], "pivot": [-3.025, 9.825, -2.5], "rotation": [26.13371, -5.46279, -0.11585], "uv": [0, 1], "mirror": true},
						{"origin": [-1.69696, 8.33855, -2.87411], "size": [0, 2, 3], "pivot": [-3.025, 9.825, -2.5], "rotation": [26.13371, -5.46279, -0.11585], "uv": [9, 16], "mirror": true},
						{"origin": [-1.69696, 9.33855, 0.12589], "size": [0, 1, 1], "pivot": [-3.025, 9.825, -2.5], "rotation": [26.13371, -5.46279, -0.11585], "uv": [2, 10], "mirror": true}
					]
				},
				{
					"name": "eyelid_right",
					"parent": "eye_right",
					"pivot": [0.625, 9.825, -1.25],
					"cubes": [
						{"origin": [-0.76741, 8.84843, -2.73775], "size": [1, 1, 2], "pivot": [-3.025, 9.825, -2.6], "rotation": [26.13371, -5.46279, -0.11585], "uv": [22, 13], "mirror": true}
					]
				},
				{
					"name": "front_mask",
					"parent": "top",
					"pivot": [0, 9.175, -3.7],
					"cubes": [
						{"origin": [-1.9, 8.15, -4.025], "size": [2, 3, 1], "inflate": -0.1, "pivot": [0, 9.175, -4], "rotation": [-12.66842, 14.65073, -3.25392], "uv": [13, 30], "mirror": true},
						{"origin": [-0.1, 8.15, -4.025], "size": [2, 3, 1], "inflate": -0.1, "pivot": [0, 9.175, -4], "rotation": [-12.66842, -14.65073, 3.25392], "uv": [13, 30]}
					]
				},
				{
					"name": "torso",
					"parent": "head",
					"pivot": [0, 6.325, 0.5]
				},
				{
					"name": "top_torso",
					"parent": "torso",
					"pivot": [0, 6.325, 0.5],
					"cubes": [
						{"origin": [-1, 4.825, -1.3], "size": [2, 3, 3], "inflate": 0.1, "uv": [23, 23]}
					]
				},
				{
					"name": "mid_torso",
					"parent": "torso",
					"pivot": [0, 4.575, 0],
					"cubes": [
						{"origin": [-1.5, 2.825, -1.875], "size": [3, 4, 4], "inflate": -0.1, "uv": [12, 4]}
					]
				},
				{
					"name": "bottom_torso",
					"parent": "torso",
					"pivot": [0, 3.325, 0],
					"cubes": [
						{"origin": [-1.5, 2.00986, -2.09743], "size": [3, 3, 4], "inflate": 0.3, "uv": [12, 12]}
					]
				},
				{
					"name": "thighs_right",
					"parent": "bottom_torso",
					"pivot": [-1.15, 2.35986, 0.40257],
					"cubes": [
						{"origin": [-2.5, 0.85986, -1.34743], "size": [2, 3, 3], "uv": [23, 16], "mirror": true}
					]
				},
				{
					"name": "leg_right",
					"parent": "thighs_right",
					"pivot": [0.1, 0.85986, 0.90257],
					"cubes": [
						{"origin": [-2.5, -0.04014, -2.09743], "size": [2, 1, 4], "inflate": -0.1, "uv": [22, 8], "mirror": true},
						{"origin": [-2.25, -0.01514, -2.59743], "size": [0, 1, 1], "pivot": [-2.25, 0.48486, -1.59743], "rotation": [0, 5, 0], "uv": [0, 0], "mirror": true},
						{"origin": [-1.525, -0.01514, -2.64743], "size": [0, 1, 1], "uv": [0, 10], "mirror": true},
						{"origin": [-0.85, -0.01514, -2.49743], "size": [0, 1, 1], "pivot": [0.1, 1.13486, -0.84743], "rotation": [0, -5, 0], "uv": [2, 0], "mirror": true}
					]
				},
				{
					"name": "thighs_left",
					"parent": "bottom_torso",
					"pivot": [1.4, 2.35986, 0.15257],
					"cubes": [
						{"origin": [0.5, 0.85986, -1.34743], "size": [2, 3, 3], "uv": [23, 16]}
					]
				},
				{
					"name": "leg_left",
					"parent": "thighs_left",
					"pivot": [0.25, 0.48486, 0.40257],
					"cubes": [
						{"origin": [0.5, -0.04014, -2.09743], "size": [2, 1, 4], "inflate": -0.1, "uv": [22, 8]},
						{"origin": [1.525, -0.01514, -2.64743], "size": [0, 1, 1], "uv": [0, 10]},
						{"origin": [0.85, -0.01514, -2.49743], "size": [0, 1, 1], "pivot": [-0.1, 1.13486, -0.84743], "rotation": [0, 5, 0], "uv": [2, 0]},
						{"origin": [2.25, -0.01514, -2.59743], "size": [0, 1, 1], "pivot": [2.25, 0.48486, -1.59743], "rotation": [0, -5, 0], "uv": [0, 0]}
					]
				},
				{
					"name": "tail",
					"parent": "bottom_torso",
					"pivot": [0, 3.98486, 2.10257],
					"cubes": [
						{"origin": [-1, 1.85986, 1.40257], "size": [2, 2, 4], "inflate": 0.1, "uv": [22, 0]}
					]
				},
				{
					"name": "tail_mid_1",
					"parent": "tail",
					"pivot": [0, 2.98486, 5.40257],
					"cubes": [
						{"origin": [-0.5, 2.35986, 5.40257], "size": [1, 1, 3], "inflate": 0.4, "uv": [5, 30]}
					]
				},
				{
					"name": "tail_mid_2",
					"parent": "tail_mid_1",
					"pivot": [0, 2.73486, 8.40257],
					"cubes": [
						{"origin": [-0.5, 2.35986, 8.40257], "size": [1, 1, 3], "inflate": 0.2, "uv": [30, 0]}
					]
				},
				{
					"name": "tail_tip_1",
					"parent": "tail_mid_2",
					"pivot": [0, 2.78486, 11.40257],
					"cubes": [
						{"origin": [-0.5, 2.35986, 10.90257], "size": [1, 1, 3], "uv": [0, 28]}
					]
				},
				{
					"name": "tail_tip_2",
					"parent": "tail_tip_1",
					"pivot": [0, 2.88486, 13.40257],
					"cubes": [
						{"origin": [-1, 2.88486, 13.40257], "size": [2, 0, 1], "uv": [0, 17]},
						{"origin": [-1, 2.88486, 15.40257], "size": [2, 0, 1], "uv": [0, 16]},
						{"origin": [-0.5, 2.88486, 16.40257], "size": [1, 0, 1], "uv": [0, 0]},
						{"origin": [-1.5, 2.88486, 14.40257], "size": [3, 0, 1], "uv": [21, 7]}
					]
				},
				{
					"name": "arm_right",
					"parent": "torso",
					"pivot": [-1.4, 5.725, 0.25],
					"cubes": [
						{"origin": [-4.19264, 4.55692, -0.75], "size": [4, 2, 2], "inflate": -0.2, "uv": [12, 0], "mirror": true}
					]
				},
				{
					"name": "arm_left",
					"parent": "torso",
					"pivot": [1.4, 5.825, 0.25],
					"cubes": [
						{"origin": [0.25, 4.575, -0.75], "size": [4, 2, 2], "inflate": -0.2, "uv": [12, 0]}
					]
				},
				{
					"name": "spikes",
					"parent": "torso",
					"pivot": [0, 5.65, 2],
					"cubes": [
						{"origin": [0, 6.45, 1.5], "size": [0, 1, 2], "uv": [0, 0]},
						{"origin": [0, 3.7, 1.5], "size": [0, 1, 2], "uv": [0, 0]},
						{"origin": [0, 5.05, 1.25], "size": [0, 1, 3], "uv": [22, 3]}
					]
				}
			]
		}
	]
}