{
	"format_version": "1.12.0",
	"minecraft:geometry": [
		{
			"description": {
				"identifier": "geometry.buneary",
				"texture_width": 64,
				"texture_height": 64,
				"visible_bounds_width": 3,
				"visible_bounds_height": 3.5,
				"visible_bounds_offset": [0, 1.25, 0]
			},
			"bones": [
				{
					"name": "booneary",
					"pivot": [0, 0, -2]
				},
				{
					"name": "body",
					"parent": "booneary",
					"pivot": [0, 0, -2]
				},
				{
					"name": "ruff",
					"parent": "body",
					"pivot": [0, 2, -1.5],
					"cubes": [
						{"origin": [-4, 2, -5], "size": [8, 7, 6], "uv": [2, 19]}
					]
				},
				{
					"name": "torso",
					"parent": "ruff",
					"pivot": [0, 9, -2.25],
					"cubes": [
						{"origin": [-2, 9, -4.25], "size": [4, 4, 4], "uv": [31, 0]}
					]
				},
				{
					"name": "head",
					"parent": "torso",
					"pivot": [0, 11.75, -2.25],
					"cubes": [
						{"origin": [-5.5, 11.75, -6.75], "size": [11, 8, 9], "uv": [0, 0]},
						{"origin": [-2.5, 11.75, -6.75], "size": [5, 3, 1], "inflate": 0.01, "uv": [1, 54]},
						{"origin": [-1, 14.25, -6.75], "size": [2, 1, 0], "inflate": 0.02, "uv": [4, 47]},
						{"origin": [2.75, 17.75, -6.75], "size": [1, 1, 0], "inflate": 0.01, "uv": [4, 48]},
						{"origin": [-3.75, 17.75, -6.75], "size": [1, 1, 0], "inflate": 0.01, "uv": [6, 48], "mirror": true},
						{"origin": [-3.75, 17.75, -6.75], "size": [1, 1, 0], "inflate": 0.01, "uv": [6, 48], "mirror": true}
					]
				},
				{
					"name": "eye_left",
					"parent": "head",
					"pivot": [3.25, 15.75, -6.75],
					"cubes": [
						{"origin": [2.25, 14.25, -6.75], "size": [2, 3, 0], "inflate": 0.01, "uv": [0, 47]}
					]
				},
				{
					"name": "eyelid_left",
					"parent": "eye_left",
					"pivot": [3.25, 15.75, -6.65],
					"cubes": [
						{"origin": [2.25, 14.25, -6.65], "size": [2, 3, 1], "inflate": 0.02, "uv": [0, 17]}
					]
				},
				{
					"name": "eye_right",
					"parent": "head",
					"pivot": [-3.25, 15.75, -6.75],
					"cubes": [
						{"origin": [-4.25, 14.25, -6.75], "size": [2, 3, 0], "inflate": 0.01, "uv": [0, 50], "mirror": true}
					]
				},
				{
					"name": "eyelid_right",
					"parent": "eye_right",
					"pivot": [-3.25, 15.75, -6.65],
					"cubes": [
						{"origin": [-4.25, 14.25, -6.65], "size": [2, 3, 1], "inflate": 0.02, "uv": [0, 21], "mirror": true}
					]
				},
				{
					"name": "ear_right",
					"parent": "head",
					"pivot": [-3.75, 19, -2.5],
					"rotation": [-5, 5, -15],
					"cubes": [
						{"origin": [-5.75, 19, -3.5], "size": [4, 4, 2], "uv": [50, 58]}
					]
				},
				{
					"name": "ear_right2",
					"parent": "ear_right",
					"pivot": [-3.75, 23, -1.5],
					"cubes": [
						{"origin": [-6.25, 23, -3.5], "size": [5, 5, 2], "inflate": 0.01, "uv": [36, 57]}
					]
				},
				{
					"name": "ear_right_ruff",
					"parent": "ear_right2",
					"pivot": [-3.75, 27.75, -2.5],
					"cubes": [
						{"origin": [-6.75, 28.05, -5.5], "size": [6, 5, 6], "uv": [0, 32]}
					]
				},
				{
					"name": "ear_right_flame",
					"parent": "ear_right_ruff",
					"pivot": [-3.75, 27.75, -2.5],
					"cubes": [
						{"origin": [-3.37901, 27.9006, -4.81268], "size": [0, 7, 5], "pivot": [-7.3, 28, -3], "rotation": [-0.96194, -1.27348, -1.58722], "uv": [13, 52]},
						{"origin": [-4.87905, 27.99395, -6.70348], "size": [0, 7, 5], "pivot": [-5.1, 28.5, -2.9], "rotation": [-143.43974, -88.40408, 141.34182], "uv": [24, 52], "mirror": true}
					]
				},
				{
					"name": "ear_left",
					"parent": "head",
					"pivot": [3.5, 18.25, -2],
					"rotation": [0, -5, 40],
					"cubes": [
						{"origin": [-0.6288, 21.03526, -3.63077], "size": [4, 4, 2], "pivot": [6.7797, 23.5933, -2.41058], "rotation": [-7.70136, 4.26657, -26.75169], "uv": [50, 58], "mirror": true}
					]
				},
				{
					"name": "ear_left2",
					"parent": "ear_left",
					"pivot": [0.2124, 23.69056, -1.69901],
					"cubes": [
						{"origin": [-1.1288, 25.03526, -3.63077], "size": [5, 5, 2], "inflate": 0.01, "pivot": [6.7797, 23.5933, -2.41058], "rotation": [-7.70136, 4.26657, -26.75169], "uv": [36, 57], "mirror": true}
					]
				},
				{
					"name": "ear_left_ruff",
					"parent": "ear_left2",
					"pivot": [3.5, 20.75, -2],
					"rotation": [2.5, -2.5, 5],
					"cubes": [
						{"origin": [-5.40751, 26.38402, -4.01087], "size": [6, 5, 6], "pivot": [-2.40751, 28.28402, -1.01087], "rotation": [-8.04132, 3.58139, -31.7162], "uv": [0, 32], "mirror": true}
					]
				},
				{
					"name": "ear_left_flame",
					"parent": "ear_left_ruff",
					"pivot": [-2.85511, 29.91728, -0.48871],
					"cubes": [
						{"origin": [1.39237, 27.65084, -3.58026], "size": [0, 7, 5], "pivot": [-0.1, 27.4, -2.9], "rotation": [-51.49209, -80.53139, 19.13717], "uv": [24, 52], "mirror": true},
						{"origin": [-1.18332, 26.79513, -2.90862], "size": [0, 7, 5], "pivot": [-2.2, 27.8, -2.4], "rotation": [-7.43557, 5.87888, -32.73726], "uv": [13, 52], "mirror": true}
					]
				},
				{
					"name": "arm_left",
					"parent": "torso",
					"pivot": [1.75, 10.5, -2.25],
					"cubes": [
						{"origin": [1.75, 9.5, -3.25], "size": [2, 2, 2], "uv": [0, 0]}
					]
				},
				{
					"name": "arm_left2",
					"parent": "arm_left",
					"pivot": [3.75, 9.5, -0.75],
					"cubes": [
						{"origin": [3.75, 9.5, -3.75], "size": [2, 2, 3], "inflate": 0.01, "uv": [44, 6]}
					]
				},
				{
					"name": "arm_left3",
					"parent": "arm_left2",
					"pivot": [5.75, 9.5, -2.25],
					"cubes": [
						{"origin": [5.75, 9.5, -3.75], "size": [2, 2, 3], "uv": [12, 43]}
					]
				},
				{
					"name": "arm_right",
					"parent": "torso",
					"pivot": [-1.75, 10.5, -2.25],
					"cubes": [
						{"origin": [-3.75, 9.5, -3.25], "size": [2, 2, 2], "uv": [0, 4]}
					]
				},
				{
					"name": "arm_right2",
					"parent": "arm_right",
					"pivot": [-3.75, 9.5, -0.75],
					"cubes": [
						{"origin": [-5.75, 9.5, -3.75], "size": [2, 2, 3], "inflate": 0.01, "uv": [19, 46]}
					]
				},
				{
					"name": "arm_right3",
					"parent": "arm_right2",
					"pivot": [-5.75, 9.5, -2.25],
					"cubes": [
						{"origin": [-7.75, 9.5, -3.75], "size": [2, 2, 3], "uv": [42, 44]}
					]
				},
				{
					"name": "tail",
					"parent": "ruff",
					"pivot": [0, 4.75, 2],
					"cubes": [
						{"origin": [-1.5, 5.25, 1.05], "size": [3, 3, 3], "uv": [21, 40]}
					]
				}
			]
		}
	]
}