{
  "implemented": true,
  "name": "elekidx",
  "nationalPokedexNumber": 239,
  "primaryType": "fire",
  "abilities": [
    "aftermath",
    "h:vitalspirit"
  ],
  "baseStats": {
    "hp": 45,
    "attack": 63,
    "defence": 37,
    "special_attack": 65,
    "special_defence": 55,
    "speed": 95
  },
  "behaviour": {
    "resting": {
        "canSleep": true,
        "willSleepOnBed": false,        "depth": "normal",
        "light": "0-6"
    },
    "moving": {
        "fly": {
            "canFly": false
        },
        "canLook": true,
        "walk": {
            "canWalk": true,
            "avoidsLand": false
        },
        "swim": {
            "swimSpeed": 0.1,
            "canSwimInWater": true,
            "canBreatheUnderwater": false
        },
        "wanderChance": 1.0
    }
  },
  "catchRate": 200,
  "maleRatio": 0.5,
  "shoulderMountable": false,
  "baseExperienceYield": 72,
  "experienceGroup": "medium_slow",
  "eggCycles": 26,
  "eggGroups": [
    "undiscovered"
  ],
  "moves": [
    "1:quickattack",
    "1:leer",
    "5:ember",
    "8:lowkick",
    "12:swift",
    "15:incinerate",
    "19:firespin",
    "22:flameburst",
    "26:workup",
    "29:firepunch",
    "33:lavaplume",
    "36:screech",
    "40:flamethrower",
    "43:fireblast",
    "tm:toxic",
    "tm:hiddenpower",
    "tm:sunnyday",
    "tm:taunt",
    "tm:lightscreen",
    "tm:protect",
    "tm:return",
    "tm:doubleteam",
    "tm:flamethrower",
    "tm:fireblast",
    "tm:torment",
    "tm:facade",
    "tm:flamecharge",
    "tm:rest",
    "tm:attract",
    "tm:thief",
    "tm:round",
    "tm:overheat",
    "tm:fling",
    "tm:willowisp",
    "tm:explosion",
    "tm:swagger",
    "tm:substitute",
    "tutor:covet",
    "tutor:firepunch",
    "tutor:flash",
    "tutor:heatwave",
    "tutor:lowkick",
    "tutor:outrage",
    "tutor:secretpower",
    "tutor:snore"  ],
  "labels": [
    "xenoverse",
    "gen2"
  ],
  "pokedex": [
    "cobblemon.species.elekidx.desc"
  ],
  "evolutions": [
    {
      "id": "elekidx_electabuzzx",
      "variant": "level_up",
      "result": "electabuzzx",
      "consumeHeldItem": false,
      "learnableMoves": [],
      "requirements": [
        {
          "variant": "level",
          "minLevel": 30
        }
      ]   
 }
  ],
  "baseScale": 0.8,
  "hitbox": {
    "width": 0.6,
    "height": 0.6,
    "fixed": false
  },
  "baseFriendship": 70,
  "evYield": {
    "hp": 0,
    "attack": 0,
    "defence": 0,
    "special_attack": 0,
    "special_defence": 0,
    "speed": 1
  },
  "height": 6,
  "weight": 235,
  "aspects": [],
"features": [

  ],  "cannotDynamax": false
}