{
  "implemented": true,
  "name": "hoennianshuckle",
  "nationalPokedexNumber": 213,
  "primaryType": "grass",
  "secondaryType": "rock",
  "abilities": [
    "effectspore",
    "h:solidrock"
  ],
  "baseStats": {
    "hp": 40,
    "attack": 10,
    "defence": 220,
    "special_attack": 10,
    "special_defence": 220,
    "speed": 5
  },
  "behaviour": {
    "resting": {
        "canSleep": true,
        "willSleepOnBed": false,        "depth": "normal",
        "light": "0-6"
    },
    "moving": {
        "fly": {
            "canFly": false
        },
        "canLook": true,
        "walk": {
            "canWalk": true,
            "avoidsLand": false
        },
        "swim": {
            "swimSpeed": 0.1,
            "canSwimInWater": true,
            "canBreatheUnderwater": false
        },
        "wanderChance": 1.0
    }
  },
  "catchRate": 190,
  "maleRatio": 0.5,
  "shoulderMountable": false,
  "baseExperienceYield": 177,
  "experienceGroup": "medium_slow",
  "eggCycles": 50,
  "eggGroups": [
    "bug"
  ],
  "moves": [
    "1:recycle",
    "1:snatch",
    "9:wrap",
    "14:grasswhistle",
    "23:ingrain",
    "28:yawn",
    "37:leechseed",
    "tm:toxic",
    "tm:bulletseed",
    "tm:hiddenpower",
    "tm:sunnyday",
    "tm:protect",
    "tm:energyball",
    "tm:solarbeam",
    "tm:earthquake",
    "tm:return",
    "tm:dig",
    "tm:sludgebomb",
    "tm:sandstorm",
    "tm:rocktomb",
    "tm:facade",
    "tm:secretpower",
    "tm:rest",
    "tm:attract",
    "tm:strength",
    "tm:flash",
    "tm:rocksmash",
    "egg:shellsmash"  ],
  "labels": [
    "gen2",
    "blazing_emerald"
  ],
  "pokedex": [
    "cobblemon.species.hoennianshuckle.desc"
  ],
  "baseScale": 0.6,
  "hitbox": {
    "width": 0.6,
    "height": 0.6,
    "fixed": false
  },
  "baseFriendship": 70,
  "evYield": {
    "hp": 0,
    "attack": 0,
    "defence": 1,
    "special_attack": 0,
    "special_defence": 1,
    "speed": 0
  },
  "height": 6,
  "weight": 205,
  "aspects": [],
"features": [

  ],  "cannotDynamax": false
}