{
	"format_version": "1.12.0",
	"minecraft:geometry": [
		{
			"description": {
				"identifier": "geometry.unknown",
				"texture_width": 64,
				"texture_height": 64,
				"visible_bounds_width": 3,
				"visible_bounds_height": 2.5,
				"visible_bounds_offset": [0, 0.75, 0]
			},
			"bones": [
				{
					"name": "zigzagoon",
					"pivot": [0, 0, 0]
				},
				{
					"name": "body",
					"parent": "zigzagoon",
					"pivot": [0, 4.5, -1]
				},
				{
					"name": "butt",
					"parent": "body",
					"pivot": [0, 4.5, -1.05],
					"cubes": [
						{"origin": [-2.5, 1.5, -1], "size": [5, 6, 5], "uv": [0, 11]}
					]
				},
				{
					"name": "leg_back_right",
					"parent": "butt",
					"pivot": [-1.75, 3, 2.5],
					"rotation": [-37.5, 0, 0],
					"cubes": [
						{"origin": [-2.75, -0.1, 1.44], "size": [2, 3, 2], "uv": [42, 20]}
					]
				},
				{
					"name": "foot_back_right",
					"parent": "leg_back_right",
					"pivot": [-1.75, -0.11, 3.44],
					"cubes": [
						{"origin": [-2.5, -1.1, 0.44], "size": [0, 1, 2], "pivot": [0.75, 0.89, 1.44], "rotation": [37.5, 0, 0], "uv": [15, 2]},
						{"origin": [-1.75, -1.1, 0.44], "size": [0, 1, 2], "pivot": [0.75, 0.89, 1.44], "rotation": [37.5, 0, 0], "uv": [15, 9]},
						{"origin": [-1, -1.1, 0.44], "size": [0, 1, 2], "pivot": [0.75, 0.89, 1.44], "rotation": [37.5, 0, 0], "uv": [15, 13]}
					]
				},
				{
					"name": "leg_back_left",
					"parent": "butt",
					"pivot": [1.75, 3, 2.5],
					"rotation": [-37.5, 0, 0],
					"cubes": [
						{"origin": [0.75, -0.1, 1.44], "size": [2, 3, 2], "uv": [40, 15]}
					]
				},
				{
					"name": "foot_back_left",
					"parent": "leg_back_left",
					"pivot": [1.75, -0.11, 3.44],
					"cubes": [
						{"origin": [2.5, -1.1, 0.44], "size": [0, 1, 2], "pivot": [-0.75, 0.89, 1.44], "rotation": [37.5, 0, 0], "uv": [15, 1]},
						{"origin": [1.75, -1.1, 0.44], "size": [0, 1, 2], "pivot": [-0.75, 0.89, 1.44], "rotation": [37.5, 0, 0], "uv": [15, 0]},
						{"origin": [1, -1.1, 0.44], "size": [0, 1, 2], "pivot": [-0.75, 0.89, 1.44], "rotation": [37.5, 0, 0], "uv": [0, 13]}
					]
				},
				{
					"name": "body_ruff3",
					"parent": "butt",
					"pivot": [-2.5, 4, -3]
				},
				{
					"name": "bodyruff5",
					"parent": "body_ruff3",
					"pivot": [-2.5, 4.5, 1],
					"rotation": [0, 60, 0],
					"cubes": [
						{"origin": [-6.5, 1.5, 1], "size": [4, 6, 0], "uv": [34, 38]}
					]
				},
				{
					"name": "bodyruff6",
					"parent": "body_ruff3",
					"pivot": [2.5, 4.5, 1],
					"rotation": [0, -60, 0],
					"cubes": [
						{"origin": [2.5, 1.5, 1], "size": [4, 6, 0], "uv": [34, 21]}
					]
				},
				{
					"name": "bodyruff9",
					"parent": "body_ruff3",
					"pivot": [0, 7, 1],
					"rotation": [-60, 0, 0],
					"cubes": [
						{"origin": [-3.5, 7, 1], "size": [7, 5, 0], "uv": [14, 27]}
					]
				},
				{
					"name": "tail",
					"parent": "butt",
					"pivot": [0, 4.5, 4],
					"cubes": [
						{"origin": [-1.5, 3, 4], "size": [3, 3, 2], "uv": [32, 12]},
						{"origin": [1.5, 2, 4], "size": [0, 5, 6], "pivot": [1.5, 4.5, 4], "rotation": [0, 20, 0], "uv": [0, 16]},
						{"origin": [-1.5, 2, 4], "size": [0, 5, 6], "pivot": [-1.5, 4.5, 4], "rotation": [0, -20, 0], "uv": [20, 6]},
						{"origin": [-2.5, 3, 4], "size": [5, 0, 6], "pivot": [-2.5, 3, 4], "rotation": [-20, 0, 0], "uv": [14, 0]},
						{"origin": [-2.5, 6, 4], "size": [5, 0, 6], "pivot": [-2.5, 6, 4], "rotation": [20, 0, 0], "uv": [14, 6]},
						{"origin": [-2, 2.5, 6], "size": [4, 4, 3], "uv": [0, 27]},
						{"origin": [0, 0.5, 7.5], "size": [0, 8, 3], "pivot": [0, 4.5, 0], "rotation": [0, 0, 45], "uv": [20, 29]},
						{"origin": [0, 0.5, 7.5], "size": [0, 8, 3], "pivot": [0, 4.5, 0], "rotation": [0, 0, -45], "uv": [14, 29]}
					]
				},
				{
					"name": "torso_bend",
					"parent": "body",
					"pivot": [0, 1.5, -1]
				},
				{
					"name": "torso",
					"parent": "torso_bend",
					"pivot": [0, 7.5, -1],
					"cubes": [
						{"origin": [-2.5, 1.5, -6], "size": [5, 6, 5], "inflate": 0.01, "uv": [0, 0]},
						{"origin": [-1.5, 2.5, -7], "size": [3, 4, 2], "inflate": 0.01, "uv": [18, 47]}
					]
				},
				{
					"name": "head",
					"parent": "torso",
					"pivot": [0, 4.5, -6],
					"cubes": [
						{"origin": [-2.5, 3, -10], "size": [5, 4, 4], "inflate": 0.02, "uv": [16, 18]},
						{"origin": [-2.5, 2.75, -10], "size": [5, 1, 4], "inflate": 0.01, "uv": [0, 52]},
						{"origin": [-2.5, 2, -9], "size": [5, 1, 3], "uv": [0, 48]}
					]
				},
				{
					"name": "eye_left",
					"parent": "head",
					"pivot": [0, 5.5, -9.5],
					"cubes": [
						{"origin": [1.52, 3.5, -10.02], "size": [1, 2, 1], "inflate": 0.02, "uv": [8, 34]},
						{"origin": [1.5, 3.98, -10.05], "size": [1, 1, 0], "uv": [3, 11]}
					]
				},
				{
					"name": "eyelid_left",
					"parent": "eye_left",
					"pivot": [-1.1, 5.5, -8.4],
					"cubes": [
						{"origin": [1.43, 3.5, -9.93], "size": [1, 2, 1], "inflate": 0.04, "uv": [0, 0]}
					]
				},
				{
					"name": "eye_right",
					"parent": "head",
					"pivot": [0, 5.5, -9.5],
					"cubes": [
						{"origin": [-2.52, 3.5, -10.02], "size": [1, 2, 1], "inflate": 0.02, "uv": [12, 22]},
						{"origin": [-2.5, 3.98, -10.05], "size": [1, 1, 0], "uv": [3, 0]}
					]
				},
				{
					"name": "eyelid_right",
					"parent": "eye_right",
					"pivot": [1.1, 5.5, -8.4],
					"cubes": [
						{"origin": [-2.43, 3.5, -9.93], "size": [1, 2, 1], "inflate": 0.04, "uv": [0, 11]}
					]
				},
				{
					"name": "muzzle",
					"parent": "head",
					"pivot": [0, 3.625, -10.5],
					"cubes": [
						{"origin": [-1, 3.3, -11.03], "size": [2, 1, 0], "uv": [16, 1]},
						{"origin": [-1.5, 2.45, -11], "size": [3, 2, 1], "inflate": 0.02, "uv": [42, 25]},
						{"origin": [1.49, 2.7, -11.25], "size": [0, 1, 1], "pivot": [1.5, 2.45, -11], "rotation": [-45, 0, 0], "uv": [42, 30]},
						{"origin": [-1.49, 2.7, -11.25], "size": [0, 1, 1], "pivot": [-1.5, 2.45, -11], "rotation": [-45, 0, 0], "uv": [42, 29], "mirror": true},
						{"origin": [1.95, 2, -11], "size": [1, 1, 0], "pivot": [1.5, 5.55, -9.5], "rotation": [0, 0, 45], "uv": [18, 0]},
						{"origin": [2.5, 2.5, -10.99], "size": [1, 1, 0], "pivot": [1.5, 5.55, -9.5], "rotation": [0, 0, 45], "uv": [42, 29]},
						{"origin": [-3.5, 2.5, -10.99], "size": [1, 1, 0], "pivot": [-1.5, 5.55, -9.5], "rotation": [0, 0, -45], "uv": [42, 28], "mirror": true}
					]
				},
				{
					"name": "jaw",
					"parent": "muzzle",
					"pivot": [0, 2.75, -9],
					"cubes": [
						{"origin": [-1.5, 2, -11], "size": [3, 1, 2], "uv": [40, 0]},
						{"origin": [-2.5, 2, -10], "size": [5, 1, 1], "uv": [0, 46]},
						{"origin": [0.3, 2.3, -10.99], "size": [1, 1, 0], "pivot": [0.8, 2.8, -11], "rotation": [0, 0, 45], "uv": [22, 17]},
						{"origin": [-1.3, 2.3, -10.99], "size": [1, 1, 0], "pivot": [-0.8, 2.8, -11], "rotation": [0, 0, 45], "uv": [20, 17]}
					]
				},
				{
					"name": "head_ruff_left",
					"parent": "head",
					"pivot": [2.5, 4.5, -5],
					"rotation": [0, 45, 0],
					"cubes": [
						{"origin": [4, 2, -6.5], "size": [0, 5, 4], "uv": [0, 30]}
					]
				},
				{
					"name": "head_ruff_right",
					"parent": "head",
					"pivot": [-2.5, 4.5, -5],
					"rotation": [0, -45, 0],
					"cubes": [
						{"origin": [-4, 2, -6.5], "size": [0, 5, 4], "uv": [26, 28]}
					]
				},
				{
					"name": "head_ruff",
					"parent": "head",
					"pivot": [0, 7, -7.25],
					"rotation": [47.5, 0, 0],
					"cubes": [
						{"origin": [-2.5, 7, -7.25], "size": [5, 0, 3], "uv": [27, 0]}
					]
				},
				{
					"name": "head_ruff2",
					"parent": "head",
					"pivot": [0, 2, -7.25],
					"rotation": [-47.5, 0, 0],
					"cubes": [
						{"origin": [-2.5, 2, -7.25], "size": [5, 0, 2], "uv": [46, 0]}
					]
				},
				{
					"name": "ear_right",
					"parent": "head",
					"pivot": [-1.25, 7, -7.5],
					"rotation": [82.5, -2.5, -46],
					"cubes": [
						{"origin": [-3.75, 7, -8], "size": [3, 0, 4], "uv": [26, 17]}
					]
				},
				{
					"name": "ear_left",
					"parent": "head",
					"pivot": [1.25, 7, -7.5],
					"rotation": [82.5, 2.5, 46],
					"cubes": [
						{"origin": [0.75, 7, -8], "size": [3, 0, 4], "uv": [26, 8]}
					]
				},
				{
					"name": "body_ruff",
					"parent": "torso",
					"pivot": [-2.5, 4.5, -5]
				},
				{
					"name": "bodyruff7",
					"parent": "body_ruff",
					"pivot": [0, 7, -5],
					"rotation": [-60, 0, 0],
					"cubes": [
						{"origin": [-3.5, 7, -5], "size": [7, 5, 0], "uv": [30, 3]}
					]
				},
				{
					"name": "bodyruff1",
					"parent": "body_ruff",
					"pivot": [-2.5, 4.5, -5],
					"rotation": [0, 60, 0],
					"cubes": [
						{"origin": [-6.5, 1.5, -5], "size": [4, 6, 0], "uv": [8, 40]}
					]
				},
				{
					"name": "bodyruff2",
					"parent": "body_ruff",
					"pivot": [2.5, 4.5, -5],
					"rotation": [0, -60, 0],
					"cubes": [
						{"origin": [2.5, 1.5, -5], "size": [4, 6, 0], "uv": [26, 37]}
					]
				},
				{
					"name": "body_ruff2",
					"parent": "torso",
					"pivot": [-2.5, 4, -3]
				},
				{
					"name": "bodyruff8",
					"parent": "body_ruff2",
					"pivot": [0, 7, -2],
					"rotation": [-60, 0, 0],
					"cubes": [
						{"origin": [-3.5, 7, -2], "size": [7, 5, 0], "uv": [28, 27]}
					]
				},
				{
					"name": "bodyruff3",
					"parent": "body_ruff2",
					"pivot": [-2.5, 4.5, -2],
					"rotation": [0, 60, 0],
					"cubes": [
						{"origin": [-6.5, 1.5, -2], "size": [4, 6, 0], "uv": [0, 39]}
					]
				},
				{
					"name": "bodyruff4",
					"parent": "body_ruff2",
					"pivot": [2.5, 4.5, -2],
					"rotation": [0, -60, 0],
					"cubes": [
						{"origin": [2.5, 1.5, -2], "size": [4, 6, 0], "uv": [34, 32]}
					]
				},
				{
					"name": "leg_front_right",
					"parent": "torso",
					"pivot": [-1.75, 3, -2.75],
					"rotation": [-37.5, 0, 0],
					"cubes": [
						{"origin": [-2.75, 0, -3.75], "size": [2, 3, 2], "uv": [16, 40]}
					]
				},
				{
					"name": "foot_front_right",
					"parent": "leg_front_right",
					"pivot": [-1.75, 0, -1.75],
					"cubes": [
						{"origin": [-2.5, -1, -4.75], "size": [0, 1, 2], "pivot": [0.75, 1, -3.75], "rotation": [37.5, 0, 0], "uv": [15, 12]},
						{"origin": [-1.75, -1, -4.75], "size": [0, 1, 2], "pivot": [0.75, 1, -3.75], "rotation": [37.5, 0, 0], "uv": [15, 10]},
						{"origin": [-1, -1, -4.75], "size": [0, 1, 2], "pivot": [0.75, 1, -3.75], "rotation": [37.5, 0, 0], "uv": [15, 11]}
					]
				},
				{
					"name": "leg_front_left",
					"parent": "torso",
					"pivot": [1.75, 3, -2.75],
					"rotation": [-37.5, 0, 0],
					"cubes": [
						{"origin": [0.75, 0, -3.75], "size": [2, 3, 2], "uv": [40, 8]}
					]
				},
				{
					"name": "foot_front_left",
					"parent": "leg_front_left",
					"pivot": [1.75, 0, -1.75],
					"cubes": [
						{"origin": [2.5, -1, -4.75], "size": [0, 1, 2], "pivot": [-0.75, 1, -3.75], "rotation": [37.5, 0, 0], "uv": [0, 12]},
						{"origin": [1.75, -1, -4.75], "size": [0, 1, 2], "pivot": [-0.75, 1, -3.75], "rotation": [37.5, 0, 0], "uv": [0, 2]},
						{"origin": [1, -1, -4.75], "size": [0, 1, 2], "pivot": [-0.75, 1, -3.75], "rotation": [37.5, 0, 0], "uv": [0, 1]}
					]
				}
			]
		}
	]
}