{
	"format_version": "1.12.0",
	"minecraft:geometry": [
		{
			"description": {
				"identifier": "geometry.unknown",
				"texture_width": 256,
				"texture_height": 256,
				"visible_bounds_width": 9,
				"visible_bounds_height": 7.5,
				"visible_bounds_offset": [0, 3.25, 0]
			},
			"bones": [
				{
					"name": "obstagoon",
					"pivot": [0, 0, 0]
				},
				{
					"name": "body",
					"parent": "obstagoon",
					"pivot": [0, 32, 7]
				},
				{
					"name": "right_leg",
					"parent": "body",
					"pivot": [-8.5, 38.1, 17.9],
					"rotation": [-115, 0, 0]
				},
				{
					"name": "left_leg",
					"parent": "body",
					"pivot": [8.5, 37.6, 18],
					"rotation": [-115, 0, 0],
					"cubes": [
						{"origin": [6, 30.82707, 13.31569], "size": [5, 7, 7], "inflate": 0.01, "uv": [229, 109]}
					]
				},
				{
					"name": "left_knee",
					"parent": "left_leg",
					"pivot": [8.5, 28.6, 14.5],
					"rotation": [47.5, 0, 0],
					"cubes": [
						{"origin": [6, 24.88974, 14.39442], "size": [5, 5, 7], "pivot": [0, 28.48268, 17.07612], "rotation": [-23, 0, 0], "uv": [179, 228]},
						{"origin": [5, 18.98268, 13.07612], "size": [7, 2, 8], "uv": [203, 97]},
						{"origin": [4.5, 20.98268, 12.57612], "size": [8, 6, 9], "uv": [200, 94]},
						{"origin": [7.7706, 25.8706, 12.58612], "size": [2, 2, 1], "pivot": [8.5, 26.6, 8], "rotation": [0, 0, -45], "uv": [217, 118]}
					]
				},
				{
					"name": "right_foot_fluff_right2",
					"parent": "left_knee",
					"pivot": [12, 18.6, 18],
					"rotation": [0, 0, 45],
					"cubes": [
						{"origin": [11.2294, 18.8706, 13.07612], "size": [3, 0, 8], "uv": [230, 153]}
					]
				},
				{
					"name": "left_foot_fluff_left",
					"parent": "left_knee",
					"pivot": [5, 18.6, 18],
					"rotation": [0, 0, -45],
					"cubes": [
						{"origin": [2.7706, 18.8706, 13.07612], "size": [3, 0, 8], "pivot": [4.2706, 18.8706, 17.07612], "rotation": [0, 0, -180], "uv": [230, 153]}
					]
				},
				{
					"name": "left_foot_fluff_front",
					"parent": "left_knee",
					"pivot": [8.5, 18.6, 14],
					"rotation": [15, 0, 0],
					"cubes": [
						{"origin": [5, 20.00211, 11.31541], "size": [7, 0, 3], "uv": [237, 145]}
					]
				},
				{
					"name": "left_foot_fluff_back",
					"parent": "left_knee",
					"pivot": [8.5, 18.6, 22],
					"rotation": [-45, 0, 0],
					"cubes": [
						{"origin": [5, 18.21732, 20.57612], "size": [7, 0, 3], "pivot": [8.5, 18.21732, 22.07612], "rotation": [-172.5, 0, 0], "uv": [237, 145]}
					]
				},
				{
					"name": "left_foot",
					"parent": "left_knee",
					"pivot": [8.5, 18.6, 18],
					"rotation": [-22.5, 0, 0],
					"cubes": [
						{"origin": [5.5, 15.6, 13.5], "size": [6, 4, 7], "uv": [213, 8]}
					]
				},
				{
					"name": "left_toes",
					"parent": "left_foot",
					"pivot": [8.5, 16.6, 15],
					"cubes": [
						{"origin": [7.5, 15.6, 11.5], "size": [2, 2, 2], "uv": [221, 15]},
						{"origin": [8.5, 15.6, 8.5], "size": [0, 2, 3], "uv": [60, 205]},
						{"origin": [9.5, 15.6, 12], "size": [2, 2, 2], "inflate": 0.01, "uv": [213, 15]},
						{"origin": [10.5, 15.6, 9], "size": [0, 2, 3], "uv": [60, 205]},
						{"origin": [5.5, 15.6, 12], "size": [2, 2, 2], "inflate": 0.01, "uv": [218, 16]},
						{"origin": [6.5, 15.6, 9], "size": [0, 2, 3], "uv": [60, 205]}
					]
				},
				{
					"name": "left_leg2",
					"parent": "body",
					"pivot": [-8.5, 37.6, 18],
					"rotation": [-115, 0, 0],
					"cubes": [
						{"origin": [-11, 30.82707, 13.31569], "size": [5, 7, 7], "inflate": 0.01, "uv": [229, 109], "mirror": true}
					]
				},
				{
					"name": "right_knee",
					"parent": "left_leg2",
					"pivot": [-8.5, 28.6, 14.5],
					"rotation": [47.5, 0, 0],
					"cubes": [
						{"origin": [-11, 24.88974, 14.39442], "size": [5, 5, 7], "pivot": [0, 28.48268, 17.07612], "rotation": [-23, 0, 0], "uv": [179, 228], "mirror": true},
						{"origin": [-12, 18.98268, 13.07612], "size": [7, 2, 8], "uv": [203, 97], "mirror": true},
						{"origin": [-12.5, 20.98268, 12.57612], "size": [8, 6, 9], "uv": [200, 94], "mirror": true},
						{"origin": [-9.7706, 25.8706, 12.58612], "size": [2, 2, 1], "pivot": [-8.5, 26.6, 8], "rotation": [0, 0, 45], "uv": [217, 118], "mirror": true}
					]
				},
				{
					"name": "left_foot_fluff_right2",
					"parent": "right_knee",
					"pivot": [-12, 18.6, 18],
					"rotation": [0, 0, -45],
					"cubes": [
						{"origin": [-14.2294, 18.8706, 13.07612], "size": [3, 0, 8], "uv": [230, 153], "mirror": true}
					]
				},
				{
					"name": "right_foot_fluff_left",
					"parent": "right_knee",
					"pivot": [-5, 18.6, 18],
					"rotation": [0, 0, 45],
					"cubes": [
						{"origin": [-5.7706, 18.8706, 13.07612], "size": [3, 0, 8], "pivot": [-4.2706, 18.8706, 17.07612], "rotation": [0, 0, 180], "uv": [230, 153], "mirror": true}
					]
				},
				{
					"name": "right_foot_fluff_front",
					"parent": "right_knee",
					"pivot": [-8.5, 18.6, 14],
					"rotation": [15, 0, 0],
					"cubes": [
						{"origin": [-12, 20.00211, 11.31541], "size": [7, 0, 3], "uv": [237, 145], "mirror": true}
					]
				},
				{
					"name": "right_foot_fluff_back",
					"parent": "right_knee",
					"pivot": [-8.5, 18.6, 22],
					"rotation": [-45, 0, 0],
					"cubes": [
						{"origin": [-12, 18.21732, 20.57612], "size": [7, 0, 3], "pivot": [-8.5, 18.21732, 22.07612], "rotation": [-172.5, 0, 0], "uv": [237, 145], "mirror": true}
					]
				},
				{
					"name": "right_foot",
					"parent": "right_knee",
					"pivot": [-8.5, 18.6, 18],
					"rotation": [-22.5, 0, 0],
					"cubes": [
						{"origin": [-11.5, 15.6, 13.5], "size": [6, 4, 7], "uv": [213, 8], "mirror": true}
					]
				},
				{
					"name": "right_toes",
					"parent": "right_foot",
					"pivot": [-8.5, 16.6, 15],
					"cubes": [
						{"origin": [-9.5, 15.6, 11.5], "size": [2, 2, 2], "uv": [221, 15], "mirror": true},
						{"origin": [-8.5, 15.6, 8.5], "size": [0, 2, 3], "uv": [60, 205], "mirror": true},
						{"origin": [-11.5, 15.6, 12], "size": [2, 2, 2], "inflate": 0.01, "uv": [213, 15], "mirror": true},
						{"origin": [-10.5, 15.6, 9], "size": [0, 2, 3], "uv": [60, 205], "mirror": true},
						{"origin": [-7.5, 15.6, 12], "size": [2, 2, 2], "inflate": 0.01, "uv": [218, 16], "mirror": true},
						{"origin": [-6.5, 15.6, 9], "size": [0, 2, 3], "uv": [60, 205], "mirror": true}
					]
				},
				{
					"name": "left_arm",
					"parent": "body",
					"pivot": [10, 64.5, 17.7],
					"rotation": [-57.5, 0, 2.5],
					"cubes": [
						{"origin": [4.88333, 58.77833, 13.80328], "size": [7, 7, 7], "uv": [178, 216]}
					]
				},
				{
					"name": "left_arm_rotate",
					"parent": "left_arm",
					"pivot": [8.38333, 58.77833, 17.30328],
					"cubes": [
						{"origin": [5.38333, 52.77833, 14.00328], "size": [6, 9, 6], "pivot": [8.01225, 59.03809, 16.19321], "rotation": [-32.46223, 1.05134, 0.92262], "uv": [182, 213]}
					]
				},
				{
					"name": "left_elbow_bend",
					"parent": "left_arm_rotate",
					"pivot": [8.09609, 57.7022, 20.4046],
					"rotation": [-90, 37.5, -90],
					"cubes": [
						{"origin": [1.31799, 42.78647, 17.09184], "size": [8, 10, 7], "inflate": 0.01, "pivot": [6.14692, 57.34623, 20.28176], "rotation": [-1.12829, -0.82674, -32.46256], "uv": [203, 97]},
						{"origin": [7.31799, 45.77018, 29.29633], "size": [2, 3, 3], "pivot": [6.14692, 57.34623, 20.28176], "rotation": [-46.12829, -0.82674, -32.46256], "uv": [225, 87]},
						{"origin": [5.31799, 42.78647, 23.09184], "size": [0, 13, 4], "pivot": [6.14692, 57.34623, 20.28176], "rotation": [-1.12829, -0.82674, -32.46256], "uv": [216, 66]}
					]
				},
				{
					"name": "left_hand",
					"parent": "left_elbow_bend",
					"pivot": [5.31799, 37.08647, 20.59184],
					"rotation": [0, 0, -34],
					"cubes": [
						{"origin": [5.31799, 34.08647, 18.09184], "size": [2, 4, 5], "pivot": [6.14692, 51.64623, 20.28176], "rotation": [-1.12829, -0.82674, -32.46256], "uv": [218, 8]}
					]
				},
				{
					"name": "left_thumb",
					"parent": "left_hand",
					"pivot": [5.31799, 35.08647, 18.09184],
					"cubes": [
						{"origin": [15.42781, 36.90598, 14.76019], "size": [0, 1, 1], "pivot": [15.45667, 37.44536, 18.00959], "rotation": [58.87171, -0.82674, -32.46256], "uv": [3, 3]},
						{"origin": [14.92781, 36.90598, 15.76019], "size": [1, 1, 2], "pivot": [15.45667, 37.44536, 18.00959], "rotation": [58.87171, -0.82674, -32.46256], "uv": [238, 18]}
					]
				},
				{
					"name": "left_fingers",
					"parent": "left_hand",
					"pivot": [7.31799, 34.08647, 20.59184],
					"cubes": [
						{"origin": [6.31799, 32.08647, 18.34184], "size": [1, 2, 1], "pivot": [6.14692, 51.64623, 20.28176], "rotation": [-1.12829, -0.82674, -32.46256], "uv": [86, 25]},
						{"origin": [6.31799, 32.08647, 19.59184], "size": [1, 2, 1], "pivot": [6.14692, 51.64623, 20.28176], "rotation": [-1.12829, -0.82674, -32.46256], "uv": [86, 22]},
						{"origin": [6.31799, 32.08647, 20.59184], "size": [1, 2, 1], "pivot": [6.14692, 51.64623, 20.28176], "rotation": [-1.12829, -0.82674, -32.46256], "uv": [9, 82]},
						{"origin": [6.31799, 32.08647, 21.84184], "size": [1, 2, 1], "pivot": [6.14692, 51.64623, 20.28176], "rotation": [-1.12829, -0.82674, -32.46256], "uv": [81, 64]}
					]
				},
				{
					"name": "left_fingers_bend",
					"parent": "left_fingers",
					"pivot": [7.31799, 32.08647, 20.59184],
					"cubes": [
						{"origin": [6.31799, 30.08647, 18.84184], "size": [1, 2, 0], "pivot": [6.14692, 51.64623, 20.28176], "rotation": [-1.12829, -0.82674, -32.46256], "uv": [14, 28]},
						{"origin": [6.31799, 30.08647, 20.09184], "size": [1, 2, 0], "pivot": [6.14692, 51.64623, 20.28176], "rotation": [-1.12829, -0.82674, -32.46256], "uv": [14, 26]},
						{"origin": [6.31799, 30.08647, 21.09184], "size": [1, 2, 0], "pivot": [6.14692, 51.64623, 20.28176], "rotation": [-1.12829, -0.82674, -32.46256], "uv": [14, 24]},
						{"origin": [6.31799, 30.08647, 22.34184], "size": [1, 2, 0], "pivot": [6.14692, 51.64623, 20.28176], "rotation": [-1.12829, -0.82674, -32.46256], "uv": [0, 0]}
					]
				},
				{
					"name": "right_arm",
					"parent": "body",
					"pivot": [-8, 65.5, 16.2],
					"rotation": [-57.5, 0, -2.5],
					"cubes": [
						{"origin": [-11.96597, 60.31791, 13.8241], "size": [7, 7, 7], "uv": [178, 216], "mirror": true}
					]
				},
				{
					"name": "right_arm_rotate",
					"parent": "right_arm",
					"pivot": [-8.46597, 60.31791, 17.3241],
					"cubes": [
						{"origin": [-11.46597, 54.31791, 14.0241], "size": [6, 9, 6], "pivot": [-8.09489, 60.57766, 16.21402], "rotation": [-32.46223, -1.05134, -0.92262], "uv": [182, 213], "mirror": true}
					]
				},
				{
					"name": "right_elbow_bend",
					"parent": "right_arm_rotate",
					"pivot": [-8.17873, 59.24177, 20.42542],
					"rotation": [-90, -37.5, 90],
					"cubes": [
						{"origin": [-9.40063, 44.32604, 17.11265], "size": [8, 10, 7], "inflate": 0.01, "pivot": [-6.22956, 58.8858, 20.30258], "rotation": [-1.12829, 0.82674, 32.46256], "uv": [203, 97], "mirror": true},
						{"origin": [-9.40063, 47.30975, 29.31714], "size": [2, 3, 3], "pivot": [-6.22956, 58.8858, 20.30258], "rotation": [-46.12829, 0.82674, 32.46256], "uv": [225, 87], "mirror": true},
						{"origin": [-9.76501, 45.00468, 22.9085], "size": [0, 13, 4], "pivot": [-9.76501, 51.50468, 24.9085], "rotation": [-1.22644, -1.3265, 32.5649], "uv": [216, 66]}
					]
				},
				{
					"name": "right_hand",
					"parent": "right_elbow_bend",
					"pivot": [-5.40063, 38.62604, 20.61265],
					"rotation": [0, 0, 34],
					"cubes": [
						{"origin": [-7.40063, 35.62604, 18.11265], "size": [2, 4, 5], "pivot": [-6.22956, 53.1858, 20.30258], "rotation": [-1.12829, 0.82674, 32.46256], "uv": [218, 8], "mirror": true}
					]
				},
				{
					"name": "right_thumb",
					"parent": "right_hand",
					"pivot": [-5.40063, 36.62604, 18.11265],
					"cubes": [
						{"origin": [-15.51045, 38.44555, 14.681], "size": [0, 1, 1], "pivot": [-15.53931, 38.98493, 18.03041], "rotation": [58.87171, 0.82674, 32.46256], "uv": [3, 3], "mirror": true},
						{"origin": [-16.01045, 38.44555, 15.681], "size": [1, 1, 2], "pivot": [-15.53931, 38.98493, 18.03041], "rotation": [58.87171, 0.82674, 32.46256], "uv": [238, 18], "mirror": true}
					]
				},
				{
					"name": "right_fingers",
					"parent": "right_hand",
					"pivot": [-7.40063, 35.62604, 20.61265],
					"cubes": [
						{"origin": [-7.40063, 33.62604, 18.36265], "size": [1, 2, 1], "pivot": [-6.22956, 53.1858, 20.30258], "rotation": [-1.12829, 0.82674, 32.46256], "uv": [86, 25], "mirror": true},
						{"origin": [-7.40063, 33.62604, 19.61265], "size": [1, 2, 1], "pivot": [-6.22956, 53.1858, 20.30258], "rotation": [-1.12829, 0.82674, 32.46256], "uv": [86, 22], "mirror": true},
						{"origin": [-7.40063, 33.62604, 20.61265], "size": [1, 2, 1], "pivot": [-6.22956, 53.1858, 20.30258], "rotation": [-1.12829, 0.82674, 32.46256], "uv": [9, 82], "mirror": true},
						{"origin": [-7.40063, 33.62604, 21.86265], "size": [1, 2, 1], "pivot": [-6.22956, 53.1858, 20.30258], "rotation": [-1.12829, 0.82674, 32.46256], "uv": [81, 64], "mirror": true}
					]
				},
				{
					"name": "right_fingers_bend",
					"parent": "right_fingers",
					"pivot": [-7.40063, 33.62604, 20.61265],
					"cubes": [
						{"origin": [-7.40063, 31.62604, 18.86265], "size": [1, 2, 0], "pivot": [-6.22956, 53.1858, 20.30258], "rotation": [-1.12829, 0.82674, 32.46256], "uv": [14, 28], "mirror": true},
						{"origin": [-7.40063, 31.62604, 20.11265], "size": [1, 2, 0], "pivot": [-6.22956, 53.1858, 20.30258], "rotation": [-1.12829, 0.82674, 32.46256], "uv": [14, 26], "mirror": true},
						{"origin": [-7.40063, 31.62604, 21.11265], "size": [1, 2, 0], "pivot": [-6.22956, 53.1858, 20.30258], "rotation": [-1.12829, 0.82674, 32.46256], "uv": [14, 24], "mirror": true},
						{"origin": [-7.40063, 31.62604, 22.36265], "size": [1, 2, 0], "pivot": [-6.22956, 53.1858, 20.30258], "rotation": [-1.12829, 0.82674, 32.46256], "uv": [0, 0], "mirror": true}
					]
				},
				{
					"name": "torso",
					"parent": "body",
					"pivot": [-0.03805, 62.01594, 13.69522],
					"cubes": [
						{"origin": [-7.53805, 57.01594, 8.69522], "size": [15, 10, 10], "uv": [169, 226]}
					]
				},
				{
					"name": "waist",
					"parent": "torso",
					"pivot": [-0.03805, 57.01594, 14.59522],
					"cubes": [
						{"origin": [-6.53805, 50.01594, 10.19522], "size": [13, 7, 8], "uv": [168, 214]},
						{"origin": [-6.53805, 33.01594, 10.19522], "size": [13, 11, 7], "uv": [169, 215]},
						{"origin": [-5.53805, 40.01594, 11.39522], "size": [11, 10, 6], "uv": [169, 224]}
					]
				},
				{
					"name": "tail",
					"parent": "waist",
					"pivot": [-0.23805, 33.31594, 19.09522],
					"cubes": [
						{"origin": [-6.09695, 25.31841, 16.18197], "size": [10, 5, 16], "pivot": [-1.09695, 28.72382, 21.3712], "rotation": [-80, 0, 0], "uv": [95, 216]}
					]
				},
				{
					"name": "tail_end",
					"parent": "tail",
					"pivot": [1.90305, 17.32382, 25.1212]
				},
				{
					"name": "bone8",
					"parent": "tail_end",
					"pivot": [-2.49695, 16.82382, 26.6712],
					"cubes": [
						{"origin": [-5.67813, 28.00104, 34.29754], "size": [8, 3, 15], "pivot": [-1.67813, 29.50644, 23.48677], "rotation": [-80, 0, 0], "uv": [95, 215]}
					]
				},
				{
					"name": "bone9",
					"parent": "bone8",
					"pivot": [-1.67813, 6.40644, 27.08677],
					"cubes": [
						{"origin": [-4.67813, 29.00104, 44.29754], "size": [6, 1, 13], "pivot": [-1.67813, 29.50644, 23.48677], "rotation": [-80, 0, 0], "uv": [102, 219]}
					]
				},
				{
					"name": "bone",
					"parent": "tail_end",
					"pivot": [-1.09695, 28.72382, 21.3712]
				},
				{
					"name": "jacket",
					"parent": "torso",
					"pivot": [0.46195, 35.01594, 4.59522],
					"cubes": [
						{"origin": [-5.53805, 56.26594, 17.69522], "size": [11, 12, 4], "uv": [190, 127]},
						{"origin": [-5.53805, 32.46594, 16.69522], "size": [11, 12, 4], "uv": [185, 128]},
						{"origin": [-4.03805, 49.56594, 17.19522], "size": [8, 8, 3], "inflate": 0.01, "uv": [194, 101]},
						{"origin": [-4.03805, 42.56594, 15.79522], "size": [8, 8, 3], "inflate": 0.01, "uv": [194, 101]},
						{"origin": [-4.03805, 33.36594, 17.19522], "size": [8, 11, 2], "inflate": 0.01, "uv": [195, 102]},
						{"origin": [-3.03805, 40.36594, 20.29522], "size": [6, 10, 0], "inflate": 0.01, "uv": [221, 8]},
						{"origin": [-3.03805, 56.16594, 19.99522], "size": [6, 9, 3], "inflate": 0.01, "uv": [215, 8]},
						{"origin": [-3.03805, 48.76594, 19.19522], "size": [6, 9, 2], "inflate": 0.01, "uv": [216, 9]},
						{"origin": [-3.03805, 32.46594, 18.99522], "size": [6, 12, 3], "inflate": 0.01, "uv": [215, 8]},
						{"origin": [-3.03805, 39.46594, 16.99522], "size": [6, 12, 3], "inflate": 0.01, "uv": [215, 8]}
					]
				},
				{
					"name": "jacket_right",
					"parent": "jacket",
					"pivot": [-8.03805, 67.01594, 4.59522],
					"rotation": [0, 0, -15],
					"cubes": [
						{"origin": [-10.53805, 55.01594, 7.69522], "size": [6, 7, 12], "inflate": 0.01, "uv": [198, 94]},
						{"origin": [-10.53805, 60.01594, 7.69522], "size": [7, 9, 12], "inflate": 0.02, "pivot": [-11.53805, 62.01594, 4.59522], "rotation": [0, 0, 15], "uv": [193, 98]},
						{"origin": [-9.53805, 33.41594, 9.69522], "size": [7, 12, 10], "inflate": 0.02, "pivot": [-11.53805, 62.01594, 4.59522], "rotation": [0, 0, 15], "uv": [196, 101]},
						{"origin": [-6.03805, 58.01594, 7.29522], "size": [3, 3, 1], "pivot": [-4.53805, 59.51594, 4.59522], "rotation": [0, 0, -45], "uv": [217, 107]},
						{"origin": [-4.53805, 55.01594, 7.29522], "size": [2, 2, 3], "pivot": [-4.53805, 55.01594, 4.59522], "rotation": [0, 0, -45], "uv": [210, 106]}
					]
				},
				{
					"name": "jacket_right_tuft",
					"parent": "jacket_right",
					"pivot": [-10.35693, 69.48958, 13.59522],
					"rotation": [0, 0, 15],
					"cubes": [
						{"origin": [-12.35693, 67.81172, 16.95892], "size": [8, 7, 9], "pivot": [-0.52042, 71.62346, 13.59522], "rotation": [-75, 0, 0], "uv": [201, 98]}
					]
				},
				{
					"name": "bone5",
					"parent": "jacket_right_tuft",
					"pivot": [-10.35693, 71.98958, 9.59522],
					"rotation": [-45, 0, 0]
				},
				{
					"name": "bone6",
					"parent": "jacket_right_tuft",
					"pivot": [-10.35693, 71.98958, 17.59522],
					"rotation": [45, 0, 0]
				},
				{
					"name": "bone7",
					"parent": "jacket_right_tuft",
					"pivot": [-14.35693, 71.98958, 13.59522],
					"rotation": [0, 0, 60]
				},
				{
					"name": "jacket_left",
					"parent": "jacket",
					"pivot": [7.96195, 67.01594, 4.59522],
					"rotation": [0, 0, 15],
					"cubes": [
						{"origin": [4.46195, 55.01594, 7.69522], "size": [6, 7, 12], "inflate": 0.01, "uv": [197, 97]},
						{"origin": [3.46195, 60.01594, 7.69522], "size": [7, 9, 12], "inflate": 0.02, "pivot": [11.46195, 62.01594, 4.59522], "rotation": [0, 0, -15], "uv": [199, 99]},
						{"origin": [2.46195, 33.41594, 9.69522], "size": [7, 12, 10], "inflate": 0.02, "pivot": [11.46195, 62.01594, 4.59522], "rotation": [0, 0, -15], "uv": [203, 102]},
						{"origin": [2.96195, 58.01594, 7.29522], "size": [3, 3, 1], "pivot": [4.46195, 59.51594, 4.59522], "rotation": [0, 0, 45], "uv": [210, 104]},
						{"origin": [2.46195, 55.01594, 7.29522], "size": [2, 2, 3], "pivot": [4.46195, 55.01594, 4.59522], "rotation": [0, 0, 45], "uv": [208, 106]}
					]
				},
				{
					"name": "jacket_left_tuft",
					"parent": "jacket_left",
					"pivot": [8.96195, 66.51594, 13.59522],
					"rotation": [0, 0, -15],
					"cubes": [
						{"origin": [4.96195, 67.33809, 16.95892], "size": [8, 7, 9], "pivot": [0.12543, 71.14983, 13.59522], "rotation": [-75, 0, 0], "uv": [201, 92]}
					]
				},
				{
					"name": "bone2",
					"parent": "jacket_left_tuft",
					"pivot": [9.96195, 71.51594, 9.59522],
					"rotation": [-45, 0, 0],
					"cubes": [
						{"origin": [-11.58805, 78.99966, 13.3574], "size": [4, 5, 0], "pivot": [-0.20154, 74.08549, 12.68253], "rotation": [-75, 0, 0], "uv": [211, 158], "mirror": true},
						{"origin": [7.51195, 70.158, 20.37349], "size": [4, 5, 0], "pivot": [10.17271, 74.23643, 21.95192], "rotation": [-75, 0, 0], "uv": [211, 158]}
					]
				},
				{
					"name": "bone3",
					"parent": "jacket_left_tuft",
					"pivot": [9.96195, 71.51594, 17.59522],
					"rotation": [45, 0, 0],
					"cubes": [
						{"origin": [7.51195, 67.75376, 25.07894], "size": [4, 5, 0], "pivot": [0.12543, 74.08549, 14.50791], "rotation": [-75, 0, 0], "uv": [211, 158]},
						{"origin": [-11.58805, 60.73768, 16.23728], "size": [4, 5, 0], "pivot": [-10.24882, 64.81611, 14.65885], "rotation": [-75, 0, 0], "uv": [211, 158], "mirror": true}
					]
				},
				{
					"name": "bone4",
					"parent": "jacket_left_tuft",
					"pivot": [13.96195, 71.51594, 13.59522],
					"rotation": [0, 0, -60],
					"cubes": [
						{"origin": [15.94091, 73.77094, 18.04727], "size": [0, 5, 7], "pivot": [6.72662, 83.31566, 13.59522], "rotation": [-61.81321, -56.77406, 35.85389], "uv": [212, 157]},
						{"origin": [-5.97226, 50.6785, 16.45893], "size": [0, 5, 7], "pivot": [6.42774, 70.7785, 19.95893], "rotation": [-64.96013, 52.30155, 80.28592], "uv": [212, 157]},
						{"origin": [6.23007, 68.16438, 16.7564], "size": [0, 5, 7], "pivot": [6.16638, 71.3906, 20.2564], "rotation": [-61.81321, -56.77406, 35.85389], "uv": [212, 157]}
					]
				},
				{
					"name": "jacket_right2",
					"parent": "torso",
					"pivot": [-6.03805, 63.51594, 4.59522]
				},
				{
					"name": "neck",
					"parent": "torso",
					"pivot": [0.46195, 63.61594, 12.19522],
					"rotation": [-142.5, 0, 0],
					"cubes": [
						{"origin": [-5.53805, 57.61594, 5.19522], "size": [11, 10, 8], "uv": [212, 212]},
						{"origin": [-3.53805, 67.61594, 5.19522], "size": [7, 3, 8], "uv": [198, 100]},
						{"origin": [5.47195, 59.61594, 6.19522], "size": [0, 2, 2], "pivot": [-1.53805, 60.61594, 7.19522], "rotation": [-45, 0, 0], "uv": [63, 239]},
						{"origin": [4.97195, 62.61594, 9.19522], "size": [0, 2, 2], "pivot": [-1.53805, 63.61594, 10.19522], "rotation": [-45, 0, 0], "uv": [76, 47]},
						{"origin": [5.48195, 60.61594, 5.19522], "size": [0, 2, 2], "pivot": [-1.53805, 60.61594, 7.19522], "rotation": [-45, 0, 0], "uv": [25, 239]},
						{"origin": [-5.54805, 59.61594, 6.19522], "size": [0, 2, 2], "pivot": [1.46195, 60.61594, 7.19522], "rotation": [-45, 0, 0], "uv": [64, 234]},
						{"origin": [-5.55805, 60.61594, 5.19522], "size": [0, 2, 2], "pivot": [1.46195, 60.61594, 7.19522], "rotation": [-45, 0, 0], "uv": [24, 236]}
					]
				},
				{
					"name": "neck2",
					"parent": "neck",
					"pivot": [-1.53805, 67.61594, 5.19522],
					"rotation": [25, 0, 0],
					"cubes": [
						{"origin": [-4.53805, 58.61594, -2.80478], "size": [9, 9, 8], "uv": [177, 229]},
						{"origin": [-3.03805, 65.81594, -2.80478], "size": [6, 3, 8], "pivot": [-0.03805, 68.11594, 1.19522], "rotation": [16, 0, 0], "uv": [213, 10]},
						{"origin": [4.47195, 64.61594, 0.19522], "size": [0, 2, 2], "pivot": [-1.53805, 64.61594, 0.19522], "rotation": [-45, 0, 0], "uv": [70, 229]},
						{"origin": [4.47195, 60.61594, -1.80478], "size": [0, 2, 2], "pivot": [-1.53805, 61.61594, -0.80478], "rotation": [-45, 0, 0], "uv": [65, 237]},
						{"origin": [4.48195, 61.61594, -2.80478], "size": [0, 2, 2], "pivot": [-1.53805, 61.61594, -0.80478], "rotation": [-45, 0, 0], "uv": [23, 240]},
						{"origin": [-4.54805, 60.61594, -1.80478], "size": [0, 2, 2], "pivot": [1.46195, 61.61594, -0.80478], "rotation": [-45, 0, 0], "uv": [62, 236]},
						{"origin": [-4.55805, 61.61594, -2.80478], "size": [0, 2, 2], "pivot": [1.46195, 61.61594, -0.80478], "rotation": [-45, 0, 0], "uv": [29, 237]},
						{"origin": [-4.54805, 64.61594, 0.19522], "size": [0, 2, 2], "pivot": [1.46195, 64.61594, 0.19522], "rotation": [-45, 0, 0], "uv": [69, 238]}
					]
				},
				{
					"name": "neck3",
					"parent": "neck2",
					"pivot": [0.46195, 67.61594, -1.80478],
					"rotation": [22.5, 0, 0],
					"cubes": [
						{"origin": [-4.03318, 59.4815, -9.84206], "size": [8, 8, 8], "uv": [176, 224]},
						{"origin": [3.97682, 64.9815, -7.34206], "size": [0, 2, 2], "pivot": [-1.53318, 65.4815, -6.84206], "rotation": [-45, 0, 0], "uv": [69, 236]},
						{"origin": [3.97682, 61.9815, -7.34206], "size": [0, 2, 2], "pivot": [-1.53318, 62.4815, -6.84206], "rotation": [-45, 0, 0], "uv": [29, 244]},
						{"origin": [-4.04318, 61.9815, -7.34206], "size": [0, 2, 2], "pivot": [1.46682, 62.4815, -6.84206], "rotation": [-45, 0, 0], "uv": [25, 240]},
						{"origin": [-4.04318, 64.9815, -7.34206], "size": [0, 2, 2], "pivot": [1.46682, 65.4815, -6.84206], "rotation": [-45, 0, 0], "uv": [66, 229]},
						{"origin": [-2.53318, 64.8815, -10.54206], "size": [5, 3, 8], "uv": [212, 9]}
					]
				},
				{
					"name": "head",
					"parent": "neck3",
					"pivot": [-1.53318, 67.4815, -9.84206],
					"rotation": [25, 0, 0],
					"cubes": [
						{"origin": [-2.53318, 62.4815, -19.84206], "size": [5, 5, 5], "uv": [0, 115]},
						{"origin": [-3.53318, 60.4815, -14.84206], "size": [7, 7, 5], "uv": [188, 233]},
						{"origin": [-1.53318, 62.4815, -23.34206], "size": [3, 3, 4], "inflate": 0.01, "uv": [76, 49]}
					]
				},
				{
					"name": "head_tuft",
					"parent": "head",
					"pivot": [-1.53318, 34.4815, 11.15794],
					"cubes": [
						{"origin": [-2.03318, 65.9815, -17.14206], "size": [4, 2, 7], "uv": [213, 7]}
					]
				},
				{
					"name": "eye_right",
					"parent": "head",
					"pivot": [-0.03318, 64.4815, -15.84206],
					"cubes": [
						{"origin": [-2.55318, 63.9815, -19.59206], "size": [0, 2, 4], "pivot": [-0.03318, 64.4815, -15.84206], "rotation": [10, 0, 0], "uv": [30, 34]}
					]
				},
				{
					"name": "eye_left",
					"parent": "head",
					"pivot": [-0.03318, 64.4815, -15.84206],
					"cubes": [
						{"origin": [2.48682, 63.9815, -19.59206], "size": [0, 2, 4], "pivot": [-0.03318, 64.4815, -15.84206], "rotation": [10, 0, 0], "uv": [44, 27]}
					]
				},
				{
					"name": "eye_right_closed",
					"parent": "head",
					"pivot": [0.06682, 64.4815, -15.84206],
					"cubes": [
						{"origin": [-2.46318, 63.9815, -19.59206], "size": [0, 2, 4], "pivot": [0.06682, 64.4815, -15.84206], "rotation": [10, 0, 0], "uv": [0, 1]}
					]
				},
				{
					"name": "eye_left_closed",
					"parent": "head",
					"pivot": [-0.13318, 64.4815, -15.84206],
					"cubes": [
						{"origin": [2.39682, 63.9815, -19.59206], "size": [0, 2, 4], "pivot": [-0.13318, 64.4815, -15.84206], "rotation": [10, 0, 0], "uv": [0, 25]}
					]
				},
				{
					"name": "ear_left",
					"parent": "head",
					"pivot": [3.46682, 65.4815, -13.84206],
					"rotation": [32.5, 37.5, 0],
					"cubes": [
						{"origin": [3.46682, 63.9815, -13.84206], "size": [0, 3, 5], "uv": [0, 57]}
					]
				},
				{
					"name": "ear_right",
					"parent": "head",
					"pivot": [-3.53318, 65.4815, -13.84206],
					"rotation": [32.5, -37.5, 0],
					"cubes": [
						{"origin": [-3.53318, 63.9815, -13.84206], "size": [0, 3, 5], "uv": [0, 32]}
					]
				},
				{
					"name": "face_tuft_right",
					"parent": "head",
					"pivot": [-3.53318, 62.4815, -13.84206],
					"rotation": [-26.5, -35.25, 14.5],
					"cubes": [
						{"origin": [-3.53318, 59.4815, -13.84206], "size": [0, 5, 4], "uv": [0, 20]}
					]
				},
				{
					"name": "face_tuft_left",
					"parent": "head",
					"pivot": [3.46682, 62.4815, -13.84206],
					"rotation": [-26.5, 35.25, -14.5],
					"cubes": [
						{"origin": [3.46682, 59.4815, -13.84206], "size": [0, 5, 4], "uv": [60, 27]}
					]
				},
				{
					"name": "nose",
					"parent": "head",
					"pivot": [-0.03318, 62.4815, -20.34206],
					"cubes": [
						{"origin": [-1.03318, 62.9815, -23.36206], "size": [2, 1, 0], "uv": [0, 13]},
						{"origin": [-1.53318, 63.9815, -23.36206], "size": [3, 1, 0], "uv": [0, 7]}
					]
				},
				{
					"name": "top_teeth",
					"parent": "head",
					"pivot": [-0.53318, 62.4815, -23.34206],
					"cubes": [
						{"origin": [1.95682, 56.9815, -18.84206], "size": [0, 1, 1], "pivot": [0.46682, 62.4815, -23.34206], "rotation": [45, 0, 0], "uv": [0, 30]},
						{"origin": [1.95682, 58.2315, -20.09206], "size": [0, 1, 1], "pivot": [0.46682, 62.4815, -23.34206], "rotation": [45, 0, 0], "uv": [2, 30]},
						{"origin": [1.45682, 60.4815, -22.34206], "size": [0, 1, 1], "pivot": [0.46682, 62.4815, -23.34206], "rotation": [45, 0, 0], "uv": [6, 30]},
						{"origin": [-2.02318, 58.2315, -20.09206], "size": [0, 1, 1], "pivot": [-0.53318, 62.4815, -23.34206], "rotation": [45, 0, 0], "uv": [6, 12]},
						{"origin": [-1.52318, 59.2315, -21.09206], "size": [0, 1, 1], "pivot": [-0.53318, 62.4815, -23.34206], "rotation": [45, 0, 0], "uv": [12, 12]},
						{"origin": [-1.52318, 60.4815, -22.34206], "size": [0, 1, 1], "pivot": [-0.53318, 62.4815, -23.34206], "rotation": [45, 0, 0], "uv": [10, 12]},
						{"origin": [1.45682, 59.2315, -21.09206], "size": [0, 1, 1], "pivot": [0.46682, 62.4815, -23.34206], "rotation": [45, 0, 0], "uv": [4, 30]},
						{"origin": [-2.02318, 56.9815, -18.84206], "size": [0, 1, 1], "pivot": [-0.53318, 62.4815, -23.34206], "rotation": [45, 0, 0], "uv": [8, 12]}
					]
				},
				{
					"name": "front_tooth_left",
					"parent": "top_teeth",
					"pivot": [0.46682, 62.4815, -23.34206],
					"rotation": [0, 45, 0],
					"cubes": [
						{"origin": [0.46682, 61.4815, -23.34206], "size": [0, 1, 1], "pivot": [0.46682, 62.4815, -23.34206], "rotation": [45, 0, 0], "uv": [14, 35]}
					]
				},
				{
					"name": "front_tooth_right",
					"parent": "top_teeth",
					"pivot": [-0.53318, 62.4815, -23.34206],
					"rotation": [0, -45, 0],
					"cubes": [
						{"origin": [-0.53318, 61.4815, -23.34206], "size": [0, 1, 1], "pivot": [-0.53318, 62.4815, -23.34206], "rotation": [45, 0, 0], "uv": [4, 12]}
					]
				},
				{
					"name": "jaw",
					"parent": "head",
					"pivot": [-0.03318, 62.4815, -14.84206],
					"rotation": [2.5, 0, 0],
					"cubes": [
						{"origin": [-2.53318, 61.4815, -19.84206], "size": [5, 1, 5], "uv": [40, 109]},
						{"origin": [-1.53318, 60.4815, -19.84206], "size": [3, 1, 5], "uv": [64, 76]},
						{"origin": [-1.53318, 61.4815, -23.34206], "size": [3, 1, 4], "uv": [81, 64]}
					]
				},
				{
					"name": "bottom_teeth",
					"parent": "jaw",
					"pivot": [-0.03318, 62.4815, -22.84206],
					"cubes": [
						{"origin": [-1.03318, 62.0815, -22.99206], "size": [0, 1, 1], "pivot": [-0.03318, 62.4815, -22.84206], "rotation": [-45, 0, 0], "uv": [12, 38]},
						{"origin": [0.96682, 62.0815, -22.99206], "size": [0, 1, 1], "pivot": [-0.03318, 62.4815, -22.84206], "rotation": [-45, 0, 0], "uv": [28, 50]},
						{"origin": [-1.78318, 66.2315, -19.09206], "size": [0, 1, 1], "pivot": [-0.03318, 62.4815, -22.84206], "rotation": [-45, 0, 0], "uv": [10, 38]},
						{"origin": [-1.78318, 64.9815, -20.34206], "size": [0, 1, 1], "pivot": [-0.03318, 62.4815, -22.84206], "rotation": [-45, 0, 0], "uv": [44, 34]},
						{"origin": [1.71682, 64.9815, -20.34206], "size": [0, 1, 1], "pivot": [-0.03318, 62.4815, -22.84206], "rotation": [-45, 0, 0], "uv": [44, 36]},
						{"origin": [1.71682, 66.2315, -19.09206], "size": [0, 1, 1], "pivot": [-0.03318, 62.4815, -22.84206], "rotation": [-45, 0, 0], "uv": [44, 35]},
						{"origin": [0.96682, 63.9815, -21.09206], "size": [0, 1, 1], "pivot": [-0.03318, 62.4815, -22.84206], "rotation": [-45, 0, 0], "uv": [28, 48]},
						{"origin": [0.96682, 62.9815, -22.09206], "size": [0, 1, 1], "pivot": [-0.03318, 62.4815, -22.84206], "rotation": [-45, 0, 0], "uv": [28, 49]},
						{"origin": [-1.03318, 63.9815, -21.09206], "size": [0, 1, 1], "pivot": [-0.03318, 62.4815, -22.84206], "rotation": [-45, 0, 0], "uv": [42, 30]},
						{"origin": [-1.03318, 62.9815, -22.09206], "size": [0, 1, 1], "pivot": [-0.03318, 62.4815, -22.84206], "rotation": [-45, 0, 0], "uv": [14, 38]}
					]
				}
			]
		}
	]
}