{
  "species": "cobblemon:pyukumuku",
  "order": 2,
  "variations": [
    {
      "aspects": [
		"craftian"
	  ],
      "poser": "cobblemon:pyukumuku",
      "model": "cobblemon:pyukumuku_craftian.geo",
      "texture": "cobblemon:textures/pokemon/0771_pyukumuku/pyukumuku_craftian.png",
      "layers": [
		{
			"name": "glow",
			"texture": "cobblemon:textures/pokemon/0771_pyukumuku/glow/pyukumuku_craftian.png",
			"emissive": "true"
		}
	  ]
    },
    {
      "aspects": [
        "shiny",
		"craftian"
      ],
      "texture": "cobblemon:textures/pokemon/0771_pyukumuku/pyukumuku_craftian_shiny.png",
	  "layers": [
		{
			"name": "glow",
			"texture": "cobblemon:textures/pokemon/0771_pyukumuku/glow/pyukumuku_craftian_shiny.png",
			"emissive": "true"
		}
	  ]
    }
  ]
}