{
    "enabled": true,
    "neededInstalledMods": [],
    "neededUninstalledMods": [],
    "spawns": [
        {
            "id": "pichu-spiky",
            "pokemon": "pichu spiky=true",
            "type": "pokemon",
            "context": "grounded",
            "bucket": "rare",
            "level": "15-32",
            "weight": 2.0,
            "condition": {
                "canSeeSky": true,
                "biomes": [
                    "minecraft:birch_forest"
                ]
            }
        }
    ]
}