{
  "species": "cobblemon:goodra",
  "order": 1,
  "variations": [
    {
      "aspects": [
        "hisuian"
      ],
      "poser": "cobblemon:goodra_hisuian",
      "model": "cobblemon:goodra_hisuian.geo",
      "texture": "cobblemon:textures/pokemon/goodra_hisuian/goodra_hisuian.png",
"layers": [
        {
          "name": "color",
          "texture": "cobblemon:textures/pokemon/goodra_hisuian/goodra_hisuian_e.png",
          "emissive": false
        }
      ]
    },
    {
      "aspects": [
        "hisuian",
        "shiny"
      ],
      "texture": "cobblemon:textures/pokemon/goodra_hisuian/goodra_hisuian_shiny.png",
"layers": [
        {
          "name": "color",
          "texture": "cobblemon:textures/pokemon/goodra_hisuian/goodra_hisuian_shiny_e.png",
          "emissive": false
        }
      ]
    }
  ]
}