{
  "species": "cobblemon:basculin",
  "order": 2,
  "variations": [
    {
      "aspects": ["craftian"],
      "poser": "cobblemon:basculin_craftian",
      "model": "cobblemon:basculin_craftian_redstripe.geo",
      "texture": "cobblemon:textures/pokemon/0550_basculin/basculin_craftian_redstripe.png",
      "layers": []
    },
    {
      "aspects": [
		"craftian",
        "shiny"
      ],
      "texture": "cobblemon:textures/pokemon/0550_basculin/basculin_craftian_redstripe_shiny.png"
    },
    {
      "aspects": [
        "bluestriped",
		"craftian"
      ],
      "model": "cobblemon:basculin_craftian_bluestripe.geo",
      "texture": "cobblemon:textures/pokemon/0550_basculin/basculin_craftian_bluestripe.png"
    },
    {
      "aspects": [
        "bluestriped",
		"craftian",
        "shiny"
      ],
      "texture": "cobblemon:textures/pokemon/0550_basculin/basculin_craftian_bluestripe_shiny.png"
    }
  ]
}