{
  "head": "head",
  "portraitScale": 1.15,
  "portraitTranslation": [0.15, 0.45, 0],
  "profileScale": 0.75,
  "profileTranslation": [0, 0.75, 0],
  "faint": "bedrock(booneary, faint)",
  "poses": {
    "standing": {
      "poseName": "standing",
      "transformTicks": 10,
      "poseTypes": ["STAND", "NONE", "PORTRAIT", "PROFILE", "FLY"],
      "animations": [
        "look",
        "bedrock(booneary, ground_idle)"
      ]
    },
	"flying": {
      "poseName": "flying",
      "transformTicks": 10,
      "poseTypes": [ "FLY" ],
      "animations": [ "bedrock(booneary, air_idle)" ]
    }
  }
}