{
  "head": "head",
  "portraitScale": 1.15,
  "portraitTranslation": [0.15, 1.5, 0],
  "profileScale": 0.60,
  "profileTranslation": [0, 1.25, 0],
  "faint": "bedrock(ghoulpunny, faint)",
  "poses": {
    "standing": {
      "poseName": "standing",
      "transformTicks": 10,
      "poseTypes": ["STAND", "NONE", "PORTRAIT", "PROFILE", "FLY"],
      "animations": [
        "look",
        "bedrock(ghoulpunny, ground_idle)"
      ]
    },
	"flying": {
      "poseName": "flying",
      "transformTicks": 10,
      "poseTypes": [ "FLY" ],
      "animations": [ "bedrock(ghoulpunny, air_idle)" ]
    }
  }
}