{
  "implemented": true,
  "name": "booneary",
  "labels": [ "custom" ],
  "nationalPokedexNumber": 2129,
  "pokedex": [
    "cobblemon.species.booneary.desc1",
    "cobblemon.species.booneary.desc2"
  ],
  "height": 2,
  "weight": 3,
  "shoulderMountable": false,
  "primaryType": "ghost",
  "baseStats": {
    "hp": 30,
    "attack": 60,
    "defence": 30,
    "special_attack": 60,
    "special_defence": 30,
    "speed": 60
  },
  "catchRate": 90,
  "maleRatio": 0.2,
  "baseExperienceYield": 55,
  "experienceGroup": "fluctuating",
  "eggCycles": 25,
  "eggGroups": [
    "human_like",
    "amorphous"
  ],
  "baseFriendship": 35,
  "evYield": {
    "speed": 1
  },
    "moves": [
		"1:tackle",
		"1:babydolleyes",
        "1:tailwhip",
		"4:growl",
		"6:astonish",
		"6:confuseray",
		"8:lick",
		"10:protect",
		"10:ember",
		"12:attract",
		"12:defensecurl",
		"14:calmmind",
		"16:spite",
		"20:lightscreen"
  ],
  "abilities": [
    "adaptability",
    "moxie",
	"neuroforce",
	"levitate",
    "h:shadowtag"
  ],
  "baseScale": 1,
  "hitbox": {
    "width": 0.8,
    "height": 1.2,
    "fixed": false
  },
  "drops": {
  "amount": "1",
    "entries": [
			{
                "item": "minecraft:phantom_membrane",
                "quantityRange": "1-3",
                "percentage": 10
            },
            {
                "item": "minecraft:purple_candle",
                "quantityRange": "1",
                "percentage": 3
            },
			{
                "item": "minecraft:coal",
                "quantityRange": "2-5",
                "percentage": 30
            }
    ]
  },
  "behaviour": {
    "moving": {
    "canLook": true,
      "fly": {
        "canFly": true
      },
	  "walk": {
       "avoidsLand": false
            },
      "swim": {
        "swimSpeed": 1,
        "canSwimInWater": false,
        "canBreatheUnderwater": false
      },
            "wanderChance": 1
	}
  },
  "evolutions": [
    {
      "id": "booneary_ghoulpunny_lvl",
      "variant": "level_up",
      "result": "ghoulpunny",
      "consumeHeldItem": false,
      "learnableMoves": [],
      "requirements": [
        {
          "variant": "level",
          "minLevel": 42
        }
      ]
    },
	{
      "id": "booneary_ghoulpunny_ragged",
      "variant": "trade",
      "result": "ghoulpunny ragged",
      "consumeHeldItem": true,
      "learnableMoves": ["moongeistbeam", "spiritshackle"],
      "requirements": [
        {
          "variant": "level",
          "minLevel": 45
        },
		  {
			"variant": "held_item",
			"item": "cobblemon:reaper_cloth"
		  }
      ]
    }
  ]
}