{
    "implemented": true,
    "name": "ghoulpunny",
    "nationalPokedexNumber": 2130,
    "primaryType": "ghost",
	"secondaryType": "fire",
    "abilities": [
		"adaptability",
        "moxie",
		"neuroforce",
		"levitate",
        "h:shadowtag"
    ],
    "baseStats": {
        "hp": 40,
        "attack": 90,
        "defence": 50,
        "special_attack": 90,
        "special_defence": 50,
        "speed": 80
    },
	"behaviour": {
        "moving": {
    "canLook": true,
      "fly": {
        "canFly": true
      },
	  "walk": {
       "avoidsLand": false
            },
      "swim": {
        "swimSpeed": 1,
        "canSwimInWater": false,
        "canBreatheUnderwater": false
      },
            "wanderChance": 1
	}
  },
    "catchRate": 30,
    "maleRatio": 0.2,
    "shoulderMountable": false,
    "forms": [],
    "baseExperienceYield": 270,
    "experienceGroup": "fluctuating",
    "eggCycles": 25,
    "eggGroups": [
        "water_1",
		"monster"
    ],
    "drops": {
        "amount": "2",
        "entries": [
            {
                "item": "minecraft:phantom_membrane",
                "quantityRange": "3-5",
                "percentage": 45
            },
            {
                "item": "minecraft:purple_candle",
                "quantityRange": "1",
                "percentage": 20
            },
			{
                "item": "minecraft:coal",
                "quantityRange": "4-7",
                "percentage": 66
            },
			{
                "item": "cobblemon:reaper_cloth",
                "quantityRange": "1",
                "percentage": 3
            }
        ]
    },
    "moves": [
		"1:tackle",
		"1:babydolleyes",
        "1:tailwhip",
		"4:growl",
		"6:astonish",
		"6:confuseray",
		"8:lick",
		"10:protect",
		"12:attract",
		"12:defensecurl",
		"14:calmmind",
		"16:spite",
		"20:lightscreen",
		"26:ember",
		"30:shadowsneak",
		"32:destinybond",
		"35:flamethrower",
		"40:willowisp",
		"45:sunnyday",
		"50:firespin",
		"60:shadowball",
		"TM:phantomforce",
		"TM:inferno",
		"TM:mysticalfire"
    ],
    "labels": [
        "custom"
    ],
    "pokedex": [
        "cobblemon.species.ghoulpunny.desc1",
        "cobblemon.species.ghoulpunny.desc2"
    ],
    "preEvolution": "booneary",
	"features": [ "ragged" ],
	"forms": [
		{ "name": "normal" }
	],
    "baseScale": 1,
    "hitbox": {
        "width": 0.9,
        "height": 2.5,
        "fixed": false
    },
    "baseFriendship": 35,
    "evYield": {
        "special_attack": 1,
		"speed": 2
    },
    "height": 14,
    "weight": 589
}