{
	"format_version": "1.8.0",
	"animations": {
		"animation.deltaditto.ground_idle": {
			"loop": true,
			"animation_length": 5.6,
			"bones": {
				"inner": {
					"rotation": {
						"0.0": {
							"post": [-2, -2, 0],
							"lerp_mode": "catmullrom"
						},
						"1.56": {
							"post": [4, -0.01893, -0.43523],
							"lerp_mode": "catmullrom"
						},
						"3.12": {
							"post": [-2, 6, 0.22464],
							"lerp_mode": "catmullrom"
						},
						"4.44": {
							"post": [7.58647, -4.57398, 0.48694],
							"lerp_mode": "catmullrom"
						},
						"5.6": {
							"post": [-2, -2, 0],
							"lerp_mode": "catmullrom"
						}
					}
				},
				"outer": {
					"scale": {
						"0.0": {
							"post": [1, 1, 1],
							"lerp_mode": "catmullrom"
						},
						"3.12": {
							"post": [1.1, 1.1, 1],
							"lerp_mode": "catmullrom"
						},
						"5.48": {
							"post": [1, 1, 1],
							"lerp_mode": "catmullrom"
						}
					}
				}
			}
		},
		"animation.deltaditto.ground_walk": {
			"loop": true,
			"animation_length": 1.6,
			"bones": {
				"inner": {
					"rotation": {
						"0.0": {
							"post": [45, 0, 0],
							"lerp_mode": "catmullrom"
						},
						"0.4": {
							"post": [135, 0, 0],
							"lerp_mode": "catmullrom"
						},
						"0.8": {
							"post": [225, 0, 0],
							"lerp_mode": "catmullrom"
						},
						"1.2": {
							"post": [315, 0, 0],
							"lerp_mode": "catmullrom"
						},
						"1.6": {
							"post": [400, 0, 0],
							"lerp_mode": "catmullrom"
						}
					}
				},
				"outer": {
					"rotation": {
						"0.0": {
							"post": [45, 0, 0],
							"lerp_mode": "catmullrom"
						},
						"0.4": {
							"post": [135, 0, 0],
							"lerp_mode": "catmullrom"
						},
						"0.8": {
							"post": [225, 0, 0],
							"lerp_mode": "catmullrom"
						},
						"1.2": {
							"post": [315, 0, 0],
							"lerp_mode": "catmullrom"
						},
						"1.6": {
							"post": [402.5, 0, 0],
							"lerp_mode": "catmullrom"
						}
					},
					"scale": {
						"0.0": {
							"post": [1.1, 1.2, 1.2],
							"lerp_mode": "catmullrom"
						},
						"0.4": {
							"post": [1, 1.1, 1.1],
							"lerp_mode": "catmullrom"
						},
						"0.8": {
							"post": [1.1, 1.3, 1.3],
							"lerp_mode": "catmullrom"
						},
						"1.2": {
							"post": [1, 1, 1],
							"lerp_mode": "catmullrom"
						},
						"1.6": {
							"post": [1.1, 1.2, 1.2],
							"lerp_mode": "catmullrom"
						}
					}
				}
			}
		},
		"animation.deltaditto.faint": {
			"animation_length": 2.08,
			"bones": {
				"inner": {
					"rotation": {
						"0.0": {
							"post": [0, 0, 0],
							"lerp_mode": "catmullrom"
						},
						"0.4": {
							"post": [-0.9762, -0.06343, -7.43548],
							"lerp_mode": "catmullrom"
						},
						"0.88": {
							"post": [-0.97613, 0.06452, 0.06343],
							"lerp_mode": "catmullrom"
						},
						"1.28": {
							"post": [-5.97995, 5.0638, -0.02197],
							"lerp_mode": "catmullrom"
						}
					},
					"position": {
						"0.0": [0, 1, 0],
						"1.16": [0, 0.8, 0],
						"1.96": [0, -27, 0]
					},
					"scale": {
						"1.16": [1, 1, 1],
						"1.32": [0.2, 0.2, 0.2]
					}
				},
				"outer": {
					"position": {
						"0.0": [0, 1, 0],
						"0.6": [0, 1, 0],
						"1.16": [0, 1.27, 0],
						"1.96": [0, -26, 0]
					},
					"scale": {
						"0.52": {
							"pre": [1, 1, 1],
							"post": [1, 1, 1],
							"lerp_mode": "catmullrom"
						},
						"1.04": {
							"post": [0.9, 0.9, 0.9],
							"lerp_mode": "catmullrom"
						},
						"1.28": {
							"post": [0.2, 0.1, -0.6],
							"lerp_mode": "catmullrom"
						},
						"1.32": {
							"post": [0.1, -0.1, 0],
							"lerp_mode": "catmullrom"
						}
					}
				}
			}
		}
	}
}