{
	"format_version": "1.8.0",
	"animations": {
		"animation.deltascizor.ground_idle": {
			"loop": true,
			"animation_length": 2,
			"bones": {
				"scizor": {
					"position": {
						"0.0": [0, -1.7, 0],
						"0.96": [0, -1.6, 0],
						"2.0": [0, -1.7, 0]
					}
				},
				"torso_top": {
					"rotation": {
						"0.0": [2.5, 5, 0],
						"0.96": [-2.5, 5, 0],
						"2.0": [2.5, 5, 0]
					}
				},
				"head": {
					"rotation": {
						"0.0": [10, 25, 0],
						"0.96": [2.5, 25, 0],
						"2.0": [10, 25, 0]
					}
				},
				"arm_right": {
					"rotation": {
						"0.0": [6.42848, -26.79524, -14.03271],
						"0.96": [11.26653, -25.25199, -25.03149],
						"2.0": [6.42848, -26.79524, -14.03271]
					}
				},
				"forearm_right": {
					"rotation": [0, 0, 10]
				},
				"forearm_right2": {
					"rotation": {
						"0.0": [0, 0, 10],
						"2.0": [0, 0, 10]
					}
				},
				"claw_right": {
					"rotation": [0, 0, 0]
				},
				"claw_jaw_right": {
					"rotation": {
						"0.0": [0, 0, -2.5],
						"0.96": [0, 0, -30],
						"2.0": [0, 0, -2.5]
					}
				},
				"arm_left": {
					"rotation": {
						"0.0": [-2.66399, 14.76689, -17.84527],
						"0.96": [0, 15, -7.5],
						"2.0": [-2.66399, 14.76689, -17.84527]
					}
				},
				"forearm_left2": {
					"rotation": {
						"0.0": [0, 0, -10],
						"2.0": [0, 0, -10]
					}
				},
				"claw_left": {
					"rotation": {
						"0.0": [0, 55, 0],
						"0.96": [-13.92809, 53.77546, -17.0883],
						"2.0": [0, 55, 0]
					}
				},
				"claw_jaw_left": {
					"rotation": {
						"0.0": [0, 0, 0],
						"0.96": [0, 0, 32.5],
						"2.0": [0, 0, 0]
					}
				},
				"wing_top_right": {
					"rotation": [17.68411, -14.88312, -0.77764]
				},
				"wing_top_left": {
					"rotation": [20, 17.5, 0]
				},
				"torso_bottom": {
					"rotation": {
						"0.0": [7.5, 0, 0],
						"0.96": [2.5, 0, 0],
						"2.0": [7.5, 0, 0]
					}
				},
				"leg_right": {
					"rotation": {
						"0.0": [-7.36688, 10.64565, 17.68438],
						"0.96": [-20.69679, 9.11776, 12.85165],
						"2.0": [-7.36688, 10.64565, 17.68438]
					}
				},
				"knee_right": {
					"rotation": {
						"0.0": [-2.59775, -27.38656, 5.63304],
						"0.96": [6.23607, -26.8206, -2.76978],
						"2.0": [-2.59775, -27.38656, 5.63304]
					}
				},
				"foot_right": {
					"rotation": {
						"0.0": [-4.01697, -24.77164, -8.26511],
						"0.96": [11.28682, 3.56414, -19.00921],
						"2.0": [-4.01697, -24.77164, -8.26511]
					}
				},
				"leg_left": {
					"rotation": {
						"0.0": [-17.5, 0, 0],
						"0.96": [-17.5, 0, 0],
						"2.0": [-17.5, 0, 0]
					}
				},
				"knee_left": {
					"rotation": {
						"0.0": [-29.30762, -28.02559, -13.89691],
						"0.96": [-29.30762, -28.02559, -13.89691],
						"2.0": [-29.30762, -28.02559, -13.89691]
					}
				},
				"foot_left": {
					"rotation": {
						"0.0": [44.89121, -3.37562, 3.69066],
						"0.96": [57.39121, -3.37562, 3.69066],
						"2.0": [44.89121, -3.37562, 3.69066]
					}
				},
				"lower_wing_left": {
					"rotation": [-30, 20, 0],
					"position": [0, 1, -2]
				},
				"lower_wing_right": {
					"rotation": [-22.5, -10, 0],
					"position": [0, 1, -2]
				}
			}
		},
		"animation.deltascizor.ground_walk": {
			"loop": true,
			"animation_length": 3,
			"bones": {
				"scizor": {
					"position": {
						"0.84": {
							"pre": [0, -2, 0],
							"post": [0, -2, 0],
							"lerp_mode": "catmullrom"
						}
					}
				},
				"torso_top": {
					"rotation": {
						"0.0": [22.43745, -1.50179, 4.76968],
						"0.48": [22.5, 0, 0],
						"1.0": {
							"pre": [25.16278, 0.75939, -1.73198],
							"post": [25.16278, 0.75939, -1.73198],
							"lerp_mode": "catmullrom"
						},
						"1.48": {
							"post": [27.19157, -3.81024, 9.25249],
							"lerp_mode": "catmullrom"
						},
						"2.0": {
							"post": [24.52978, 3.42039, -9.22757],
							"lerp_mode": "catmullrom"
						},
						"2.52": {
							"post": [24.52978, 3.42039, -9.22757],
							"lerp_mode": "catmullrom"
						},
						"3.0": [22.43745, -1.50179, 4.76968]
					}
				},
				"head": {
					"rotation": {
						"0.0": [-44.9299, -1.70818, -4.69986],
						"0.48": [-44.98248, -0.85481, -2.34941],
						"1.0": {
							"pre": [-44.91241, 1.70675, 4.70012],
							"post": [-44.91241, 1.70675, 4.70012],
							"lerp_mode": "catmullrom"
						},
						"1.48": {
							"post": [-44.98247, -0.85481, -2.34941],
							"lerp_mode": "catmullrom"
						},
						"2.0": {
							"post": [-44.88903, 2.10508, 5.79745],
							"lerp_mode": "catmullrom"
						},
						"2.52": {
							"post": [-44.88903, 2.10508, 5.79745],
							"lerp_mode": "catmullrom"
						},
						"3.0": [-44.9299, -1.70818, -4.69986]
					},
					"position": {
						"0.0": [0, -0.6, -0.3],
						"0.48": [0, -0.6, -0.3],
						"1.48": {
							"pre": [0, -0.6, -0.3],
							"post": [0, -0.6, -0.3],
							"lerp_mode": "catmullrom"
						},
						"3.0": [0, -0.6, -0.3]
					}
				},
				"arm_right": {
					"rotation": {
						"0.0": [9.04107, 41.70738, -16.5498],
						"0.48": [8.71187, 39.2373, -17.05686],
						"1.0": {
							"pre": [4.59622, 22.09578, -23.06231],
							"post": [4.59622, 22.09578, -23.06231],
							"lerp_mode": "catmullrom"
						},
						"1.48": {
							"post": [-7.66203, -49.36789, -15.48832],
							"lerp_mode": "catmullrom"
						},
						"3.0": [9.04107, 41.70738, -16.5498]
					}
				},
				"forearm_right": {
					"rotation": {
						"0.0": [0, -5, 0],
						"0.48": [0, -5, 0],
						"3.0": [0, -5, 0]
					}
				},
				"forearm_right2": {
					"rotation": {
						"0.0": [0, -52.5, -2.5],
						"0.48": [0, -32.5, -2.5],
						"1.0": {
							"pre": [0, -47.5, -2.5],
							"post": [0, -47.5, -2.5],
							"lerp_mode": "catmullrom"
						},
						"1.48": {
							"post": [0, -52.5, -2.5],
							"lerp_mode": "catmullrom"
						},
						"3.0": [0, -52.5, -2.5]
					}
				},
				"claw_right": {
					"rotation": {
						"0.0": [0, 0, 7.5],
						"0.48": [0, 0, 7.5],
						"1.48": {
							"pre": [62.5, 0, 7.5],
							"post": [62.5, 0, 7.5],
							"lerp_mode": "catmullrom"
						},
						"3.0": [0, 0, 7.5]
					}
				},
				"claw_jaw_right": {
					"rotation": {
						"0.0": [0, 0, -30],
						"0.48": [0, 0, -30],
						"1.48": {
							"pre": [0, 0, -2.5],
							"post": [0, 0, -2.5],
							"lerp_mode": "catmullrom"
						},
						"2.0": {
							"post": [0, 0, -22.83],
							"lerp_mode": "catmullrom"
						},
						"2.52": {
							"post": [0, 0, -22.83],
							"lerp_mode": "catmullrom"
						},
						"3.0": [0, 0, -30]
					}
				},
				"arm_left": {
					"rotation": {
						"0.0": [17.5, 35, 15],
						"0.48": [21.14422, 27.8, 21.34785],
						"1.0": {
							"pre": [0, -10, 21.25],
							"post": [0, -10, 21.25],
							"lerp_mode": "catmullrom"
						},
						"1.48": {
							"post": [-1.81076, -27.46143, 30.25087],
							"lerp_mode": "catmullrom"
						},
						"2.0": {
							"post": [-0.59272, 37.31735, 24.04069],
							"lerp_mode": "catmullrom"
						},
						"2.52": {
							"post": [-0.59272, 37.31735, 24.04069],
							"lerp_mode": "catmullrom"
						},
						"3.0": [17.5, 35, 15]
					}
				},
				"forearm_left": {
					"rotation": {
						"0.48": {
							"pre": [0.32902, -7.49282, -2.52154],
							"post": [0.32902, -7.49282, -2.52154],
							"lerp_mode": "catmullrom"
						},
						"1.0": {
							"post": [0, -7.5, 0],
							"lerp_mode": "catmullrom"
						}
					}
				},
				"forearm_left2": {
					"rotation": {
						"0.0": [15, 75, 0],
						"0.56": {
							"pre": [1.53351, 23.19551, -15.4737],
							"post": [1.53351, 23.19551, -15.4737],
							"lerp_mode": "catmullrom"
						},
						"1.16": [15, 75, 0]
					}
				},
				"claw_left": {
					"rotation": {
						"0.0": [0, -25, 0],
						"0.48": [-21.8848, 23.55077, -8.20863],
						"1.48": {
							"pre": [0, -12.5, 0],
							"post": [0, -12.5, 0],
							"lerp_mode": "catmullrom"
						},
						"2.0": {
							"post": [25, 14.17, 0],
							"lerp_mode": "catmullrom"
						},
						"2.52": {
							"post": [25, 14.17, 0],
							"lerp_mode": "catmullrom"
						},
						"3.0": [0, -25, 0]
					}
				},
				"claw_jaw_left": {
					"rotation": {
						"0.0": [0, 0, 25],
						"0.48": [0, 0, 25],
						"1.0": {
							"pre": [0, 0, 0],
							"post": [0, 0, 0],
							"lerp_mode": "catmullrom"
						},
						"1.48": {
							"post": [0, 0, 5],
							"lerp_mode": "catmullrom"
						},
						"2.0": {
							"post": [0, 0, 35.83],
							"lerp_mode": "catmullrom"
						},
						"2.52": {
							"post": [0, 0, 35.83],
							"lerp_mode": "catmullrom"
						},
						"3.0": [0, 0, 25]
					}
				},
				"wing_top_right": {
					"rotation": {
						"0.0": [0, -40, 0],
						"0.48": [0, -40, 0]
					}
				},
				"wing_top_left": {
					"rotation": {
						"0.0": [0, 40, 0],
						"0.48": [0, 40, 0]
					}
				},
				"torso_bottom": {
					"rotation": {
						"0.0": [-1.63272, 5.07855, 19.37006],
						"0.48": [-1.63272, 5.07855, 19.37006],
						"1.48": {
							"pre": [29.97314, -1.60667, 1.91561],
							"post": [29.97314, -1.60667, 1.91561],
							"lerp_mode": "catmullrom"
						},
						"2.0": {
							"post": [-3.17534, 7.9972, -9.63846],
							"lerp_mode": "catmullrom"
						},
						"2.52": {
							"post": [-3.17534, 7.9972, -9.63846],
							"lerp_mode": "catmullrom"
						},
						"3.0": [-1.63272, 5.07855, 19.37006]
					}
				},
				"leg_right": {
					"rotation": {
						"0.0": [12.5, 0, 0],
						"0.48": [12.4905, -0.21782, 4.99527],
						"1.48": {
							"pre": [-60, 0, 0],
							"post": [-60, 0, 0],
							"lerp_mode": "catmullrom"
						},
						"2.0": {
							"post": [-105, 0, 0],
							"lerp_mode": "catmullrom"
						},
						"2.52": {
							"post": [-105, 0, 0],
							"lerp_mode": "catmullrom"
						},
						"3.0": [12.5, 0, 0]
					}
				},
				"knee_right": {
					"rotation": {
						"0.0": [15, 0, 0],
						"0.48": [5, 0, 0],
						"1.0": {
							"pre": [-17.5, 0, 0],
							"post": [-17.5, 0, 0],
							"lerp_mode": "catmullrom"
						},
						"1.48": {
							"post": [-17.5, 0, 0],
							"lerp_mode": "catmullrom"
						},
						"2.0": {
							"post": [42.99008, -11.53486, -4.8493],
							"lerp_mode": "catmullrom"
						},
						"2.52": {
							"post": [42.99008, -11.53486, -4.8493],
							"lerp_mode": "catmullrom"
						},
						"3.0": [15, 0, 0]
					}
				},
				"foot_right": {
					"rotation": {
						"0.0": [68.3686, -2.40013, -1.45016],
						"0.48": [68.3686, -2.40013, -1.45016],
						"1.0": {
							"pre": [66.52397, -16.1299, 6.88003],
							"post": [66.52397, -16.1299, 6.88003],
							"lerp_mode": "catmullrom"
						},
						"1.48": {
							"post": [67.5, 0, 0],
							"lerp_mode": "catmullrom"
						},
						"2.0": {
							"post": [41.60468, -1.18091, 6.85098],
							"lerp_mode": "catmullrom"
						},
						"2.52": {
							"post": [41.60468, -1.18091, 6.85098],
							"lerp_mode": "catmullrom"
						},
						"3.0": [68.3686, -2.40013, -1.45016]
					}
				},
				"leg_left": {
					"rotation": {
						"0.0": [-37.75318, -17.04679, -14.9092],
						"0.48": [-37.75318, -17.04679, -14.9092],
						"1.0": {
							"pre": [-35.25318, -17.04679, -14.9092],
							"post": [-35.25318, -17.04679, -14.9092],
							"lerp_mode": "catmullrom"
						},
						"1.48": {
							"post": [-107.3924, -3.82821, -3.21873],
							"lerp_mode": "catmullrom"
						},
						"2.0": {
							"post": [-20.82551, -10.35368, -8.98984],
							"lerp_mode": "catmullrom"
						},
						"2.52": {
							"post": [-20.82551, -10.35368, -8.98984],
							"lerp_mode": "catmullrom"
						},
						"3.0": [-37.75318, -17.04679, -14.9092]
					}
				},
				"knee_left": {
					"rotation": {
						"0.0": [-37.5, 0, 0],
						"0.48": [-37.5, 0, 0],
						"1.0": {
							"pre": [-17.5, 0, 0],
							"post": [-17.5, 0, 0],
							"lerp_mode": "catmullrom"
						},
						"1.48": {
							"post": [15, 0, 0],
							"lerp_mode": "catmullrom"
						},
						"2.0": [9.39, 0, 0],
						"2.52": [9.39, 0, 0],
						"3.0": [-37.5, 0, 0]
					}
				},
				"foot_left": {
					"rotation": {
						"0.0": [106.01189, 16.25523, 3.06991],
						"0.48": [106.48451, 21.0558, 4.54606],
						"1.0": {
							"pre": [45.53041, 2.36143, -7.81814],
							"post": [45.53041, 2.36143, -7.81814],
							"lerp_mode": "catmullrom"
						},
						"1.48": {
							"post": [60, 0, 0],
							"lerp_mode": "catmullrom"
						},
						"3.0": [106.01189, 16.25523, 3.06991]
					}
				}
			}
		}
	}
}