{
	"format_version": "1.8.0",
	"animations": {
		"animation.deltatreecko.ground_idle": {
			"loop": true,
			"bones": {
				"torso": {
					"rotation": ["0.0567+Math.cos((query.anim_time + 1) * 180) * 5", -0.7598, -12.46006]
				},
				"head": {
					"rotation": ["Math.cos((query.anim_time + 0.1) * 180) * 5", 0, 5]
				},
				"tail": {
					"rotation": ["-12.5+Math.cos((query.anim_time + 0.3) * 180) * 8", 0, 0]
				},
				"tail2": {
					"rotation": ["20+Math.cos((query.anim_time + 0.1) * 180) * 8", 0, 0]
				},
				"arm_left": {
					"rotation": [-5.98314, "-3.9999+Math.cos((query.anim_time + 0.2) * 180) * 8", -27.62922]
				},
				"arm_left2": {
					"rotation": [0, 35, 0]
				},
				"hand_left": {
					"rotation": [0, 0, 17.5]
				},
				"finger_left": {
					"rotation": [6.24605, 19.03771, 18.54835]
				},
				"finger_left2": {
					"rotation": [0, 0, 40]
				},
				"finger_left3": {
					"rotation": [-9.54013, -17.66046, 28.9854]
				},
				"finger_left4": {
					"rotation": [0, 0, 25]
				},
				"finger_left5": {
					"rotation": [0, 0, 15]
				},
				"finger_left6": {
					"rotation": [0, 0, 20]
				},
				"arm_right": {
					"rotation": [-1.68464, "Math.cos((query.anim_time + 0.2) * 180) * -7.7783", -24.90785]
				},
				"arm_right2": {
					"rotation": [-15.00046, -31.99975, 26.82396]
				},
				"hand_right": {
					"rotation": [0, 0, -17.5]
				},
				"finger_right3": {
					"rotation": [-9.54013, 17.66046, -28.9854]
				},
				"finger_right4": {
					"rotation": [0, 0, -25]
				},
				"finger_right5": {
					"rotation": [0, 0, -15]
				},
				"finger_right6": {
					"rotation": [0, 0, -20]
				},
				"leg_left": {
					"rotation": ["-47.5+Math.cos((query.anim_time + 1) * 180) * 2", -37.5, 0]
				},
				"leg_right": {
					"rotation": [0, 5, 0]
				},
				"tail_left": {
					"rotation": ["Math.cos((query.anim_time - 0.1) * 90) * 2", 0, 0]
				},
				"tail_right": {
					"rotation": ["Math.cos((query.anim_time - 0.1) * 90) * 2", 0, 0]
				},
				"leg_left2": {
					"rotation": [12.5, 0, 0]
				},
				"foot_left": {
					"rotation": ["-2.5+Math.cos((query.anim_time + 1.1) * 180) * -2", 0, 0]
				},
				"LeftDangle": {
					"rotation": [15, 0, 0]
				},
				"RightDangle": {
					"rotation": [0, 0, 7.5]
				}
			}
		},
		"animation.deltatreecko.ground_walk": {
			"loop": true,
			"animation_length": 1.5,
			"bones": {
				"body": {
					"position": [0, "Math.cos((query.anim_time + 0.4) * 480) * 0.3", 0]
				},
				"torso": {
					"rotation": ["-5+Math.cos((query.anim_time + 0.6) * 480) * 2.5", 0, 0]
				},
				"head": {
					"rotation": ["Math.cos((query.anim_time + 0.4) * 480) * 5", 0, "Math.cos((query.anim_time + 0.3) * 240) * 5"]
				},
				"tail": {
					"rotation": ["Math.cos((query.anim_time + 1) * 480) * 10", 0, 0]
				},
				"tail2": {
					"rotation": ["Math.cos((query.anim_time + 0.8) * 480) * 10", 0, 0]
				},
				"arm_left": {
					"rotation": [18.38867, "8.1478+Math.cos((query.anim_time + 0.6) * 240) * 30", 7.37341]
				},
				"arm_left2": {
					"rotation": [0, "30+Math.cos((query.anim_time + 0.3) * 240) * 30", 7.5]
				},
				"hand_left": {
					"rotation": [0, 0, 10]
				},
				"finger_left": {
					"rotation": [0, 10, 37.5]
				},
				"finger_left2": {
					"rotation": [0, 0, 37.5]
				},
				"finger_left3": {
					"rotation": [0, -12.5, 27.5]
				},
				"finger_left4": {
					"rotation": [0, 0, 35]
				},
				"finger_left5": {
					"rotation": [0, 0, 30]
				},
				"finger_left6": {
					"rotation": [0, 0, 37.5]
				},
				"arm_right": {
					"rotation": [-17.68389, "7.3737+Math.cos((query.anim_time + 0.6) * 240) * 30", -9.8528]
				},
				"arm_right2": {
					"rotation": [0, "-30+Math.cos((query.anim_time + 0.3) * 240) * 30", -7.5]
				},
				"hand_right": {
					"rotation": [0, 0, -10]
				},
				"finger_right": {
					"rotation": [0, -10, -37.5]
				},
				"finger_right2": {
					"rotation": [0, 0, -37.5]
				},
				"finger_right3": {
					"rotation": [0, 12.5, -27.5]
				},
				"finger_right4": {
					"rotation": [0, 0, -35]
				},
				"finger_right5": {
					"rotation": [0, 0, -30]
				},
				"finger_right6": {
					"rotation": [0, 0, -37.5]
				},
				"leg_left": {
					"rotation": {
						"0.0": [-55, 0, 0],
						"0.25": [-60, 0, 0],
						"0.625": [-2.5, 0, 0],
						"0.9583": [32.5, 0, 0],
						"1.25": [0, 0, 0],
						"1.5": [-55, 0, 0]
					}
				},
				"leg_left2": {
					"rotation": {
						"0.0": [5, 0, 0],
						"0.3333": [-15, 0, 0],
						"0.625": [5, 0, 0],
						"0.9583": [15, 0, 0],
						"1.25": [50, 0, 0],
						"1.5": [5, 0, 0]
					}
				},
				"foot_left": {
					"rotation": {
						"0.0": [0, 0, 0],
						"0.625": [0, 0, 0],
						"0.9583": [-25, 0, 0],
						"1.5": [0, 0, 0]
					}
				},
				"leg_right": {
					"rotation": {
						"0.0": [10.62, 0, 0],
						"0.2083": [32.5, 0, 0],
						"0.5": [0, 0, 0],
						"0.75": [-55, 0, 0],
						"1.0": [-60, 0, 0],
						"1.375": [-2.5, 0, 0],
						"1.5": [10.62, 0, 0]
					}
				},
				"leg_right2": {
					"rotation": {
						"0.0": [8.75, 0, 0],
						"0.2083": [15, 0, 0],
						"0.5": [50, 0, 0],
						"0.75": [5, 0, 0],
						"1.0833": [-15, 0, 0],
						"1.375": [5, 0, 0],
						"1.5": [8.75, 0, 0]
					}
				},
				"foot_right": {
					"rotation": {
						"0.0": [-9.37, 0, 0],
						"0.2083": [-25, 0, 0],
						"0.75": [0, 0, 0],
						"1.375": [0, 0, 0],
						"1.5": [-9.37, 0, 0]
					}
				},
				"LeftDangle": {
					"rotation": {
						"0.0": [7.5, 0, 0],
						"0.5": {
							"pre": [17.5, 0, 0],
							"post": [17.5, 0, 0],
							"lerp_mode": "catmullrom"
						},
						"1.0": {
							"post": [0, 0, 0],
							"lerp_mode": "catmullrom"
						},
						"1.5": [7.5, 0, 0]
					}
				},
				"RightDangle": {
					"rotation": {
						"0.0": [7.5, 0, 0],
						"0.5": {
							"pre": [7.43656, -0.9762, 7.43656],
							"post": [7.43656, -0.9762, 7.43656],
							"lerp_mode": "catmullrom"
						},
						"1.0": {
							"post": [24.96828, -0.4881, 3.71828],
							"lerp_mode": "catmullrom"
						},
						"1.5": [7.5, 0, 0]
					}
				}
			}
		},
		"animation.deltatreecko.ground_run": {
			"loop": true,
			"animation_length": 0.75,
			"bones": {
				"body": {
					"position": {
						"0.0": [0, 0, 0],
						"0.125": [0, -0.5, 0],
						"0.25": [0, 0, 0],
						"0.375": [0, 0.5, 0],
						"0.5": [0, 0, 0],
						"0.625": [0, -0.5, 0],
						"0.75": [0, 0, 0]
					}
				},
				"torso": {
					"rotation": ["50+Math.cos((query.anim_time + 1) * 480) * 5", 0, 0]
				},
				"head": {
					"rotation": ["-40+Math.cos((query.anim_time + 0.5) * 480) * 2", 0, 0]
				},
				"tail": {
					"rotation": ["-35+Math.cos((query.anim_time + 0.1) * 480) * 2", 0, 0]
				},
				"tail2": {
					"rotation": ["-15+Math.cos((query.anim_time - 0.1) * 480) * 2", 0, 0]
				},
				"arm_left": {
					"rotation": [-17.1423, "-47.7265+Math.cos((query.anim_time + 0.7) * 480) * 8", 22.62906]
				},
				"arm_left2": {
					"rotation": [0, 0, 10]
				},
				"finger_left": {
					"rotation": [0, 12.5, 32.5]
				},
				"finger_left2": {
					"rotation": [0, 0, 32.5]
				},
				"finger_left3": {
					"rotation": [0, 0, -10]
				},
				"finger_left4": {
					"rotation": [0, 0, 25]
				},
				"finger_left5": {
					"rotation": [0, 0, 17.5]
				},
				"finger_left6": {
					"rotation": [0, 0, 27.5]
				},
				"arm_right": {
					"rotation": [-17.1423, "47.7265+Math.cos((query.anim_time + 0.7) * 480) * -8", -22.62906]
				},
				"arm_right2": {
					"rotation": [0, 0, -10]
				},
				"finger_right": {
					"rotation": [0, -12.5, -32.5]
				},
				"finger_right2": {
					"rotation": [0, 0, -32.5]
				},
				"finger_right3": {
					"rotation": [0, 0, 10]
				},
				"finger_right4": {
					"rotation": [0, 0, -25]
				},
				"finger_right5": {
					"rotation": [0, 0, -17.5]
				},
				"finger_right6": {
					"rotation": [0, 0, -27.5]
				},
				"leg_left": {
					"rotation": {
						"0.0": [-42.5, 0, 0],
						"0.125": [-2.5, 0, 0],
						"0.25": [37.5, 0, 0],
						"0.375": [62.5, 0, 0],
						"0.5": [7.5, 0, 0],
						"0.625": [-40, 0, 0],
						"0.75": [-42.5, 0, 0]
					}
				},
				"leg_left2": {
					"rotation": {
						"0.0": [7.5, 0, 0],
						"0.125": [17.5, 0, 0],
						"0.25": [7.5, 0, 0],
						"0.375": [55, 0, 0],
						"0.5": [75, 0, 0],
						"0.625": [22.5, 0, 0],
						"0.75": [7.5, 0, 0]
					}
				},
				"foot_left": {
					"rotation": {
						"0.0": [40, 0, 0],
						"0.125": [2.5, 0, 0],
						"0.25": [-15, 0, 0],
						"0.375": [25, 0, 0],
						"0.5": [-12.5, 0, 0],
						"0.625": [-27.5, 0, 0],
						"0.75": [40, 0, 0]
					}
				},
				"leg_right": {
					"rotation": {
						"0.0": [62.5, 0, 0],
						"0.125": [5, 0, 0],
						"0.25": [-40, 0, 0],
						"0.375": [-42.5, 0, 0],
						"0.5": [-2.5, 0, 0],
						"0.625": [37.5, 0, 0],
						"0.75": [62.5, 0, 0]
					}
				},
				"leg_right2": {
					"rotation": {
						"0.0": [25, 0, 0],
						"0.125": [90, 0, 0],
						"0.25": [22.5, 0, 0],
						"0.375": [7.5, 0, 0],
						"0.5": [17.5, 0, 0],
						"0.625": [7.5, 0, 0],
						"0.75": [25, 0, 0]
					}
				},
				"foot_right": {
					"rotation": {
						"0.0": [-2.5, 0, 0],
						"0.125": [-48.88198, -0.3849, 1.34528],
						"0.25": [-27.5, 0, 0],
						"0.375": [37.5, 0, 0],
						"0.5": [2.5, 0, 0],
						"0.625": [-15, 0, 0],
						"0.75": [-2.5, 0, 0]
					}
				},
				"LeftDangle": {
					"rotation": {
						"0.0": [67.5, 0, 0],
						"0.5": [82.5, 0, 0],
						"0.75": [67.5, 0, 0]
					}
				},
				"RightDangle": {
					"rotation": {
						"0.0": [65, 0, 0],
						"0.5": [85, 0, 0],
						"0.75": [65, 0, 0]
					}
				}
			}
		},
		"animation.deltatreecko.sleep": {
			"loop": true,
			"bones": {
				"body": {
					"rotation": [87.5, 0, 0],
					"position": [0, -8, 0]
				},
				"head": {
					"rotation": [-54.75294, 71.68899, "-40.1918+Math.cos((query.anim_time) * 45) * 5"]
				},
				"eyelid_left": {
					"position": [0.1, 0, -0.1]
				},
				"eyelid_right": {
					"position": [-0.1, 0, -0.1]
				},
				"tail": {
					"rotation": [61.77649, 21.70435, 54.54151]
				},
				"tail2": {
					"rotation": [36.33914, 24.94169, 17.23442]
				},
				"arm_left": {
					"rotation": [-81.87275, 20.59397, -38.65969]
				},
				"arm_left2": {
					"rotation": [0, 72.5, 0]
				},
				"hand_left": {
					"rotation": [2.5, 0, -15]
				},
				"finger_left": {
					"rotation": [6.8817, 24.09293, 16.47027]
				},
				"finger_left3": {
					"rotation": [-3.09472, -22.29711, 8.11003]
				},
				"finger_left4": {
					"rotation": [0, 0, 27.5]
				},
				"finger_left5": {
					"rotation": [0, 0, 10]
				},
				"finger_left6": {
					"rotation": [0, 0, 12.5]
				},
				"arm_right": {
					"rotation": [-81.87275, -20.59397, 38.65969]
				},
				"arm_right2": {
					"rotation": [0, -72.5, 0]
				},
				"hand_right": {
					"rotation": [2.5, 0, 15]
				},
				"finger_right": {
					"rotation": [6.8817, -24.09293, -16.47027]
				},
				"finger_right3": {
					"rotation": [-3.09472, 22.29711, -8.11003]
				},
				"finger_right4": {
					"rotation": [0, 0, -27.5]
				},
				"finger_right5": {
					"rotation": [0, 0, -10]
				},
				"finger_right6": {
					"rotation": [0, 0, -12.5]
				},
				"leg_left": {
					"rotation": ["35+Math.cos((query.anim_time + 0.2) * 90) * -20", 0, 0]
				},
				"leg_left2": {
					"rotation": ["35+Math.cos((query.anim_time) * 90) * -20", 0, 0]
				},
				"leg_right": {
					"rotation": ["35+Math.cos((query.anim_time + 0.2) * 90) * 20", 0, 0]
				},
				"leg_right2": {
					"rotation": ["35+Math.cos((query.anim_time) * 90) * 20", 0, 0]
				}
			}
		},
		"animation.deltatreecko.faint": {
			"loop": true,
			"animation_length": 3,
			"bones": {
				"body": {
					"rotation": {
						"0.0": [0, 0, 0],
						"0.3333": [-190, 0, 0],
						"0.625": [-358.46, 0, 0],
						"0.875": [-417.5, 0, 0],
						"1.0833": [-450, 0, 0]
					},
					"position": {
						"0.0": [0, 0, 0],
						"0.125": [0, 0.63, 2.63],
						"0.25": [0, 1.95, 5.25],
						"0.3333": [0, 3, 8],
						"0.625": [0, 2.42, 9.33],
						"0.875": [0, 1, 10.25],
						"0.9583": [0, -0.35, 10.65],
						"1.0": [0, -2.15, 10.93],
						"1.0833": [0, -8, 11.25]
					}
				},
				"torso": {
					"rotation": {
						"0.0": [0, 0, 0],
						"0.0417": [30, 0, 0],
						"0.2917": [20, 0, 0],
						"0.9167": [12.5, 0, 0],
						"1.0833": [0, 0, 0]
					}
				},
				"head": {
					"rotation": {
						"0.0": [0, 0, 0],
						"0.0833": [35, 0, 0],
						"0.9167": [47.5, 0, 0],
						"1.0417": [57.5, 0, 0],
						"1.1667": [-2.75806, 24.97457, -1.16524],
						"1.25": [20.63304, 27.38656, 2.59775],
						"1.3333": [10, 40, 0],
						"1.5833": [0, 73.75, 0],
						"1.875": [0, 82.5, 0]
					}
				},
				"eyelid_left": {
					"position": {
						"0.0": [0, 0, 0],
						"0.0417": [0.1, 0, -0.125]
					}
				},
				"eyelid_right": {
					"position": {
						"0.0": [0, 0, 0],
						"0.0417": [-0.1, 0, -0.125]
					}
				},
				"jaw": {
					"rotation": {
						"0.0": [0, 0, 0],
						"0.2083": [40, 0, 0],
						"1.5": [40, 0, 0],
						"1.9583": [0, 0, 0]
					}
				},
				"tail": {
					"rotation": {
						"0.0": [0, -12.5, 0],
						"0.0833": [-0.91579, -24.9972, 0.38702],
						"0.125": [30.7698, -15.15838, -8.84942],
						"0.1667": [41.7633, -15.18892, -13.16783],
						"1.0": [60.04628, -35.93196, -37.45372],
						"1.125": [85.9066, -6.19886, -87.44398]
					}
				},
				"arm_left": {
					"rotation": {
						"0.0": [0, 0, 35],
						"0.0833": [0, 75, 35],
						"0.75": [-49.38981, -9.54385, -5.67815],
						"1.0417": [-93.09128, 52.91093, -8.45838],
						"1.125": [-92.26231, -34.52808, -4.70885],
						"1.2083": [-92.01058, -22.03667, -5.23696],
						"1.2917": [-92.09233, -27.03347, -5.04028]
					}
				},
				"arm_left2": {
					"rotation": [0, 0, 17.5]
				},
				"finger_left": {
					"rotation": [30, 15, 37.5]
				},
				"finger_left2": {
					"rotation": [0, 0, 40]
				},
				"finger_left3": {
					"rotation": [-22.5, -12.5, 25]
				},
				"finger_left4": {
					"rotation": [0, 0, 30]
				},
				"finger_left5": {
					"rotation": [0, 0, 27.5]
				},
				"finger_left6": {
					"rotation": [0, 0, 35]
				},
				"arm_right": {
					"rotation": {
						"0.0": [0, 0, -35],
						"0.0833": [0, -70, -35],
						"0.75": [-49.80737, 6.40865, 15.43131],
						"1.0417": [-81.8227, -50.77864, 8.49791],
						"1.125": [-83.9584, 31.29301, 17.99676],
						"1.2083": [-84.54644, 18.85519, 16.61739],
						"1.2917": [-84.24122, 26.31945, 17.41038]
					}
				},
				"arm_right2": {
					"rotation": [0, 0, -17.5]
				},
				"finger_right": {
					"rotation": [30, -15, -37.5]
				},
				"finger_right2": {
					"rotation": [0, 0, -40]
				},
				"finger_right3": {
					"rotation": [-22.5, 12.5, -25]
				},
				"finger_right4": {
					"rotation": [0, 0, -30]
				},
				"finger_right5": {
					"rotation": [0, 0, -27.5]
				},
				"finger_right6": {
					"rotation": [0, 0, -35]
				},
				"leg_left": {
					"rotation": {
						"0.0": [0, 0, 0],
						"0.1667": [-39.32466, -7.9972, -9.63846],
						"0.7083": [38.25563, 12.70001, -15.57939],
						"0.9583": [-45.72113, -14.60559, -13.81465],
						"1.0833": [-45.72113, -14.60559, -13.81465],
						"1.125": [9.40804, 3.40487, -19.71975],
						"1.2083": [-4.69986, -1.70818, -19.9299],
						"1.2917": [9.40804, 3.40487, -19.71975]
					}
				},
				"leg_left2": {
					"rotation": {
						"0.0": [0, 0, 0],
						"0.25": [20, 0, 0],
						"0.3333": [32.5, 0, 0],
						"1.0": [-7.5, 0, 0],
						"1.1667": [10, 0, 0],
						"1.25": [-2.5, 0, 0],
						"1.3333": [2.5, 0, 0]
					}
				},
				"leg_right": {
					"rotation": {
						"0.0": [0, 0, 0],
						"0.1667": [-39.32466, 7.9972, 9.63846],
						"0.7083": [38.25563, -12.70001, 15.57939],
						"0.9583": [-45.72113, 14.60559, 13.81465],
						"1.0833": [-45.72113, 14.60559, 13.81465],
						"1.125": [9.40804, -3.40487, 19.71975],
						"1.2083": [-4.69986, 1.70818, 19.9299],
						"1.2917": [9.40804, -3.40487, 19.71975]
					}
				},
				"leg_right2": {
					"rotation": {
						"0.0": [0, 0, 0],
						"0.25": [20, 0, 0],
						"0.3333": [32.5, 0, 0],
						"1.0": [-7.5, 0, 0],
						"1.1667": [10, 0, 0],
						"1.25": [-2.5, 0, 0],
						"1.3333": [2.5, 0, 0]
					}
				}
			}
		},
		"animation.deltatreecko.blink": {
			"animation_length": 0.16667,
			"bones": {
				"eyelid_left": {
					"position": {
						"0.0": [0.1, 0, -0.1],
						"0.125": [0.1, 0, -0.1],
						"0.1667": [0, 0, 0]
					}
				},
				"eyelid_right": {
					"position": {
						"0.0": [-0.1, 0, -0.1],
						"0.125": [-0.1, 0, -0.1],
						"0.1667": [0, 0, 0]
					}
				}
			}
		},
		"animation.deltatreecko.cry": {
			"animation_length": 1.5,
			"bones": {
				"neck": {
					"rotation": {
						"0.0": [0, 0, 0],
						"0.25": [10, 0, 0],
						"1.25": [10, 0, 0],
						"1.5": [0, 0, 0]
					}
				},
				"head": {
					"rotation": {
						"0.0": [0, 0, 0],
						"0.25": [-15, 0, 0],
						"1.25": [-15, 0, 0],
						"1.5": [0, 0, 0]
					},
					"position": [0, 0, 0]
				},
				"jaw": {
					"rotation": {
						"0.0": [0, 0, 0],
						"0.25": [25, 0, 0],
						"1.25": [25, 0, 0],
						"1.5": [0, 0, 0]
					}
				}
			}
		}
	}
}