{
	"format_version": "1.8.0",
	"animations": {
		"animation.deltapidgeot.ground_idle": {
			"loop": true,
			"bones": {
				"wing_right": {
					"rotation": [150, 80, 60],
					"position": [0, -0.5, -1]
				},
				"wing_right2": {
					"rotation": [0, -45, 0]
				},
				"wing_right3": {
					"rotation": [-2.5, 67.5, 0]
				},
				"wing_left": {
					"rotation": [150, -80, -60],
					"position": [0, -0.5, -1]
				},
				"wing_left2": {
					"rotation": [0, 45, 0]
				},
				"wing_left3": {
					"rotation": [-2.5, -67.5, 0]
				},
				"tail": {
					"rotation": ["-2.5-0.1*math.sin(q.anim_time*90*2-20)", 0, 0]
				},
				"hair2": {
					"rotation": [-70, 0, 0]
				},
				"hair3": {
					"rotation": [-45, 0, 0]
				},
				"hair4": {
					"rotation": [-30, 0, 0]
				},
				"hair5": {
					"rotation": [30, 0, 0]
				},
				"hair6": {
					"rotation": [30, 0, 0]
				},
				"toe_outer_right": {
					"rotation": [0, 7.5, 0]
				},
				"toe_inner_right": {
					"rotation": [0, -7.5, 0]
				},
				"toe_inner_left": {
					"rotation": [0, 7.5, 0]
				},
				"toe_outer_left": {
					"rotation": [0, -7.5, 0]
				},
				"torso": {
					"position": [0, "0+0.1*math.sin(q.anim_time*90*1.5)", 0]
				},
				"neck": {
					"rotation": ["0-1*math.sin(q.anim_time*90*1.5-20)", 0, 0]
				},
				"segment1": {
					"rotation": [0, -5, 0],
					"position": [0, 0, -0.2]
				},
				"segment2": {
					"rotation": [2.5, 5, 0],
					"position": [0, 0.3, -0.3]
				},
				"segment3": {
					"rotation": [10, 5, 0],
					"position": [0, 0.4, -0.5]
				},
				"segment4": {
					"rotation": [0, -7.5, 0],
					"position": [0, 0, -0.1]
				},
				"segment5": {
					"rotation": [0, -5, 0],
					"position": [0, -0.3, 0]
				},
				"segment6": {
					"rotation": [0, -15, 0],
					"position": [0, 0, -0.2]
				}
			}
		},
		"animation.deltapidgeot.air_idle": {
			"loop": true,
			"animation_length": 13.58333,
			"bones": {
				"wing_left": {
					"rotation": ["0+Math.cos((query.anim_time-0.2)*720)*4", -5, "-15+Math.sin((q.anim_time)*90*10)*35"]
				},
				"wing_left3": {
					"rotation": [0, 0, "0+Math.sin((q.anim_time-(1.2/10))*90*10)*30"]
				},
				"tail": {
					"rotation": ["-10-0.2*math.sin(q.anim_time*90*4-30)", 0, 0],
					"position": [0, 0, -0.5]
				},
				"wing_left2": {
					"rotation": [0, 0, "0+Math.sin((q.anim_time-(1.15/10))*90*10)*20+Math.clamp(Math.sin((q.anim_time-(1.25/10))*90*10)*40, 0, 75)"]
				},
				"leg_right": {
					"rotation": [15, 0, 0],
					"position": [0, 0.5, 0.25]
				},
				"leg_right2": {
					"rotation": [-60, 0, 0]
				},
				"foot_right": {
					"rotation": [35, 0, 0]
				},
				"claw_back_right": {
					"rotation": [-45, 0, 0]
				},
				"toe_inner_right": {
					"rotation": [45, 0, 0]
				},
				"toe_outer_right": {
					"rotation": [45, 0, 0]
				},
				"claw_outer_right": {
					"rotation": [45, 0, 0]
				},
				"leg_left": {
					"rotation": [15, 0, 0],
					"position": [0, 0.5, 0.25]
				},
				"leg_left2": {
					"rotation": [-60, 0, 0]
				},
				"foot_left": {
					"rotation": [35, 0, 0]
				},
				"toe_back_left": {
					"rotation": [-45, 0, 0]
				},
				"toe_inner_left": {
					"rotation": [45, 0, 0]
				},
				"toe_outer_left": {
					"rotation": [45, 0, 0]
				},
				"body": {
					"rotation": [-10, 0, 0],
					"position": [0, "Math.sin((q.anim_time-(1.1/10))*90*2)*0.2", 0]
				},
				"wing_right": {
					"rotation": ["0+Math.cos((query.anim_time-0.2)*720)*4", 5, "15-Math.sin((q.anim_time)*90*10)*35"]
				},
				"wing_right3": {
					"rotation": [0, 0, "0-Math.sin((q.anim_time-(1.2/10))*90*10)*30"]
				},
				"toe_back_right": {
					"rotation": [-45, 0, 0]
				},
				"claw_inner_right": {
					"rotation": [45, 0, 0]
				},
				"claw_back_left": {
					"rotation": [-45, 0, 0]
				},
				"claw_inner_left": {
					"rotation": [45, 0, 0]
				},
				"claw_outer_left": {
					"rotation": [45, 0, 0]
				},
				"wing_right2": {
					"rotation": [0, 0, "-Math.sin((q.anim_time-(1.15/10))*90*10)*20-Math.clamp(Math.sin((q.anim_time-(1.25/10))*90*10)*40, 0, 75)"]
				},
				"neck": {
					"rotation": ["30+1*math.sin(q.anim_time*90*2+60)", 0, 0]
				},
				"hair2": {
					"rotation": ["-70-1*math.sin(q.anim_time*90*4-30)", 0, 0]
				},
				"hair3": {
					"rotation": ["-45-0.8*math.sin(q.anim_time*90*1-30)", 0, 0]
				},
				"hair4": {
					"rotation": ["-30-0.8*math.sin(q.anim_time*90*1-30)", 0, 0]
				},
				"hair5": {
					"rotation": ["30-0.8*math.sin(q.anim_time*90*1-30)", 0, 0]
				},
				"hair6": {
					"rotation": ["30-0.8*math.sin(q.anim_time*90*1-30)", 0, 0]
				},
				"head": {
					"rotation": [-15, 0, 0]
				},
				"toe_outer_right2": {
					"rotation": [30, 0, 0]
				},
				"toe_middle_right": {
					"rotation": [45, 0, 0]
				},
				"toe_middle_right2": {
					"rotation": [30, 0, 0]
				},
				"claw_middle_right": {
					"rotation": [45, 0, 0]
				},
				"toe_inner_right2": {
					"rotation": [30, 0, 0]
				},
				"toe_inner_left2": {
					"rotation": [30, 0, 0]
				},
				"toe_middle_left": {
					"rotation": [47.5, 0, 0]
				},
				"toe_middle_left2": {
					"rotation": [30, 0, 0]
				},
				"claw_middle_left": {
					"rotation": [45, 0, 0]
				},
				"toe_outer_left2": {
					"rotation": [30, 0, 0]
				},
				"segment1": {
					"rotation": ["-22.5-0.2*math.sin(q.anim_time*90*4-30)", "0-0.2*math.sin(q.anim_time*90*4-30)", 0],
					"position": [0, 0, -0.8]
				},
				"segment2": {
					"rotation": [-22.5, "0-0.2*math.cos(q.anim_time*90*4-30)", 0],
					"position": [0, 0.1, -0.9]
				},
				"segment3": {
					"rotation": ["-22.5-2*math.sin(q.anim_time*90*4-30)", "0-2*math.cos(q.anim_time*90*4-30)", 0],
					"position": [0, 0, -0.7]
				},
				"segment4": {
					"rotation": ["17.5-2*math.cos(q.anim_time*90*4-30)", "0-0.2*math.acos(q.anim_time*90*4-30)", 0],
					"position": [0, 0, -0.4]
				},
				"segment5": {
					"rotation": ["-25-1*math.sin(q.anim_time*90*4-30)", "0-", 0],
					"position": [-0.3, -0.2, -0.2]
				},
				"segment6": {
					"rotation": ["-35-1*math.cos(q.anim_time*90*4-30)", 0, 0],
					"position": [0, 0.1, -0.3]
				},
				"frontfur": {
					"rotation": [-15, 0, 0],
					"position": [0, 0, -0.6]
				},
				"bone": {
					"rotation": [-27.5, 0, 0]
				}
			}
		},
		"animation.deltapidgeot.air_fly": {
			"loop": true,
			"animation_length": 3.29167,
			"bones": {
				"wing_left": {
					"rotation": ["0.5+Math.cos((query.anim_time-0.2)*720)*4", 0, "-5+Math.sin((q.anim_time)*90*15)*35"]
				},
				"wing_left3": {
					"rotation": [0, 0, "Math.sin((q.anim_time-(1.2/15))*90*15)*20"]
				},
				"torso": {
					"rotation": [2.5, 0, 0]
				},
				"tail": {
					"rotation": ["-5+1*math.sin(q.anim_time*90*8)", 0, 0],
					"position": [0, 0, -0.2]
				},
				"wing_left2": {
					"rotation": [0, 0, "Math.sin((q.anim_time-(1.15/15))*90*15)*25+Math.clamp(Math.sin((q.anim_time-(1.25/15))*90*15)*45, 0, 75)"]
				},
				"leg_right": {
					"position": [0, 1, 0.25]
				},
				"leg_right2": {
					"rotation": [-60, 0, 0]
				},
				"foot_right": {
					"rotation": [35, 0, 0]
				},
				"claw_back_right": {
					"rotation": [-45, 0, 0]
				},
				"toe_inner_right": {
					"rotation": [45, 0, 0]
				},
				"toe_outer_right": {
					"rotation": [45, 0, 0]
				},
				"claw_outer_right": {
					"rotation": [45, 0, 0]
				},
				"leg_left": {
					"position": [0, 1, 0.25]
				},
				"leg_left2": {
					"rotation": [-65, 0, 0]
				},
				"foot_left": {
					"rotation": [45, 0, 0]
				},
				"toe_back_left": {
					"rotation": [-60, 0, 0]
				},
				"toe_inner_left": {
					"rotation": [45, 0, 0]
				},
				"toe_outer_left": {
					"rotation": [45, 0, 0]
				},
				"body": {
					"rotation": [12.5, "Math.sin((q.anim_time-(1.1/15))*90*2)*0.5", 0]
				},
				"head": {
					"rotation": [-75, 0, 0]
				},
				"toe_back_right": {
					"rotation": [-60, 0, 0]
				},
				"claw_inner_right": {
					"rotation": [45, 0, 0]
				},
				"claw_back_left": {
					"rotation": [-45, 0, 0]
				},
				"claw_inner_left": {
					"rotation": [45, 0, 0]
				},
				"claw_outer_left": {
					"rotation": [45, 0, 0]
				},
				"wing_right": {
					"rotation": ["0.5+Math.cos((query.anim_time-0.2)*720)*4", 0, "5-Math.sin((q.anim_time)*90*15)*35"]
				},
				"wing_right3": {
					"rotation": [0, 0, "-Math.sin((q.anim_time-(1.2/15))*90*15)*20"]
				},
				"neck": {
					"rotation": ["63+1*math.sin(q.anim_time*90*2)", 0, 0]
				},
				"hair2": {
					"rotation": ["-70+1*math.sin(q.anim_time*90*8)", 0, 0]
				},
				"hair3": {
					"rotation": ["-25+0.8*math.sin(q.anim_time*90*4)", 0, 0]
				},
				"hair4": {
					"rotation": ["-15+0.8*math.sin(q.anim_time*90*4)", 0, 0]
				},
				"hair5": {
					"rotation": ["15+0.6*math.sin(q.anim_time*90*2)", 0, 0]
				},
				"hair6": {
					"rotation": ["15+0.6*math.sin(q.anim_time*90*2)", 0, 0]
				},
				"toe_outer_right2": {
					"rotation": [60, 0, 0]
				},
				"toe_middle_right": {
					"rotation": [45, 0, 0]
				},
				"toe_middle_right2": {
					"rotation": [60, 0, 0]
				},
				"claw_middle_right": {
					"rotation": [45, 0, 0]
				},
				"toe_inner_right2": {
					"rotation": [60, 0, 0]
				},
				"toe_inner_left2": {
					"rotation": [60, 0, 0]
				},
				"toe_middle_left": {
					"rotation": [45, 0, 0]
				},
				"toe_middle_left2": {
					"rotation": [60, 0, 0]
				},
				"claw_middle_left": {
					"rotation": [45, 0, 0]
				},
				"toe_outer_left2": {
					"rotation": [60, 0, 0]
				},
				"wing_right2": {
					"rotation": [0, 0, "-Math.sin((q.anim_time-(1.15/15))*90*15)*25-Math.clamp(Math.sin((q.anim_time-(1.25/15))*90*15)*45, 0, 75)"]
				},
				"segment2": {
					"rotation": ["-1+0.1*math.sin(q.anim_time*90*8)", 0, 0],
					"position": [0, 0.4, -0.9]
				},
				"segment3": {
					"rotation": ["-1+0.1*math.sin(q.anim_time*90*8)", 0, 0],
					"position": [0, "0.4+0.1*math.sin(q.anim_time*90*8)", -0.5]
				},
				"segment4": {
					"rotation": ["0.4+3*math.sin(q.anim_time*90*8)", 0, 0]
				},
				"segment5": {
					"rotation": ["0.4+3*math.sin(q.anim_time*90*8)", "0.4+3*math.cos(q.anim_time*90*8)", 0],
					"position": [-0.4, -0.8, 0]
				},
				"segment6": {
					"rotation": ["0.4+3*math.cos(q.anim_time*90*8)", "0.4+3*math.sin(q.anim_time*90*8)", 0]
				},
				"fluff": {
					"rotation": ["0.4+6*math.sin(q.anim_time*90*16)", 0, 0],
					"position": [0, 0, 3]
				},
				"frontfur": {
					"rotation": [-10, 0, 0],
					"position": [0, 0.8, -0.5]
				},
				"bone": {
					"rotation": [-30, 0, 0],
					"position": [0, -3, 0.2]
				}
			}
		},
		"animation.deltapidgeot.sleep": {
			"loop": true,
			"bones": {
				"torso": {
					"rotation": ["12.5+0.4*math.sin(q.anim_time*90*1.5)", 0, 0],
					"position": [0, -3, 0]
				},
				"crest": {
					"rotation": [7.5, 0, 0]
				},
				"eyelid_right": {
					"position": [-0.1, 0, -0.1]
				},
				"eyelid_left": {
					"position": [0.1, 0, -0.1]
				},
				"wing_right": {
					"rotation": [150, 80, 60],
					"position": [0, -0.5, -1]
				},
				"wing_right2": {
					"rotation": [0, -45, 0]
				},
				"wing_right3": {
					"rotation": [-2.5, 67.5, 0]
				},
				"wing_left": {
					"rotation": [150, -80, -60],
					"position": [0, -0.5, -1]
				},
				"wing_left2": {
					"rotation": [0, 45, 0]
				},
				"wing_left3": {
					"rotation": [-2.5, -67.5, 0]
				},
				"tail": {
					"rotation": [-15.17995, 12.39135, -1.6575],
					"position": [0, 0, -0.9]
				},
				"toe_outer_right": {
					"rotation": [0, -5, 0]
				},
				"toe_inner_right": {
					"rotation": [0, 5, 0]
				},
				"toe_inner_left": {
					"rotation": [0, -5, 0]
				},
				"toe_outer_left": {
					"rotation": [0, 5, 0]
				},
				"segment1": {
					"rotation": [0, 37.5, 0],
					"position": [0, 0, -1]
				},
				"segment2": {
					"rotation": [-7.5, 35, 0],
					"position": [0.3, 0, -1.1]
				},
				"segment3": {
					"rotation": [-10, 42.5, 0],
					"position": [0.6, 0, -1.1]
				},
				"segment4": {
					"rotation": [0, 22.5, 0],
					"position": [0, 0, -0.4]
				},
				"segment5": {
					"rotation": [-10, 25, 15],
					"position": [-0.4, -0.3, -0.2]
				},
				"segment6": {
					"rotation": [0, 17.5, 0],
					"position": [0, 0, 0]
				},
				"fluff": {
					"rotation": [4.98107, -0.43523, 4.98107],
					"position": [0, 0, 0]
				}
			}
		},
		"animation.deltapidgeot.blink": {
			"animation_length": 0.1667,
			"bones": {
				"eyelid_right": {
					"position": {
						"0.0": [-0.1, 0, -0.1],
						"0.125": [-0.1, 0, -0.1],
						"0.1667": [0, 0, 0]
					}
				},
				"eyelid_left": {
					"position": {
						"0.0": [0.1, 0, -0.1],
						"0.125": [0.1, 0, -0.1],
						"0.1667": [0, 0, 0]
					}
				}
			}
		}
	}
}