{
	"format_version": "1.8.0",
	"animations": {
		"animation.deltaivysaur.ground_idle": {
			"loop": true,
			"bones": {
				"torso": {
					"rotation": ["math.sin(q.anim_time*90*3)*0.2", 0, 0],
					"position": [
						"math.clamp(math.sin(q.anim_time*90*3)*0.1,-0.18,0.18)+math.clamp(math.sin(q.anim_time*90*3)*0.1,-1,1)",
						"math.clamp(math.sin(q.anim_time*90*6+180)*0.1,-0.03,0.03)+math.clamp(math.sin(q.anim_time*90*6+180)*0.05,-0.5,0.5)",
						0
					]
				},
				"bulb": {
					"rotation": [0, 0, "math.clamp(math.sin(q.anim_time*90*3-30)*2,-1.8,1.8)+math.clamp(math.sin(q.anim_time*90*3-30)*1,-1,1)"],
					"position": [0, 0, 0]
				},
				"head": {
					"rotation": [0, 0, "math.clamp(math.sin(q.anim_time*90*3+60)*0.6,-0.3,0.3)+math.clamp(math.sin(q.anim_time*90*3+60)*1.2,-1.2,1.2)"]
				},
				"leg_front_right": {
					"rotation": [0, 0, "math.clamp(math.sin(q.anim_time*90*3)*2,-1,1)+math.clamp(math.sin(q.anim_time*90*3)*1,-1,1)"],
					"position": ["math.clamp(math.sin(q.anim_time*90*3)*0.2,-0.1,0.1)+math.clamp(math.sin(q.anim_time*90*3)*0.08,-1,1)", 0, 0]
				},
				"leg_front_left": {
					"rotation": [0, 0, "math.clamp(math.sin(q.anim_time*90*3)*2,-1,1)+math.clamp(math.sin(q.anim_time*90*3)*1,-1,1)"],
					"position": ["math.clamp(math.sin(q.anim_time*90*3)*0.2,-0.1,0.1)+math.clamp(math.sin(q.anim_time*90*3)*0.08,-1,1)", 0, 0]
				},
				"leg_back_right": {
					"rotation": [0, 0, "math.clamp(math.sin(q.anim_time*90*3)*2,-1,1)+math.clamp(math.sin(q.anim_time*90*3)*1,-1,1)"],
					"position": ["math.clamp(math.sin(q.anim_time*90*3)*0.2,-0.1,0.1)+math.clamp(math.sin(q.anim_time*90*3)*0.08,-1,1)", 0, 0]
				},
				"leg_back_left": {
					"rotation": [0, 0, "math.clamp(math.sin(q.anim_time*90*3)*2,-1,1)+math.clamp(math.sin(q.anim_time*90*3)*1,-1,1)"],
					"position": ["math.clamp(math.sin(q.anim_time*90*3)*0.2,-0.1,0.1)+math.clamp(math.sin(q.anim_time*90*3)*0.08,-1,1)", 0, 0]
				},
				"leaf_front": {
					"rotation": ["math.sin(q.anim_time*90*6-60)*2", "-math.sin(q.anim_time*90*3-60)*2", 0]
				},
				"leaf_front2": {
					"rotation": ["20+math.sin(q.anim_time*90*6-90)*2", 0, 0]
				},
				"leaf_right": {
					"rotation": [0, 0, "20+math.sin(q.anim_time*90*3)*4"]
				},
				"leaf_right2": {
					"rotation": [0, 0, "-20+math.sin(q.anim_time*90*3-60)*6"]
				},
				"leaf_left": {
					"rotation": [0, 0, "-20+math.sin(q.anim_time*90*3)*4"]
				},
				"leaf_left2": {
					"rotation": [0, 0, "20+math.sin(q.anim_time*90*3-60)*6"]
				},
				"leaf_back": {
					"rotation": ["15-math.sin(q.anim_time*90*6-90)*2", "math.sin(q.anim_time*90*3-90)*2", 0]
				},
				"leaf_back2": {
					"rotation": ["-20-math.sin(q.anim_time*90*6-150)*2", 0, 0]
				},
				"leaf_left3": {
					"rotation": [0, 0, "20+math.sin(q.anim_time*90*3-90)*6"]
				},
				"leaf_right3": {
					"rotation": [0, 0, "-20+math.sin(q.anim_time*90*3-90)*6"]
				},
				"leaf_back3": {
					"rotation": ["-20-math.sin(q.anim_time*90*6-180)*2", 0, 0]
				},
				"leaf_front3": {
					"rotation": ["20+math.sin(q.anim_time*90*6-120)*2", 0, 0]
				}
			}
		},
		"animation.deltaivysaur.ground_walk": {
			"loop": true,
			"bones": {
				"bulb": {
					"rotation": ["-4*(math.sin(q.anim_time*90*6)*1+1)", 0, 0]
				},
				"head": {
					"rotation": [0, 0, 0]
				},
				"leg_front_right": {
					"rotation": [
						"math.clamp(math.sin(-q.anim_time*90*3)*40,-50,5)+math.clamp(math.sin(q.anim_time*90*3)*40,-50,5)+math.clamp(math.sin(-q.anim_time*90*6)*25,-15,50)",
						0,
						0
					],
					"position": [-0.1, "-math.clamp(0.5*(math.sin(q.anim_time*90*6+30)*1.5),-1,0)", 0]
				},
				"leg_front_left": {
					"rotation": [
						"math.clamp(math.sin(-q.anim_time*90*3)*40,-50,5)+math.clamp(math.sin(q.anim_time*90*3)*40,-50,5)+math.clamp(math.sin(-q.anim_time*90*6)*25,-15,50)",
						0,
						0
					],
					"position": [0.1, "-math.clamp(0.5*(math.sin(q.anim_time*90*6+30)*1.5),-1,0)", 0]
				},
				"leg_back_right": {
					"rotation": ["math.clamp(math.sin(q.anim_time*90*6)*20,-17.5,50)-math.clamp(math.sin(-q.anim_time*90*6)*3,0,8)", 0, 0],
					"position": [
						0,
						"-math.clamp(math.sin(q.anim_time*90*6)*1.5,0,2)-math.clamp(math.sin(-q.anim_time*90*6)*0.5,0,2)",
						"-0.25+math.clamp(math.sin(q.anim_time*90*6-30)*1,0,2)"
					]
				},
				"leg_back_left": {
					"rotation": ["math.clamp(math.sin(q.anim_time*90*6)*20,-17.5,50)-math.clamp(math.sin(-q.anim_time*90*6)*3,0,8)", 0, 0],
					"position": [
						0,
						"-math.clamp(math.sin(q.anim_time*90*6)*1.5,0,2)-math.clamp(math.sin(-q.anim_time*90*6)*0.5,0,2)",
						"-0.25+math.clamp(math.sin(q.anim_time*90*6-30)*1,0,2)"
					]
				},
				"leaf_front": {
					"rotation": ["-2.5-math.sin(q.anim_time*90*6-30)*10", 0, 0]
				},
				"leaf_front2": {
					"rotation": ["15-math.sin(q.anim_time*90*6-90)*10", 0, 0]
				},
				"leaf_right": {
					"rotation": [0, 0, "20-math.sin(q.anim_time*90*6+60)*12"]
				},
				"leaf_right2": {
					"rotation": [0, 0, "-20-math.sin(q.anim_time*90*6)*12"]
				},
				"leaf_left": {
					"rotation": [0, 0, "-20+math.sin(q.anim_time*90*6+60)*12"]
				},
				"leaf_left2": {
					"rotation": [0, 0, "20+math.sin(q.anim_time*90*6)*12"]
				},
				"leaf_back": {
					"rotation": ["15-math.sin(q.anim_time*90*6)*10", 0, 0]
				},
				"leaf_back2": {
					"rotation": ["-15-math.sin(q.anim_time*90*6-45)*10", 0, 0]
				},
				"leaf_left3": {
					"rotation": [0, 0, "20+math.sin(q.anim_time*90*6-30)*12"]
				},
				"leaf_right3": {
					"rotation": [0, 0, "-20-math.sin(q.anim_time*90*6-30)*12"]
				},
				"leaf_back3": {
					"rotation": ["-15-math.sin(q.anim_time*90*6-60)*10", 0, 0]
				},
				"leaf_front3": {
					"rotation": ["15-math.sin(q.anim_time*90*6-120)*10", 0, 0]
				},
				"body": {
					"rotation": ["6*(math.sin(q.anim_time*90*6-120)*1+1)", 0, 0],
					"position": [0, "math.clamp(1*(math.sin(q.anim_time*90*6)*1.5),0,2)", "-math.clamp(math.sin(q.anim_time*90*6-30)*1.5,0,2)"]
				}
			}
		},
		"animation.deltaivysaur.sleep": {
			"loop": true,
			"bones": {
				"body": {
					"position": [0, -2.5, 0]
				},
				"torso": {
					"rotation": ["5+math.sin(q.anim_time*90*2)*0.2", 0, 0]
				},
				"head": {
					"rotation": [5, 0, 10]
				},
				"jaw": {
					"rotation": ["0.75+math.sin(q.anim_time*90*2-60)*1.25", 0, 0]
				},
				"eyelid_right": {
					"position": [-0.1, 0, -0.1]
				},
				"eyelid_left": {
					"position": [0.1, 0, -0.1]
				},
				"ear_right": {
					"rotation": [-6.25, 2.25, 18.75]
				},
				"ear_left": {
					"rotation": [
						"12+math.clamp(math.sin(q.anim_time*90*2)*(0.15+0.65),-1.8,1.8)+math.clamp(math.sin(q.anim_time*90*2)*(0.15+0.65),-1,1)",
						-7.75,
						"22+math.clamp(math.sin(q.anim_time*90*2)*(0.25+0.75),-1.8,1.8)+math.clamp(math.sin(q.anim_time*90*2)*(0.25+0.75),-1,1)"
					]
				},
				"bulb": {
					"rotation": [0, 0, "10+math.clamp(math.sin(q.anim_time*90*2-30)*0.25,-1.8,1.8)+math.clamp(math.sin(q.anim_time*90*2-30)*0.25,-1,1)"]
				},
				"leaf_front": {
					"rotation": ["-5+math.sin(q.anim_time*90*2-60)*0.25", "-math.sin(q.anim_time*90*2-60)*0.25", "20-math.sin(q.anim_time*90*2-60)*0.25"]
				},
				"leaf_front2": {
					"rotation": ["32.5+math.sin(q.anim_time*90*2-90)*0.25", 0, 0]
				},
				"leaf_front3": {
					"rotation": ["25+math.sin(q.anim_time*90*2-120)*0.25", 0, 0]
				},
				"leaf_right": {
					"rotation": [0, 0, "10+math.sin(q.anim_time*90*2)*0.5"]
				},
				"leaf_right2": {
					"rotation": [0, 0, "-25+math.sin(q.anim_time*90*2-60)*0.5"]
				},
				"leaf_right3": {
					"rotation": [0, 0, "-25+math.sin(q.anim_time*90*2-90)*0.5"]
				},
				"leaf_left": {
					"rotation": [0, 0, "0+math.sin(q.anim_time*90*2)*0.5"]
				},
				"leaf_left2": {
					"rotation": [0, 0, "25+math.sin(q.anim_time*90*2-60)*0.5"]
				},
				"leaf_left3": {
					"rotation": [0, 0, "25+math.sin(q.anim_time*90*2-90)*0.5"]
				},
				"leaf_back": {
					"rotation": ["5-math.sin(q.anim_time*90*2-90)*0.25", "math.sin(q.anim_time*90*2-90)*0.25", 0]
				},
				"leaf_back2": {
					"rotation": ["-25-math.sin(q.anim_time*90*2-150)*0.25", 0, 0]
				},
				"leaf_back3": {
					"rotation": ["-32.5-math.sin(q.anim_time*90*2-180)*0.25", 0, 0]
				},
				"leg_front_right": {
					"rotation": ["-91-math.sin(q.anim_time*90*2)*0.75", 5.5, -73.75],
					"position": [0, -0.75, 0]
				},
				"leg_front_left": {
					"rotation": [-117, -15, 77.5],
					"position": [0, -0.75, 0]
				},
				"leg_back_right": {
					"rotation": [112.80525, 5.84699, 89.4864],
					"position": [0, -0.75, -0.75]
				},
				"leg_back_left": {
					"rotation": [111.5, -5.25, -92.75],
					"position": [0, -0.75, 0.25]
				}
			}
		},
		"animation.deltaivysaur.faint": {
			"loop": true,
			"animation_length": 3,
			"bones": {
				"torso": {
					"rotation": {
						"0.0": ["math.sin(q.anim_time*90*3)*0.2", 0, 0],
						"0.05": ["-22.5+math.sin(q.anim_time*90*3)*0.2", 0, 0],
						"0.15": ["-66.7859+math.sin(q.anim_time*90*3)*0.2", 13.82118, 5.88644],
						"0.35": ["-77.7916+math.sin(q.anim_time*90*3)*0.2", 2.72723, -12.20349],
						"0.65": ["-78.0935+math.sin(q.anim_time*90*3)*0.2", -1.11737, -18.1344],
						"0.85": ["-78.0935+math.sin(q.anim_time*90*3)*0.2", -1.11737, -18.1344],
						"1.3": ["-77.6253+math.sin(q.anim_time*90*3)*0.2", -1.41341, 12.40425],
						"1.6": ["-61.8756+math.sin(q.anim_time*90*3)*0.2", -12.59055, 92.47278],
						"1.65": ["-62.9599+math.sin(q.anim_time*90*3)*0.2", -14.91499, 97.03072],
						"1.75": [-61.876, -12.58771, 92.47434]
					},
					"position": {
						"0.0": [
							"math.clamp(math.sin(q.anim_time*90*3)*0.1,-0.18,0.18)+math.clamp(math.sin(q.anim_time*90*3)*0.1,-1,1)",
							"math.clamp(math.sin(q.anim_time*90*6+180)*0.1,-0.03,0.03)+math.clamp(math.sin(q.anim_time*90*6+180)*0.05,-0.5,0.5)",
							0
						],
						"0.05": [
							"math.clamp(math.sin(q.anim_time*90*3)*0.1,-0.18,0.18)+math.clamp(math.sin(q.anim_time*90*3)*0.1,-1,1)",
							"1+math.clamp(math.sin(q.anim_time*90*6+180)*0.1,-0.03,0.03)+math.clamp(math.sin(q.anim_time*90*6+180)*0.05,-0.5,0.5)",
							0
						],
						"0.15": [
							"math.clamp(math.sin(q.anim_time*90*3)*0.1,-0.18,0.18)+math.clamp(math.sin(q.anim_time*90*3)*0.1,-1,1)",
							"3.5+math.clamp(math.sin(q.anim_time*90*6+180)*0.1,-0.03,0.03)+math.clamp(math.sin(q.anim_time*90*6+180)*0.05,-0.5,0.5)",
							3
						],
						"0.35": [
							"-1+math.clamp(math.sin(q.anim_time*90*3)*0.1,-0.18,0.18)+math.clamp(math.sin(q.anim_time*90*3)*0.1,-1,1)",
							"3.5+math.clamp(math.sin(q.anim_time*90*6+180)*0.1,-0.03,0.03)+math.clamp(math.sin(q.anim_time*90*6+180)*0.05,-0.5,0.5)",
							4
						],
						"0.65": [
							"-1.4+math.clamp(math.sin(q.anim_time*90*3)*0.1,-0.18,0.18)+math.clamp(math.sin(q.anim_time*90*3)*0.1,-1,1)",
							"3.9+math.clamp(math.sin(q.anim_time*90*6+180)*0.1,-0.03,0.03)+math.clamp(math.sin(q.anim_time*90*6+180)*0.05,-0.5,0.5)",
							4
						],
						"0.85": [
							"-1.4+math.clamp(math.sin(q.anim_time*90*3)*0.1,-0.18,0.18)+math.clamp(math.sin(q.anim_time*90*3)*0.1,-1,1)",
							"3.9+math.clamp(math.sin(q.anim_time*90*6+180)*0.1,-0.03,0.03)+math.clamp(math.sin(q.anim_time*90*6+180)*0.05,-0.5,0.5)",
							4
						],
						"1.4": [
							"2+math.clamp(math.sin(q.anim_time*90*3)*0.1,-0.18,0.18)+math.clamp(math.sin(q.anim_time*90*3)*0.1,-1,1)",
							"3.5+math.clamp(math.sin(q.anim_time*90*6+180)*0.1,-0.03,0.03)+math.clamp(math.sin(q.anim_time*90*6+180)*0.05,-0.5,0.5)",
							4
						],
						"1.6": [8, -0.5, -1]
					}
				},
				"bulb": {
					"rotation": {
						"0.0": [0, 0, "math.clamp(math.sin(q.anim_time*90*3-30)*2,-1.8,1.8)+math.clamp(math.sin(q.anim_time*90*3-30)*1,-1,1)"],
						"0.05": [30, 0, "math.clamp(math.sin(q.anim_time*90*3-30)*2,-1.8,1.8)+math.clamp(math.sin(q.anim_time*90*3-30)*1,-1,1)"],
						"0.55": [-10, 0, "0+math.clamp(math.sin(q.anim_time*90*3-30)*2,-1.8,1.8)+math.clamp(math.sin(q.anim_time*90*3-30)*1,-1,1)"],
						"0.95": [-4.60967, -3.73171, "-11.9384+math.clamp(math.sin(q.anim_time*90*3-30)*2,-1.8,1.8)+math.clamp(math.sin(q.anim_time*90*3-30)*1,-1,1)"],
						"1.2": [-4.60967, -3.73171, "-11.9384+math.clamp(math.sin(q.anim_time*90*3-30)*2,-1.8,1.8)+math.clamp(math.sin(q.anim_time*90*3-30)*1,-1,1)"],
						"1.35": [-8.74074, -6.60796, "-21.5561+math.clamp(math.sin(q.anim_time*90*3-30)*2,-1.8,1.8)+math.clamp(math.sin(q.anim_time*90*3-30)*1,-1,1)"],
						"1.45": [-14.8505, -10.53132, "-30.8603+math.clamp(math.sin(q.anim_time*90*3-30)*2,-1.8,1.8)+math.clamp(math.sin(q.anim_time*90*3-30)*1,-1,1)"],
						"1.65": [-14.8505, -10.53132, "-30.8603+math.clamp(math.sin(q.anim_time*90*3-30)*2,-1.8,1.8)+math.clamp(math.sin(q.anim_time*90*3-30)*1,-1,1)"],
						"1.8": [19.85282, -3.68074, "26.7495+math.clamp(math.sin(q.anim_time*90*3-30)*2,-1.8,1.8)+math.clamp(math.sin(q.anim_time*90*3-30)*1,-1,1)"],
						"2.05": [10.38025, 0.17028, "9.6673+math.clamp(math.sin(q.anim_time*90*3-30)*2,-1.8,1.8)+math.clamp(math.sin(q.anim_time*90*3-30)*1,-1,1)"],
						"2.3": [12.71982, -2.05058, "19.4194+math.clamp(math.sin(q.anim_time*90*3-30)*2,-1.8,1.8)+math.clamp(math.sin(q.anim_time*90*3-30)*1,-1,1)"]
					}
				},
				"head": {
					"rotation": {
						"0.0": [37.30461, -10.81345, "-20.2576+math.clamp(math.sin(q.anim_time*90*3+60)*0.6,-0.3,0.3)+math.clamp(math.sin(q.anim_time*90*3+60)*1.2,-1.2,1.2)"],
						"0.65": [47.80625, 33.1201, "6.2575+math.clamp(math.sin(q.anim_time*90*3+60)*0.6,-0.3,0.3)+math.clamp(math.sin(q.anim_time*90*3+60)*1.2,-1.2,1.2)"],
						"1.3": [49.29343, 38.48899, "4.3418+math.clamp(math.sin(q.anim_time*90*3+60)*0.6,-0.3,0.3)+math.clamp(math.sin(q.anim_time*90*3+60)*1.2,-1.2,1.2)"],
						"1.6": [49.29343, 38.48899, "4.3418+math.clamp(math.sin(q.anim_time*90*3+60)*0.6,-0.3,0.3)+math.clamp(math.sin(q.anim_time*90*3+60)*1.2,-1.2,1.2)"],
						"1.65": [45.50429, 21.03108, "-0.5733+math.clamp(math.sin(q.anim_time*90*3+60)*0.6,-0.3,0.3)+math.clamp(math.sin(q.anim_time*90*3+60)*1.2,-1.2,1.2)"],
						"1.75": [48.04512, 11.90355, "8.345+math.clamp(math.sin(q.anim_time*90*3+60)*0.6,-0.3,0.3)+math.clamp(math.sin(q.anim_time*90*3+60)*1.2,-1.2,1.2)"],
						"1.9": [46.71417, 17.42646, "3.0974+math.clamp(math.sin(q.anim_time*90*3+60)*0.6,-0.3,0.3)+math.clamp(math.sin(q.anim_time*90*3+60)*1.2,-1.2,1.2)"],
						"2.0": [48.04512, 11.90355, "8.345+math.clamp(math.sin(q.anim_time*90*3+60)*0.6,-0.3,0.3)+math.clamp(math.sin(q.anim_time*90*3+60)*1.2,-1.2,1.2)"]
					},
					"position": {
						"0.0": [0, 0, 0],
						"1.3": [0, 0, -1],
						"1.6": [0, 0, -1],
						"1.65": [0, 1, -1]
					}
				},
				"leg_front_right": {
					"rotation": {
						"0.0": [0, 0, "math.clamp(math.sin(q.anim_time*90*3)*2,-1,1)+math.clamp(math.sin(q.anim_time*90*3)*1,-1,1)"],
						"0.25": [-44.07086, 66.96583, 8.92344],
						"0.5": [-36.51151, 23.05595, "-28.0619+math.clamp(math.sin(q.anim_time*90*3)*2,-1,1)+math.clamp(math.sin(q.anim_time*90*3)*1,-1,1)"],
						"0.95": [-78.6735, 40.16169, "-15.5411+math.clamp(math.sin(q.anim_time*90*3)*2,-1,1)+math.clamp(math.sin(q.anim_time*90*3)*1,-1,1)"],
						"1.3": [-131.1735, 40.16169, "-15.5411+math.clamp(math.sin(q.anim_time*90*3)*2,-1,1)+math.clamp(math.sin(q.anim_time*90*3)*1,-1,1)"],
						"1.5": [-162.90567, 47.31056, "-25.248+math.clamp(math.sin(q.anim_time*90*3)*2,-1,1)+math.clamp(math.sin(q.anim_time*90*3)*1,-1,1)"],
						"1.7": [-104.17159, -31.07682, "72.9028+math.clamp(math.sin(q.anim_time*90*3)*2,-1,1)+math.clamp(math.sin(q.anim_time*90*3)*1,-1,1)"],
						"1.75": [-87.6411, -38.67504, "92.3984+math.clamp(math.sin(q.anim_time*90*3)*2,-1,1)+math.clamp(math.sin(q.anim_time*90*3)*1,-1,1)"],
						"1.8": [-74.17159, -31.07682, "72.9028+math.clamp(math.sin(q.anim_time*90*3)*2,-1,1)+math.clamp(math.sin(q.anim_time*90*3)*1,-1,1)"]
					},
					"position": {
						"0.0": ["math.clamp(math.sin(q.anim_time*90*3)*0.2,-0.1,0.1)+math.clamp(math.sin(q.anim_time*90*3)*0.08,-1,1)", 0, 0],
						"0.15": ["math.clamp(math.sin(q.anim_time*90*3)*0.2,-0.1,0.1)+math.clamp(math.sin(q.anim_time*90*3)*0.08,-1,1)", 7, 6],
						"0.35": ["-2+math.clamp(math.sin(q.anim_time*90*3)*0.2,-0.1,0.1)+math.clamp(math.sin(q.anim_time*90*3)*0.08,-1,1)", 6, 6],
						"0.95": ["-1+math.clamp(math.sin(q.anim_time*90*3)*0.2,-0.1,0.1)+math.clamp(math.sin(q.anim_time*90*3)*0.08,-1,1)", 6, 6],
						"1.35": ["2+math.clamp(math.sin(q.anim_time*90*3)*0.2,-0.1,0.1)+math.clamp(math.sin(q.anim_time*90*3)*0.08,-1,1)", 7, 6],
						"1.4": [3.34, 8.25, 6.25],
						"1.45": [7.27, 7.83, 3.83],
						"1.5": [10.21, 6.92, 2.42],
						"1.65": ["15+math.clamp(math.sin(q.anim_time*90*3)*0.2,-0.1,0.1)+math.clamp(math.sin(q.anim_time*90*3)*0.08,-1,1)", 4, -1]
					}
				},
				"leg_front_left": {
					"rotation": {
						"0.0": [0, 0, "math.clamp(math.sin(q.anim_time*90*3)*2,-1,1)+math.clamp(math.sin(q.anim_time*90*3)*1,-1,1)"],
						"0.15": [-45, 0, "0+math.clamp(math.sin(q.anim_time*90*3)*2,-1,1)+math.clamp(math.sin(q.anim_time*90*3)*1,-1,1)"],
						"0.45": [-95.21716, -23.91873, "-15.4427+math.clamp(math.sin(q.anim_time*90*3)*2,-1,1)+math.clamp(math.sin(q.anim_time*90*3)*1,-1,1)"],
						"1.15": [-121.88417, -19.37924, "-17.6986+math.clamp(math.sin(q.anim_time*90*3)*2,-1,1)+math.clamp(math.sin(q.anim_time*90*3)*1,-1,1)"],
						"1.4": [-86.36516, 30.45323, "48.466+math.clamp(math.sin(q.anim_time*90*3)*2,-1,1)+math.clamp(math.sin(q.anim_time*90*3)*1,-1,1)"],
						"1.6": [-76.42358, 13.92742, "93.4563+math.clamp(math.sin(q.anim_time*90*3)*2,-1,1)+math.clamp(math.sin(q.anim_time*90*3)*1,-1,1)"],
						"1.65": [-76.82364, 1.76388, "90.5427+math.clamp(math.sin(q.anim_time*90*3)*2,-1,1)+math.clamp(math.sin(q.anim_time*90*3)*1,-1,1)"],
						"1.7": [-76.66039, 9.06454, 92.2692]
					},
					"position": {
						"0.0": ["math.clamp(math.sin(q.anim_time*90*3)*0.2,-0.1,0.1)+math.clamp(math.sin(q.anim_time*90*3)*0.08,-1,1)", 0, 0],
						"0.15": ["math.clamp(math.sin(q.anim_time*90*3)*0.2,-0.1,0.1)+math.clamp(math.sin(q.anim_time*90*3)*0.08,-1,1)", 6, 4],
						"0.35": ["-2+math.clamp(math.sin(q.anim_time*90*3)*0.2,-0.1,0.1)+math.clamp(math.sin(q.anim_time*90*3)*0.08,-1,1)", 9, 7],
						"0.85": ["-2+math.clamp(math.sin(q.anim_time*90*3)*0.2,-0.1,0.1)+math.clamp(math.sin(q.anim_time*90*3)*0.08,-1,1)", 9, 7],
						"1.3": ["3+math.clamp(math.sin(q.anim_time*90*3)*0.2,-0.1,0.1)+math.clamp(math.sin(q.anim_time*90*3)*0.08,-1,1)", 7, 7],
						"1.5": [4.64, -1.05, 4.38],
						"1.6": [5.75, -4.29, 1.71]
					}
				},
				"leg_back_right": {
					"rotation": {
						"0.0": [0, 0, "math.clamp(math.sin(q.anim_time*90*3)*2,-1,1)+math.clamp(math.sin(q.anim_time*90*3)*1,-1,1)"],
						"1.0": [0, 0, "math.clamp(math.sin(q.anim_time*90*3)*2,-1,1)+math.clamp(math.sin(q.anim_time*90*3)*1,-1,1)"],
						"1.3": [0, 0, "7.5+math.clamp(math.sin(q.anim_time*90*3)*2,-1,1)+math.clamp(math.sin(q.anim_time*90*3)*1,-1,1)"],
						"1.5": [0, 0, "27.5+math.clamp(math.sin(q.anim_time*90*3)*2,-1,1)+math.clamp(math.sin(q.anim_time*90*3)*1,-1,1)"],
						"1.65": [25, 0, "90+math.clamp(math.sin(q.anim_time*90*3)*2,-1,1)+math.clamp(math.sin(q.anim_time*90*3)*1,-1,1)"],
						"1.75": [5.7489, -17.38772, "132.1862+math.clamp(math.sin(q.anim_time*90*3)*2,-1,1)+math.clamp(math.sin(q.anim_time*90*3)*1,-1,1)"],
						"1.8": [3.36133, -17.98433, "140.034+math.clamp(math.sin(q.anim_time*90*3)*2,-1,1)+math.clamp(math.sin(q.anim_time*90*3)*1,-1,1)"],
						"1.95": [7.27856, -16.82011, "126.9885+math.clamp(math.sin(q.anim_time*90*3)*2,-1,1)+math.clamp(math.sin(q.anim_time*90*3)*1,-1,1)"],
						"2.2": [-5.75231, 6.27967, "76.3504+math.clamp(math.sin(q.anim_time*90*3)*2,-1,1)+math.clamp(math.sin(q.anim_time*90*3)*1,-1,1)"],
						"2.25": [-5.18328, 6.75641, "81.36+math.clamp(math.sin(q.anim_time*90*3)*2,-1,1)+math.clamp(math.sin(q.anim_time*90*3)*1,-1,1)"],
						"2.3": [-5.75231, 6.27967, "76.3504+math.clamp(math.sin(q.anim_time*90*3)*2,-1,1)+math.clamp(math.sin(q.anim_time*90*3)*1,-1,1)"]
					},
					"position": {
						"0.0": ["math.clamp(math.sin(q.anim_time*90*3)*0.2,-0.1,0.1)+math.clamp(math.sin(q.anim_time*90*3)*0.08,-1,1)", 0, 0],
						"1.0": ["math.clamp(math.sin(q.anim_time*90*3)*0.2,-0.1,0.1)+math.clamp(math.sin(q.anim_time*90*3)*0.08,-1,1)", 0, 0],
						"1.3": ["0.6+math.clamp(math.sin(q.anim_time*90*3)*0.2,-0.1,0.1)+math.clamp(math.sin(q.anim_time*90*3)*0.08,-1,1)", 0, 0],
						"1.4": [0.19, 3, 0.1],
						"1.5": ["2.6+math.clamp(math.sin(q.anim_time*90*3)*0.2,-0.1,0.1)+math.clamp(math.sin(q.anim_time*90*3)*0.08,-1,1)", 4, -1.8],
						"1.6": ["8.6+math.clamp(math.sin(q.anim_time*90*3)*0.2,-0.1,0.1)+math.clamp(math.sin(q.anim_time*90*3)*0.08,-1,1)", 5, -4.8]
					}
				},
				"leg_back_left": {
					"rotation": {
						"0.0": [0, 0, "math.clamp(math.sin(q.anim_time*90*3)*2,-1,1)+math.clamp(math.sin(q.anim_time*90*3)*1,-1,1)"],
						"1.0": [0, 0, "-55+math.clamp(math.sin(q.anim_time*90*3)*2,-1,1)+math.clamp(math.sin(q.anim_time*90*3)*1,-1,1)"],
						"1.2": [0, 0, "20+math.clamp(math.sin(q.anim_time*90*3)*2,-1,1)+math.clamp(math.sin(q.anim_time*90*3)*1,-1,1)"],
						"1.35": [0, 0, "20+math.clamp(math.sin(q.anim_time*90*3)*2,-1,1)+math.clamp(math.sin(q.anim_time*90*3)*1,-1,1)"],
						"1.65": [0, 0, "127.5+math.clamp(math.sin(q.anim_time*90*3)*2,-1,1)+math.clamp(math.sin(q.anim_time*90*3)*1,-1,1)"],
						"1.75": [0, 0, 90]
					},
					"position": {
						"0.0": ["math.clamp(math.sin(q.anim_time*90*3)*0.2,-0.1,0.1)+math.clamp(math.sin(q.anim_time*90*3)*0.08,-1,1)", 0, 0],
						"0.85": ["math.clamp(math.sin(q.anim_time*90*3)*0.2,-0.1,0.1)+math.clamp(math.sin(q.anim_time*90*3)*0.08,-1,1)", 2, 0],
						"1.2": ["1+math.clamp(math.sin(q.anim_time*90*3)*0.2,-0.1,0.1)+math.clamp(math.sin(q.anim_time*90*3)*0.08,-1,1)", 0, 0],
						"1.35": ["1+math.clamp(math.sin(q.anim_time*90*3)*0.2,-0.1,0.1)+math.clamp(math.sin(q.anim_time*90*3)*0.08,-1,1)", 0, 0],
						"1.5": [0.01, -3.71, -1.14],
						"1.65": ["-1+math.clamp(math.sin(q.anim_time*90*3)*0.2,-0.1,0.1)+math.clamp(math.sin(q.anim_time*90*3)*0.08,-1,1)", -3, -2],
						"1.75": [-1, -3.7, -2]
					}
				},
				"leaf_front": {
					"rotation": {
						"0.0": ["math.sin(q.anim_time*90*6-60)*2", "-math.sin(q.anim_time*90*3-60)*2", 0],
						"1.35": ["math.sin(q.anim_time*90*6-60)*2", "-math.sin(q.anim_time*90*3-60)*2", 0],
						"1.65": ["-5.2454+math.sin(q.anim_time*90*6-60)*2", "23.7359-math.sin(q.anim_time*90*3-60)*2", -26.42554],
						"1.85": ["-1.5454+math.sin(q.anim_time*90*6-60)*2", "-11.8336-math.sin(q.anim_time*90*3-60)*2", 16.37882],
						"2.25": ["math.sin(q.anim_time*90*6-60)*2", "-math.sin(q.anim_time*90*3-60)*2", 0],
						"2.8": ["10.9546+math.sin(q.anim_time*90*6-60)*2", "-11.8336-math.sin(q.anim_time*90*3-60)*2", 16.37882]
					}
				},
				"leaf_front2": {
					"rotation": {
						"0.0": ["20+math.sin(q.anim_time*90*6-90)*2", 0, 0],
						"0.2": ["20+math.sin(q.anim_time*90*6-90)*2", 0, 0],
						"0.45": ["-15+math.sin(q.anim_time*90*6-90)*2", 0, 0],
						"0.6": ["-27.5+math.sin(q.anim_time*90*6-90)*2", 0, 0],
						"1.6": ["-27.5+math.sin(q.anim_time*90*6-90)*2", 0, 0],
						"1.7": ["27.5+math.sin(q.anim_time*90*6-90)*2", 0, 0],
						"1.95": ["22.5+math.sin(q.anim_time*90*6-90)*2", 0, 0],
						"2.4": ["-2.5+math.sin(q.anim_time*90*6-90)*2", 0, 0],
						"3.0": ["math.sin(q.anim_time*90*6-90)*2", 0, 0]
					}
				},
				"leaf_right": {
					"rotation": {
						"0.0": [0, 0, "20+math.sin(q.anim_time*90*3)*4"],
						"0.25": [-0.3191, -19.92066, "14.3169+math.sin(q.anim_time*90*3)*4"],
						"0.75": [0, 0, "12.5+math.sin(q.anim_time*90*3)*4"],
						"1.55": [-2.37872, 47.2626, "7.0667+math.sin(q.anim_time*90*3)*4"],
						"1.85": [-15.09598, -41.60559, "49.5035+math.sin(q.anim_time*90*3)*4"],
						"2.15": [-13.20639, 9.78633, "60.6072+math.sin(q.anim_time*90*3)*4"]
					}
				},
				"leaf_right2": {
					"rotation": {
						"0.0": [0, 0, "-20+math.sin(q.anim_time*90*3-60)*6"],
						"0.45": [0, 0, "27.5+math.sin(q.anim_time*90*3-60)*6"],
						"1.05": [0, 0, "5+math.sin(q.anim_time*90*3-60)*6"],
						"1.65": [0, 0, "5+math.sin(q.anim_time*90*3-60)*6"],
						"1.8": [0, 0, "35+math.sin(q.anim_time*90*3-60)*6"]
					}
				},
				"leaf_left": {
					"rotation": {
						"0.0": [0, 0, "-20+math.sin(q.anim_time*90*3)*4"],
						"0.2": [0, 0, "-5+math.sin(q.anim_time*90*3)*4"],
						"0.5": [0, 0, "-15+math.sin(q.anim_time*90*3)*4"],
						"1.1": [-0.17544, 14.94159, "-16.3378+math.sin(q.anim_time*90*3)*4"],
						"1.45": [-0.40961, 22.40972, "-17.0675+math.sin(q.anim_time*90*3)*4"],
						"1.6": [-6.45063, 5.02964, -32.4813]
					}
				},
				"leaf_left2": {
					"rotation": {
						"0.0": [0, 0, "20+math.sin(q.anim_time*90*3-60)*6"],
						"0.6": [0, 0, "-50+math.sin(q.anim_time*90*3-60)*6"],
						"1.55": [0, 0, -50],
						"1.75": [0, 0, -40]
					}
				},
				"leaf_back": {
					"rotation": {
						"0.0": ["15-math.sin(q.anim_time*90*6-90)*2", "math.sin(q.anim_time*90*3-90)*2", 0],
						"0.2": ["25-math.sin(q.anim_time*90*6-90)*2", "math.sin(q.anim_time*90*3-90)*2", 0],
						"0.4": ["37.5-math.sin(q.anim_time*90*6-90)*2", "0+math.sin(q.anim_time*90*3-90)*2", 0],
						"1.5": ["30-math.sin(q.anim_time*90*6-90)*2", "math.sin(q.anim_time*90*3-90)*2", 0],
						"1.65": ["31.3338-math.sin(q.anim_time*90*6-90)*2", "-18.3457+math.sin(q.anim_time*90*3-90)*2", -8.10946],
						"1.85": ["27.2414-math.sin(q.anim_time*90*6-90)*2", "-41.6255+math.sin(q.anim_time*90*3-90)*2", -4.2049],
						"2.2": ["22.9039-math.sin(q.anim_time*90*6-90)*2", "-22.9609+math.sin(q.anim_time*90*3-90)*2", 4.20972],
						"2.6": ["17.1673-math.sin(q.anim_time*90*6-90)*2", "21.5728+math.sin(q.anim_time*90*3-90)*2", -12.62085],
						"2.75": ["17.8346-math.sin(q.anim_time*90*6-90)*2", "28.9272+math.sin(q.anim_time*90*3-90)*2", -11.00539]
					}
				},
				"leaf_back2": {
					"rotation": {
						"0.0": ["-20-math.sin(q.anim_time*90*6-150)*2", 0, 0],
						"0.05": ["-20-math.sin(q.anim_time*90*6-150)*2", 0, 0],
						"0.15": ["35-math.sin(q.anim_time*90*6-150)*2", 0, 0],
						"0.35": ["45-math.sin(q.anim_time*90*6-150)*2", 0, 0],
						"0.45": ["35-math.sin(q.anim_time*90*6-150)*2", 0, 0],
						"0.5": ["30-math.sin(q.anim_time*90*6-150)*2", 0, 0],
						"0.55": ["27.5-math.sin(q.anim_time*90*6-150)*2", 0, 0],
						"0.6": ["22.5-math.sin(q.anim_time*90*6-150)*2", 0, 0],
						"0.65": ["20-math.sin(q.anim_time*90*6-150)*2", 0, 0],
						"1.1": ["20-math.sin(q.anim_time*90*6-150)*2", 0, 0],
						"1.6": ["-20-math.sin(q.anim_time*90*6-150)*2", 0, 0]
					}
				},
				"leaf_left3": {
					"rotation": {
						"0.0": [0, 0, "20+math.sin(q.anim_time*90*3-90)*6"],
						"0.85": [0, 0, "-50+math.sin(q.anim_time*90*3-90)*6"],
						"1.55": [0, 0, "-50+math.sin(q.anim_time*90*3-90)*6"],
						"1.75": [0, 0, -5]
					}
				},
				"leaf_right3": {
					"rotation": {
						"0.0": [0, 0, "-20+math.sin(q.anim_time*90*3-90)*6"],
						"0.7": [0, 0, "30+math.sin(q.anim_time*90*3-90)*6"],
						"1.3": [0, 0, "10+math.sin(q.anim_time*90*3-90)*6"],
						"1.65": [0, 0, "10+math.sin(q.anim_time*90*3-90)*6"],
						"2.05": [0, 0, "35+math.sin(q.anim_time*90*3-90)*6"]
					}
				},
				"leaf_back3": {
					"rotation": {
						"0.0": ["-20-math.sin(q.anim_time*90*6-180)*2", 0, 0],
						"0.1": ["-20-math.sin(q.anim_time*90*6-180)*2", 0, 0],
						"0.15": ["27.5-math.sin(q.anim_time*90*6-180)*2", 0, 0],
						"0.4": ["27.5-math.sin(q.anim_time*90*6-180)*2", 0, 0],
						"0.45": ["25-math.sin(q.anim_time*90*6-180)*2", 0, 0],
						"0.5": ["30-math.sin(q.anim_time*90*6-180)*2", 0, 0],
						"0.6": ["35-math.sin(q.anim_time*90*6-180)*2", 0, 0],
						"1.0": ["32.5-math.sin(q.anim_time*90*6-180)*2", 0, 0],
						"1.2": ["42.5-math.sin(q.anim_time*90*6-180)*2", 0, 0],
						"1.35": ["42.5-math.sin(q.anim_time*90*6-180)*2", 0, 0],
						"1.6": ["-20-math.sin(q.anim_time*90*6-180)*2", 0, 0]
					}
				},
				"leaf_front3": {
					"rotation": {
						"0.0": ["20+math.sin(q.anim_time*90*6-120)*2", 0, 0],
						"0.75": ["-37.5+math.sin(q.anim_time*90*6-120)*2", 0, 0],
						"1.6": ["-37.5+math.sin(q.anim_time*90*6-120)*2", 0, 0],
						"1.8": ["15+math.sin(q.anim_time*90*6-120)*2", 0, 0],
						"2.4": ["-17.5+math.sin(q.anim_time*90*6-120)*2", 0, 0],
						"2.8": ["math.sin(q.anim_time*90*6-120)*2", 0, 0]
					}
				},
				"body": {
					"rotation": {
						"0.0": [7.5, 0, 0],
						"0.05": [0, 0, 0],
						"0.15": [-17.5, 0, 0],
						"1.0": [0, 0, 0]
					},
					"position": {
						"0.0": [0, 0, 0],
						"0.15": [0, 1.4, 1.7],
						"1.0": [0, 0, 0],
						"1.35": [0, 0, 0],
						"1.45": [0, 1, 0],
						"1.65": [0, 0, 0]
					}
				},
				"eyelid_right": {
					"position": {
						"0.0": [-0.1, 0, -0.1],
						"0.05": [0, 0, 0],
						"0.45": [0, 0, 0],
						"0.5": [-0.1, 0, -0.1],
						"0.75": [-0.1, 0, -0.1],
						"0.8": [0, 0, 0],
						"1.35": [0, 0, 0],
						"1.4": [-0.1, 0, -0.1]
					}
				},
				"eyelid_left": {
					"position": {
						"0.0": [0.1, 0, -0.1],
						"0.5": [0.1, 0, -0.1],
						"0.75": [0.1, 0, -0.1],
						"0.8": [0, 0, 0],
						"1.35": [0, 0, 0],
						"1.4": [0.1, 0, -0.1]
					}
				},
				"jaw": {
					"rotation": {
						"0.0": [0, 0, 0],
						"0.3": [40, 0, 0],
						"0.75": [-1.25, 0, 0],
						"1.2": [-2.5, 0, 0],
						"1.45": [-2.5, 0, 0],
						"1.6": [45, 0, 0],
						"1.65": [-2.5, 0, 0]
					}
				}
			}
		},
		"animation.deltaivysaur.blink": {
			"animation_length": 0.16667,
			"bones": {
				"eyelid_right": {
					"position": {
						"0.0": [-0.1, 0, -0.1],
						"0.125": [-0.1, 0, -0.1],
						"0.1667": [0, 0, 0]
					}
				},
				"eyelid_left": {
					"position": {
						"0.0": [0.1, 0, -0.1],
						"0.125": [0.1, 0, -0.1],
						"0.1667": [0, 0, 0]
					}
				}
			}
		}
	}
}