{
	"format_version": "1.8.0",
	"animations": {
		"animation.deltakirlia.ground_idle": {
			"loop": true,
			"animation_length": 0.88,
			"bones": {
				"arm_left": {
					"rotation": {
						"0.0": {
							"post": [41.09002, -12.92031, 43.47317],
							"lerp_mode": "catmullrom"
						},
						"0.44": {
							"post": [41.83678, -9.60835, 39.65319],
							"lerp_mode": "catmullrom"
						},
						"0.88": {
							"post": [41.09002, -12.92031, 43.47317],
							"lerp_mode": "catmullrom"
						}
					},
					"position": {
						"0.0": {
							"post": [0, 0.5, 0],
							"lerp_mode": "catmullrom"
						},
						"0.88": {
							"post": [0, 0.5, 0],
							"lerp_mode": "catmullrom"
						}
					}
				},
				"arm_right": {
					"rotation": {
						"0.0": {
							"post": [40.45333, 9.13261, -46.79928],
							"lerp_mode": "catmullrom"
						},
						"0.44": {
							"post": [40.95278, 5.87069, -42.97656],
							"lerp_mode": "catmullrom"
						},
						"0.88": {
							"post": [40.45333, 9.13261, -46.79928],
							"lerp_mode": "catmullrom"
						}
					},
					"position": {
						"0.0": {
							"post": [0, 0.5, 0],
							"lerp_mode": "catmullrom"
						},
						"0.88": {
							"post": [0, 0.5, 0],
							"lerp_mode": "catmullrom"
						}
					}
				},
				"leg_left": {
					"rotation": {
						"0.0": {
							"post": [0, 0, 5],
							"lerp_mode": "catmullrom"
						},
						"0.44": {
							"post": [0, 0, 2.5],
							"lerp_mode": "catmullrom"
						},
						"0.88": {
							"post": [0, 0, 5],
							"lerp_mode": "catmullrom"
						}
					}
				},
				"leg_right": {
					"rotation": {
						"0.0": {
							"post": [0, 0, -5],
							"lerp_mode": "catmullrom"
						},
						"0.44": {
							"post": [0, 0, -2.5],
							"lerp_mode": "catmullrom"
						},
						"0.88": {
							"post": [0, 0, -5],
							"lerp_mode": "catmullrom"
						}
					}
				},
				"all": {
					"position": {
						"0.0": {
							"post": [0, -0.25, 0],
							"lerp_mode": "catmullrom"
						},
						"0.44": {
							"post": [0, 0, 0],
							"lerp_mode": "catmullrom"
						},
						"0.88": {
							"post": [0, -0.25, 0],
							"lerp_mode": "catmullrom"
						}
					}
				},
				"skirt_right": {
					"rotation": {
						"0.0": {
							"post": [0, 0, -30],
							"lerp_mode": "catmullrom"
						},
						"0.44": {
							"post": [0, 0, -20],
							"lerp_mode": "catmullrom"
						},
						"0.88": {
							"post": [0, 0, -30],
							"lerp_mode": "catmullrom"
						}
					}
				},
				"skirt_left": {
					"rotation": {
						"0.0": {
							"post": [0, 0, 30],
							"lerp_mode": "catmullrom"
						},
						"0.44": {
							"post": [0, 0, 20],
							"lerp_mode": "catmullrom"
						},
						"0.88": {
							"post": [0, 0, 30],
							"lerp_mode": "catmullrom"
						}
					}
				}
			}
		},
		"animation.deltakirlia.ground_walk": {
			"loop": true,
			"animation_length": 1.44,
			"bones": {
				"arm_left": {
					"rotation": [-163.65348, -19.84598, -30.76149],
					"position": [0.25, 0, 0]
				},
				"arm_right": {
					"rotation": [-48.47845, -40.96863, -24.98914],
					"position": [-0.25, 0, 0]
				},
				"leg_left": {
					"position": {
						"0.0": {
							"post": [0, 0, 0],
							"lerp_mode": "catmullrom"
						},
						"0.12": {
							"post": [0, 1, 0],
							"lerp_mode": "catmullrom"
						},
						"0.24": {
							"post": [0, 0, 0],
							"lerp_mode": "catmullrom"
						},
						"0.36": {
							"post": [0, 1, 0],
							"lerp_mode": "catmullrom"
						},
						"0.48": {
							"post": [0, 0, 0],
							"lerp_mode": "catmullrom"
						},
						"0.6": {
							"post": [0, 1, 0],
							"lerp_mode": "catmullrom"
						},
						"0.72": {
							"post": [0, 0, 0],
							"lerp_mode": "catmullrom"
						},
						"0.84": {
							"post": [0, 1, 0],
							"lerp_mode": "catmullrom"
						},
						"0.96": {
							"post": [0, 0, 0],
							"lerp_mode": "catmullrom"
						},
						"1.08": {
							"post": [0, 1, 0],
							"lerp_mode": "catmullrom"
						},
						"1.2": {
							"post": [0, 0, 0],
							"lerp_mode": "catmullrom"
						},
						"1.32": {
							"post": [0, 1, 0],
							"lerp_mode": "catmullrom"
						},
						"1.44": {
							"post": [0, 0, 0],
							"lerp_mode": "catmullrom"
						}
					}
				},
				"leg_right": {
					"position": {
						"0.0": {
							"post": [0, 1, 0],
							"lerp_mode": "catmullrom"
						},
						"0.12": {
							"post": [0, 0, 0],
							"lerp_mode": "catmullrom"
						},
						"0.24": {
							"post": [0, 1, 0],
							"lerp_mode": "catmullrom"
						},
						"0.36": {
							"post": [0, 0, 0],
							"lerp_mode": "catmullrom"
						},
						"0.48": {
							"post": [0, 1, 0],
							"lerp_mode": "catmullrom"
						},
						"0.6": {
							"post": [0, 0, 0],
							"lerp_mode": "catmullrom"
						},
						"0.72": {
							"post": [0, 1, 0],
							"lerp_mode": "catmullrom"
						},
						"0.84": {
							"post": [0, 0, 0],
							"lerp_mode": "catmullrom"
						},
						"0.96": {
							"post": [0, 1, 0],
							"lerp_mode": "catmullrom"
						},
						"1.08": {
							"post": [0, 0, 0],
							"lerp_mode": "catmullrom"
						},
						"1.2": {
							"post": [0, 1, 0],
							"lerp_mode": "catmullrom"
						},
						"1.32": {
							"post": [0, 0, 0],
							"lerp_mode": "catmullrom"
						},
						"1.44": {
							"post": [0, 1, 0],
							"lerp_mode": "catmullrom"
						}
					}
				},
				"all": {
					"rotation": {
						"0.0": [0, -360, 0],
						"0.36": [0, -270, 0],
						"0.72": [0, -180, 0],
						"1.08": [0, -90, 0],
						"1.44": [0, 0, 0]
					},
					"position": {
						"0.0": {
							"post": [0, 0, 0],
							"lerp_mode": "catmullrom"
						},
						"0.04": {
							"post": [0, 0.25, 0],
							"lerp_mode": "catmullrom"
						},
						"0.08": {
							"post": [0, 0.25, 0],
							"lerp_mode": "catmullrom"
						},
						"0.12": {
							"post": [0, 0, 0],
							"lerp_mode": "catmullrom"
						},
						"0.16": {
							"post": [0, 0.25, 0],
							"lerp_mode": "catmullrom"
						},
						"0.2": {
							"post": [0, 0.25, 0],
							"lerp_mode": "catmullrom"
						},
						"0.24": {
							"post": [0, 0, 0],
							"lerp_mode": "catmullrom"
						},
						"0.28": {
							"post": [0, 0.25, 0],
							"lerp_mode": "catmullrom"
						},
						"0.32": {
							"post": [0, 0.25, 0],
							"lerp_mode": "catmullrom"
						},
						"0.36": {
							"post": [0, 0, 0],
							"lerp_mode": "catmullrom"
						},
						"0.4": {
							"post": [0, 0.25, 0],
							"lerp_mode": "catmullrom"
						},
						"0.44": {
							"post": [0, 0.25, 0],
							"lerp_mode": "catmullrom"
						},
						"0.48": {
							"post": [0, 0, 0],
							"lerp_mode": "catmullrom"
						},
						"0.52": {
							"post": [0, 0.25, 0],
							"lerp_mode": "catmullrom"
						},
						"0.56": {
							"post": [0, 0.25, 0],
							"lerp_mode": "catmullrom"
						},
						"0.6": {
							"post": [0, 0, 0],
							"lerp_mode": "catmullrom"
						},
						"0.64": {
							"post": [0, 0.25, 0],
							"lerp_mode": "catmullrom"
						},
						"0.68": {
							"post": [0, 0.25, 0],
							"lerp_mode": "catmullrom"
						},
						"0.72": {
							"post": [0, 0, 0],
							"lerp_mode": "catmullrom"
						},
						"0.76": {
							"post": [0, 0.25, 0],
							"lerp_mode": "catmullrom"
						},
						"0.8": {
							"post": [0, 0.25, 0],
							"lerp_mode": "catmullrom"
						},
						"0.84": {
							"post": [0, 0, 0],
							"lerp_mode": "catmullrom"
						},
						"0.88": {
							"post": [0, 0.25, 0],
							"lerp_mode": "catmullrom"
						},
						"0.92": {
							"post": [0, 0.25, 0],
							"lerp_mode": "catmullrom"
						},
						"0.96": {
							"post": [0, 0, 0],
							"lerp_mode": "catmullrom"
						},
						"1.0": {
							"post": [0, 0.25, 0],
							"lerp_mode": "catmullrom"
						},
						"1.04": {
							"post": [0, 0.25, 0],
							"lerp_mode": "catmullrom"
						},
						"1.08": {
							"post": [0, 0, 0],
							"lerp_mode": "catmullrom"
						},
						"1.12": {
							"post": [0, 0.25, 0],
							"lerp_mode": "catmullrom"
						},
						"1.16": {
							"post": [0, 0.25, 0],
							"lerp_mode": "catmullrom"
						},
						"1.2": {
							"post": [0, 0, 0],
							"lerp_mode": "catmullrom"
						},
						"1.24": {
							"post": [0, 0.25, 0],
							"lerp_mode": "catmullrom"
						},
						"1.28": {
							"post": [0, 0.25, 0],
							"lerp_mode": "catmullrom"
						},
						"1.32": {
							"post": [0, 0, 0],
							"lerp_mode": "catmullrom"
						},
						"1.36": {
							"post": [0, 0.25, 0],
							"lerp_mode": "catmullrom"
						},
						"1.4": {
							"post": [0, 0.25, 0],
							"lerp_mode": "catmullrom"
						},
						"1.44": {
							"post": [0, 0, 0],
							"lerp_mode": "catmullrom"
						}
					}
				},
				"skirt_left": {
					"rotation": {
						"0.0": {
							"post": [0, 0, 2.5],
							"lerp_mode": "catmullrom"
						}
					}
				},
				"skirt_right": {
					"rotation": {
						"0.0": {
							"post": [0, 0, -2.5],
							"lerp_mode": "catmullrom"
						}
					}
				}
			}
		},
		"animation.deltakirlia.faint": {
			"loop": "hold_on_last_frame",
			"animation_length": 3.64,
			"bones": {
				"body": {
					"rotation": {
						"0.76": {
							"pre": [0, 0, 0],
							"post": [0, 0, 0],
							"lerp_mode": "catmullrom"
						},
						"1.12": {
							"post": [-10, 0, 0],
							"lerp_mode": "catmullrom"
						}
					}
				},
				"arm_left": {
					"rotation": {
						"0.0": {
							"post": [0, 0, 52.5],
							"lerp_mode": "catmullrom"
						},
						"0.32": {
							"post": [0, 0, 45],
							"lerp_mode": "catmullrom"
						}
					}
				},
				"arm_right": {
					"rotation": {
						"0.0": {
							"post": [0, 0, -52.5],
							"lerp_mode": "catmullrom"
						},
						"0.32": {
							"post": [0, 0, -47.5],
							"lerp_mode": "catmullrom"
						}
					}
				},
				"leg_right": {
					"rotation": {
						"0.0": {
							"post": [0, 0, 0],
							"lerp_mode": "catmullrom"
						},
						"0.48": {
							"post": [-98.46, 0, 0],
							"lerp_mode": "catmullrom"
						},
						"0.68": {
							"post": [-103.46, 0, 0],
							"lerp_mode": "catmullrom"
						},
						"0.76": {
							"post": [-103.46, 0, 0],
							"lerp_mode": "catmullrom"
						},
						"1.12": {
							"post": [-78.46, 0, 0],
							"lerp_mode": "catmullrom"
						},
						"1.4": {
							"post": [-0.96, 0, 0],
							"lerp_mode": "catmullrom"
						},
						"1.48": {
							"post": [-8.46, 0, 0],
							"lerp_mode": "catmullrom"
						},
						"1.56": {
							"post": [-0.96, 0, 0],
							"lerp_mode": "catmullrom"
						}
					}
				},
				"head": {
					"rotation": {
						"0.0": {
							"post": [0, 0, 0],
							"lerp_mode": "catmullrom"
						},
						"0.2": {
							"post": [-17.5, 0, 0],
							"lerp_mode": "catmullrom"
						},
						"0.32": {
							"post": [-22.5, 0, 0],
							"lerp_mode": "catmullrom"
						},
						"0.76": {
							"post": [-22.5, 0, 0],
							"lerp_mode": "catmullrom"
						},
						"1.12": {
							"post": [-10, 0, 0],
							"lerp_mode": "catmullrom"
						},
						"1.2": {
							"post": [-4.81, 0, 0],
							"lerp_mode": "catmullrom"
						},
						"1.28": {
							"post": [-10, 0, 0],
							"lerp_mode": "catmullrom"
						},
						"3.64": {
							"post": [-10, 0, 0],
							"lerp_mode": "catmullrom"
						}
					}
				},
				"all": {
					"rotation": {
						"0.76": {
							"pre": [0, 0, 0],
							"post": [0, 0, 0],
							"lerp_mode": "catmullrom"
						},
						"1.12": {
							"post": [-80, 0, 0],
							"lerp_mode": "catmullrom"
						}
					},
					"position": {
						"0.76": {
							"pre": [0, 0, 0],
							"post": [0, 0, 0],
							"lerp_mode": "catmullrom"
						},
						"1.12": {
							"post": [0, -2, 0],
							"lerp_mode": "catmullrom"
						},
						"1.2": {
							"post": [0, -1.75, 0],
							"lerp_mode": "catmullrom"
						},
						"1.28": {
							"post": [0, -2, 0],
							"lerp_mode": "catmullrom"
						}
					}
				},
				"skirt_left": {
					"rotation": [0, 0, 20]
				},
				"skirt_right": {
					"rotation": [0, 0, -20]
				}
			}
		},
		"animation.deltakirlia.sleep": {
			"loop": true,
			"animation_length": 1.4,
			"bones": {
				"arm_left": {
					"rotation": [-90, 0, 52.5]
				},
				"arm_right": {
					"rotation": [-90, 0, -52.5]
				},
				"leg_left": {
					"rotation": [-90, 50, 0],
					"position": [1, 0, -1]
				},
				"leg_right": {
					"rotation": [-90, -50, 0],
					"position": [-1, 0, -1]
				},
				"head": {
					"rotation": {
						"0.0": {
							"post": [55, 0, 0],
							"lerp_mode": "catmullrom"
						},
						"0.68": {
							"post": [50, 0, 0],
							"lerp_mode": "catmullrom"
						},
						"1.4": {
							"post": [55, 0, 0],
							"lerp_mode": "catmullrom"
						}
					}
				},
				"all": {
					"position": [0, -5.5, 0]
				},
				"skirt_left": {
					"rotation": [0, 0, 17.5]
				},
				"skirt_right": {
					"rotation": [0, 0, -17.5]
				}
			}
		}
	},
	"geckolib_format_version": 2
}