{
	"format_version": "1.8.0",
	"animations": {
		"animation.deltabergmite.ground_idle": {
			"loop": true,
			"animation_length": 1.04,
			"bones": {
				"leg_front_left": {
					"rotation": {
						"0.0": [-15, 0, -20],
						"0.52": [-14.98637, 0.64686, -17.58508],
						"1.04": [-15, 0, -20]
					}
				},
				"leg_back_left": {
					"rotation": {
						"0.0": [15, 0, -20],
						"0.52": [14.98637, -0.64686, -17.58508],
						"1.04": [15, 0, -20]
					}
				},
				"horn_front": {
					"rotation": [2.5, 0, 0]
				},
				"leg_front_right": {
					"rotation": {
						"0.0": [-15, 0, 20],
						"0.52": [-14.98637, -0.64686, 17.58508],
						"1.04": [-15, 0, 20]
					}
				},
				"leg_back_right": {
					"rotation": {
						"0.0": [15, 0, 20],
						"0.52": [14.98637, 0.64686, 17.58508],
						"1.04": [15, 0, 20]
					}
				},
				"torso": {
					"position": {
						"0.0": {
							"post": [0, 0, 0],
							"lerp_mode": "catmullrom"
						},
						"0.52": {
							"post": [0, 0.1, 0],
							"lerp_mode": "catmullrom"
						},
						"1.04": {
							"post": [0, 0, 0],
							"lerp_mode": "catmullrom"
						}
					}
				}
			}
		},
		"animation.deltabergmite.ground_walk": {
			"loop": true,
			"animation_length": 1.04,
			"bones": {
				"torso": {
					"rotation": {
						"0.0": {
							"post": [5, 0, 0],
							"lerp_mode": "catmullrom"
						},
						"1.04": {
							"post": [5, 0, 0],
							"lerp_mode": "catmullrom"
						}
					},
					"position": {
						"0.0": {
							"post": [0, 0, 0],
							"lerp_mode": "catmullrom"
						},
						"0.52": {
							"post": [0, 0.1, 0],
							"lerp_mode": "catmullrom"
						},
						"1.04": {
							"post": [0, 0, 0],
							"lerp_mode": "catmullrom"
						}
					}
				},
				"leg_front_left": {
					"rotation": {
						"0.0": {
							"post": [20, 0, 0],
							"lerp_mode": "catmullrom"
						},
						"0.52": {
							"post": [-10, 0, 0],
							"lerp_mode": "catmullrom"
						},
						"1.04": {
							"post": [20, 0, 0],
							"lerp_mode": "catmullrom"
						}
					}
				},
				"leg_front_right": {
					"rotation": {
						"0.0": {
							"post": [-15, 0, 0],
							"lerp_mode": "catmullrom"
						},
						"0.52": {
							"post": [12.5, 0, 0],
							"lerp_mode": "catmullrom"
						},
						"1.04": {
							"post": [-15, 0, 0],
							"lerp_mode": "catmullrom"
						}
					}
				},
				"leg_back_left": {
					"rotation": {
						"0.0": {
							"post": [-17.5, 0, 0],
							"lerp_mode": "catmullrom"
						},
						"0.52": {
							"post": [17.5, 0, 0],
							"lerp_mode": "catmullrom"
						},
						"1.04": {
							"post": [-17.5, 0, 0],
							"lerp_mode": "catmullrom"
						}
					}
				},
				"leg_back_right": {
					"rotation": {
						"0.0": {
							"post": [20, 0, 0],
							"lerp_mode": "catmullrom"
						},
						"0.52": {
							"post": [-15, 0, 0],
							"lerp_mode": "catmullrom"
						},
						"1.04": {
							"post": [20, 0, 0],
							"lerp_mode": "catmullrom"
						}
					}
				}
			}
		},
		"animation.deltabergmite.blink": {
			"animation_length": 0.08333,
			"bones": {
				"eyelid_left": {
					"position": {
						"0.0": [0, 0, -0.1],
						"0.0833": [0, 0, 0]
					}
				},
				"eyelid_right": {
					"position": {
						"0.0": [0, 0, -0.1],
						"0.0833": [0, 0, 0]
					}
				}
			}
		}
	}
}