{
	"format_version": "1.8.0",
	"animations": {
		"animation.deltapidgey.ground_idle": {
			"loop": true,
			"bones": {
				"wing_right": {
					"rotation": [90, 87.5, 0],
					"position": [0, -0.5, -1]
				},
				"wing_right2": {
					"rotation": [0, -45, 0]
				},
				"wing_right3": {
					"rotation": [0, 45, 0]
				},
				"wing_left": {
					"rotation": [90, -87.5, 0],
					"position": [0, -0.5, -1]
				},
				"wing_left2": {
					"rotation": [0, 45, 0]
				},
				"wing_left3": {
					"rotation": [0, -45, 0]
				},
				"tail": {
					"rotation": ["2.5-1*math.sin(q.anim_time*90*2-20)", 0, 0]
				},
				"toe_inner_right": {
					"rotation": [0, -5, 0]
				},
				"toe_outer_right": {
					"rotation": [0, 5, 0]
				},
				"toe_inner_left": {
					"rotation": [0, 5, 0]
				},
				"toe_outer_left": {
					"rotation": [0, -5, 0]
				},
				"torso": {
					"position": [0, "0+0.1*math.sin(q.anim_time*90*1.5)", 0]
				},
				"neck": {
					"rotation": ["0-1*math.sin(q.anim_time*90*1.5-20)", 0, 0]
				},
				"head": {
					"rotation": [0, 0, 0]
				}
			}
		},
		"animation.deltapidgey.air_idle": {
			"loop": true,
			"animation_length": 5.08333,
			"bones": {
				"wing_left": {
					"rotation": ["0+Math.cos((query.anim_time-0.2)*720)*8", -5, "-15+Math.sin((q.anim_time)*90*10)*75"]
				},
				"wing_left3": {
					"rotation": [0, 0, "0+Math.sin((q.anim_time-(1.2/10))*90*10)*30"]
				},
				"tail": {
					"rotation": ["-15-4*math.sin(q.anim_time*90*8-30)", 0, 0]
				},
				"wing_left2": {
					"rotation": [0, 2.5, "0+Math.sin((q.anim_time-(1.15/10))*90*10)*30+Math.clamp(Math.sin((q.anim_time-(1.25/10))*90*10)*75, 0, 75)"]
				},
				"leg_right": {
					"rotation": [22.5, 0, 0]
				},
				"leg_right2": {
					"rotation": [-45, 0, 0]
				},
				"foot_right": {
					"rotation": [13, 0, 0]
				},
				"claw_back_right": {
					"rotation": [-45, 0, 0]
				},
				"toe_inner_right": {
					"rotation": [30, 0, 0]
				},
				"toe_outer_right": {
					"rotation": [30, 0, 0]
				},
				"claw_outer_right": {
					"rotation": [45, 0, 0]
				},
				"leg_left": {
					"rotation": [22.5, 0, 0]
				},
				"leg_left2": {
					"rotation": [-45, 0, 0]
				},
				"foot_left": {
					"rotation": [13, 0, 0]
				},
				"toe_back_left": {
					"rotation": [-45, 0, 0]
				},
				"toe_inner_left": {
					"rotation": [30, 0, 0]
				},
				"toe_outer_left": {
					"rotation": [30, 0, 0]
				},
				"body": {
					"rotation": [-10, 0, 0],
					"position": [0, "Math.sin((q.anim_time-(1.1/10))*90*10)*1", 0]
				},
				"wing_right": {
					"rotation": ["0+Math.cos((query.anim_time-0.2)*720)*8", 5, "15-Math.sin((q.anim_time)*90*10)*75"]
				},
				"wing_right3": {
					"rotation": [0, 0, "0-Math.sin((q.anim_time-(1.2/10))*90*10)*30"]
				},
				"toe_back_right": {
					"rotation": [-45, 0, 0]
				},
				"claw_inner_right": {
					"rotation": [45, 0, 0]
				},
				"claw_back_left": {
					"rotation": [-45, 0, 0]
				},
				"claw_inner_left": {
					"rotation": [45, 0, 0]
				},
				"claw_outer_left": {
					"rotation": [45, 0, 0]
				},
				"wing_right2": {
					"rotation": [0, -2.5, "-Math.sin((q.anim_time-(1.15/10))*90*10)*30-Math.clamp(Math.sin((q.anim_time-(1.25/10))*90*10)*75, 0, 75)"]
				},
				"neck": {
					"rotation": ["30+1*math.sin(q.anim_time*90*8+60)", 0, 0]
				},
				"head": {
					"rotation": ["-15+1*math.sin(q.anim_time*90*8+30)", 0, 0]
				},
				"crest": {
					"rotation": ["0-2*math.sin(q.anim_time*90*8-30)", 0, 0]
				},
				"middle": {
					"rotation": ["-18-1*math.sin(q.anim_time*70-30)", 0, 0],
					"position": [0, 2.2, -1.1]
				},
				"end": {
					"rotation": [-32.5, 0, 0],
					"position": [0, 7, -1.2]
				}
			}
		},
		"animation.deltapidgey.air_fly": {
			"loop": true,
			"animation_length": 14.75,
			"bones": {
				"wing_left": {
					"rotation": ["0.5+Math.cos((query.anim_time-0.2)*720)*8", 0, "-5+Math.sin((q.anim_time)*90*15)*75"]
				},
				"wing_left3": {
					"rotation": [0, 0, "Math.sin((q.anim_time-(1.2/15))*90*15)*30"]
				},
				"torso": {
					"rotation": [2.5, 0, 0]
				},
				"tail": {
					"rotation": {
						"0.0": ["-20+1*math.sin(q.anim_time*90*8)", 0, 0],
						"5.125": [-18.55, 0, 0],
						"14.75": ["-20+1*math.sin(q.anim_time*90*8)", 0, 0]
					}
				},
				"wing_left2": {
					"rotation": [0, 0, "Math.sin((q.anim_time-(1.15/15))*90*15)*30+Math.clamp(Math.sin((q.anim_time-(1.25/15))*90*15)*75, 0, 75)"]
				},
				"leg_right": {
					"rotation": [30, 0, 0],
					"position": [0, 0, 0]
				},
				"leg_right2": {
					"rotation": [-70, 0, 0]
				},
				"foot_right": {
					"rotation": [25, 0, 0]
				},
				"claw_back_right": {
					"rotation": [-45, 0, 0]
				},
				"toe_inner_right": {
					"rotation": [45, 0, 0]
				},
				"toe_outer_right": {
					"rotation": [45, 0, 0]
				},
				"claw_outer_right": {
					"rotation": [45, 0, 0]
				},
				"leg_left": {
					"rotation": [30, 0, 0]
				},
				"leg_left2": {
					"rotation": [-70, 0, 0]
				},
				"foot_left": {
					"rotation": [25, 0, 0]
				},
				"toe_back_left": {
					"rotation": [-60, 0, 0]
				},
				"toe_inner_left": {
					"rotation": [45, 0, 0]
				},
				"toe_outer_left": {
					"rotation": [45, 0, 0]
				},
				"body": {
					"rotation": [12.5, 0, 0],
					"position": [0, "Math.sin((q.anim_time-(1.1/15))*90*3)*1", 0]
				},
				"head": {
					"rotation": [-75, 0, 0]
				},
				"toe_back_right": {
					"rotation": [-60, 0, 0]
				},
				"claw_inner_right": {
					"rotation": [45, 0, 0]
				},
				"claw_back_left": {
					"rotation": [-45, 0, 0]
				},
				"claw_inner_left": {
					"rotation": [45, 0, 0]
				},
				"claw_outer_left": {
					"rotation": [45, 0, 0]
				},
				"wing_right": {
					"rotation": ["0.5+Math.cos((query.anim_time-0.2)*720)*8", 0, "5-Math.sin((q.anim_time)*90*15)*75"]
				},
				"wing_right3": {
					"rotation": [0, 0, "-Math.sin((q.anim_time-(1.2/15))*90*15)*30"]
				},
				"neck": {
					"rotation": ["63+1*math.sin(q.anim_time*90*2)", 0, 0]
				},
				"crest": {
					"rotation": ["0+1*math.sin(q.anim_time*90*8)", 0, 0]
				},
				"wing_right2": {
					"rotation": [0, -2.5, "-Math.sin((q.anim_time-(1.15/15))*90*15)*30-Math.clamp(Math.sin((q.anim_time-(1.25/15))*90*15)*75, 0, 75)"]
				},
				"middle": {
					"rotation": [-17.5, 0, 0],
					"position": [0, 2.2, -1.2]
				},
				"end": {
					"rotation": [-40, 0, 0],
					"position": [0, 8.9, -1.4]
				}
			}
		},
		"animation.deltapidgey.sleep": {
			"loop": true,
			"animation_length": 7.375,
			"bones": {
				"torso": {
					"rotation": ["12.5+0.4*math.sin(q.anim_time*90*1.5)", 0, 0],
					"position": [0, -1.75, 0]
				},
				"crest": {
					"rotation": [7.5, 0, 0]
				},
				"eyelid_right": {
					"position": [-0.1, 0, -0.1]
				},
				"eyelid_left": {
					"position": [0.1, 0, -0.1]
				},
				"wing_right": {
					"rotation": [90, 87.5, 0],
					"position": [0, -0.5, -1]
				},
				"wing_right2": {
					"rotation": [0, -45, 0]
				},
				"wing_right3": {
					"rotation": [0, 45, 0]
				},
				"wing_left": {
					"rotation": [90, -87.5, 0],
					"position": [0, -0.5, -1]
				},
				"wing_left2": {
					"rotation": [0, 45, 0]
				},
				"wing_left3": {
					"rotation": [0, -45, 0]
				},
				"tail": {
					"rotation": [-23.54835, 19.03771, -6.24605],
					"position": [0, 0, 0]
				},
				"toe_inner_right": {
					"rotation": [0, 5, 0]
				},
				"toe_outer_right": {
					"rotation": [0, -5, 0]
				},
				"toe_inner_left": {
					"rotation": [0, -5, 0]
				},
				"toe_outer_left": {
					"rotation": [0, 5, 0]
				},
				"middle": {
					"rotation": [-15, 47.5, 0],
					"position": [-5.7, 1.8, 1]
				},
				"end": {
					"rotation": [-25, 40, 0],
					"position": [-8.3, 5.3, 1.7]
				}
			}
		},
		"animation.deltapidgey.blink": {
			"animation_length": 0.16667,
			"bones": {
				"eyelid_right": {
					"position": {
						"0.0": [-0.1, 0, -0.1],
						"0.125": [-0.1, 0, 0],
						"0.1667": [0, 0, 0]
					}
				},
				"eyelid_left": {
					"position": {
						"0.0": [0.1, 0, -0.1],
						"0.125": [0.1, 0, 0],
						"0.1667": [0, 0, 0]
					}
				}
			}
		},
		"animation.deltapidgey.render": {
			"loop": true,
			"bones": {
				"wing_right": {
					"rotation": [20, 90, -70],
					"position": [-0.01, -0.5, -1]
				},
				"wing_right2": {
					"rotation": [0, -45, 0]
				},
				"wing_right3": {
					"rotation": [0, 45, 0]
				},
				"wing_left": {
					"rotation": [20, -90, 70],
					"position": [0.01, -0.5, -1]
				},
				"wing_left2": {
					"rotation": [0, 45, 0]
				},
				"wing_left3": {
					"rotation": [0, -45, 0]
				},
				"pidgey": {
					"rotation": [0, -12.5, 0]
				},
				"jaw": {
					"rotation": [50, 0, 0]
				},
				"tail": {
					"rotation": [50, 0, 0]
				}
			}
		}
	}
}