{
	"format_version": "1.8.0",
	"animations": {
		"animation.muk.ground_walk": {
			"loop": true,
			"animation_length": 2,
			"bones": {
				"arm_left": {
					"rotation": {
						"0.0": [32.5, 0, 15.5],
						"1.0": [45, 0, 15.5],
						"2.0": [32.5, 0, 15.5]
					}
				},
				"arm_left3": {
					"rotation": [22.5, 0, 0]
				},
				"hand_left": {
					"rotation": {
						"0.0": [45, 0, 0],
						"1.0": [2.5, 0, 0],
						"2.0": [45, 0, 0]
					}
				},
				"finger_left_middle": {
					"rotation": {
						"0.0": [12.5, 0, 0],
						"1.0": [-22.5, 0, 0],
						"2.0": [12.5, 0, 0]
					},
					"position": [0, 0, 0]
				},
				"torso2": {
					"rotation": {
						"0.0": [0, 0, 0],
						"1.0": [15, 0, 0],
						"2.0": [0, 0, 0]
					}
				},
				"head": {
					"rotation": {
						"0.0": [0, 0, 0],
						"1.0": [-7.5, 0, 0],
						"2.0": [0, 0, 0]
					}
				},
				"finger_left_index": {
					"rotation": {
						"0.0": [0, 0, 10],
						"1.0": [0, 0, -17.5],
						"2.0": [0, 0, 10]
					}
				}
			}
		},
		"animation.deltamuk.ground_walk": {
			"loop": true,
			"animation_length": 2,
			"bones": {
				"arm_left": {
					"rotation": {
						"0.0": [32.5, 0, 15.5],
						"1.0": [45, 0, 15.5],
						"2.0": [32.5, 0, 15.5]
					}
				},
				"arm_left3": {
					"rotation": [22.5, 0, 0]
				},
				"hand_left": {
					"rotation": {
						"0.0": [45, 0, 0],
						"1.0": [2.5, 0, 0],
						"2.0": [45, 0, 0]
					}
				},
				"finger_left_middle": {
					"rotation": {
						"0.0": [12.5, 0, 0],
						"1.0": [-22.5, 0, 0],
						"2.0": [12.5, 0, 0]
					},
					"position": [0, 0, 0]
				},
				"torso2": {
					"rotation": {
						"0.0": [0, 0, 0],
						"1.0": [15, 0, 0],
						"2.0": [0, 0, 0]
					}
				},
				"head": {
					"rotation": {
						"0.0": [0, 0, 0],
						"1.0": [-7.5, 0, 0],
						"2.0": [0, 0, 0]
					}
				},
				"finger_left_index": {
					"rotation": {
						"0.0": [0, 0, 10],
						"1.0": [0, 0, -17.5],
						"2.0": [0, 0, 10]
					}
				}
			}
		},
		"animation.deltamuk.ground_idle": {
			"loop": true,
			"animation_length": 2,
			"bones": {
				"arm_left": {
					"rotation": {
						"0.0": [32.5, 0, 15.5],
						"1.0": [45, 0, 15.5],
						"2.0": [32.5, 0, 15.5]
					}
				},
				"arm_left3": {
					"rotation": {
						"0.0": [22.5, 0, 0],
						"1.0": [47.5, 0, 0],
						"2.0": [22.5, 0, 0]
					}
				},
				"hand_left": {
					"rotation": {
						"0.0": [45, 0, 0],
						"1.0": [2.5, 0, 0],
						"2.0": [45, 0, 0]
					}
				},
				"finger_left_middle": {
					"rotation": {
						"0.0": [12.5, 0, 0],
						"1.0": [25, 0, 0],
						"2.0": [12.5, 0, 0]
					},
					"position": [0, 0, 0]
				},
				"torso2": {
					"rotation": {
						"0.0": [0, 0, 0],
						"1.0": [2.5, 0, 0],
						"2.0": [0, 0, 0]
					}
				},
				"head": {
					"rotation": {
						"0.0": [0, 0, 0],
						"1.0": [7.5, 0, 0],
						"2.0": [0, 0, 0]
					}
				},
				"finger_left_index": {
					"rotation": {
						"0.0": [0, 0, 10],
						"1.0": [0, 0, 10],
						"2.0": [0, 0, 10]
					}
				}
			}
		}
	}
}