{
	"format_version": "1.8.0",
	"animations": {
		"animation.deltapidgeotto.ground_idle": {
			"loop": true,
			"bones": {
				"wing_right": {
					"rotation": [90, 85, 0],
					"position": [0, -0.5, -1]
				},
				"wing_right2": {
					"rotation": [0, -37.5, 0]
				},
				"wing_right3": {
					"rotation": [0, 55, 0]
				},
				"wing_left": {
					"rotation": [90, -85, 0],
					"position": [0, -0.5, -1]
				},
				"wing_left2": {
					"rotation": [0, 40, 0]
				},
				"wing_left3": {
					"rotation": [0, -55, 0]
				},
				"tail": {
					"rotation": ["67.5-1*math.sin(q.anim_time*90*2-20)", 0, 0]
				},
				"toe_outer_left": {
					"rotation": [0, -5, 0]
				},
				"toe_inner_left": {
					"rotation": [0, 5, 0]
				},
				"toe_outer_right": {
					"rotation": [0, 5, 0]
				},
				"toe_inner_right": {
					"rotation": [0, -5, 0]
				},
				"torso": {
					"position": [0, "0+0.1*math.sin(q.anim_time*90*1.5)", 0]
				},
				"neck": {
					"rotation": ["0-1*math.sin(q.anim_time*90*1.5-20)", 0, 0]
				}
			}
		},
		"animation.deltapidgeotto.air_idle": {
			"loop": true,
			"animation_length": 3.75,
			"bones": {
				"wing_left": {
					"rotation": ["0+Math.cos((query.anim_time-0.2)*720)*4", -5, "-15+Math.sin((q.anim_time)*90*10)*50"]
				},
				"wing_left3": {
					"rotation": [0, 0, "0+Math.sin((q.anim_time-(1.2/10))*90*10)*30"]
				},
				"tail": {
					"rotation": ["40-2*math.sin(q.anim_time*90*4-30)", 0, 0]
				},
				"wing_left2": {
					"rotation": [0, 0, "0+Math.sin((q.anim_time-(1.15/10))*90*10)*30+Math.clamp(Math.sin((q.anim_time-(1.25/10))*90*10)*75, 0, 75)"]
				},
				"leg_right": {
					"rotation": [15, 0, 0],
					"position": [0, 0.5, 0.25]
				},
				"leg_right2": {
					"rotation": [-60, 0, 0]
				},
				"foot_right": {
					"rotation": [35, 0, 0]
				},
				"claw_back_right": {
					"rotation": [-45, 0, 0]
				},
				"toe_inner_right": {
					"rotation": [45, 0, 0]
				},
				"toe_outer_right": {
					"rotation": [45, 0, 0]
				},
				"claw_outer_right": {
					"rotation": [45, 0, 0]
				},
				"leg_left": {
					"rotation": [15, 0, 0],
					"position": [0, 0.5, 0.25]
				},
				"leg_left2": {
					"rotation": [-60, 0, 0]
				},
				"foot_left": {
					"rotation": [35, 0, 0]
				},
				"toe_back_left": {
					"rotation": [-45, 0, 0]
				},
				"toe_inner_left": {
					"rotation": [45, 0, 0]
				},
				"toe_outer_left": {
					"rotation": [45, 0, 0]
				},
				"body": {
					"rotation": [-10, 0, 0],
					"position": [0, "Math.sin((q.anim_time-(1.1/10))*90*3)*0.5", 0]
				},
				"wing_right": {
					"rotation": ["0+Math.cos((query.anim_time-0.2)*720)*4", 5, "15-Math.sin((q.anim_time)*90*10)*50"]
				},
				"wing_right3": {
					"rotation": [0, 0, "0-Math.sin((q.anim_time-(1.2/10))*90*10)*30"]
				},
				"toe_back_right": {
					"rotation": [-45, 0, 0]
				},
				"claw_inner_right": {
					"rotation": [45, 0, 0]
				},
				"claw_back_left": {
					"rotation": [-45, 0, 0]
				},
				"claw_inner_left": {
					"rotation": [45, 0, 0]
				},
				"claw_outer_left": {
					"rotation": [45, 0, 0]
				},
				"wing_right2": {
					"rotation": [0, 0, "-Math.sin((q.anim_time-(1.15/10))*90*10)*30-Math.clamp(Math.sin((q.anim_time-(1.25/10))*90*10)*75, 0, 75)"]
				},
				"neck": {
					"rotation": ["30+1.5*math.sin(q.anim_time*90*4+60)", 0, 0]
				},
				"head": {
					"rotation": [-15, 0, 0]
				},
				"toe_outer_left2": {
					"rotation": [30, 0, 0]
				},
				"toe_inner_left2": {
					"rotation": [30, 0, 0]
				},
				"toe_outer_right2": {
					"rotation": [30, 0, 0]
				},
				"toe_inner_right2": {
					"rotation": [30, 0, 0]
				},
				"hair2": {
					"rotation": ["0-1*math.sin(q.anim_time*90*4-30)", 0, 0]
				},
				"hair3": {
					"rotation": ["0-0.5*math.sin(q.anim_time*90*8-30)", 0, 0]
				},
				"segmentend": {
					"rotation": [-22.5, 0, 0],
					"position": [0, 8, -1.6]
				},
				"segment2": {
					"rotation": ["-27.5-1*math.sin(q.anim_time*90*4-30)", 0, 0],
					"position": [0, 7.4, -1.1]
				},
				"segment1": {
					"rotation": [-20, 0, 0],
					"position": [0, 3.9, -2.5]
				},
				"lizardtail": {
					"rotation": [0, "0-2*math.sin(q.anim_time*90*4-30)", 0],
					"position": [0, 0, -0.1]
				},
				"frontfeathers": {
					"rotation": [-23, 0, 0],
					"position": [0, -1.9, -4.5]
				},
				"backfeathers": {
					"rotation": [-17, 0, 0],
					"position": [0, 0, -3.2]
				}
			}
		},
		"animation.deltapidgeotto.air_fly": {
			"loop": true,
			"animation_length": 5.625,
			"bones": {
				"wing_left": {
					"rotation": ["0.5+Math.cos((query.anim_time-0.2)*720)*4", 0, "-5+Math.sin((q.anim_time)*90*15)*25"]
				},
				"wing_left3": {
					"rotation": [0, 0, "Math.sin((q.anim_time-(1.2/15))*90*15)*30"]
				},
				"torso": {
					"rotation": [2.5, 0, 0]
				},
				"tail": {
					"rotation": ["52.5+1*math.sin(q.anim_time*90*8)", 0, 0]
				},
				"wing_left2": {
					"rotation": [0, 0, "Math.sin((q.anim_time-(1.15/15))*90*15)*25+Math.clamp(Math.sin((q.anim_time-(1.25/15))*90*15)*25, 0, 75)"]
				},
				"leg_right": {
					"position": [0, 1, 0.25]
				},
				"leg_right2": {
					"rotation": [-60, 0, 0]
				},
				"foot_right": {
					"rotation": [35, 0, 0]
				},
				"claw_back_right": {
					"rotation": [-45, 0, 0]
				},
				"toe_inner_right": {
					"rotation": [45, 0, 0]
				},
				"toe_outer_right": {
					"rotation": [45, 0, 0]
				},
				"claw_outer_right": {
					"rotation": [45, 0, 0]
				},
				"leg_left": {
					"position": [0, 1, 0.25]
				},
				"leg_left2": {
					"rotation": [-65, 0, 0]
				},
				"foot_left": {
					"rotation": [45, 0, 0]
				},
				"toe_back_left": {
					"rotation": [-60, 0, 0]
				},
				"toe_inner_left": {
					"rotation": [45, 0, 0]
				},
				"toe_outer_left": {
					"rotation": [45, 0, 0]
				},
				"body": {
					"rotation": [12.5, 0, 0],
					"position": [0, "Math.sin((q.anim_time-(1.1/15))*90*2)*0.5", 0]
				},
				"head": {
					"rotation": [-75, 0, 0]
				},
				"toe_back_right": {
					"rotation": [-60, 0, 0]
				},
				"claw_inner_right": {
					"rotation": [45, 0, 0]
				},
				"claw_back_left": {
					"rotation": [-45, 0, 0]
				},
				"claw_inner_left": {
					"rotation": [45, 0, 0]
				},
				"claw_outer_left": {
					"rotation": [45, 0, 0]
				},
				"wing_right": {
					"rotation": ["0.5-Math.cos((query.anim_time-0.2)*720)*4", 0, "5-Math.sin((q.anim_time)*90*15)*25"]
				},
				"wing_right3": {
					"rotation": [0, 0, "-Math.sin((q.anim_time-(1.2/15))*90*15)*30"]
				},
				"neck": {
					"rotation": ["63+1*math.sin(q.anim_time*90*2)", 0, 0]
				},
				"toe_outer_left2": {
					"rotation": [60, 0, 0]
				},
				"toe_inner_left2": {
					"rotation": [60, 0, 0]
				},
				"toe_outer_right2": {
					"rotation": [60, 0, 0]
				},
				"toe_inner_right2": {
					"rotation": [60, 0, 0]
				},
				"hair2": {
					"rotation": ["0+1*math.sin(q.anim_time*90*8)", 0, 0]
				},
				"hair3": {
					"rotation": ["32.5+1*math.sin(q.anim_time*90*8)", 0, 0]
				},
				"wing_right2": {
					"rotation": [0, 0, "-Math.sin((q.anim_time-(1.15/15))*90*15)*25+Math.clamp(Math.sin((q.anim_time-(1.25/15))*90*15)*25, 0, 75)"]
				},
				"lizardtail": {
					"rotation": ["1*math.sin(q.anim_time*70*8-80)", 0, 0],
					"position": [0, 0, -0.5]
				},
				"frontfeathers": {
					"rotation": [-55, 0, 0],
					"position": [0, -0.2, -11]
				},
				"backfeathers": {
					"rotation": [-42.5, 0, 0],
					"position": [0, 2.8, -6.6]
				}
			}
		},
		"animation.deltapidgeotto.sleep": {
			"loop": true,
			"animation_length": 1.41667,
			"bones": {
				"torso": {
					"rotation": ["12.5+0.4*math.sin(q.anim_time*90*1.5)", 0, 0],
					"position": [0, -3, 0]
				},
				"crest": {
					"rotation": [7.5, 0, 0]
				},
				"eyelid_right": {
					"position": [-0.1, 0, -0.1]
				},
				"eyelid_left": {
					"position": [0.1, 0, -0.1]
				},
				"wing_right": {
					"rotation": [90, 85, 0],
					"position": [0, -0.5, -1]
				},
				"wing_right2": {
					"rotation": [0, -45, 0]
				},
				"wing_right3": {
					"rotation": [0, 55, 0]
				},
				"wing_left": {
					"rotation": [90, -85, 0],
					"position": [0, -0.5, -1]
				},
				"wing_left2": {
					"rotation": [0, 45, 0]
				},
				"wing_left3": {
					"rotation": [0, -55, 0]
				},
				"tail": {
					"rotation": [50, 0, 0]
				},
				"toe_outer_left": {
					"rotation": [0, 5, 0]
				},
				"toe_inner_left": {
					"rotation": [0, -5, 0]
				},
				"toe_outer_right": {
					"rotation": [0, -5, 0]
				},
				"toe_inner_right": {
					"rotation": [0, 5, 0]
				},
				"hair2": {
					"scale": [0.99, 1, 1]
				},
				"lizardtail": {
					"rotation": [-7.5, 15, 0],
					"position": [-1.8, 0.5, -1.5]
				},
				"segment1": {
					"rotation": [-5, 25, 0],
					"position": [-4.1, 1, 0]
				},
				"segment2": {
					"rotation": [0, 32.5, 0],
					"position": [-6.9, 0, 2.8]
				},
				"segmentend": {
					"rotation": [0, 33, 0],
					"position": [-10.4, -0.2, 2.6]
				}
			}
		},
		"animation.deltapidgeotto.blink": {
			"animation_length": 0.16667,
			"bones": {
				"eyelid_right": {
					"position": {
						"0.0": [-0.1, 0, -0.1],
						"0.125": [-0.1, 0, -0.1],
						"0.1667": [0, 0, 0]
					}
				},
				"eyelid_left": {
					"position": {
						"0.0": [0.1, 0, -0.1],
						"0.125": [0.1, 0, -0.1],
						"0.1667": [0, 0, 0]
					}
				}
			}
		}
	}
}