{
	"format_version": "1.8.0",
	"animations": {
		"animation.scyther.air_idle": {
			"loop": true,
			"bones": {
				"waist": {
					"rotation": [22.5, 0, 0]
				},
				"neck": {
					"rotation": [-20, 0, 0]
				},
				"wing_right": {
					"rotation": [15, -45, 0]
				},
				"wing_right2": {
					"rotation": [-60, 0, 0]
				},
				"wing_left": {
					"rotation": [15, 45, 0]
				},
				"wing_left2": {
					"rotation": [-60, 0, 0]
				},
				"should_right": {
					"rotation": [0, -30, -45]
				},
				"arm_right2": {
					"rotation": [0, -60, 0]
				},
				"should_left": {
					"rotation": [0, 30, 45]
				},
				"arm_left2": {
					"rotation": [0, 60, 0]
				},
				"arm_right": {
					"rotation": [-30, -15, 0]
				},
				"arm_left": {
					"rotation": [-30, 15, 0]
				},
				"body": {
					"rotation": [15, 0, 0]
				},
				"abdomen": {
					"rotation": [5, 0, 0]
				},
				"torso": {
					"rotation": [-5, 0, 0]
				},
				"head": {
					"rotation": [-15, 0, 0]
				},
				"leg_right": {
					"rotation": [-5, 5, 5]
				},
				"foot_right3": {
					"rotation": [15, 0, 0]
				},
				"leg_left": {
					"rotation": [-5, -5, -5]
				},
				"foot_left3": {
					"rotation": [15, 0, 0]
				}
			}
		},
		"animation.scyther.air_fly": {
			"loop": true,
			"bones": {
				"neck": {
					"rotation": [-15, 0, 0]
				},
				"wing_right": {
					"rotation": [0, -60, 0]
				},
				"wing_right2": {
					"rotation": [-45, 0, 0]
				},
				"wing_left": {
					"rotation": [0, 60, 0]
				},
				"wing_left2": {
					"rotation": [-45, 0, 0]
				},
				"should_right": {
					"rotation": [-15, -45, -45]
				},
				"arm_right2": {
					"rotation": [0, -60, 0]
				},
				"should_left": {
					"rotation": [-15, 45, 45]
				},
				"arm_left2": {
					"rotation": [0, 60, 0]
				},
				"arm_right": {
					"rotation": [-30, -15, 0]
				},
				"arm_left": {
					"rotation": [-30, 15, 0]
				},
				"body": {
					"rotation": [45, 0, 0]
				},
				"head": {
					"rotation": [-60, 0, 0]
				},
				"leg_right": {
					"rotation": [15, 5, 5]
				},
				"foot_right2": {
					"rotation": [15, 0, 0]
				},
				"foot_right3": {
					"rotation": [15, 0, 0]
				},
				"leg_left": {
					"rotation": [15, -5, -5]
				},
				"foot_left2": {
					"rotation": [15, 0, 0]
				},
				"foot_left3": {
					"rotation": [15, 0, 0]
				},
				"abdomen": {
					"rotation": [30, 0, 0]
				},
				"foot_right": {
					"rotation": [15, 0, 0]
				},
				"foot_left1": {
					"rotation": [15, 0, 0]
				}
			}
		},
		"animation.deltascyther.ground_idle": {
			"loop": true,
			"animation_length": 2.08,
			"bones": {
				"waist": {
					"rotation": [15, 0, 0]
				},
				"neck": {
					"rotation": [-15, 0, 0]
				},
				"wing_right": {
					"rotation": [15, -30, 0]
				},
				"wing_right2": {
					"rotation": [-30, 0, 0]
				},
				"wing_left": {
					"rotation": [15, 30, 0]
				},
				"wing_left2": {
					"rotation": [-30, 0, 0]
				},
				"should_right": {
					"rotation": {
						"0.0": {
							"post": [-1.44261, -29.96852, -42.11386],
							"lerp_mode": "catmullrom"
						},
						"1.04": {
							"post": [1.44261, -29.96852, -47.88614],
							"lerp_mode": "catmullrom"
						},
						"2.08": {
							"post": [-1.44261, -29.96852, -42.11386],
							"lerp_mode": "catmullrom"
						}
					}
				},
				"arm_right2": {
					"rotation": {
						"0.0": {
							"post": [0, -45, 0],
							"lerp_mode": "catmullrom"
						},
						"1.04": {
							"post": [-40, -45, 0],
							"lerp_mode": "catmullrom"
						},
						"2.08": {
							"post": [0, -45, 0],
							"lerp_mode": "catmullrom"
						}
					}
				},
				"should_left": {
					"rotation": {
						"0.0": {
							"post": [-1.44261, 29.96852, 42.11386],
							"lerp_mode": "catmullrom"
						},
						"1.04": {
							"post": [1.44261, 29.96852, 47.88614],
							"lerp_mode": "catmullrom"
						},
						"2.08": {
							"post": [-1.44261, 29.96852, 42.11386],
							"lerp_mode": "catmullrom"
						}
					}
				},
				"arm_left2": {
					"rotation": {
						"0.0": {
							"post": [0, 45, 0],
							"lerp_mode": "catmullrom"
						},
						"1.04": {
							"post": [-40, 45, 0],
							"lerp_mode": "catmullrom"
						},
						"2.08": {
							"post": [0, 45, 0],
							"lerp_mode": "catmullrom"
						}
					}
				},
				"abdomen": {
					"rotation": [7.5, 0, 0]
				},
				"head": {
					"rotation": {
						"0.0": {
							"post": [-17.5, 0, 0],
							"lerp_mode": "catmullrom"
						},
						"1.04": {
							"post": [-7.5, 0, 0],
							"lerp_mode": "catmullrom"
						},
						"2.08": {
							"post": [-17.5, 0, 0],
							"lerp_mode": "catmullrom"
						}
					}
				},
				"arm_right": {
					"rotation": [-30, -15, -15]
				},
				"arm_left": {
					"rotation": [-30, 15, 15]
				},
				"leg_right": {
					"rotation": {
						"0.0": [0, 10, 0],
						"1.04": [0, 0, 0],
						"2.08": [0, 10, 0]
					}
				},
				"leg_left": {
					"rotation": {
						"0.0": [0, -10, 0],
						"1.04": [0, 0, 0],
						"2.08": [0, -10, 0]
					}
				},
				"torso": {
					"rotation": {
						"0.0": {
							"post": [2.5, 0, 0],
							"lerp_mode": "catmullrom"
						},
						"1.04": {
							"post": [0, 0, 0],
							"lerp_mode": "catmullrom"
						},
						"2.08": {
							"post": [2.5, 0, 0],
							"lerp_mode": "catmullrom"
						}
					}
				},
				"leg_right2": {
					"rotation": {
						"0.0": [0, -10, 0],
						"1.04": [0, 0, 0],
						"2.08": [0, -10, 0]
					}
				},
				"leg_left2": {
					"rotation": {
						"0.0": [0, 10, 0],
						"1.04": [0, 0, 0],
						"2.08": [0, 10, 0]
					}
				}
			}
		},
		"animation.deltascyther.ground_walk": {
			"loop": true,
			"animation_length": 2.8,
			"bones": {
				"waist": {
					"rotation": [15, 0, 0]
				},
				"neck": {
					"rotation": [-15, 0, 0]
				},
				"wing_right": {
					"rotation": [15, -30, 0]
				},
				"wing_right2": {
					"rotation": [-30, 0, 0]
				},
				"wing_left": {
					"rotation": [15, 30, 0]
				},
				"wing_left2": {
					"rotation": [-30, 0, 0]
				},
				"should_right": {
					"rotation": {
						"0.0": {
							"post": [-1.44261, -29.96852, -42.11386],
							"lerp_mode": "catmullrom"
						},
						"1.04": {
							"post": [1.44261, -29.96852, -47.88614],
							"lerp_mode": "catmullrom"
						},
						"2.08": {
							"post": [-1.44261, -29.96852, -42.11386],
							"lerp_mode": "catmullrom"
						}
					}
				},
				"arm_right2": {
					"rotation": {
						"0.0": {
							"post": [0, -45, 0],
							"lerp_mode": "catmullrom"
						},
						"1.04": {
							"post": [-40, -45, 0],
							"lerp_mode": "catmullrom"
						},
						"2.08": {
							"post": [0, -45, 0],
							"lerp_mode": "catmullrom"
						}
					}
				},
				"should_left": {
					"rotation": {
						"0.0": {
							"post": [-1.44261, 29.96852, 42.11386],
							"lerp_mode": "catmullrom"
						},
						"1.04": {
							"post": [1.44261, 29.96852, 47.88614],
							"lerp_mode": "catmullrom"
						},
						"2.08": {
							"post": [-1.44261, 29.96852, 42.11386],
							"lerp_mode": "catmullrom"
						}
					}
				},
				"arm_left2": {
					"rotation": {
						"0.0": {
							"post": [0, 45, 0],
							"lerp_mode": "catmullrom"
						},
						"1.04": {
							"post": [-40, 45, 0],
							"lerp_mode": "catmullrom"
						},
						"2.08": {
							"post": [0, 45, 0],
							"lerp_mode": "catmullrom"
						}
					}
				},
				"abdomen": {
					"rotation": [7.5, 0, 0]
				},
				"head": {
					"rotation": {
						"0.0": {
							"post": [-17.5, 0, 0],
							"lerp_mode": "catmullrom"
						},
						"1.04": {
							"post": [-7.5, 0, 0],
							"lerp_mode": "catmullrom"
						},
						"2.08": {
							"post": [-17.5, 0, 0],
							"lerp_mode": "catmullrom"
						}
					}
				},
				"arm_right": {
					"rotation": [-30, -15, -15]
				},
				"arm_left": {
					"rotation": [-30, 15, 15]
				},
				"torso": {
					"rotation": {
						"0.0": {
							"post": [2.5, 0, 0],
							"lerp_mode": "catmullrom"
						},
						"1.04": {
							"post": [0, 0, 0],
							"lerp_mode": "catmullrom"
						},
						"2.08": {
							"post": [2.5, 0, 0],
							"lerp_mode": "catmullrom"
						}
					}
				},
				"leg_right2": {
					"rotation": {
						"0.0": [-40, 0, 0],
						"1.04": [-2.5, 0, 0],
						"2.08": [-2.5, 0, 0],
						"2.8": [-40, 0, 0]
					}
				},
				"leg_left2": {
					"rotation": {
						"1.04": [-2.5, 0, 0],
						"1.56": [-27.5, 0, 0],
						"2.04": [-2.5, 0, 0]
					}
				},
				"body": {
					"rotation": {
						"0.0": [7.5, 0, 0],
						"1.04": [2.5, 0, 0],
						"1.6": [7.5, 0, 0],
						"2.08": [2.5, 0, 0],
						"2.64": [7.5, 0, 0]
					}
				},
				"foot_right2": {
					"rotation": {
						"0.28": [25, 0, 0],
						"1.04": [2.5, 0, 0],
						"2.08": [2.5, 0, 0],
						"2.8": [25, 0, 0]
					}
				},
				"foot_left1": {
					"rotation": [-15, 0, 0]
				},
				"foot_left2": {
					"rotation": {
						"1.04": [17.5, 0, 0],
						"1.56": [25, 0, 0],
						"2.04": [17.5, 0, 0]
					}
				}
			}
		},
		"animation.deltascyther.blink": {
			"animation_length": 0.1667,
			"bones": {
				"eyelid_right": {
					"position": {
						"0.0": [-0.1, 0, -0.1],
						"0.125": [-0.1, 0, -0.1],
						"0.1667": [0, 0, 0]
					}
				},
				"eyelid_left": {
					"position": {
						"0.0": [0.1, 0, -0.1],
						"0.125": [0.1, 0, -0.1],
						"0.1667": [0, 0, 0]
					}
				}
			}
		}
	}
}