{
	"format_version": "1.8.0",
	"animations": {
		"animation.deltaweezing.ground_idle": {
			"loop": true,
			"bones": {
				"body": {
					"rotation": [
						"5+math.sin(q.anim_time*90*5)*0.5+math.sin(q.anim_time*90*3)*1",
						"math.sin(q.anim_time*90*1)*2",
						"math.sin(q.anim_time*90*4+180)*0.5+math.sin(q.anim_time*90*3)*1"
					],
					"position": [0, "math.sin(q.anim_time*90*1)*0.25+math.sin(q.anim_time*90*2)*0.5", 0]
				}
			}
		},
		"animation.deltaweezing.ground_walk": {
			"loop": true,
			"bones": {
				"body": {
					"rotation": ["15+math.sin(q.anim_time*90*3)*2", "math.sin(q.anim_time*90*0.5)*2", "math.sin(q.anim_time*90*2.5+180)*1.5+math.sin(q.anim_time*90*1.5)*3"],
					"position": [
						0,
						"math.sin(q.anim_time*90*0.5*1.5)*0.5/2+math.sin(q.anim_time*90*1*1.5)*1/2+math.sin(q.anim_time*90*2*1.5+90)*2/2",
						"math.sin(q.anim_time*90*2*1.5)*1/2"
					]
				}
			}
		}
	}
}