{
	"format_version": "1.8.0",
	"animations": {
		"pose": {
			"loop": true,
			"bones": {
				"neck_right": {
					"rotation": [69.63695, 39.24924, -9.12323]
				},
				"neck_right2": {
					"rotation": [-20, 0, 0]
				},
				"head2": {
					"rotation": [-4.76968, -1.50179, -17.43745]
				},
				"jaw2": {
					"rotation": [0, 0, 0]
				},
				"leg_right": {
					"rotation": [22.5, 35, 0]
				},
				"leg_right2": {
					"rotation": [-35, 0, 0]
				},
				"foot_right": {
					"rotation": [12.5, 0, 0]
				},
				"toe_right": {
					"rotation": [0, -17.5, 0]
				},
				"toe_right4": {
					"rotation": [0, 17.5, 0]
				},
				"tail": {
					"rotation": [32.5, 0, 0]
				},
				"hair_left": {
					"rotation": [-25, 0, 15]
				},
				"hair_left2": {
					"rotation": [-32.5, 0, 0]
				},
				"hair_right": {
					"rotation": [-37.5, 0, -22.5]
				},
				"hair_right2": {
					"rotation": [-27.5, 0, 0]
				},
				"neck_left": {
					"rotation": [65, -57.5, 0]
				},
				"neck_left2": {
					"rotation": [-18.07779, 14.2906, -4.60659]
				},
				"head3": {
					"rotation": [-3.31914, -14.63639, 12.92638]
				},
				"hair_left3": {
					"rotation": [-20, 0, -7.5]
				},
				"hair_left4": {
					"rotation": [-15, 0, 0]
				},
				"hair_right3": {
					"rotation": [-35, 0, 10]
				},
				"hair_right4": {
					"rotation": [-7.5, 0, 0]
				},
				"neck": {
					"rotation": [22.5, 0, 0]
				},
				"neck2": {
					"rotation": [-12.5, 0, 0]
				},
				"head4": {
					"rotation": [-10, 0, 0]
				},
				"jaw4": {
					"rotation": [40, 0, 0]
				},
				"hair_left5": {
					"rotation": [-27.5, 0, -5]
				},
				"hair_left6": {
					"rotation": [-25, 0, 0]
				},
				"hair_right5": {
					"rotation": [-35, 0, 7.5]
				},
				"hair_right6": {
					"rotation": [-32.5, 0, 0]
				}
			}
		},
		"animation.deltadodrio.ground_idle": {
			"loop": true,
			"bones": {
				"body": {
					"position": [0, -1.5, 0]
				},
				"tail": {
					"rotation": [30, 0, 0]
				},
				"neck_right": {
					"rotation": [77.5, 47.5, 0]
				},
				"neck_right2": {
					"rotation": [-37.5, 0, 0]
				},
				"head2": {
					"rotation": [-13.11321, "-33.6441+math.sin(q.anim_time*90*0.5-120)*6", 10.27206]
				},
				"hair_left": {
					"rotation": [-30, 0, 10]
				},
				"hair_left2": {
					"rotation": [-17.5, 0, 0]
				},
				"hair_right": {
					"rotation": [-30, 0, -10]
				},
				"hair_right2": {
					"rotation": [-17.5, 0, 0]
				},
				"neck_left": {
					"rotation": [80, -47.5, 0]
				},
				"neck_left2": {
					"rotation": [-37.5, 0, 0]
				},
				"head3": {
					"rotation": [-13.11321, "33.6441+math.sin(q.anim_time*90*0.5-70)*6", -10.27206]
				},
				"hair_left3": {
					"rotation": [-30, 0, -10]
				},
				"hair_left4": {
					"rotation": [-17.5, 0, 0]
				},
				"hair_right3": {
					"rotation": [-30, 0, 10]
				},
				"hair_right4": {
					"rotation": [-17.5, 0, 0]
				},
				"neck": {
					"rotation": [55, 0, 0],
					"position": [0, 0, -2]
				},
				"neck2": {
					"rotation": [-22.5, 0, 0]
				},
				"head4": {
					"rotation": [-27.30237, "4.1014+math.sin(q.anim_time*90*0.5-90)*6", -2.86701]
				},
				"hair_left5": {
					"rotation": [-25, 0, -12.5]
				},
				"hair_left6": {
					"rotation": [-22.5, 0, 0]
				},
				"hair_right5": {
					"rotation": [-25, 0, 12.5]
				},
				"hair_right6": {
					"rotation": [-22.5, 0, 0]
				},
				"leg_right": {
					"rotation": [27.5, 12.5, 0]
				},
				"leg_right2": {
					"rotation": [-57.5, 0, 0]
				},
				"foot_right": {
					"rotation": [30, 0, 0]
				},
				"leg_left": {
					"rotation": [27.5, -12.5, 0]
				},
				"leg_left2": {
					"rotation": [-57.5, 0, 0]
				},
				"foot_left": {
					"rotation": [30, 0, 0]
				}
			}
		},
		"animation.deltadodrio.ground_walk": {
			"loop": true,
			"animation_length": 3.08,
			"bones": {
				"neck_right": {
					"rotation": {
						"0.0": {
							"post": [69.63695, 39.24924, -9.12323],
							"lerp_mode": "catmullrom"
						}
					}
				},
				"neck_right2": {
					"rotation": {
						"0.0": {
							"post": [-20, 0, 0],
							"lerp_mode": "catmullrom"
						}
					}
				},
				"head2": {
					"rotation": [-4.76968, -1.50179, -17.43745]
				},
				"jaw2": {
					"rotation": [0, 0, 0]
				},
				"leg_right": {
					"rotation": {
						"0.0": {
							"post": [20, 0, 0],
							"lerp_mode": "catmullrom"
						},
						"0.52": {
							"post": [-15.22074, 9.65594, -2.61298],
							"lerp_mode": "catmullrom"
						},
						"1.56": {
							"post": [20, 0, 0],
							"lerp_mode": "catmullrom"
						},
						"3.12": {
							"post": [20, 0, 0],
							"lerp_mode": "catmullrom"
						}
					}
				},
				"leg_right2": {
					"rotation": {
						"0.0": {
							"post": [-27.5, 0, 0],
							"lerp_mode": "catmullrom"
						},
						"0.52": {
							"post": [-33.75, 0, 0],
							"lerp_mode": "catmullrom"
						},
						"1.04": {
							"post": [-5, 0, 0],
							"lerp_mode": "catmullrom"
						},
						"1.56": {
							"post": [-27.5, 0, 0],
							"lerp_mode": "catmullrom"
						},
						"3.12": {
							"post": [-27.5, 0, 0],
							"lerp_mode": "catmullrom"
						}
					}
				},
				"foot_right": {
					"rotation": {
						"0.0": {
							"post": [7.5, 0, 0],
							"lerp_mode": "catmullrom"
						},
						"1.04": {
							"post": [5, 0, 0],
							"lerp_mode": "catmullrom"
						},
						"1.56": {
							"post": [7.5, 0, 0],
							"lerp_mode": "catmullrom"
						},
						"3.12": {
							"post": [7.5, 0, 0],
							"lerp_mode": "catmullrom"
						}
					}
				},
				"toe_right": {
					"rotation": [0, -17.5, 0]
				},
				"toe_right4": {
					"rotation": {
						"0.0": {
							"post": [0, 17.5, 0],
							"lerp_mode": "catmullrom"
						}
					}
				},
				"tail": {
					"rotation": [32.5, 0, 0]
				},
				"hair_left": {
					"rotation": [-25, 0, 15]
				},
				"hair_left2": {
					"rotation": [-32.5, 0, 0]
				},
				"hair_right": {
					"rotation": [-37.5, 0, -22.5]
				},
				"hair_right2": {
					"rotation": [-27.5, 0, 0]
				},
				"neck_left": {
					"rotation": [65, -57.5, 0]
				},
				"neck_left2": {
					"rotation": [-18.07779, 14.2906, -4.60659]
				},
				"head3": {
					"rotation": [-3.31914, -14.63639, 12.92638]
				},
				"hair_left3": {
					"rotation": [-20, 0, -7.5]
				},
				"hair_left4": {
					"rotation": [-15, 0, 0]
				},
				"hair_right3": {
					"rotation": [-35, 0, 10]
				},
				"hair_right4": {
					"rotation": [-7.5, 0, 0]
				},
				"neck": {
					"rotation": {
						"0.0": {
							"post": [65, 0, 0],
							"lerp_mode": "catmullrom"
						},
						"0.52": {
							"post": [72.5, 0, 0],
							"lerp_mode": "catmullrom"
						},
						"1.56": {
							"post": [65, 0, 0],
							"lerp_mode": "catmullrom"
						},
						"2.08": {
							"post": [77.5, 0, 0],
							"lerp_mode": "catmullrom"
						},
						"3.12": {
							"post": [65, 0, 0],
							"lerp_mode": "catmullrom"
						}
					}
				},
				"neck2": {
					"rotation": {
						"0.0": {
							"post": [-25, 0, 0],
							"lerp_mode": "catmullrom"
						},
						"0.52": {
							"post": [-32.5, 0, 0],
							"lerp_mode": "catmullrom"
						},
						"1.56": {
							"post": [-25, 0, 0],
							"lerp_mode": "catmullrom"
						},
						"2.08": {
							"post": [-35, 0, 0],
							"lerp_mode": "catmullrom"
						},
						"3.12": {
							"post": [-25, 0, 0],
							"lerp_mode": "catmullrom"
						}
					}
				},
				"head4": {
					"rotation": {
						"0.0": {
							"post": [-40, 0, 0],
							"lerp_mode": "catmullrom"
						},
						"1.56": {
							"post": [-40, 0, 0],
							"lerp_mode": "catmullrom"
						},
						"2.08": {
							"post": [-55, 0, 0],
							"lerp_mode": "catmullrom"
						},
						"3.12": {
							"post": [-40, 0, 0],
							"lerp_mode": "catmullrom"
						}
					}
				},
				"jaw4": {
					"rotation": {
						"0.0": {
							"post": [0, 0, 0],
							"lerp_mode": "catmullrom"
						},
						"1.56": {
							"post": [0, 0, 0],
							"lerp_mode": "catmullrom"
						},
						"3.12": {
							"post": [0, 0, 0],
							"lerp_mode": "catmullrom"
						}
					}
				},
				"hair_left5": {
					"rotation": [-27.5, 0, -5]
				},
				"hair_left6": {
					"rotation": [-25, 0, 0]
				},
				"hair_right5": {
					"rotation": [-35, 0, 7.5]
				},
				"hair_right6": {
					"rotation": [-32.5, 0, 0]
				},
				"body": {
					"position": {
						"0.0": {
							"post": [0, -0.6, 0],
							"lerp_mode": "catmullrom"
						},
						"0.52": {
							"post": [0, -0.7, 0],
							"lerp_mode": "catmullrom"
						},
						"1.56": {
							"post": [0, -0.5, 0],
							"lerp_mode": "catmullrom"
						},
						"2.08": {
							"post": [0, -0.63, 0],
							"lerp_mode": "catmullrom"
						},
						"3.12": {
							"post": [0, -0.6, 0],
							"lerp_mode": "catmullrom"
						}
					}
				},
				"torso": {
					"rotation": {
						"0.0": {
							"post": [0, 0, 0],
							"lerp_mode": "catmullrom"
						},
						"0.52": {
							"post": [12.5, 0, 0],
							"lerp_mode": "catmullrom"
						},
						"1.56": {
							"post": [0, 0, 0],
							"lerp_mode": "catmullrom"
						},
						"2.08": {
							"post": [22.5, 0, 0],
							"lerp_mode": "catmullrom"
						},
						"2.6": {
							"post": [0, 0, 0],
							"lerp_mode": "catmullrom"
						}
					}
				},
				"leg_left": {
					"rotation": {
						"0.0": {
							"post": [20, 0, 0],
							"lerp_mode": "catmullrom"
						},
						"1.56": {
							"post": [20, 0, 0],
							"lerp_mode": "catmullrom"
						},
						"2.08": {
							"post": [-32.89875, -8.42145, 5.41207],
							"lerp_mode": "catmullrom"
						},
						"3.12": {
							"post": [20, 0, 0],
							"lerp_mode": "catmullrom"
						}
					}
				},
				"leg_left2": {
					"rotation": {
						"0.0": {
							"post": [-27.5, 0, 0],
							"lerp_mode": "catmullrom"
						},
						"1.56": {
							"post": [-27.5, 0, 0],
							"lerp_mode": "catmullrom"
						},
						"2.08": {
							"post": [-11.25, 0, 0],
							"lerp_mode": "catmullrom"
						},
						"2.6": {
							"post": [-15, 0, 0],
							"lerp_mode": "catmullrom"
						},
						"3.12": {
							"post": [-27.5, 0, 0],
							"lerp_mode": "catmullrom"
						}
					}
				},
				"foot_left": {
					"rotation": {
						"0.0": {
							"post": [7.5, 0, 0],
							"lerp_mode": "catmullrom"
						},
						"1.56": {
							"post": [7.5, 0, 0],
							"lerp_mode": "catmullrom"
						},
						"2.08": {
							"post": [27.5, 0, 0],
							"lerp_mode": "catmullrom"
						},
						"2.6": {
							"post": [21.25, 0, 0],
							"lerp_mode": "catmullrom"
						},
						"3.12": {
							"post": [7.5, 0, 0],
							"lerp_mode": "catmullrom"
						}
					}
				}
			}
		},
		"animation.deltadodrio.blink1": {
			"animation_length": 0.16667
		},
		"animation.deltadodrio.blink2": {
			"animation_length": 0.29167
		},
		"animation.deltadodrio.blink3": {
			"animation_length": 1.5
		},
		"animation.dodrio.cry": {
			"animation_length": 1.5,
			"bones": {
				"head": {
					"rotation": {
						"0.0": [0, 0, 0],
						"0.25": [-15, 0, 0],
						"1.25": [-15, 0, 0],
						"1.5": [0, 0, 0]
					}
				},
				"jaw": {
					"rotation": {
						"0.0": [0, 0, 0],
						"0.25": [25, 0, 0],
						"1.25": [25, 0, 0],
						"1.5": [0, 0, 0]
					}
				},
				"head2": {
					"rotation": {
						"0.0": [0, 0, 0],
						"0.25": [-15, 0, 0],
						"1.25": [-15, 0, 0],
						"1.5": [0, 0, 0]
					}
				},
				"jaw2": {
					"rotation": {
						"0.0": [0, 0, 0],
						"0.25": [25, 0, 0],
						"1.25": [25, 0, 0],
						"1.5": [0, 0, 0]
					}
				},
				"head3": {
					"rotation": {
						"0.0": [0, 0, 0],
						"0.25": [-15, 0, 0],
						"1.25": [-15, 0, 0],
						"1.5": [0, 0, 0]
					}
				},
				"jaw3": {
					"rotation": {
						"0.0": [0, 0, 0],
						"0.25": [25, 0, 0],
						"1.25": [25, 0, 0],
						"1.5": [0, 0, 0]
					}
				},
				"head4": {
					"rotation": {
						"0.0": [0, 0, 0],
						"0.25": [-15, 0, 0],
						"1.25": [-15, 0, 0],
						"1.5": [0, 0, 0]
					}
				},
				"jaw4": {
					"rotation": {
						"0.0": [0, 0, 0],
						"0.25": [25, 0, 0],
						"1.25": [25, 0, 0],
						"1.5": [0, 0, 0]
					}
				}
			}
		}
	},
	"geckolib_format_version": 2
}