{
	"format_version": "1.8.0",
	"animations": {
		"animation.deltasquirtle.ground_idle": {
			"loop": true,
			"bones": {
				"torso": {
					"rotation": [5, 0, 0],
					"position": [0, "-0.15*(math.sin(q.anim_time*90*4-90)*1+1)", 0]
				},
				"tail": {
					"rotation": [0, "4*(math.sin(q.anim_time*90*4)*1)+4*(math.sin(q.anim_time*90*4/2)*1)", 0]
				},
				"head_angle": {
					"rotation": [-4.95744, 0.65182, 7.47178]
				},
				"arm_left": {
					"rotation": [1.71287, 53.61295, "10.9585-5*(math.sin(q.anim_time*90*4)*1+1)"]
				},
				"arm_right": {
					"rotation": [24.23642, -53.2396, "-12.0885+5*(math.sin(q.anim_time*90*4)*1+1)"]
				},
				"leg_left": {
					"rotation": [-17.5, 0, -17.5],
					"position": [0, 0, 0.5]
				},
				"leg_right": {
					"rotation": [0, 0, 10],
					"position": [0, 0, 0.5]
				},
				"body": {
					"rotation": [0, 0, -10],
					"position": [0, 0.5, 0]
				}
			}
		},
		"animation.deltasquirtle.ground_walk": {
			"loop": true,
			"bones": {
				"tail": {
					"rotation": [0, "math.sin(query.anim_time*90*4-90)*10", 0]
				},
				"arm_left": {
					"rotation": [15.93767, "55.0427+math.sin(query.anim_time*90*4+90)*10", "10.8145-math.sin(query.anim_time*90*4+20)*10"]
				},
				"arm_right": {
					"rotation": [30.61925, "-77.9877-math.sin(query.anim_time*90*4+90+180)*10", "-11.9991+math.sin(query.anim_time*90*4+20+180)*10"]
				},
				"leg_left": {
					"rotation": [
						"-math.clamp(math.sin(query.anim_time*90*4+45)*10,-15,14)+math.clamp(-math.sin(query.anim_time*90*4+180)*12,5,12)-16.6508",
						"-2.7701+math.clamp(-math.sin(query.anim_time*90*4+180*1)*7.5,0,10)+math.clamp(-math.sin(query.anim_time*90*4+90+180*1)*3,0,10)-math.clamp(math.sin(query.anim_time*90*4+20)*25,0,30)",
						-7.02185
					],
					"position": [
						0,
						"-math.clamp(-math.sin(query.anim_time*90*4+20)*0.4,0.3,3)+math.clamp(-math.sin(query.anim_time*90*4-30+180)*0.8,0.5,1)+math.clamp(-math.sin(query.anim_time*90*4-35)*2,1,2)-1.5",
						"-math.clamp(math.sin(query.anim_time*90*4)*0.2,-0.5,1)-math.clamp(math.sin(query.anim_time*90*4)*0.4,-0.8,0)-0.1"
					]
				},
				"leg_right": {
					"rotation": [
						"-math.clamp(math.sin(query.anim_time*90*4+45+180)*10,-15,14)+math.clamp(-math.sin(query.anim_time*90*4+180*2)*12,5,12)-17.187",
						"3.8791-math.clamp(-math.sin(query.anim_time*90*4+180*2)*7.5,0,10)-math.clamp(-math.sin(query.anim_time*90*4+90+180*2)*3,0,10)+math.clamp(math.sin(query.anim_time*90*4+20+180)*25,0,30)",
						9.22404
					],
					"position": [
						0,
						"-math.clamp(-math.sin(query.anim_time*90*4+20+180)*0.4,0.3,3)+math.clamp(-math.sin(query.anim_time*90*4-30)*0.8,0.5,1)+math.clamp(-math.sin(query.anim_time*90*4-35+180)*2,1,2)-1.5",
						"-math.clamp(math.sin(query.anim_time*90*4+180)*0.2,-0.5,1)-math.clamp(math.sin(query.anim_time*90*4+180)*0.4,-0.8,0)-0.1"
					]
				},
				"body": {
					"rotation": [
						"math.clamp(math.sin(query.anim_time*180*4/2+20)*1,0.2,2)+math.clamp(-math.sin(query.anim_time*180*4/2+20)*1,0.2,2)+21",
						"math.sin(query.anim_time*90*4+20)*10",
						"math.sin(query.anim_time*90*4+20)*2"
					],
					"position": [
						0,
						"-math.clamp(math.sin(-query.anim_time*90*4+45/2)*0.6,0.1,1)-math.clamp(math.sin(-query.anim_time*90*4+45/2+180)*0.6,0.1,1)+0.7",
						"-math.clamp(math.sin(query.anim_time*90*4)*0.7,0.1,0.6)-math.clamp(math.sin(-query.anim_time*90*4)*0.7,0.1,0.6)+0.2"
					]
				},
				"head": {
					"rotation": [
						"-math.clamp(math.sin(query.anim_time*180*4/2+20)*1,0.2,2)-math.clamp(-math.sin(query.anim_time*180*4/2+20)*1,0.2,2)-1",
						"-math.sin(query.anim_time*90*4+20)*8",
						"-math.sin(query.anim_time*90*4+20)*2"
					]
				},
				"head_angle": {
					"rotation": [-15, 0, 0]
				}
			}
		},
		"animation.deltasquirtle.water_idle": {
			"loop": true,
			"bones": {
				"tail": {
					"rotation": [
						"-100+math.clamp(math.sin(q.anim_time*90*2-25)*1,0,2)+math.clamp(math.sin(q.anim_time*90*2-25)*1,-2,0)",
						0,
						"4*(math.sin(q.anim_time*90*2)*1)+2*(math.sin(q.anim_time*90*2/3)*1)"
					]
				},
				"head_angle": {
					"rotation": [2.5, 0, 0]
				},
				"arm_left": {
					"rotation": [
						0,
						"10+math.clamp(math.sin(q.anim_time*90*2+90)*3,0,1)+math.clamp(math.sin(q.anim_time*90*2+90)*5,0,6)+math.clamp(math.sin(q.anim_time*90*2+90)*3,-1,0)+math.clamp(math.sin(q.anim_time*90*2+90)*4,-4,-0)",
						-30
					],
					"position": [-2, -1, 0]
				},
				"arm_right": {
					"rotation": [
						0,
						"-10-math.clamp(math.sin(q.anim_time*90*2+90)*3,0,1)-math.clamp(math.sin(q.anim_time*90*2+90)*5,0,6)-math.clamp(math.sin(q.anim_time*90*2+90)*3,-1,0)-math.clamp(math.sin(q.anim_time*90*2+90)*4,-4,-0)",
						30
					],
					"position": [2, -1, 0]
				},
				"leg_left": {
					"rotation": [
						"-10-math.clamp(math.sin(q.anim_time*90*2+70)*3,0,1)-math.clamp(math.sin(q.anim_time*90*2+70)*5,0,6)-math.clamp(math.sin(q.anim_time*90*2+70)*3,-1,0)-math.clamp(math.sin(q.anim_time*90*2+70)*4,-4,-0)",
						0,
						-40
					]
				},
				"leg_right": {
					"rotation": [
						"-10-math.clamp(math.sin(q.anim_time*90*2+70)*3,0,1)-math.clamp(math.sin(q.anim_time*90*2+70)*5,0,6)-math.clamp(math.sin(q.anim_time*90*2+70)*3,-1,0)-math.clamp(math.sin(q.anim_time*90*2+70)*4,-4,-0)",
						0,
						40
					]
				},
				"body": {
					"rotation": ["89.5-math.clamp(math.sin(q.anim_time*90*2+80)*2,0,2)-math.clamp(math.sin(q.anim_time*90*2+80)*2,-2,0)", 0, 0],
					"position": [0, -3, 0]
				},
				"head_correction": {
					"rotation": [90, 0, 0]
				},
				"head": {
					"rotation": ["-180+math.clamp(math.sin(q.anim_time*90*2+25)*2,0,2)+math.clamp(math.sin(q.anim_time*90*2+25)*2,-2,0)", 0, 0],
					"position": [0, 1, -3.5]
				},
				"leftribbon": {
					"rotation": [60, 0, 0],
					"position": [0, 1, 1]
				},
				"rightribbon": {
					"rotation": [60, 0, 0],
					"position": [0, 1, 1]
				},
				"cape": {
					"rotation": [52.5, 0, 0]
				}
			}
		},
		"animation.deltasquirtle.water_swim": {
			"loop": true,
			"bones": {
				"tail": {
					"rotation": [-100, 0, "-math.sin(q.anim_time*90*4*3+20)*3"]
				},
				"head_angle": {
					"rotation": [2.5, 0, 0]
				},
				"arm_left": {
					"rotation": [-4.76968, -1.50179, "-67.4376-(math.sin(q.anim_time*90*4*2+90)*1-1)*2"]
				},
				"arm_right": {
					"rotation": [-4.83045, 1.29256, "64.9455+(math.sin(q.anim_time*90*4*2+90)*1-1)*2"]
				},
				"leg_left": {
					"rotation": [0, 0, "-40-(math.sin(q.anim_time*90*4*3+90)*1-1)*20"]
				},
				"leg_right": {
					"rotation": [0, 0, "40+(math.sin(q.anim_time*90*4*3+90)*1-1)*20"]
				},
				"body": {
					"rotation": [90, "-math.sin(q.anim_time*90*4*4+90)*1.5", "math.sin(q.anim_time*90*4*4+90)*0.5"],
					"position": [
						0,
						"-3+math.clamp(math.sin(q.anim_time*90*4)*0.2,0,1)+math.clamp(math.sin(q.anim_time*90*4)*0.3,-1,0)",
						"-math.sin(q.anim_time*90*4*2+90)*0.2"
					]
				},
				"head_correction": {
					"rotation": [90, 0, 0]
				},
				"head": {
					"rotation": [-180, 0, 0],
					"position": [0, 1, -3.5]
				},
				"leftribbon": {
					"rotation": [55, 0, 0],
					"position": [0, 1, 0]
				},
				"rightribbon": {
					"rotation": [55, 0, 0],
					"position": [0, 1, 0]
				},
				"cape": {
					"rotation": [42.5, 0, 0]
				}
			}
		},
		"animation.deltasquirtle.sleep": {
			"loop": true,
			"bones": {
				"body": {
					"rotation": [82.5, 0, 0],
					"position": [0, -4.75, 0]
				},
				"torso": {
					"rotation": [0, "math.sin(q.anim_time*90*1.5/2)*1", 0]
				},
				"neck": {
					"position": [-0.25, 0, 0]
				},
				"eyelid_right": {
					"position": [-0.1, 0, -0.1]
				},
				"eyelid_left": {
					"position": [0.1, 0, -0.1]
				},
				"tail": {
					"rotation": [-105, 0, "(math.sin(q.anim_time*90*2)*1)+(math.sin(q.anim_time*90*2/1)*1)"]
				},
				"arm_right": {
					"rotation": ["-16.75-math.sin(q.anim_time*90*1.5/2)*1.25", -22, "85.75-math.sin(q.anim_time*90*1.5/2)*0.25"],
					"position": [0, -0.75, 0]
				},
				"arm_left": {
					"rotation": ["18.75+math.sin(q.anim_time*90*1.5/2)*1.25", 33.25, "-116.5+math.sin(q.anim_time*90*1.5/2)*0.25"],
					"position": [0, -0.75, 0]
				},
				"leg_right": {
					"rotation": [0, -7.5, -10]
				},
				"leg_left": {
					"rotation": [0, 7.5, 7.5]
				},
				"head": {
					"rotation": [-27.15846, 18.26883, -13.36473],
					"position": [0, 0.75, 0]
				},
				"leftribbon": {
					"rotation": [-102.25294, -38.3808, 109.27896],
					"position": [-0.5, 0, 0]
				},
				"rightribbon": {
					"rotation": [142.83218, 77.52294, 143.48927],
					"position": [0.4, 0, 0]
				},
				"cape": {
					"rotation": [122.5, 0, 0],
					"position": [0, -0.5, 0.6]
				}
			}
		},
		"animation.deltasquirtle.faint": {
			"loop": true,
			"animation_length": 3,
			"bones": {
				"torso": {
					"rotation": {
						"0.0": [25, 0, 0],
						"0.05": [-32.5, 0, 0],
						"0.15": [-87.5, 0, 0],
						"0.3": [-112.5, 0, 0],
						"0.4": [-125, 0, 0],
						"0.6": [-127.5, 0, 0],
						"0.7": [-112.5, 0, 0],
						"0.9": [-87.5, 0, 0],
						"1.2": [-67.67352, 2.86313, -6.93488],
						"1.7": [-56.26333, 8.02063, -18.37698],
						"1.9": [-69.76, 4.81, -11.03],
						"1.95": [-90, 0, 0],
						"2.0": [-109.85932, 2.24944, 7.15656],
						"2.05": [-90, 0, 0]
					},
					"position": {
						"0.0": [0, "-0.15*(math.sin(q.anim_time*90*4-90)*1+1)", -1],
						"0.05": [0, "-1-0.15*(math.sin(q.anim_time*90*4-90)*1+1)", 2],
						"0.15": [0, "-4-0.15*(math.sin(q.anim_time*90*4-90)*1+1)", 5],
						"0.3": [0, -4.21, 5.86],
						"0.6": [0, -4.21, 5.86],
						"1.2": [0, -4.26, 4],
						"1.7": [0, -4.26, 4],
						"1.95": [0, -4.2, 5]
					}
				},
				"tail": {
					"rotation": {
						"0.0": [0, "4*(math.sin(q.anim_time*90*4)*1)+4*(math.sin(q.anim_time*90*4/2)*1)", 0],
						"0.3": [-115, "0+4*(math.sin(q.anim_time*90*4)*1)+4*(math.sin(q.anim_time*90*4/2)*1)", 0],
						"0.6": [-75, 1.45, 0],
						"1.2": [-146.14, 1.45, 0],
						"1.7": [-163.41, -3.54, 0],
						"1.9": [-142.75, -2.58, 0],
						"1.95": [-106.33, -2.34, 0],
						"2.0": [-76.91, -1.17, 0],
						"2.05": [-107.5, "4*(math.sin(q.anim_time*90*4)*1)+4*(math.sin(q.anim_time*90*4/2)*1)", 0]
					}
				},
				"arm_left": {
					"rotation": {
						"0.0": [43.06829, 46.87879, "63.4697-5*(math.sin(q.anim_time*90*4)*1+1)"],
						"0.1": [-76.06816, -18.03032, "-40.4253-5*(math.sin(q.anim_time*90*4)*1+1)"],
						"0.2": [-86.34703, 35.48522, 30.51399],
						"0.35": [-91.15354, -7.55654, "-34.3873-5*(math.sin(q.anim_time*90*4)*1+1)"],
						"0.5": [-86.18006, 32.65835, "1.2938-5*(math.sin(q.anim_time*90*4)*1+1)"],
						"0.8": [-116.99529, -23.03154, "56.3223-5*(math.sin(q.anim_time*90*4)*1+1)"],
						"1.0": [-101.20146, 58.2927, "69.3285-5*(math.sin(q.anim_time*90*4)*1+1)"],
						"1.1": [-124.10748, 79.50927, "45.231-5*(math.sin(q.anim_time*90*4)*1+1)"],
						"1.2": [-105.83354, 68.02495, "64.1564-5*(math.sin(q.anim_time*90*4)*1+1)"],
						"1.7": [-105.83354, 68.02495, "64.1564-5*(math.sin(q.anim_time*90*4)*1+1)"],
						"2.05": [-156.7144, -24.40053, "-18.9202-5*(math.sin(q.anim_time*90*4)*1+1)"],
						"2.1": [-158.52122, -10.51739, "-12.947-5*(math.sin(q.anim_time*90*4)*1+1)"],
						"2.15": [-156.7144, -24.40053, -18.9202]
					},
					"position": {
						"0.0": [0, 0, 0],
						"0.2": [0, -0.89319, 1.09646],
						"0.8": [0, -0.71635, 2.08481],
						"1.0": [0, -2.71572, 2.21081],
						"1.2": [0.17054, -3.2612, 0.91461],
						"1.55": [0.39786, -3.74418, -0.39907],
						"2.05": [0.4, -2.74, 1.6]
					}
				},
				"arm_right": {
					"rotation": {
						"0.0": [40.03346, -45.5397, "-61.4963+5*(math.sin(q.anim_time*90*4)*1+1)"],
						"0.1": [-82.91925, -15.02177, "12.9631+5*(math.sin(q.anim_time*90*4)*1+1)"],
						"0.2": [-95.87033, -18.88388, -41.91953],
						"0.35": [-150.69882, -1.8818, "2.6342+5*(math.sin(q.anim_time*90*4)*1+1)"],
						"0.5": [-144.34349, -39.39374, "-33.5482+5*(math.sin(q.anim_time*90*4)*1+1)"],
						"0.6": [-157.30817, 14.76496, -35.5671],
						"1.2": [-147.45833, 46.09317, "-16.9604+5*(math.sin(q.anim_time*90*4)*1+1)"],
						"1.75": [-154.2737, 30.75228, "-27.8093+5*(math.sin(q.anim_time*90*4)*1+1)"],
						"1.85": [-179.2633, -42.38366, "-70.1681+5*(math.sin(q.anim_time*90*4)*1+1)"],
						"1.95": [-153.00882, -3.57042, "-10.7326+5*(math.sin(q.anim_time*90*4)*1+1)"],
						"2.05": [-154.88402, 28.49424, "3.4563+5*(math.sin(q.anim_time*90*4)*1+1)"],
						"2.1": [-155.42764, 26.22552, "-5.2263+5*(math.sin(q.anim_time*90*4)*1+1)"],
						"2.15": [-154.88402, 28.49424, 13.4563]
					},
					"position": {
						"0.0": [0, 0, 0],
						"0.2": [0, -0.79155, 2.09128],
						"1.2": [0.0999, -2.63776, 1.33118],
						"2.05": [0.1, -2.64, 1.33]
					}
				},
				"leg_left": {
					"rotation": {
						"0.0": [-12.5, 0, 0],
						"0.1": [-12.5, 0, 0],
						"0.4": [-192.5, 0, 0],
						"0.9": [-215, 0, 0],
						"1.2": [-70, 0, 0],
						"1.25": [-75, 0, 0],
						"1.3": [-70, 0, 0],
						"2.0": [-57.5, 0, 0],
						"2.1": [-185, 0, 0],
						"2.35": [-157.5, 0, 0],
						"2.5": [-59.17, 0, 0],
						"2.55": [-77.5, 0, 0],
						"2.6": [-60, 0, 0]
					},
					"position": {
						"0.0": [0, 0, 0.5],
						"0.4": [0, 1, 4.5],
						"0.6": [0, 1, 4.5],
						"0.9": [0, 0, 2.5],
						"1.2": [0, -2, 1.5],
						"1.7": [0, -2, 1.5],
						"2.0": [0, 0, 2.5],
						"2.05": [0, -1, 2.5]
					}
				},
				"leg_right": {
					"rotation": {
						"0.0": [-27.5, 0, 0],
						"0.1": [-35, 15, 0],
						"0.6": [-217.45798, 4.60233, -14.30719],
						"1.0": [-217.45798, 4.60233, -14.30719],
						"1.3": [-73.86049, 21.46862, -9.49673],
						"1.35": [-76.36049, 21.46862, -9.49673],
						"1.4": [-73.86049, 21.46862, -9.49673],
						"1.7": [-83.86049, 21.46862, -9.49673],
						"2.0": [-63.86049, 21.46862, -9.49673],
						"2.1": [-161.81914, 13.07199, -19.56166],
						"2.15": [-188.7859, 2.36977, -23.23174],
						"2.3": [-152.00743, 16.22282, -17.07394],
						"2.45": [-55.1996, 22.20869, -7.51364],
						"2.5": [-71.73719, 20.04872, -12.29256],
						"2.55": [-58.53293, 22.20869, -7.51364]
					},
					"position": {
						"0.0": [0, 0, 0.5],
						"0.6": [0, 2, 4.5],
						"1.2": [0, -2, 1.5],
						"1.7": [0, -3, 1.5],
						"1.9": [0, -1.33, 2.17],
						"2.0": [0, 1, 2.5],
						"2.05": [0, -1, 2.5]
					}
				},
				"body": {
					"position": {
						"0.0": [0, 0, 0],
						"0.05": [0, 1, 1],
						"0.35": [0, 0, 3]
					}
				},
				"eyelid_right": {
					"position": {
						"0.0": [-0.1, 0, -0.1],
						"0.05": [0, 0, 0],
						"0.55": [0, 0, 0],
						"0.6": [-0.1, 0, -0.1]
					}
				},
				"eyelid_left": {
					"position": {
						"0.0": [0.1, 0, -0.1],
						"0.05": [0, 0, 0],
						"1.85": [0, 0, 0],
						"1.9": [0.1, 0, -0.1]
					}
				},
				"neck": {
					"rotation": {
						"0.0": [15, 0, 0],
						"0.4": [25, 0, 0],
						"0.65": [30, 0, 0],
						"1.95": [35, 0, 0],
						"2.2": [0, 0, 0]
					},
					"position": {
						"0.0": [0, 0, 0],
						"0.4": [0, 0, 0],
						"0.75": [0, 0, -1],
						"1.7": [0, 0, -1],
						"2.0": [0, 0, 0]
					}
				},
				"mouth": {
					"position": {
						"0.0": [0, 0, 0],
						"0.05": [0, 0, -0.1],
						"0.5": [0, 0, -0.1],
						"0.55": [0, 0, 0]
					}
				},
				"head": {
					"rotation": {
						"0.0": [17.5, 0, 0],
						"0.05": [27.5, 0, 0],
						"0.5": [27.5, 0, 0],
						"0.75": [57.5, 0, 0],
						"1.1": [57.5, 0, 0],
						"1.85": [34.60877, 18.32739, -8.34358],
						"2.1": [85.51333, 70.16883, 81.80357],
						"2.15": [33.83303, 80.99406, 33.5051],
						"2.2": [-63.50045, 84.41125, -63.39128]
					},
					"position": {
						"0.0": [0, 0, 0],
						"0.75": [0, 0.39574, -1.35772],
						"1.1": [0, 0.4, -1.36],
						"1.85": [0, 0.4, -1.36],
						"2.1": [0, 0.31276, 0.6381]
					}
				}
			}
		},
		"animation.deltasquirtle.water_physical_attack": {
			"animation_length": 2,
			"bones": {
				"body": {
					"position": {
						"0.0": [0, 0, 0],
						"0.4583": [0, 0, 0.5],
						"0.75": [0, 0, 0.5],
						"0.8333": [0, 0, 0.5],
						"0.875": [0, 0, -0.9],
						"0.9583": [0, 0, -1.3],
						"1.125": [0, 0, -0.4]
					}
				},
				"neck": {
					"position": {
						"0.0": [0, 0, 0],
						"0.4583": [0, -2, 0],
						"0.75": [0, -2, 0],
						"0.8333": [0, -0.4, 0]
					}
				},
				"eyelid_right": {
					"position": {
						"0.0": [0, 0, 0],
						"0.75": [0, 0, 0],
						"0.7917": [-0.1, 0, -0.1],
						"1.0417": [-0.1, 0, -0.1],
						"1.0833": [0, 0, 0]
					}
				},
				"eyelid_left": {
					"position": {
						"0.0": [0, 0, 0],
						"0.75": [0, 0, 0],
						"0.7917": [0.1, 0, -0.1],
						"1.0417": [0.1, 0, -0.1],
						"1.0833": [0, 0, 0]
					}
				},
				"mouth": {
					"position": {
						"0.0": [0, 0, 0],
						"0.625": [0, 0, 0],
						"0.6667": [0, 0, -0.1],
						"0.7917": [0, 0, -0.1],
						"0.8333": [0, 0, 0]
					}
				},
				"tail": {
					"rotation": {
						"0.0": [0, 0, 0],
						"0.75": [20, 0, 0],
						"0.8333": [-5, 0, 0],
						"0.9583": [-5, 0, 0],
						"1.2083": [0, 0, 0]
					}
				},
				"arm_right": {
					"rotation": {
						"0.0": [0, 0, 0],
						"0.75": [0, 0, 25],
						"0.8333": [0, 0, -15],
						"0.9167": [0, 0, -40],
						"1.125": [0, 0, -17.5],
						"1.3333": [0, 0, 0]
					},
					"position": {
						"0.0": [0, 0, 0],
						"0.75": [0, 0, 0],
						"0.8333": [-1, 0, 0],
						"1.3333": [0, 0, 0]
					}
				},
				"arm_left": {
					"rotation": {
						"0.0": [0, 0, 0],
						"0.75": [0, 0, -22.5],
						"0.8333": [0, 0, 15],
						"0.9583": [0, 0, 35],
						"1.125": [0, 0, 17.5],
						"1.25": [0, 0, 0]
					},
					"position": {
						"0.0": [0, 0, 0],
						"0.75": [0, 0, 0],
						"0.8333": [1, 0, 0],
						"1.25": [0, 0, 0]
					}
				},
				"leg_right": {
					"rotation": {
						"0.0": [0, 0, 0],
						"0.75": [0, 0, 25],
						"0.8333": [0, 0, -25],
						"1.3333": [0, 0, 0]
					}
				},
				"leg_left": {
					"rotation": {
						"0.0": [0, 0, 0],
						"0.75": [0, 0, -22.5],
						"0.8333": [0, 0, 25],
						"1.3333": [0, 0, 0]
					}
				},
				"head": {
					"rotation": {
						"0.0": [0, 0, 0],
						"0.3333": [8.32, 0, 0],
						"0.4583": [8, 0, 0],
						"0.75": [9, 0, 0],
						"0.7917": [60, 0, 0],
						"0.8333": [75, 0, 0],
						"1.0": [49.25, 0, 0],
						"1.2917": [0, 0, 0]
					},
					"position": {
						"0.0": [0, 0, 0],
						"0.3333": [0, -2.91, 0.5],
						"0.4583": [0, -3.2, 0.6],
						"0.75": [0, -3.2, 0.5],
						"0.7917": [0, -0.3, 0],
						"0.8333": [0, -0.25, 2],
						"1.0": [0, -0.1, 2],
						"1.2917": [0, 0, 0]
					}
				}
			}
		},
		"animation.deltasquirtle.water_special_attack": {
			"animation_length": 3,
			"bones": {
				"body": {
					"position": {
						"0.0": [0, 0, 0],
						"0.9583": [0, 0, 0],
						"1.0417": [0, 0, 1],
						"1.1667": [0, 0, 1.3],
						"1.2917": [0, 0, 1.21],
						"1.6667": [0, 0, 0.11],
						"1.75": [0, 0, 0]
					}
				},
				"torso": {
					"position": {
						"0.0": [0, 0, 0],
						"0.9167": [0, 0, 0]
					}
				},
				"neck": {
					"rotation": {
						"0.0": [-5, 0, 0],
						"0.125": [-17.5, 0, 0],
						"0.625": [-37.5, 0, 0],
						"0.9583": [-17.5, 0, 0]
					},
					"position": {
						"0.0": [0, -0.7, 0],
						"0.125": [0, -1.3, -0.1],
						"0.625": [0, -2.5, -0.8],
						"0.9583": [0, -1.3, -0.1]
					}
				},
				"eyelid_right": {
					"position": {
						"0.0": [0, 0, 0],
						"0.125": [0, 0, 0],
						"0.1667": [-0.1, 0, -0.1],
						"0.5": [-0.1, 0, -0.1],
						"0.5417": [0, 0, 0],
						"0.9167": [0, 0, 0],
						"0.9583": [-0.1, 0, -0.1],
						"1.2083": [-0.1, 0, -0.1],
						"1.25": [0, 0, 0]
					}
				},
				"eyelid_left": {
					"position": {
						"0.0": [0, 0, 0],
						"0.125": [0, 0, 0],
						"0.1667": [0.1, 0, -0.1],
						"0.5": [0.1, 0, -0.1],
						"0.5417": [0, 0, 0],
						"0.9167": [0, 0, 0],
						"0.9583": [0.1, 0, -0.1],
						"1.2083": [0.1, 0, -0.1],
						"1.25": [0, 0, 0]
					}
				},
				"mouth": {
					"position": {
						"0.0": [0, 0, 0],
						"0.25": [0, 0, 0],
						"0.2917": [0, 0, -0.1],
						"0.6667": [0, 0, -0.1],
						"0.7083": [0, 0, 0],
						"0.9583": [0, 0, 0],
						"1.0": [0, 0, -0.1],
						"1.5": [0, 0, -0.1],
						"1.5417": [0, 0, 0]
					}
				},
				"tail": {
					"rotation": {
						"0.0": [0, 0, 0],
						"0.9583": [0, 0, 0],
						"1.0417": [22.5, 0, 0],
						"1.125": [25, 0, 0],
						"1.25": [21.52, 0, 0],
						"2.0": [0, 0, 0]
					}
				},
				"arm_right": {
					"rotation": {
						"0.0": [0, 0, 0],
						"0.9583": [0, 0, 0],
						"1.0417": [0, 0, 17.5],
						"1.5": [0, 0, 0]
					}
				},
				"arm_left": {
					"rotation": {
						"0.0": [0, 0, 0],
						"0.9583": [0, 0, 0],
						"1.0417": [0, 0, -15],
						"1.5": [0, 0, 0]
					}
				},
				"leg_right": {
					"rotation": {
						"0.0": [0, 0, 0],
						"0.9583": [0, 0, 0],
						"1.0417": [0, 0, 29],
						"2.0": [0, 0, 0]
					}
				},
				"leg_left": {
					"rotation": {
						"0.0": [0, 0, 0],
						"0.9583": [0, 0, 0],
						"1.0417": [0, 0, -27.5],
						"2.0": [0, 0, 0]
					}
				},
				"head": {
					"rotation": {
						"0.0": [0, 0, 0],
						"0.125": [12.5, 0, 0],
						"0.2083": [7.5, 0, 0],
						"0.5417": [-17.5, 0, 0],
						"0.625": [-22.5, 0, 0],
						"0.7917": [-27.5, 0, 0],
						"0.9167": [-12.5, 0, 0],
						"0.9583": [-2.5, 0, 0]
					},
					"position": {
						"0.0": [0, 0, 0],
						"0.125": [0, -0.2, 0.3],
						"0.625": [0, 0.9, 1.2],
						"0.7917": [0, 1.7, 1.2],
						"0.9167": [0, 1.6, 0.5],
						"0.9583": [0, 0.3, 0.1],
						"1.125": [0, -0.3, 0.1],
						"1.25": [0, 0, 0.1]
					}
				}
			}
		},
		"animation.deltasquirtle.blink": {
			"animation_length": 0.1667,
			"bones": {
				"eyelid_right": {
					"position": {
						"0.0": [-0.1, 0, -0.1],
						"0.125": [-0.1, 0, -0.1],
						"0.1667": [0, 0, 0]
					}
				},
				"eyelid_left": {
					"position": {
						"0.0": [0.1, 0, -0.1],
						"0.125": [0.1, 0, -0.1],
						"0.1667": [0, 0, 0]
					}
				}
			}
		}
	}
}