{
	"format_version": "1.8.0",
	"animations": {
		"animation.deltawailord.ground_idle": {
			"loop": true,
			"animation_length": 2.16,
			"bones": {
				"wailord": {
					"position": [0, -16, 0]
				},
				"body": {
					"position": {
						"0.0": {
							"post": [0, 16, 0],
							"lerp_mode": "catmullrom"
						},
						"1.04": {
							"post": [0, 21, 0],
							"lerp_mode": "catmullrom"
						},
						"2.08": {
							"post": [0, 16, 0],
							"lerp_mode": "catmullrom"
						}
					}
				},
				"fin_right_front": {
					"rotation": {
						"0.0": {
							"post": [0, 0, 0],
							"lerp_mode": "catmullrom"
						},
						"1.04": {
							"post": [0, 0, -7.5],
							"lerp_mode": "catmullrom"
						},
						"2.08": {
							"post": [0, 0, 0],
							"lerp_mode": "catmullrom"
						}
					}
				},
				"fin_right_front2": {
					"rotation": {
						"0.52": {
							"pre": [0, 0, -15],
							"post": [0, 0, -15],
							"lerp_mode": "catmullrom"
						},
						"1.04": {
							"post": [0, 0, -5],
							"lerp_mode": "catmullrom"
						},
						"2.08": {
							"post": [0, 0, -15],
							"lerp_mode": "catmullrom"
						}
					}
				},
				"fin_left_front": {
					"rotation": {
						"0.0": {
							"post": [0, 0, 0],
							"lerp_mode": "catmullrom"
						},
						"1.04": {
							"post": [0, 0, 7.5],
							"lerp_mode": "catmullrom"
						},
						"2.08": {
							"post": [0, 0, 0],
							"lerp_mode": "catmullrom"
						}
					}
				},
				"fin_left_front2": {
					"rotation": {
						"0.52": {
							"pre": [0, 0, 15],
							"post": [0, 0, 15],
							"lerp_mode": "catmullrom"
						},
						"1.04": {
							"post": [0, 0, 5],
							"lerp_mode": "catmullrom"
						},
						"2.08": {
							"post": [0, 0, 15],
							"lerp_mode": "catmullrom"
						}
					}
				}
			}
		},
		"animation.deltawailord.air_fly": {
			"loop": true,
			"animation_length": 2.84,
			"bones": {
				"wailord": {
					"rotation": {
						"0.0": [7.5, 0, 0],
						"2.68": [7.5, 0, 0]
					}
				},
				"body": {
					"position": {
						"0.0": [0, 16, 0],
						"1.04": [0, 6, 0],
						"2.08": [0, 20, 0],
						"2.84": [0, 16, 0]
					}
				},
				"head": {
					"rotation": {
						"0.0": [-7.5, 0, 0],
						"1.04": [-15, 0, 0],
						"2.08": [7.5, 0, 0],
						"2.68": [-7.5, 0, 0]
					}
				},
				"torso_middle": {
					"rotation": {
						"0.0": [2.5, 0, 0],
						"0.52": [-2.5, 0, 0],
						"1.04": [2.5, 0, 0],
						"2.84": [2.5, 0, 0]
					}
				},
				"fin_right_front": {
					"rotation": {
						"0.0": [0, 0, -35],
						"1.04": [0, 0, -35],
						"2.08": [0, 0, -10],
						"2.84": [0, 0, -35]
					}
				},
				"fin_right_front2": {
					"rotation": {
						"0.0": [0, 0, 25],
						"1.04": [0, 0, -20],
						"2.08": [0, 0, -5],
						"2.68": [0, 0, 25]
					}
				},
				"fin_left_front": {
					"rotation": {
						"0.0": [0, 0, 35],
						"1.04": [0, 0, 35],
						"2.08": [0, 0, 10],
						"2.68": [0, 0, 35]
					}
				},
				"fin_left_front2": {
					"rotation": {
						"0.0": [0, 0, -25],
						"1.04": [0, 0, 20],
						"2.08": [0, 0, 5],
						"2.68": [0, 0, -25]
					}
				},
				"torso_back": {
					"rotation": {
						"0.0": [2.5, 0, 0],
						"1.04": [7.5, 0, 0],
						"2.08": [-7.5, 0, 0],
						"2.68": [2.5, 0, 0]
					}
				},
				"tail_base": {
					"rotation": [-15, 0, 0],
					"position": [0, -0.8, 0]
				}
			}
		},
		"animation.deltawailord.ground_walk": {
			"loop": true,
			"animation_length": 2.76,
			"bones": {
				"wailord": {
					"rotation": {
						"0.0": [7.5, 0, 0],
						"2.64": [7.5, 0, 0]
					}
				},
				"body": {
					"position": {
						"0.0": [0, 16, 0],
						"1.04": [0, 6, 0],
						"2.08": [0, 20, 0],
						"2.76": [0, 16, 0]
					}
				},
				"head": {
					"rotation": {
						"0.0": [-7.5, 0, 0],
						"1.04": [-15, 0, 0],
						"2.08": [7.5, 0, 0],
						"2.68": [-7.5, 0, 0]
					}
				},
				"torso_middle": {
					"rotation": {
						"0.0": [2.5, 0, 0],
						"0.52": [-2.5, 0, 0],
						"1.04": [2.5, 0, 0],
						"2.64": [2.5, 0, 0]
					}
				},
				"fin_right_front": {
					"rotation": {
						"0.0": [0, 0, -35],
						"1.04": [0, 0, -35],
						"2.08": [0, 0, -10],
						"2.64": [0, 0, -35]
					}
				},
				"fin_right_front2": {
					"rotation": {
						"0.0": [0, 0, 25],
						"1.04": [0, 0, -20],
						"2.08": [0, 0, -5],
						"2.68": [0, 0, 25]
					}
				},
				"fin_left_front": {
					"rotation": {
						"0.0": [0, 0, 35],
						"1.04": [0, 0, 35],
						"2.08": [0, 0, 10],
						"2.68": [0, 0, 35]
					}
				},
				"fin_left_front2": {
					"rotation": {
						"0.0": [0, 0, -25],
						"1.04": [0, 0, 20],
						"2.08": [0, 0, 5],
						"2.68": [0, 0, -25]
					}
				},
				"torso_back": {
					"rotation": {
						"0.0": [2.5, 0, 0],
						"1.04": [7.5, 0, 0],
						"2.08": [-7.5, 0, 0],
						"2.68": [2.5, 0, 0]
					}
				},
				"tail_base": {
					"rotation": [-15, 0, 0],
					"position": [0, -0.8, 0]
				}
			}
		}
	}
}