{
	"format_version": "1.8.0",
	"animations": {
		"animation.deltaralts.ground_idle": {
			"loop": true,
			"animation_length": 6.4,
			"bones": {
				"arm_left": {
					"rotation": {
						"0.0": [0, 0, 40],
						"3.08": {
							"pre": [0, 0, 40],
							"post": [0, 0, 40],
							"lerp_mode": "catmullrom"
						},
						"3.32": {
							"post": [-30.02933, 63.03503, -14.70899],
							"lerp_mode": "catmullrom"
						},
						"3.84": {
							"post": [-108.10734, 36.26839, -111.52452],
							"lerp_mode": "catmullrom"
						},
						"5.48": {
							"post": [-108.10734, 36.26839, -111.52452],
							"lerp_mode": "catmullrom"
						},
						"5.88": {
							"post": [-30.02933, 63.03503, -14.70899],
							"lerp_mode": "catmullrom"
						},
						"6.16": {
							"post": [0, 0, 40],
							"lerp_mode": "catmullrom"
						}
					},
					"position": {
						"3.32": {
							"pre": [0, 0, 0],
							"post": [0, 0, 0],
							"lerp_mode": "catmullrom"
						},
						"3.84": {
							"post": [0.5, -1, -1.75],
							"lerp_mode": "catmullrom"
						},
						"5.48": {
							"post": [0.5, -1, -1.75],
							"lerp_mode": "catmullrom"
						},
						"5.88": {
							"post": [0, 0, 0],
							"lerp_mode": "catmullrom"
						}
					}
				},
				"arm_right": {
					"rotation": [0, 0, -40]
				},
				"body": {
					"rotation": {
						"0.0": {
							"post": [0, 0, -2.5],
							"lerp_mode": "catmullrom"
						},
						"0.4": {
							"post": [0, 0, 0],
							"lerp_mode": "catmullrom"
						},
						"0.8": {
							"post": [0, 0, 2.5],
							"lerp_mode": "catmullrom"
						},
						"1.2": {
							"post": [0, 0, 0],
							"lerp_mode": "catmullrom"
						},
						"1.6": {
							"post": [0, 0, -2.5],
							"lerp_mode": "catmullrom"
						},
						"2.0": {
							"post": [0, 0, 0],
							"lerp_mode": "catmullrom"
						},
						"2.4": {
							"post": [0, 0, 2.5],
							"lerp_mode": "catmullrom"
						},
						"2.8": {
							"post": [0, 0, 0],
							"lerp_mode": "catmullrom"
						},
						"3.2": {
							"post": [0, 0, -2.5],
							"lerp_mode": "catmullrom"
						},
						"3.6": {
							"post": [0, 0, 0],
							"lerp_mode": "catmullrom"
						},
						"4.0": {
							"post": [0, 0, 2.5],
							"lerp_mode": "catmullrom"
						},
						"4.4": {
							"post": [0, 0, 0],
							"lerp_mode": "catmullrom"
						},
						"4.8": {
							"post": [0, 0, -2.5],
							"lerp_mode": "catmullrom"
						},
						"5.2": {
							"post": [0, 0, 0],
							"lerp_mode": "catmullrom"
						},
						"5.6": {
							"post": [0, 0, 2.5],
							"lerp_mode": "catmullrom"
						},
						"6.0": {
							"post": [0, 0, 0],
							"lerp_mode": "catmullrom"
						},
						"6.4": {
							"post": [0, 0, -2.5],
							"lerp_mode": "catmullrom"
						}
					},
					"position": {
						"0.0": {
							"post": [0, 0, 0],
							"lerp_mode": "catmullrom"
						},
						"0.4": {
							"post": [0, -0.25, 0],
							"lerp_mode": "catmullrom"
						},
						"0.8": {
							"post": [0, 0, 0],
							"lerp_mode": "catmullrom"
						},
						"1.2": {
							"post": [0, -0.25, 0],
							"lerp_mode": "catmullrom"
						},
						"1.6": {
							"post": [0, 0, 0],
							"lerp_mode": "catmullrom"
						},
						"2.0": {
							"post": [0, -0.25, 0],
							"lerp_mode": "catmullrom"
						},
						"2.4": {
							"post": [0, 0, 0],
							"lerp_mode": "catmullrom"
						},
						"2.8": {
							"post": [0, -0.25, 0],
							"lerp_mode": "catmullrom"
						},
						"3.2": {
							"post": [0, 0, 0],
							"lerp_mode": "catmullrom"
						},
						"3.6": {
							"post": [0, -0.25, 0],
							"lerp_mode": "catmullrom"
						},
						"4.0": {
							"post": [0, 0, 0],
							"lerp_mode": "catmullrom"
						},
						"4.4": {
							"post": [0, -0.25, 0],
							"lerp_mode": "catmullrom"
						},
						"4.8": {
							"post": [0, 0, 0],
							"lerp_mode": "catmullrom"
						},
						"5.2": {
							"post": [0, -0.25, 0],
							"lerp_mode": "catmullrom"
						},
						"5.6": {
							"post": [0, 0, 0],
							"lerp_mode": "catmullrom"
						},
						"6.0": {
							"post": [0, -0.25, 0],
							"lerp_mode": "catmullrom"
						},
						"6.4": {
							"post": [0, 0, 0],
							"lerp_mode": "catmullrom"
						}
					}
				},
				"hairpointy": {
					"rotation": {
						"0.0": [0, 0, 0],
						"1.48": [0, 0, 0],
						"1.56": [0, 0, 2.5],
						"1.64": [0, 0, -2.5],
						"2.36": [0, 0, 0],
						"2.44": [0, 0, 2.5],
						"2.52": [0, 0, -2.5],
						"3.16": [0, 0, -2.5],
						"3.2": [2.5, 0, -2.5],
						"3.24": [0, 0, -2.5],
						"4.16": [0, 0, 0],
						"4.24": [0, 0, 2.5],
						"4.32": [0, 0, -2.5],
						"4.76": [0, 0, -2.5],
						"4.8": [2.5, 0, -2.5],
						"4.84": [0, 0, -2.5],
						"5.2": [0, 0, 0],
						"5.28": [0, 0, 2.5],
						"5.36": [0, 0, -2.5],
						"5.76": [0, 0, -2.5],
						"5.8": [2.5, 0, -2.5],
						"5.84": [0, 0, -2.5],
						"6.2": [0, 0, 0],
						"6.28": [0, 0, 2.5],
						"6.36": [0, 0, -2.5]
					}
				}
			}
		},
		"animation.deltaralts.ground_walk": {
			"loop": true,
			"animation_length": 0.72,
			"bones": {
				"arm_left": {
					"rotation": {
						"0.0": {
							"post": [0, -32.5, 57.5],
							"lerp_mode": "catmullrom"
						},
						"0.36": {
							"post": [0, -37.5, 57.5],
							"lerp_mode": "catmullrom"
						},
						"0.72": {
							"post": [0, -32.5, 57.5],
							"lerp_mode": "catmullrom"
						}
					}
				},
				"arm_right": {
					"rotation": {
						"0.0": {
							"post": [0, 32.5, -57.5],
							"lerp_mode": "catmullrom"
						},
						"0.36": {
							"post": [0, 37.5, -57.5],
							"lerp_mode": "catmullrom"
						},
						"0.72": {
							"post": [0, 32.5, -57.5],
							"lerp_mode": "catmullrom"
						}
					}
				},
				"body": {
					"rotation": {
						"0.0": {
							"post": [7.5, 0, 0],
							"lerp_mode": "catmullrom"
						},
						"0.72": {
							"post": [7.5, 0, 0],
							"lerp_mode": "catmullrom"
						}
					},
					"position": {
						"0.0": {
							"post": [0, 0, -0.5],
							"lerp_mode": "catmullrom"
						},
						"0.36": {
							"post": [0, 0, -0.6],
							"lerp_mode": "catmullrom"
						},
						"0.72": {
							"post": [0, 0, -0.5],
							"lerp_mode": "catmullrom"
						}
					}
				},
				"leg_left": {
					"position": {
						"0.0": {
							"post": [0, 0, -0.25],
							"lerp_mode": "catmullrom"
						},
						"0.36": {
							"post": [0, 0, 0.25],
							"lerp_mode": "catmullrom"
						},
						"0.72": {
							"post": [0, 0, -0.25],
							"lerp_mode": "catmullrom"
						}
					}
				},
				"leg_right": {
					"position": {
						"0.0": {
							"post": [0, 0, -0.25],
							"lerp_mode": "catmullrom"
						},
						"0.36": {
							"post": [0, 0, 0.25],
							"lerp_mode": "catmullrom"
						},
						"0.72": {
							"post": [0, 0, -0.25],
							"lerp_mode": "catmullrom"
						}
					}
				},
				"head": {
					"rotation": {
						"0.0": {
							"post": [-7.5, 0, 0],
							"lerp_mode": "catmullrom"
						}
					}
				},
				"hairpointy": {
					"rotation": {
						"0.0": [0, 0, 0],
						"0.08": [2.5, 0, 0],
						"0.12": [0, 0, 0],
						"0.16": [0, 0, 2.5],
						"0.2": [0, 0, 0],
						"0.24": [0, -2.5, 0],
						"0.28": [0, 0, 0],
						"0.32": [0, 0, 0],
						"0.4": [2.5, 0, 0],
						"0.44": [0, 0, 0],
						"0.48": [0, 0, 2.5],
						"0.52": [0, 0, 0],
						"0.56": [0, -2.5, 0],
						"0.6": [0, 0, 0]
					}
				}
			}
		},
		"animation.deltaralts.faint": {
			"loop": "hold_on_last_frame",
			"animation_length": 1,
			"bones": {
				"arm_left": {
					"rotation": {
						"0.0": {
							"post": [2.09615, 39.95426, 3.26206],
							"lerp_mode": "catmullrom"
						},
						"0.16": {
							"post": [13.30821, 37.88928, 21.06748],
							"lerp_mode": "catmullrom"
						},
						"0.4": {
							"post": [25.70094, 31.77203, 42.42906],
							"lerp_mode": "catmullrom"
						},
						"0.72": {
							"post": [22.07226, 11.14588, 32.69064],
							"lerp_mode": "catmullrom"
						},
						"0.84": {
							"post": [23.72197, -23.58715, 18.23608],
							"lerp_mode": "catmullrom"
						},
						"0.92": {
							"post": [22.94962, -18.9956, 20.36121],
							"lerp_mode": "catmullrom"
						},
						"1.0": {
							"post": [23.72197, -23.58715, 18.23608],
							"lerp_mode": "catmullrom"
						}
					}
				},
				"arm_right": {
					"rotation": {
						"0.0": {
							"post": [2.09615, -39.95426, -3.26206],
							"lerp_mode": "catmullrom"
						},
						"0.16": {
							"post": [11.38901, -38.42408, -17.96155],
							"lerp_mode": "catmullrom"
						},
						"0.4": {
							"post": [25.70094, -31.77203, -42.42906],
							"lerp_mode": "catmullrom"
						},
						"0.72": {
							"post": [21.69548, -4.18491, -29.87172],
							"lerp_mode": "catmullrom"
						},
						"0.84": {
							"post": [23.72197, 23.58715, -18.23608],
							"lerp_mode": "catmullrom"
						},
						"0.92": {
							"post": [22.94962, 18.9956, -20.36121],
							"lerp_mode": "catmullrom"
						},
						"1.0": {
							"post": [23.72197, 23.58715, -18.23608],
							"lerp_mode": "catmullrom"
						}
					}
				},
				"body": {
					"rotation": {
						"0.0": {
							"post": [0, 0, 0],
							"lerp_mode": "catmullrom"
						},
						"0.16": {
							"post": [-9, 0, 0],
							"lerp_mode": "catmullrom"
						},
						"0.4": {
							"post": [-15, 0, 0],
							"lerp_mode": "catmullrom"
						},
						"0.84": {
							"post": [-80, 0, 0],
							"lerp_mode": "catmullrom"
						},
						"0.92": {
							"post": [-77.5, 0, 0],
							"lerp_mode": "catmullrom"
						},
						"1.0": {
							"post": [-80, 0, 0],
							"lerp_mode": "catmullrom"
						}
					},
					"position": {
						"0.0": {
							"post": [0, 0, 0],
							"lerp_mode": "catmullrom"
						},
						"0.4": {
							"post": [0, 0, 0.5],
							"lerp_mode": "catmullrom"
						},
						"0.84": {
							"post": [0, -3, 3.25],
							"lerp_mode": "catmullrom"
						}
					}
				},
				"leg_left": {
					"rotation": {
						"0.4": {
							"pre": [0, 0, 0],
							"post": [0, 0, 0],
							"lerp_mode": "catmullrom"
						},
						"0.84": {
							"post": [-102.5, 0, 0],
							"lerp_mode": "catmullrom"
						}
					},
					"position": {
						"0.4": {
							"pre": [0, 0, 0],
							"post": [0, 0, 0],
							"lerp_mode": "catmullrom"
						},
						"0.84": {
							"post": [0, 0, -0.5],
							"lerp_mode": "catmullrom"
						}
					}
				},
				"leg_right": {
					"rotation": {
						"0.4": {
							"pre": [0, 0, 0],
							"post": [0, 0, 0],
							"lerp_mode": "catmullrom"
						},
						"0.84": {
							"post": [-102.5, 0, 0],
							"lerp_mode": "catmullrom"
						}
					},
					"position": {
						"0.4": {
							"pre": [0, 0, 0],
							"post": [0, 0, 0],
							"lerp_mode": "catmullrom"
						},
						"0.84": {
							"post": [0, 0, -0.5],
							"lerp_mode": "catmullrom"
						}
					}
				},
				"head": {
					"rotation": {
						"0.0": {
							"post": [0, 0, 0],
							"lerp_mode": "catmullrom"
						},
						"0.4": {
							"post": [-12.5, 0, 0],
							"lerp_mode": "catmullrom"
						},
						"1.0": {
							"post": [-17.5, 0, 0],
							"lerp_mode": "catmullrom"
						},
						"3.64": {
							"post": [-17.5, 0, 0],
							"lerp_mode": "catmullrom"
						}
					}
				}
			}
		},
		"animation.deltaralts.sleep": {
			"loop": true,
			"animation_length": 1.72,
			"bones": {
				"arm_left": {
					"rotation": {
						"0.0": {
							"post": [0, 102.5, 0],
							"lerp_mode": "catmullrom"
						}
					}
				},
				"arm_right": {
					"rotation": {
						"0.0": {
							"post": [0, -102.5, 0],
							"lerp_mode": "catmullrom"
						}
					}
				},
				"body": {
					"position": {
						"0.0": {
							"post": [0, -1, 0],
							"lerp_mode": "catmullrom"
						}
					}
				},
				"head": {
					"rotation": {
						"0.0": {
							"post": [22.5, 0, 0],
							"lerp_mode": "catmullrom"
						},
						"0.84": {
							"post": [17.5, 0, 0],
							"lerp_mode": "catmullrom"
						},
						"1.72": {
							"post": [22.5, 0, 0],
							"lerp_mode": "catmullrom"
						}
					}
				},
				"hairpointy": {
					"rotation": {
						"0.0": [2.5, 0, -2.5],
						"0.4": [2.5, 0, -2.5],
						"0.44": [0, 2.5, -2.5],
						"0.48": [2.5, 0, -2.5],
						"0.96": [2.5, 0, -2.5],
						"1.0": [0, 2.5, -2.5],
						"1.04": [2.5, 0, -2.5],
						"1.4": [2.5, 0, -2.5],
						"1.44": [0, 2.5, -2.5],
						"1.48": [2.5, 0, -2.5],
						"1.72": [2.5, 0, -2.5]
					}
				}
			}
		}
	},
	"geckolib_format_version": 2
}