{
	"format_version": "1.8.0",
	"animations": {
		"animation.spacemew.ground_idle": {
			"loop": true,
			"animation_length": 3.96,
			"bones": {
				"body": {
					"rotation": {
						"0.0": {
							"post": [-25, 0, 0],
							"lerp_mode": "catmullrom"
						}
					},
					"position": {
						"0.0": {
							"post": [0, 2, 0],
							"lerp_mode": "catmullrom"
						},
						"2.28": {
							"post": [0, 3, 0],
							"lerp_mode": "catmullrom"
						},
						"3.96": {
							"post": [0, 2, 0],
							"lerp_mode": "catmullrom"
						}
					}
				},
				"leftarm": {
					"rotation": {
						"0.0": {
							"post": [12.17266, 17.35547, 19.87875],
							"lerp_mode": "catmullrom"
						},
						"2.28": {
							"post": [10.59321, 18.34299, 14.72913],
							"lerp_mode": "catmullrom"
						},
						"4.04": {
							"post": [12.17266, 17.35547, 19.87875],
							"lerp_mode": "catmullrom"
						}
					}
				},
				"rightarm": {
					"rotation": {
						"0.0": {
							"post": [12.50143, -11.44117, -23.82289],
							"lerp_mode": "catmullrom"
						},
						"2.28": {
							"post": [11.46465, -12.47996, -18.82331],
							"lerp_mode": "catmullrom"
						},
						"4.04": {
							"post": [12.50143, -11.44117, -23.82289],
							"lerp_mode": "catmullrom"
						}
					}
				},
				"tail2": {
					"rotation": [27.5, "0+Math.cos((query.anim_time - 0.01) * 80) * 20", 0]
				},
				"tail3": {
					"rotation": [27.5, "Math.cos((query.anim_time - 0.01) * 90) * 20", 0]
				},
				"tail4": {
					"rotation": [20, "Math.cos((query.anim_time - 0.01) * -90) * 20", 0]
				},
				"tail5": {
					"rotation": [45, "Math.cos((query.anim_time - 0.01) * 90) * 20", 0]
				},
				"leftleg": {
					"rotation": {
						"0.0": {
							"post": [-50, 0, 0],
							"lerp_mode": "catmullrom"
						},
						"1.08": {
							"post": [-35, 0, 0],
							"lerp_mode": "catmullrom"
						},
						"3.68": {
							"post": [-50, 0, 0],
							"lerp_mode": "catmullrom"
						}
					}
				},
				"leftfoot": {
					"rotation": {
						"0.0": [15, 0, 0],
						"2.28": [0, 0, 0],
						"3.96": [15, 0, 0]
					}
				},
				"rightleg": {
					"rotation": {
						"0.0": {
							"post": [-50, 0, 0],
							"lerp_mode": "catmullrom"
						},
						"1.08": {
							"post": [-35, 0, 0],
							"lerp_mode": "catmullrom"
						},
						"3.68": {
							"post": [-50, 0, 0],
							"lerp_mode": "catmullrom"
						}
					}
				},
				"rightfoot": {
					"rotation": {
						"0.0": {
							"post": [15, 0, 0],
							"lerp_mode": "catmullrom"
						},
						"2.28": {
							"post": [0, 0, 0],
							"lerp_mode": "catmullrom"
						},
						"3.96": {
							"post": [15, 0, 0],
							"lerp_mode": "catmullrom"
						}
					}
				},
				"head": {
					"rotation": {
						"0.0": {
							"post": [12.5, 0, 0],
							"lerp_mode": "catmullrom"
						},
						"2.28": {
							"post": [10, 0, 0],
							"lerp_mode": "catmullrom"
						},
						"4.04": {
							"post": [12.5, 0, 0],
							"lerp_mode": "catmullrom"
						}
					}
				},
				"tail": {
					"rotation": [37.5, "Math.cos((query.anim_time - 0.01) * 90) * 20", 0]
				}
			}
		},
		"animation.spacemew.ground_walk": {
			"loop": true,
			"animation_length": 1.76,
			"bones": {
				"body": {
					"rotation": {
						"0.0": {
							"post": [76.0958, -5.68422, -21.80633],
							"lerp_mode": "catmullrom"
						},
						"1.04": {
							"post": [75.34007, 3.21132, 12.08681],
							"lerp_mode": "catmullrom"
						},
						"1.76": {
							"post": [76.0958, -5.68422, -21.80633],
							"lerp_mode": "catmullrom"
						}
					},
					"position": {
						"0.52": {
							"pre": [0, 4, 0],
							"post": [0, 4, 0],
							"lerp_mode": "catmullrom"
						}
					}
				},
				"leftarm": {
					"rotation": {
						"0.0": {
							"post": [13.8343, 33.98642, -3.1429],
							"lerp_mode": "catmullrom"
						},
						"0.52": {
							"post": [11.71583, -12.4708, -13.54493],
							"lerp_mode": "catmullrom"
						},
						"1.04": {
							"post": [13.52036, -31.99954, -18.24233],
							"lerp_mode": "catmullrom"
						},
						"1.76": {
							"post": [13.8343, 33.98642, -3.1429],
							"lerp_mode": "catmullrom"
						}
					}
				},
				"rightarm": {
					"rotation": {
						"0.0": {
							"post": [11.54151, 23.83581, 20.71053],
							"lerp_mode": "catmullrom"
						},
						"0.52": {
							"post": [12.12341, 7.8446, 17.54644],
							"lerp_mode": "catmullrom"
						},
						"1.04": {
							"post": [12.54642, -32.59692, 9.15638],
							"lerp_mode": "catmullrom"
						},
						"1.76": {
							"post": [11.54151, 23.83581, 20.71053],
							"lerp_mode": "catmullrom"
						}
					}
				},
				"tail": {
					"rotation": {
						"0.0": {
							"post": [-45, 0, 0],
							"lerp_mode": "catmullrom"
						},
						"0.52": {
							"post": [-47.5, 0, 0],
							"lerp_mode": "catmullrom"
						},
						"1.76": {
							"post": [-45, 0, 0],
							"lerp_mode": "catmullrom"
						}
					}
				},
				"tail2": {
					"rotation": {
						"0.0": {
							"post": [-30, 0, 0],
							"lerp_mode": "catmullrom"
						},
						"0.52": {
							"post": [-30, 0, 0],
							"lerp_mode": "catmullrom"
						},
						"1.04": {
							"post": [-20, 0, 0],
							"lerp_mode": "catmullrom"
						},
						"1.76": {
							"post": [-30, 0, 0],
							"lerp_mode": "catmullrom"
						}
					}
				},
				"tail3": {
					"rotation": {
						"0.0": {
							"post": [-17.5, 0, 0],
							"lerp_mode": "catmullrom"
						},
						"0.52": {
							"post": [15, 0, 0],
							"lerp_mode": "catmullrom"
						},
						"1.04": {
							"post": [15, 0, 0],
							"lerp_mode": "catmullrom"
						},
						"1.76": {
							"post": [-17.5, 0, 0],
							"lerp_mode": "catmullrom"
						}
					}
				},
				"tail4": {
					"rotation": {
						"0.0": {
							"post": [-15, 0, 0],
							"lerp_mode": "catmullrom"
						},
						"0.52": {
							"post": [17.5, 0, 0],
							"lerp_mode": "catmullrom"
						},
						"1.04": {
							"post": [34.31, 0, 0],
							"lerp_mode": "catmullrom"
						},
						"1.76": {
							"post": [-15, 0, 0],
							"lerp_mode": "catmullrom"
						}
					}
				},
				"tail5": {
					"rotation": {
						"0.0": {
							"post": [15, 0, 0],
							"lerp_mode": "catmullrom"
						},
						"0.52": {
							"post": [20, 0, 0],
							"lerp_mode": "catmullrom"
						},
						"1.04": {
							"post": [38.35, 0, 0],
							"lerp_mode": "catmullrom"
						},
						"1.76": {
							"post": [15, 0, 0],
							"lerp_mode": "catmullrom"
						}
					}
				},
				"leftfoot": {
					"rotation": [30, 0, 0]
				},
				"rightfoot": {
					"rotation": [30, 0, 0]
				},
				"head": {
					"rotation": {
						"0.0": {
							"post": [-82.5, 0, 0],
							"lerp_mode": "catmullrom"
						},
						"0.52": {
							"post": [-65, 0, 0],
							"lerp_mode": "catmullrom"
						},
						"1.04": {
							"post": [-75, 0, 0],
							"lerp_mode": "catmullrom"
						},
						"1.76": {
							"post": [-82.5, 0, 0],
							"lerp_mode": "catmullrom"
						}
					}
				}
			}
		}
	}
}