{
	"format_version": "1.8.0",
	"animations": {
		"animation.draconicgillspaldean.ground_idle": {
			"loop": true,
			"animation_length": 2.08333,
			"bones": {
				"Tail": {
					"rotation": {
						"0.0": [0, 0, 0],
						"0.4583": [0, -32.5, 0],
						"0.8333": [0, 22.5, 0],
						"1.1667": [0, -30, 0],
						"1.5": [0, 25, 0],
						"1.7083": [0, -20, 0],
						"1.9167": [0, 20, 0],
						"2.0833": [0, 0, 0]
					}
				},
				"LeftLeg": {
					"rotation": [-35, 0, 0],
					"position": [0, 2, 0]
				},
				"RightLeg": {
					"rotation": [-35, 0, 0],
					"position": [0, 2, 0]
				},
				"RightArm": {
					"rotation": [-35, 0, 0],
					"position": [0, -1.25, -2.25]
				},
				"LeftArm": {
					"rotation": [-35, 0, 0],
					"position": [0, -1.25, -2.25]
				},
				"Body": {
					"position": {
						"0.0": [0, 0, 0],
						"1.0833": [0, -0.5, 0],
						"2.0833": [0, 0.04, 0]
					}
				}
			}
		},
		"animation.draconicgillspaldean.ground_walk": {
			"loop": true,
			"animation_length": 1.5,
			"bones": {
				"Tail": {
					"rotation": {
						"0.0": [0, 0, 0],
						"0.4583": [0, -32.5, 0],
						"0.8333": [0, 22.5, 0],
						"1.1667": [0, -30, 0],
						"1.5": [0, 0, 0]
					}
				},
				"LeftLeg": {
					"rotation": {
						"0.0": [-35, 0, 0],
						"0.75": [7.5, 0, 0],
						"1.5": [-55, 0, 0]
					},
					"position": {
						"0.0": [0, 2, -0.5],
						"0.75": [0, 0, -0.5],
						"1.5": [0, 3.5, -0.5]
					}
				},
				"RightLeg": {
					"rotation": {
						"0.0": [-35, 0, 0],
						"0.75": [-55, 0, 0],
						"1.5": [7.5, 0, 0]
					},
					"position": {
						"0.0": [0, 2, -0.5],
						"0.75": [0, 3.5, -0.5],
						"1.5": [0, 0, -0.5]
					}
				},
				"RightArm": {
					"rotation": {
						"0.0": [-35, 0, 0],
						"0.75": [7.5, 0, 0],
						"1.5": [-55, 0, 0]
					},
					"position": {
						"0.0": [0, -1, -2],
						"0.75": [0, 0.5, 0.5],
						"1.5": [0, -1.5, -3.5]
					}
				},
				"LeftArm": {
					"rotation": {
						"0.0": [-35, 0, 0],
						"0.75": [-55, 0, 0],
						"1.5": [7.5, 0, 0]
					},
					"position": {
						"0.0": [0, -1, -2],
						"1.5": [0, 0.5, 0.5]
					}
				}
			}
		},
		"animation.draconicgillspaldean.water_idle": {
			"loop": true,
			"animation_length": 2.08333,
			"bones": {
				"Tail": {
					"rotation": {
						"0.0": [0, 0, 0],
						"0.4583": [0, -32.5, 0],
						"0.8333": [0, 22.5, 0],
						"1.1667": [0, -30, 0],
						"1.5": [0, 25, 0],
						"1.7083": [0, -20, 0],
						"1.9167": [0, 20, 0],
						"2.0833": [0, 0, 0]
					}
				},
				"Body": {
					"position": {
						"0.0": [0, 0, 0],
						"1.0833": [0, -0.5, 0],
						"2.0833": [0, 0.04, 0]
					}
				}
			}
		},
		"animation.draconicgillspaldean.water_swim": {
			"loop": true,
			"animation_length": 2.08333,
			"bones": {
				"Tail": {
					"rotation": {
						"0.0": [0, 0, 0],
						"0.5": [0, -7.5, 0],
						"1.0": [0, 5, 0],
						"1.5": [0, -10, 0],
						"2.0833": [0, 0, 0]
					}
				},
				"Body": {
					"position": {
						"0.0": [0, 0, 0],
						"1.0833": [0, -0.5, 0],
						"2.0833": [0, 0.04, 0]
					}
				},
				"Head": {
					"position": [0, -0.5, -0.25]
				},
				"LeftLeg": {
					"rotation": [42.5, 0, 0],
					"position": [0, -1.5, 2.5]
				},
				"RightLeg": {
					"rotation": [42.5, 0, 0],
					"position": [0, -1.5, 2.5]
				},
				"RightArm": {
					"rotation": [42.5, 0, 0],
					"position": [0, 2, 0]
				},
				"LeftArm": {
					"rotation": [42.5, 0, 0],
					"position": [0, 2, 0]
				}
			}
		},
		"animation.draconicgillspaldean.air_idle": {
			"loop": true,
			"animation_length": 2.08333,
			"bones": {
				"Tail": {
					"rotation": {
						"0.0": [0, 0, 0],
						"0.4583": [0, -32.5, 0],
						"0.8333": [0, 22.5, 0],
						"1.1667": [0, -30, 0],
						"1.5": [0, 25, 0],
						"1.7083": [0, -20, 0],
						"1.9167": [0, 20, 0],
						"2.0833": [0, 0, 0]
					}
				},
				"Body": {
					"position": {
						"0.0": [0, 0, 0],
						"1.0833": [0, -0.5, 0],
						"2.0833": [0, 0.04, 0]
					}
				}
			}
		},
		"animation.draconicgillspaldean.air_fly": {
			"loop": true,
			"animation_length": 2.08333,
			"bones": {
				"Tail": {
					"rotation": {
						"0.0": [0, 0, 0],
						"0.5": [0, -7.5, 0],
						"1.0": [0, 5, 0],
						"1.5": [0, -10, 0],
						"2.0833": [0, 0, 0]
					}
				},
				"Body": {
					"position": {
						"0.0": [0, 0, 0],
						"1.0833": [0, -0.5, 0],
						"2.0833": [0, 0.04, 0]
					}
				},
				"Head": {
					"position": [0, -0.5, -0.25]
				},
				"LeftLeg": {
					"rotation": [42.5, 0, 0]
				},
				"RightLeg": {
					"rotation": [42.5, 0, 0]
				},
				"RightArm": {
					"rotation": [42.5, 0, 0]
				},
				"LeftArm": {
					"rotation": [42.5, 0, 0]
				}
			}
		},
		"animation.draconicgillspaldean.sleep": {
			"loop": true,
			"animation_length": 1.45833,
			"loop_delay": "2",
			"bones": {
				"Head": {
					"rotation": {
						"0.0": [37.5, 0, 0],
						"0.8333": [35, 0, 0],
						"1.4583": [37.5, 0, 0]
					},
					"position": [0, 3.75, 1]
				},
				"Tail": {
					"rotation": [-27.5, 0, 0]
				},
				"Body": {
					"rotation": [0, 0, 0]
				},
				"EyeL": {
					"position": [0, 4.25, 0],
					"scale": [1, 0.1, 1]
				},
				"EyeR": {
					"position": [0, 4.25, 0],
					"scale": [1, 0.1, 1]
				}
			}
		},
		"animation.draconicgillspaldean.faint": {
			"loop": true,
			"animation_length": 1.45833,
			"loop_delay": "2",
			"bones": {
				"Head": {
					"rotation": {
						"0.0": [37.5, 0, 0],
						"0.8333": [35, 0, 0],
						"1.4583": [37.5, 0, 0]
					},
					"position": [0, 3.75, 1]
				},
				"Tail": {
					"rotation": [-27.5, 0, 0]
				},
				"Body": {
					"rotation": [0, 0, 0]
				},
				"EyeL": {
					"position": [0, 4.25, 0],
					"scale": [1, 0.1, 1]
				},
				"EyeR": {
					"position": [0, 4.25, 0],
					"scale": [1, 0.1, 1]
				}
			}
		}
	},
	"geckolib_format_version": 2
}