{
    "enabled": true,
    "neededInstalledMods": [],
    "neededUninstalledMods": [],
    "spawns": [
        {
            "id": "pitipole-1",
            "pokemon": "pitipole",
            "presets": [
				"underwater",
                "underground"
            ],
            "type": "pokemon",
            "context": "submerged",
            "bucket": "rare",
            "level": "1-17",
            "weight": 9.0,
            "condition": {
                "canSeeSky": false,
                "biomes": [
                    "#cobblemon:is_lush"
                ]
            }
        }
    ]
}