{
    "enabled": true,
    "neededInstalledMods": [],
    "neededUninstalledMods": [],
    "spawns": [
		{
            "id": "tentaquil-1",
            "pokemon": "tentaquil",
            "presets": [
                "underground"
            ],
            "type": "pokemon",
            "context": "grounded",
            "bucket": "ultra-rare",
            "level": "18-60",
            "weight":10.0,
            "condition": {
                "canSeeSky": false,
                "biomes": [
                    "#cobblemon:is_lush"
                ]
            }
        },
        {
            "id": "tentaquil-2",
            "pokemon": "tentaquil",
            "presets": [
				"underwater",
                "underground"
            ],
            "type": "pokemon",
            "context": "submerged",
            "bucket": "rare",
            "level": "18-60",
            "weight":1.0,
            "condition": {
                "canSeeSky": false,
                "biomes": [
                    "#cobblemon:is_lush"
                ]
            }
        }
    ]
}