{
  "species": "cobblemon:goomy",
  "order": 0,
  "variations": [
    {
      "aspects": [],
      "poser": "cobblemon:goomy",
      "model": "cobblemon:goomy.geo",
      "texture": "cobblemon:textures/pokemon/goomy/goomy.png",
      "layers": [
        {
          "name": "color",
          "texture": "cobblemon:textures/pokemon/goomy/goomy_e.png",
          "emissive": true
        }
      ]
    },
    {
      "aspects": [
        "shiny"
      ],
      "texture": "cobblemon:textures/pokemon/goomy/goomy_shiny.png",
      "layers": [
        {
          "name": "color",
          "texture": "cobblemon:textures/pokemon/goomy/goomy_shiny_e.png",
          "emissive": true
        }
      ]
    }
  ]
}