{
	"format_version": "1.12.0",
	"minecraft:geometry": [
		{
			"description": {
				"identifier": "geometry.draconicgills",
				"texture_width": 64,
				"texture_height": 64,
				"visible_bounds_width": 3,
				"visible_bounds_height": 2.5,
				"visible_bounds_offset": [0, 0.75, 0]
			},
			"bones": [
				{
					"name": "LeftLeg",
					"pivot": [0, 0, 0],
					"cubes": [
						{"origin": [1, 0.75, 2.75], "size": [1, 2, 1], "uv": [17, 3]},
						{"origin": [1, -0.5, 3.5], "size": [1, 1, 1], "pivot": [0, -0.5, 2.75], "rotation": [32.5, 0, 0], "uv": [0, 9]}
					]
				},
				{
					"name": "RightLeg",
					"pivot": [0, 0, 0],
					"cubes": [
						{"origin": [-2, 0.75, 2.75], "size": [1, 2, 1], "uv": [7, 8]},
						{"origin": [-2, -0.5, 3.5], "size": [1, 1, 1], "pivot": [0, -0.5, 2.75], "rotation": [32.5, 0, 0], "uv": [6, 6]}
					]
				},
				{
					"name": "RightArm",
					"pivot": [0, 0, 0],
					"cubes": [
						{"origin": [-2, 0.75, -3], "size": [1, 2, 1], "uv": [14, 17]},
						{"origin": [-2, -0.5, -2.25], "size": [1, 1, 1], "pivot": [0, -0.5, -3], "rotation": [32.5, 0, 0], "uv": [4, 13]}
					]
				},
				{
					"name": "LeftArm",
					"pivot": [0, 0, 0],
					"cubes": [
						{"origin": [1, 0.75, -3], "size": [1, 2, 1], "uv": [18, 17]},
						{"origin": [1, -0.5, -2.25], "size": [1, 1, 1], "pivot": [0, -0.5, -3], "rotation": [32.5, 0, 0], "uv": [18, 13]}
					]
				},
				{
					"name": "Body",
					"pivot": [0, 0, 0],
					"cubes": [
						{"origin": [-1, 3.75, -4], "size": [2, 1, 10], "uv": [0, 13]},
						{"origin": [-1.5, 2.5, -5.5], "size": [3, 2, 11], "uv": [0, 0]},
						{"origin": [-1, 4.5, -3], "size": [2, 1, 2], "uv": [8, 21]},
						{"origin": [-1, 4.5, -0.5], "size": [2, 1, 2], "uv": [8, 21]},
						{"origin": [-1, 4.5, 2.5], "size": [2, 1, 2], "uv": [8, 21]}
					]
				},
				{
					"name": "Tail",
					"parent": "Body",
					"pivot": [0, 4, 5.75],
					"cubes": [
						{"origin": [-0.5, 4, 5.75], "size": [1, 1, 7], "uv": [17, 0]},
						{"origin": [-1, 3.5, 5.5], "size": [2, 1, 8], "uv": [14, 13]},
						{"origin": [-0.5, 3.75, 13.5], "size": [1, 1, 2], "pivot": [0, 3.5, 13.75], "rotation": [37.5, 0, 0], "uv": [17, 0]},
						{"origin": [-0.5, 2.5, 15.25], "size": [1, 1, 2], "pivot": [0, 3.5, 13.75], "rotation": [75, 0, 0], "uv": [0, 17]}
					]
				},
				{
					"name": "Head",
					"parent": "Body",
					"pivot": [0, 0, 0],
					"cubes": [
						{"origin": [-2, 3, -10], "size": [4, 2, 4], "uv": [20, 22]},
						{"origin": [-5.36603, 3.25, -9.51795], "size": [4, 2, 1], "pivot": [-2, 3, -9], "rotation": [16.73958, 58.52505, 19.4254], "uv": [0, 3]},
						{"origin": [1.36603, 3.25, -9.51795], "size": [4, 2, 1], "pivot": [2, 3, -9], "rotation": [16.73958, -58.52505, -19.4254], "uv": [0, 0]},
						{"origin": [-1, 4.25, -9.5], "size": [2, 1, 2], "uv": [0, 6]},
						{"origin": [-0.5, 3.5, -6.25], "size": [1, 1, 1], "uv": [5, 19]}
					]
				},
				{
					"name": "EyeR",
					"parent": "Head",
					"pivot": [0, -0.5, -3],
					"cubes": [
						{"origin": [-1.25, 3.75, -10.025], "size": [1, 1, 0], "uv": [25, 29]}
					]
				},
				{
					"name": "EyeL",
					"parent": "Head",
					"pivot": [0, -0.5, -3],
					"cubes": [
						{"origin": [0.25, 3.75, -10.025], "size": [1, 1, 0], "uv": [25, 29], "mirror": true}
					]
				},
				{
					"name": "GillsP",
					"parent": "Head",
					"pivot": [-0.25, 0.5, -6.75],
					"cubes": [
						{"origin": [-7.73047, -1.25, -8.57512], "size": [2, 1, 0], "pivot": [0.25, 0.5, -6.75], "rotation": [47.20513, 18.88952, 73.31459], "uv": [19, 9], "mirror": true},
						{"origin": [-2.23047, 6, -8.57512], "size": [2, 1, 0], "pivot": [0.25, 0.5, -6.75], "rotation": [-32.6326, 40.24635, -44.74405], "uv": [19, 9], "mirror": true},
						{"origin": [-5.23047, 3.25, -8.57512], "size": [3, 1, 0], "pivot": [0.25, 0.5, -6.75], "rotation": [22.17599, 46.04179, 29.52015], "uv": [19, 9], "mirror": true},
						{"origin": [2.23047, 3.25, -8.57512], "size": [3, 1, 0], "pivot": [-0.25, 0.5, -6.75], "rotation": [22.17599, -46.04179, -29.52015], "uv": [20, 9]},
						{"origin": [0.23047, 6, -8.57512], "size": [2, 1, 0], "pivot": [-0.25, 0.5, -6.75], "rotation": [-32.6326, -40.24635, 44.74405], "uv": [19, 9]},
						{"origin": [5.73047, -1.25, -8.57512], "size": [2, 1, 0], "pivot": [-0.25, 0.5, -6.75], "rotation": [47.20513, -18.88952, -73.31459], "uv": [21, 9]}
					]
				}
			]
		}
	]
}