{
    "enabled": true,
    "neededInstalledMods": [],
    "neededUninstalledMods": [],
    "spawns": [
        {
            "id": "magnemite-craftian-1",
            "pokemon": "magnemite craftian=true",
            "type": "pokemon",
            "context": "grounded",
            "bucket": "common",
            "level": "12-32",
            "weight": 1.8,
            "condition": {
                "biomes": [
                    "#minecraft:is_end"
                ]
            }
        }
    ]
}