{
    "enabled": true,
    "neededInstalledMods": [],
    "neededUninstalledMods": [],
    "spawns": [
        {
            "id": "magneton-craftian-1",
            "pokemon": "magneton craftian=true",
            "type": "pokemon",
            "context": "grounded",
            "bucket": "common",
            "level": "30-46",
            "weight": 0.18,
            "condition": {
                "biomes": [
                    "#minecraft:is_end"
                ]
            }
        }
    ]
}