{
    "enabled": true,
    "neededInstalledMods": [],
    "neededUninstalledMods": [],
    "spawns": [
        {
            "id": "sableye-craftian",
            "pokemon": "sableye craftian=true",
            "presets": [
                "underground"
            ],
            "type": "pokemon",
            "context": "grounded",
            "bucket": "uncommon",
            "level": "20-47",
            "weight": 13.0,
            "condition": {
                "canSeeSky": false,
				"biomes": [
                    "minecraft:deep_dark"
                ]
            }
        }
    ]
}