{
    "enabled": true,
    "neededInstalledMods": [],
    "neededUninstalledMods": [],
    "spawns": [
        {
            "id": "basculin-craftian-bluestripe-1",
            "pokemon": "basculin bluestripe craftian",
            "presets": [
                "urban",
				"river"
            ],
            "type": "pokemon",
            "context": "grounded",
            "bucket": "common",
            "level": "4-46",
            "weight": 5.0,
            "condition": {
                "canSeeSky": true
            }
        },
		{
            "id": "basculin-craftian-redstripe-1",
            "pokemon": "basculin redstripe craftian",
            "presets": [
                "urban",
				"river"
            ],
            "type": "pokemon",
            "context": "grounded",
            "bucket": "common",
            "level": "4-46",
            "weight": 5.0,
            "condition": {
                "canSeeSky": true
            }
        }
    ]
}