{
    "enabled": true,
    "neededInstalledMods": [],
    "neededUninstalledMods": [],
    "spawns": [
        {
            "id": "glacire-1",
            "pokemon": "glacire",
            "type": "pokemon",
            "context": "grounded",
            "bucket": "common",
            "level": "20-43",
            "weight": 1.0,
            "condition": {
                "canSeeSky": true,
                "biomes": [
                    "#cobblemon:is_freezing"
                ],
				"neededNearbyBlocks": [
                    "minecraft:ice"
                ]
            }
        },
        {
            "id": "glacire-2",
            "pokemon": "glacire",
            "presets": [
                "underwater"
            ],
            "type": "pokemon",
            "context": "submerged",
            "bucket": "common",
            "level": "20-43",
            "weight": 1.0,
            "condition": {
                "canSeeSky": true,
                "biomes": [
                    "#cobblemon:is_freezing"
                ]
            }
        }
    ]
}