{
  "species": "cobblemon:deltadeino",
  "order": 0,
  "variations": [
    {
      "aspects": [],
      "poser": "cobblemon:generation5_deltadeino",
      "model": "cobblemon:cutout_gravelmon.geo",
      "texture": "cobblemon:textures/pokemon/generation5/deltadeino.png",
      "layers": []
    },
    {
      "aspects": [
        "shiny"
      ],
      "texture": "cobblemon:textures/pokemon/generation5/deltadeino_shiny.png"
    },
    {
      "aspects": [
        "female"
      ],
      "texture": "cobblemon:textures/pokemon/generation5/deltadeino_female.png"
    },
    {
      "aspects": [
        "female",
        "shiny"
      ],
      "texture": "cobblemon:textures/pokemon/generation5/deltadeino_female_shiny.png"
    }
  ]
}