{
  "name": "obstagoon_hoenn",
  "nationalPokedexNumber": 862,
  "primaryType": "dark",
  "secondaryType": "normal",
  "abilities": [
    "reckless",
    "guts",
    "h:defiant"
  ],
  "baseStats": {
    "hp": 93,
    "attack": 90,
    "defence": 101,
    "special_attack": 60,
    "special_defence": 81,
    "speed": 95
  },
  "catchRate": 45,
  "maleRatio": 0.5,
  "shoulderMountable": false,
  "baseExperienceYield": 260,
  "experienceGroup": "medium_fast",
  "eggCycles": 15,
  "eggGroups": [
    "field"
  ],
"behaviour": {
    "moving": {
    "canLook": true,
    "walk": {
        "walkSpeed": 0.5
      }
    }
  },
  "moves": [
    "1:babydolleyes",
    "1:crosschop",
    "1:leer",
    "1:lick",
    "1:nightslash",
    "1:pinmissile",
    "1:sandattack",
    "1:submission",
    "1:switcheroo",
    "1:tackle",
    "9:snarl",
    "12:headbutt",
    "15:honeclaws",
    "18:furyswipes",
    "23:rest",
    "28:takedown",
    "35:scaryface",
    "42:counter",
    "49:taunt",
    "56:doubleedge",
    "tm:assurance",
    "tm:attract",
    "tm:blizzard",
    "tm:bodypress",
    "tm:bodyslam",
    "tm:brickbreak",
    "tm:bulkup",
    "tm:closecombat",
    "tm:crosspoison",
    "tm:dig",
    "tm:endure",
    "tm:facade",
    "tm:faketears",
    "tm:firepunch",
    "tm:fling",
    "tm:focusenergy",
    "tm:gigaimpact",
    "tm:grassknot",
    "tm:gunkshot",
    "tm:helpinghand",
    "tm:hyperbeam",
    "tm:hypervoice",
    "tm:icebeam",
    "tm:icepunch",
    "tm:icywind",
    "tm:irondefense",
    "tm:irontail",
    "tm:lowkick",
    "tm:megakick",
    "tm:megapunch",
    "tm:mudshot",
    "tm:payback",
    "tm:pinmissile",
    "tm:protect",
    "tm:raindance",
    "tm:rest",
    "tm:retaliate",
    "tm:revenge",
    "tm:reversal",
    "tm:round",
    "tm:scaryface",
    "tm:screech",
    "tm:seedbomb",
    "tm:shadowball",
    "tm:shadowclaw",
    "tm:sleeptalk",
    "tm:snarl",
    "tm:snore",
    "tm:stompingtantrum",
    "tm:substitute",
    "tm:sunnyday",
    "tm:surf",
    "tm:swift",
    "tm:taunt",
    "tm:thief",
    "tm:throatchop",
    "tm:thunder",
    "tm:thunderbolt",
    "tm:thunderpunch",
    "tm:thunderwave",
    "tm:trick",
    "tm:whirlpool",
    "tm:workup",
    "tm:xscissor",
    "tutor:lashout"
  ],
  "labels": [
    "gen8"
  ],
  "pokedex": [
    "cobblemon.species.obstagoon.desc"
  ],
  "preEvolution": "linoone",
  "evolutions": [],
  "baseScale": 0.8,
  "hitbox": {
    "width": 1,
    "height": 1,
    "fixed": false
  },
  "baseFriendship": 50,
  "evYield": {
    "hp": 0,
    "attack": 0,
    "defence": 3,
    "special_attack": 0,
    "special_defence": 0,
    "speed": 0
  },
  "height": 16,
  "weight": 460,
  "aspects": [],
  "cannotDynamax": false
}