{
    "name": "pyukumuku",
    "nationalPokedexNumber": 771,
    "primaryType": "water",
    "abilities": [
        "innardsout",
        "h:unaware"
    ],
    "baseStats": {
        "hp": 55,
        "attack": 60,
        "defence": 130,
        "special_attack": 30,
        "special_defence": 130,
        "speed": 5
    },
    "catchRate": 60,
    "maleRatio": 0.5,
    "shoulderMountable": false,
    "forms": [
		{
            "name": "normal"
        },
		{
			"name": "craftian",
			"aspects": ["craftian"],
			"primaryType": "water",
			"secondaryType": "grass",
			"moves": [
				"1:grasswhistle",
				"1:bide",
				"1:batonpass",
				"1:mudsport",
				"1:watersport",
				"5:helpinghand",
				"10:taunt",
				"15:safeguard",
				"20:counter",
				"25:purify",
				"30:curse",
				"35:recover",
				"40:painsplit",
				"45:aromatherapy",
				"50:soak",
				"55:toxic",
				"60:memento",
				"egg:bestow",
				"egg:mirrorcoat",
				"egg:spite",
				"egg:swagger",
				"egg:tickle",
				"tm:attract",
				"tm:batonpass",
				"tm:confide",
				"tm:doubleteam",
				"tm:endure",
				"tm:sunnyday",
				"tm:helpinghand",
				"tm:lightscreen",
				"tm:protect",
				"tm:psychup",
				"tm:quash",
				"tm:raindance",
				"tm:reflect",
				"tm:rest",
				"tm:safeguard",
				"tm:screech",
				"tm:sleeptalk",
				"tm:substitute",
				"tm:taunt",
				"tm:venomdrench",
				"tm:toxic",
				"tutor:block",
				"tutor:recycle",
				"tutor:gastroacid"
			],
			"pokedex": [
				"cobblemon.form.pyukumuku-craftian.desc1",
				"cobblemon.form.pyukumuku-craftian.desc2"
			],
			"labels": ["gen7", "customized_official", "custom", "regional"]
		}
	],
    "baseExperienceYield": 144,
    "experienceGroup": "fast",
    "eggCycles": 15,
    "eggGroups": [
        "water_1"
    ],
	"drops": {
        "amount": "1",
        "entries": [
            {
                "item": "minecraft:slime_ball",
				"quantityRange": "1-2",
                "percentage": 66
            }
		]
	},
    "behaviour": {
        "moving": {
            "walk": {
                "walkSpeed": 0.175
            },
            "swim": {
                "swimSpeed": 0.1,
                "canSwimInWater": false,
                "canBreatheUnderwater": true
            },
            "wanderChance": 360
        }
    },
    "moves": [
        "1:harden",
        "1:bide",
        "1:batonpass",
        "1:mudsport",
        "1:watersport",
        "5:helpinghand",
        "10:taunt",
        "15:safeguard",
        "20:counter",
        "25:purify",
        "30:curse",
        "35:gastroacid",
        "40:painsplit",
        "45:recover",
        "50:soak",
        "55:toxic",
        "60:memento",
        "egg:bestow",
        "egg:mirrorcoat",
        "egg:spite",
        "egg:swagger",
        "egg:tickle",
        "tm:attract",
        "tm:batonpass",
        "tm:confide",
        "tm:doubleteam",
        "tm:endure",
        "tm:hail",
        "tm:helpinghand",
        "tm:lightscreen",
        "tm:protect",
        "tm:psychup",
        "tm:quash",
        "tm:raindance",
        "tm:reflect",
        "tm:rest",
        "tm:safeguard",
        "tm:screech",
        "tm:sleeptalk",
        "tm:substitute",
        "tm:taunt",
        "tm:venomdrench",
        "tutor:block",
        "tutor:recycle"
    ],
    "labels": [
        "gen7"
    ],
    "pokedex": [
        "cobblemon.species.pyukumuku.desc1",
        "cobblemon.species.pyukumuku.desc2"
    ],
    "evolutions": [],
    "baseScale": 0.75,
    "hitbox": {
        "width": 0.75,
        "height": 0.6,
        "fixed": false
    },
    "baseFriendship": 50,
    "evYield": {
        "special_defence": 2
    },
    "height": 3,
    "weight": 12
}