{
    "implemented": true,
    "name": "mimikyu_craftonian",
    "nationalPokedexNumber": 9999,
    "primaryType": "ghost",
    "secondaryType": "grass",
    "abilities": [
        "disguise"
        
        
    ],
    "baseStats": {
        "hp": 55,
        "attack": 90,
        "defence": 80,
        "special_attack": 50,
        "special_defence": 105,
        "speed": 96
    },
    "behaviour": {
        "resting": {
            "canSleep": true,
            "depth": "normal",
            "light": "0-4"
        },
        "moving": {
            "canLook": false,
            "walk": {
                "canWalk": true,
                "avoidsLand": false
            },
            "swim": {
                "swimSpeed": 0.1,
                "canSwimInWater": true,
                "canBreatheUnderwater": false
            }
        }
    },
    "catchRate": 150,
    "maleRatio": 0.5,
    "shoulderMountable": false,
    
    "baseExperienceYield": 100,
    "experienceGroup": "erratic",
    "eggCycles": 25,
    "eggGroups": [
        "amorphous"
        
    ],
    
    "moves": [
        "1:explosion",
        "1:copycat",
        "1:scratch",
        "1:woodhammer",
        "6:shadowsneak",
        "12:doubleteam",
        "18:babydolleyes",
        "24:mimic",
        "30:honeclaws",
        "36:slash",
        "42:shadowclaw",
        "48:charm",
        "54:playrough",
        "60:painsplit"
    ],
    "labels": [
        "gen7"
    ],
    "pokedex": [
        "cobblemon.species.mimikyup.desc1",
        "cobblemon.species.mimikyup.desc2"
    ],
    
    
    "baseScale": 0.7,
    "hitbox": {
        "width": 0.5,
        "height": 1.0,
        "fixed": false
    },
    "baseFriendship": 50,
    "evYield": {
        "hp": 0,
        "attack": 0,
        "defence": 0,
        "special_attack": 0,
        "special_defence": 1,
        "speed": 0
    },
    "height": 1,
    "weight": 1
}