{
  "implemented": true,
  "name": "champeon",
  "nationalPokedexNumber": 1348,
  "primaryType": "fighting",
  "abilities": [
    "scrappy",
    "h:competitive"
  ],
  "baseStats": {
    "hp": 65,
    "attack": 110,
    "defence": 65,
    "special_attack": 95,
    "special_defence": 60,
    "speed": 130
  },
  "behaviour": {
    "resting": {
        "canSleep": true,
        "willSleepOnBed": false,        "depth": "normal",
        "light": "0-6"
    },
    "moving": {
        "fly": {
            "canFly": false
        },
        "canLook": true,
        "walk": {
            "canWalk": true,
            "avoidsLand": false
        },
        "swim": {
            "swimSpeed": 0.1,
            "canSwimInWater": true,
            "canBreatheUnderwater": false
        },
        "wanderChance": 1.0
    }
  },
  "catchRate": 45,
  "maleRatio": 0.5,
  "shoulderMountable": false,
  "baseExperienceYield": 184,
  "experienceGroup": "medium_fast",
  "eggCycles": 35,
  "eggGroups": [
    "field"
  ],
  "moves": [
    "1:reversal",
    "1:helpinghand",
    "1:tackle",
    "1:tailwhip",
    "1:agility",
    "1:meditate",
    "6:vacuumwave",
    "10:endure",
    "12:confusion",
    "15:calmmind",
    "17:lowkick",
    "20:painsplit",
    "24:swift",
    "26:lowsweep",
    "28:heartstamp",
    "34:swordsdance",
    "37:jumpkick",
    "40:healblock",
    "41:roar",
    "45:megakick",
    "52:aurasphere",
    "55:extrasensory",
    "63:superpower",
    "70:highjumpkick",
    "75:extremespeed",
    "tm:toxic",
    "tm:bulkup",
    "tm:hiddenpower",
    "tm:taunt",
    "tm:hyperbeam",
    "tm:protect",
    "tm:raindance",
    "tm:frustration",
    "tm:smackdown",
    "tm:return",
    "tm:dig",
    "tm:brickbreak",
    "tm:doubleteam",
    "tm:flamethrower",
    "tm:sandstorm",
    "tm:rocktomb",
    "tm:torment",
    "tm:facade",
    "tm:rest",
    "tm:attract",
    "tm:lowsweep",
    "tm:round",
    "tm:echoedvoice",
    "tm:focusblast",
    "tm:shadowclaw",
    "tm:gigaimpact",
    "tm:stoneedge",
    "tm:thunderwave",
    "tm:swordsdance",
    "tm:swagger",
    "tm:uturn",
    "tm:substitute",
    "tm:rocksmash",
    "tm:bulletseed",
    "tm:strength",
    "tutor:firepunch",
    "tutor:helpinghand",
    "tutor:megakick",
    "tutor:suckerpunch",
    "tutor:superpower",
    "egg:charm",
    "egg:covet",
    "egg:curse",
    "egg:detect",
    "egg:endure",
    "egg:faketears",
    "egg:flail",
    "egg:naturalgift",
    "egg:storedpower",
    "egg:synchronoise",
    "egg:tickle",
    "egg:wish",
    "egg:yawn"  ],
  "labels": [
    "infinity"
  ],
  "pokedex": [
    "cobblemon.species.champeon.desc"
  ],
  "baseScale": 0.8,
  "hitbox": {
    "width": 1.0,
    "height": 1.0,
    "fixed": false
  },
  "baseFriendship": 70,
  "evYield": {
    "hp": 0,
    "attack": 1,
    "defence": 0,
    "special_attack": 1,
    "special_defence": 0,
    "speed": 2
  },
  "height": 10,
  "weight": 230,
  "aspects": [],
"features": [

  ],  "cannotDynamax": false
}