{
  "implemented": true,
  "name": "draconeon",
  "nationalPokedexNumber": 1355,
  "primaryType": "dragon",
  "abilities": [
    "toughclaws",
    "h:multiscale"
  ],
  "baseStats": {
    "hp": 80,
    "attack": 127,
    "defence": 80,
    "special_attack": 70,
    "special_defence": 50,
    "speed": 118
  },
  "behaviour": {
    "resting": {
        "canSleep": true,
        "willSleepOnBed": false,        "depth": "normal",
        "light": "0-6"
    },
    "moving": {
        "fly": {
            "canFly": false
        },
        "canLook": true,
        "walk": {
            "canWalk": true,
            "avoidsLand": false
        },
        "swim": {
            "swimSpeed": 0.1,
            "canSwimInWater": true,
            "canBreatheUnderwater": false
        },
        "wanderChance": 1.0
    }
  },
  "catchRate": 45,
  "maleRatio": 0.5,
  "shoulderMountable": false,
  "baseExperienceYield": 184,
  "experienceGroup": "medium_fast",
  "eggCycles": 35,
  "eggGroups": [
    "field"
  ],
  "moves": [
    "1:dragonclaw",
    "1:helpinghand",
    "1:tackle",
    "1:tailwhip",
    "5:howl",
    "6:wrap",
    "6:twister",
    "13:hornattack",
    "16:aquaring",
    "20:dragonbreath",
    "22:nightslash",
    "23:scaryface",
    "29:crushclaw",
    "31:dualchop",
    "36:dragontail",
    "41:refresh",
    "44:falseswipe",
    "49:ancientpower",
    "56:dragondance",
    "64:outrage",
    "76:dragonrush",
    "tm:honeclaws",
    "tm:dragonclaw",
    "tm:toxic",
    "tm:hiddenpower",
    "tm:hyperbeam",
    "tm:protect",
    "tm:raindance",
    "tm:frustration",
    "tm:thunder",
    "tm:return",
    "tm:doubleteam",
    "tm:fireblast",
    "tm:facade",
    "tm:rest",
    "tm:attract",
    "tm:round",
    "tm:echoedvoice",
    "tm:payback",
    "tm:gigaimpact",
    "tm:voltswitch",
    "tm:thunderwave",
    "tm:dragontail",
    "tm:swagger",
    "tm:uturn",
    "tm:substitute",
    "tm:rocksmash",
    "tm:cut",
    "tm:surf",
    "tm:strength",
    "tm:waterfall",
    "tm:dive",
    "tutor:aquatail",
    "tutor:dracometeor",
    "tutor:dragonpulse",
    "tutor:irontail",
    "egg:charm",
    "egg:covet",
    "egg:curse",
    "egg:detect",
    "egg:endure",
    "egg:faketears",
    "egg:flail",
    "egg:naturalgift",
    "egg:storedpower",
    "egg:synchronoise",
    "egg:tickle",
    "egg:wish",
    "egg:yawn"  ],
  "labels": [
    "infinity"
  ],
  "pokedex": [
    "cobblemon.species.draconeon.desc"
  ],
  "baseScale": 0.8,
  "hitbox": {
    "width": 1.3,
    "height": 1.3,
    "fixed": false
  },
  "baseFriendship": 70,
  "evYield": {
    "hp": 0,
    "attack": 2,
    "defence": 0,
    "special_attack": 0,
    "special_defence": 0,
    "speed": 1
  },
  "height": 13,
  "weight": 250,
  "aspects": [],
"features": [

  ],  "cannotDynamax": false
}