{
  "implemented": true,
  "name": "eeveeon",
  "nationalPokedexNumber": 1356,
  "primaryType": "normal",
  "abilities": [
    "adaptability",
    "h:normalize"
  ],
  "baseStats": {
    "hp": 90,
    "attack": 95,
    "defence": 70,
    "special_attack": 95,
    "special_defence": 70,
    "speed": 105
  },
  "behaviour": {
    "resting": {
        "canSleep": true,
        "willSleepOnBed": false,        "depth": "normal",
        "light": "0-6"
    },
    "moving": {
        "fly": {
            "canFly": false
        },
        "canLook": true,
        "walk": {
            "canWalk": true,
            "avoidsLand": false
        },
        "swim": {
            "swimSpeed": 0.1,
            "canSwimInWater": true,
            "canBreatheUnderwater": false
        },
        "wanderChance": 1.0
    }
  },
  "catchRate": 45,
  "maleRatio": 0.5,
  "shoulderMountable": false,
  "baseExperienceYield": 184,
  "experienceGroup": "medium_fast",
  "eggCycles": 35,
  "eggGroups": [
    "field"
  ],
  "moves": [
    "1:workup",
    "1:helpinghand",
    "1:tackle",
    "1:tailwhip",
    "3:sandattack",
    "6:growl",
    "9:quickattack",
    "11:bite",
    "16:covet",
    "20:takedown",
    "22:charm",
    "28:batonpass",
    "32:doubleedge",
    "35:lastresort",
    "38:trumpcard",
    "40:agility",
    "44:assist",
    "49:hypervoice",
    "53:slackoff",
    "57:holdback",
    "60:earthpower",
    "64:cosmicpower",
    "73:storedpower",
    "tm:roar",
    "tm:toxic",
    "tm:hiddenpower",
    "tm:icebeam",
    "tm:blizzard",
    "tm:hyperbeam",
    "tm:protect",
    "tm:raindance",
    "tm:frustration",
    "tm:return",
    "tm:dig",
    "tm:doubleteam",
    "tm:facade",
    "tm:rest",
    "tm:attract",
    "tm:lowsweep",
    "tm:round",
    "tm:echoedvoice",
    "tm:fling",
    "tm:shadowclaw",
    "tm:payback",
    "tm:retaliate",
    "tm:gigaimpact",
    "tm:thunderwave",
    "tm:swordsdance",
    "tm:psychup",
    "tm:workup",
    "tm:swagger",
    "tm:substitute",
    "tutor:aquatail",
    "tutor:dazzlinggleam",
    "tutor:foulplay",
    "tutor:helpinghand",
    "tutor:megakick",
    "tutor:zenheadbutt",
    "egg:charm",
    "egg:covet",
    "egg:curse",
    "egg:detect",
    "egg:endure",
    "egg:faketears",
    "egg:flail",
    "egg:naturalgift",
    "egg:storedpower",
    "egg:synchronoise",
    "egg:tickle",
    "egg:wish",
    "egg:yawn"  ],
  "labels": [
    "infinity"
  ],
  "pokedex": [
    "cobblemon.species.eeveeon.desc"
  ],
  "baseScale": 0.8,
  "hitbox": {
    "width": 1.4,
    "height": 1.4,
    "fixed": false
  },
  "baseFriendship": 70,
  "evYield": {
    "hp": 1,
    "attack": 1,
    "defence": 0,
    "special_attack": 1,
    "special_defence": 0,
    "speed": 1
  },
  "height": 14,
  "weight": 250,
  "aspects": [],
"features": [

  ],  "cannotDynamax": false
}