{
  "implemented": true,
  "name": "kokipound",
  "nationalPokedexNumber": 1333,
  "primaryType": "grass",
  "secondaryType": "fighting",
  "abilities": [
    "justified",
    "scrappy",
    "h:soundproof"
  ],
  "baseStats": {
    "hp": 60,
    "attack": 85,
    "defence": 70,
    "special_attack": 53,
    "special_defence": 65,
    "speed": 60
  },
  "behaviour": {
    "resting": {
        "canSleep": true,
        "willSleepOnBed": false,        "depth": "normal",
        "light": "0-6"
    },
    "moving": {
        "fly": {
            "canFly": false
        },
        "canLook": true,
        "walk": {
            "canWalk": true,
            "avoidsLand": false
        },
        "swim": {
            "swimSpeed": 0.1,
            "canSwimInWater": true,
            "canBreatheUnderwater": false
        },
        "wanderChance": 1.0
    }
  },
  "catchRate": 45,
  "maleRatio": 0.875,
  "shoulderMountable": false,
  "baseExperienceYield": 142,
  "experienceGroup": "medium_slow",
  "eggCycles": 52,
  "eggGroups": [
    "monster",
    "grass"
  ],
  "drops": {
    "amount": "2",
    "entries": [
      {
        "item": "minecraft:seeds",
        "quantityRange": "1-2",
        "percentage": 50
      }
    ]
  },
  "moves": [
    "1:leaftornado",
    "1:growl",
    "1:pound",
    "3:absorb",
    "6:leechseed",
    "9:razorleaf",
    "11:headbutt",
    "14:focusenergy",
    "15:megadrain",
    "17:karatechop",
    "19:counter",
    "24:firepunch",
    "27:synthesis",
    "29:shadowpunch",
    "33:megapunch",
    "35:leafblade",
    "38:woodhammer",
    "40:gigadrain",
    "42:petalblizzard",
    "44:dynamicpunch",
    "47:swordsdance",
    "53:superpower",
    "55:closecombat",
    "tm:toxic",
    "tm:bulkup",
    "tm:hiddenpower",
    "tm:sunnyday",
    "tm:taunt",
    "tm:protect",
    "tm:raindance",
    "tm:frustration",
    "tm:solarbeam",
    "tm:smackdown",
    "tm:return",
    "tm:brickbreak",
    "tm:facade",
    "tm:rest",
    "tm:attract",
    "tm:thief",
    "tm:lowsweep",
    "tm:focusblast",
    "tm:energyball",
    "tm:falseswipe",
    "tm:fling",
    "tm:payback",
    "tm:retaliate",
    "tm:psychup",
    "tm:rockslide",
    "tm:workup",
    "tm:swagger",
    "tm:substitute",
    "tm:rocksmash",
    "tm:bulletseed",
    "tm:cut",
    "tm:surf",
    "tm:strength",
    "tutor:dragonpulse",
    "tutor:drainpunch",
    "tutor:dualchop",
    "tutor:firepunch",
    "tutor:gigadrain",
    "tutor:grasspledge",
    "tutor:headbutt",
    "tutor:knockoff",
    "tutor:lowkick",
    "tutor:megakick",
    "tutor:megapunch",
    "tutor:mudslap",
    "tutor:sleeptalk",
    "tutor:snore",
    "tutor:suckerpunch",
    "tutor:synthesis",
    "tutor:zenheadbutt",
    "egg:amnesia",
    "egg:charm",
    "egg:curse",
    "egg:endure",
    "egg:grasswhistle",
    "egg:ingrain",
    "egg:leafstorm",
    "egg:magicalleaf",
    "egg:naturepower",
    "egg:skullbash",
    "egg:sludge"  ],
  "labels": [
    "infinity"
  ],
  "pokedex": [
    "cobblemon.species.kokipound.desc"
  ],
  "evolutions": [
    {
      "id": "kokipound_kokismash",
      "variant": "level_up",
      "result": "kokismash",
      "consumeHeldItem": false,
      "learnableMoves": [],
      "requirements": [
        {
          "variant": "level",
          "minLevel": 36
        }
      ]   
 }
  ],
  "baseScale": 0.8,
  "hitbox": {
    "width": 1.3,
    "height": 1.3,
    "fixed": false
  },
  "baseFriendship": 70,
  "evYield": {
    "hp": 0,
    "attack": 1,
    "defence": 0,
    "special_attack": 0,
    "special_defence": 0,
    "speed": 0
  },
  "height": 13,
  "weight": 360,
  "aspects": [],
"features": [

  ],  "cannotDynamax": false
}