{
  "implemented": true,
  "name": "kokismash",
  "nationalPokedexNumber": 1334,
  "primaryType": "grass",
  "secondaryType": "fighting",
  "abilities": [
    "justified",
    "ironfist",
    "h:soundproof"
  ],
  "baseStats": {
    "hp": 80,
    "attack": 130,
    "defence": 85,
    "special_attack": 85,
    "special_defence": 65,
    "speed": 80
  },
  "behaviour": {
    "resting": {
        "canSleep": true,
        "willSleepOnBed": false,        "depth": "normal",
        "light": "0-6"
    },
    "moving": {
        "fly": {
            "canFly": false
        },
        "canLook": true,
        "walk": {
            "canWalk": true,
            "avoidsLand": false
        },
        "swim": {
            "swimSpeed": 0.1,
            "canSwimInWater": true,
            "canBreatheUnderwater": false
        },
        "wanderChance": 1.0
    }
  },
  "catchRate": 45,
  "maleRatio": 0.875,
  "shoulderMountable": false,
  "baseExperienceYield": 236,
  "experienceGroup": "medium_slow",
  "eggCycles": 52,
  "eggGroups": [
    "monster",
    "grass"
  ],
  "drops": {
    "amount": "2",
    "entries": [
      {
        "item": "minecraft:seeds",
        "quantityRange": "1-2",
        "percentage": 50
      }
    ]
  },
  "moves": [
    "1:drainpunch",
    "1:leaftornado",
    "1:growl",
    "1:pound",
    "3:absorb",
    "6:leechseed",
    "9:razorleaf",
    "11:headbutt",
    "14:focusenergy",
    "15:megadrain",
    "17:karatechop",
    "19:counter",
    "24:firepunch",
    "27:synthesis",
    "29:shadowpunch",
    "33:megapunch",
    "35:leafblade",
    "38:woodhammer",
    "40:gigadrain",
    "43:petalblizzard",
    "46:dynamicpunch",
    "50:solarbeam",
    "57:superpower",
    "64:swordsdance",
    "72:closecombat",
    "tm:toxic",
    "tm:bulkup",
    "tm:hiddenpower",
    "tm:sunnyday",
    "tm:taunt",
    "tm:protect",
    "tm:raindance",
    "tm:frustration",
    "tm:solarbeam",
    "tm:smackdown",
    "tm:return",
    "tm:brickbreak",
    "tm:rocktomb",
    "tm:facade",
    "tm:rest",
    "tm:attract",
    "tm:thief",
    "tm:lowsweep",
    "tm:focusblast",
    "tm:energyball",
    "tm:falseswipe",
    "tm:fling",
    "tm:payback",
    "tm:retaliate",
    "tm:gigaimpact",
    "tm:stoneedge",
    "tm:psychup",
    "tm:rockslide",
    "tm:workup",
    "tm:swagger",
    "tm:substitute",
    "tm:rocksmash",
    "tm:bulletseed",
    "tm:cut",
    "tm:surf",
    "tm:strength",
    "tutor:dragonpulse",
    "tutor:drainpunch",
    "tutor:dualchop",
    "tutor:firepunch",
    "tutor:frenzyplant",
    "tutor:gigadrain",
    "tutor:grasspledge",
    "tutor:headbutt",
    "tutor:knockoff",
    "tutor:lowkick",
    "tutor:megakick",
    "tutor:megapunch",
    "tutor:mudslap",
    "tutor:outrage",
    "tutor:sleeptalk",
    "tutor:snore",
    "tutor:suckerpunch",
    "tutor:superpower",
    "tutor:synthesis",
    "tutor:zenheadbutt",
    "egg:amnesia",
    "egg:charm",
    "egg:curse",
    "egg:endure",
    "egg:grasswhistle",
    "egg:ingrain",
    "egg:leafstorm",
    "egg:magicalleaf",
    "egg:naturepower",
    "egg:skullbash",
    "egg:sludge"  ],
  "labels": [
    "infinity"
  ],
  "pokedex": [
    "cobblemon.species.kokismash.desc"
  ],
  "baseScale": 1.1,
  "hitbox": {
    "width": 2.1,
    "height": 2.1,
    "fixed": false
  },
  "baseFriendship": 70,
  "evYield": {
    "hp": 0,
    "attack": 3,
    "defence": 0,
    "special_attack": 0,
    "special_defence": 0,
    "speed": 0
  },
  "height": 21,
  "weight": 1640,
  "aspects": [],
"features": [

  ],  "cannotDynamax": false
}