{
  "implemented": true,
  "name": "scorpeon",
  "nationalPokedexNumber": 1352,
  "primaryType": "poison",
  "abilities": [
    "poisontouch",
    "h:lightningrod"
  ],
  "baseStats": {
    "hp": 65,
    "attack": 110,
    "defence": 105,
    "special_attack": 80,
    "special_defence": 55,
    "speed": 110
  },
  "behaviour": {
    "resting": {
        "canSleep": true,
        "willSleepOnBed": false,        "depth": "normal",
        "light": "0-6"
    },
    "moving": {
        "fly": {
            "canFly": false
        },
        "canLook": true,
        "walk": {
            "canWalk": true,
            "avoidsLand": false
        },
        "swim": {
            "swimSpeed": 0.1,
            "canSwimInWater": true,
            "canBreatheUnderwater": false
        },
        "wanderChance": 1.0
    }
  },
  "catchRate": 45,
  "maleRatio": 0.5,
  "shoulderMountable": false,
  "baseExperienceYield": 184,
  "experienceGroup": "medium_fast",
  "eggCycles": 35,
  "eggGroups": [
    "field"
  ],
  "moves": [
    "1:helpinghand",
    "1:tackle",
    "1:tailwhip",
    "1:bite",
    "4:poisonsting",
    "9:roar",
    "15:toxicspikes",
    "19:spikyshield",
    "21:poisontail",
    "26:thunderfang",
    "30:venomdrench",
    "31:agility",
    "36:crunch",
    "40:sludgewave",
    "46:punishment",
    "51:swagger",
    "56:belch",
    "62:electroball",
    "70:nastyplot",
    "tm:honeclaws",
    "tm:roar",
    "tm:toxic",
    "tm:venoshock",
    "tm:hiddenpower",
    "tm:hyperbeam",
    "tm:protect",
    "tm:raindance",
    "tm:safeguard",
    "tm:frustration",
    "tm:thunderbolt",
    "tm:return",
    "tm:doubleteam",
    "tm:aerialace",
    "tm:torment",
    "tm:facade",
    "tm:rest",
    "tm:attract",
    "tm:lowsweep",
    "tm:round",
    "tm:echoedvoice",
    "tm:falseswipe",
    "tm:chargebeam",
    "tm:shadowclaw",
    "tm:payback",
    "tm:gigaimpact",
    "tm:flash",
    "tm:voltswitch",
    "tm:thunderwave",
    "tm:swordsdance",
    "tm:xscissor",
    "tm:poisonjab",
    "tm:swagger",
    "tm:substitute",
    "tm:rocksmash",
    "tm:cut",
    "tm:strength",
    "tutor:darkpulse",
    "tutor:dragonpulse",
    "tutor:irontail",
    "tutor:suckerpunch",
    "egg:charm",
    "egg:covet",
    "egg:curse",
    "egg:detect",
    "egg:endure",
    "egg:faketears",
    "egg:flail",
    "egg:naturalgift",
    "egg:storedpower",
    "egg:synchronoise",
    "egg:tickle",
    "egg:wish",
    "egg:yawn"  ],
  "labels": [
    "infinity"
  ],
  "pokedex": [
    "cobblemon.species.scorpeon.desc"
  ],
  "baseScale": 0.8,
  "hitbox": {
    "width": 1.1,
    "height": 1.1,
    "fixed": false
  },
  "baseFriendship": 70,
  "evYield": {
    "hp": 0,
    "attack": 2,
    "defence": 0,
    "special_attack": 0,
    "special_defence": 0,
    "speed": 2
  },
  "height": 11,
  "weight": 230,
  "aspects": [],
"features": [

  ],  "cannotDynamax": false
}