{
  "implemented": true,
  "name": "sphynxeon",
  "nationalPokedexNumber": 1353,
  "primaryType": "ground",
  "abilities": [
    "synchronize",
    "h:technician"
  ],
  "baseStats": {
    "hp": 120,
    "attack": 88,
    "defence": 106,
    "special_attack": 70,
    "special_defence": 80,
    "speed": 61
  },
  "behaviour": {
    "resting": {
        "canSleep": true,
        "willSleepOnBed": false,        "depth": "normal",
        "light": "0-6"
    },
    "moving": {
        "fly": {
            "canFly": false
        },
        "canLook": true,
        "walk": {
            "canWalk": true,
            "avoidsLand": false
        },
        "swim": {
            "swimSpeed": 0.1,
            "canSwimInWater": true,
            "canBreatheUnderwater": false
        },
        "wanderChance": 1.0
    }
  },
  "catchRate": 45,
  "maleRatio": 0.5,
  "shoulderMountable": false,
  "baseExperienceYield": 184,
  "experienceGroup": "medium_fast",
  "eggCycles": 35,
  "eggGroups": [
    "field"
  ],
  "moves": [
    "1:bonemerang",
    "1:helpinghand",
    "1:tackle",
    "1:tailwhip",
    "1:rockpolish",
    "1:simplebeam",
    "5:sandattack",
    "9:sandtomb",
    "12:covet",
    "14:psychoshift",
    "14:psybeam",
    "20:bonerush",
    "24:rockblast",
    "27:trick",
    "32:dig",
    "37:zenheadbutt",
    "37:trickroom",
    "40:bulldoze",
    "46:earthpower",
    "51:sandstorm",
    "58:ancientpower",
    "63:fissure",
    "68:futuresight",
    "68:painsplit",
    "tm:psyshock",
    "tm:calmmind",
    "tm:roar",
    "tm:toxic",
    "tm:hiddenpower",
    "tm:hyperbeam",
    "tm:lightscreen",
    "tm:protect",
    "tm:raindance",
    "tm:telekinesis",
    "tm:frustration",
    "tm:earthquake",
    "tm:return",
    "tm:dig",
    "tm:psychic",
    "tm:shadowball",
    "tm:sandstorm",
    "tm:facade",
    "tm:rest",
    "tm:attract",
    "tm:lowsweep",
    "tm:round",
    "tm:echoedvoice",
    "tm:gigaimpact",
    "tm:flash",
    "tm:thunderwave",
    "tm:swordsdance",
    "tm:swagger",
    "tm:substitute",
    "tm:trickroom",
    "tm:rocksmash",
    "tm:strength",
    "tutor:darkpulse",
    "tutor:dazzlinggleam",
    "tutor:earthpower",
    "tutor:heatwave",
    "tutor:helpinghand",
    "tutor:stealthrock",
    "tutor:zenheadbutt",
    "egg:charm",
    "egg:covet",
    "egg:curse",
    "egg:detect",
    "egg:endure",
    "egg:faketears",
    "egg:flail",
    "egg:naturalgift",
    "egg:storedpower",
    "egg:synchronoise",
    "egg:tickle",
    "egg:wish",
    "egg:yawn"  ],
  "labels": [
    "infinity"
  ],
  "pokedex": [
    "cobblemon.species.sphynxeon.desc"
  ],
  "baseScale": 0.8,
  "hitbox": {
    "width": 0.9,
    "height": 0.9,
    "fixed": false
  },
  "baseFriendship": 70,
  "evYield": {
    "hp": 2,
    "attack": 0,
    "defence": 0,
    "special_attack": 0,
    "special_defence": 0,
    "speed": 0
  },
  "height": 9,
  "weight": 240,
  "aspects": [],
"features": [

  ],  "cannotDynamax": false
}