{
	"format_version": "1.8.0",
	"animations": {
		"animation.floatzel.ground_idle": {
			"loop": true,
			"animation_length": 4,
			"bones": {
				"armr": {
					"rotation": {
						"0.0": [51.40234, -43.64869, -50.11384],
						"2.0": [51.40234, -43.64869, -50.11384]
					},
					"position": {
						"0.0": [-2, 0, -1],
						"2.0": [-2, 0, -1]
					}
				},
				"handr": {
					"rotation": {
						"0.0": [0, -60, 0],
						"2.0": [0, -60, 0]
					}
				},
				"arml": {
					"rotation": {
						"0.0": [50.65438, 46.83699, 51.01681],
						"2.0": [50.65438, 46.83699, 51.01681]
					},
					"position": {
						"0.0": [2, 0, -1],
						"2.0": [2, 0, -1]
					}
				},
				"handl": {
					"rotation": {
						"0.0": [0, 52.5, 0],
						"2.0": [0, 52.5, 0]
					}
				},
				"legs": {
					"position": {
						"0.0": {
							"post": [0, 0, 0],
							"lerp_mode": "catmullrom"
						},
						"1.0": {
							"post": [0, 1, 0],
							"lerp_mode": "catmullrom"
						},
						"2.0": {
							"post": [0, 0, 0],
							"lerp_mode": "catmullrom"
						},
						"3.0": {
							"post": [0, 1, 0],
							"lerp_mode": "catmullrom"
						},
						"4.0": {
							"post": [0, 0, 0],
							"lerp_mode": "catmullrom"
						}
					}
				},
				"footl": {
					"rotation": {
						"0.0": {
							"post": [0, -35, 0],
							"lerp_mode": "catmullrom"
						},
						"1.0": {
							"post": [10, -35, 0],
							"lerp_mode": "catmullrom"
						},
						"2.0": {
							"post": [0, -35, 0],
							"lerp_mode": "catmullrom"
						},
						"3.0": {
							"post": [10, -35, 0],
							"lerp_mode": "catmullrom"
						},
						"4.0": {
							"post": [0, -35, 0],
							"lerp_mode": "catmullrom"
						}
					},
					"position": {
						"0.0": [1, 0, 0],
						"2.0": [1, 0, 0]
					}
				},
				"footr": {
					"rotation": {
						"0.0": {
							"post": [0, 35, 0],
							"lerp_mode": "catmullrom"
						},
						"1.0": {
							"post": [10, 35, 0],
							"lerp_mode": "catmullrom"
						},
						"2.0": {
							"post": [0, 35, 0],
							"lerp_mode": "catmullrom"
						},
						"3.0": {
							"post": [10, 35, 0],
							"lerp_mode": "catmullrom"
						},
						"4.0": {
							"post": [0, 35, 0],
							"lerp_mode": "catmullrom"
						}
					},
					"position": {
						"0.0": [-1, 0, 0],
						"2.0": [-1, 0, 0]
					}
				},
				"tail": {
					"rotation": {
						"0.0": {
							"post": [25, 0, 0],
							"lerp_mode": "catmullrom"
						},
						"1.0": {
							"post": [-7.5, 0, 0],
							"lerp_mode": "catmullrom"
						},
						"2.0": {
							"post": [25, 0, 0],
							"lerp_mode": "catmullrom"
						},
						"3.0": {
							"post": [-7.5, 0, 0],
							"lerp_mode": "catmullrom"
						},
						"4.0": {
							"post": [25, 0, 0],
							"lerp_mode": "catmullrom"
						}
					}
				},
				"tailr": {
					"rotation": {
						"0.0": {
							"post": [15, 0, 0],
							"lerp_mode": "catmullrom"
						},
						"1.0": {
							"post": [-5, 0, 0],
							"lerp_mode": "catmullrom"
						},
						"2.0": {
							"post": [15, 0, 0],
							"lerp_mode": "catmullrom"
						},
						"3.0": {
							"post": [-5, 0, 0],
							"lerp_mode": "catmullrom"
						},
						"4.0": {
							"post": [15, 0, 0],
							"lerp_mode": "catmullrom"
						}
					}
				},
				"tailtipr": {
					"rotation": {
						"0.0": {
							"post": [16.27, 0, 0],
							"lerp_mode": "catmullrom"
						},
						"0.25": {
							"post": [22.5, 0, 0],
							"lerp_mode": "catmullrom"
						},
						"1.25": {
							"post": [-12.5, 0, 0],
							"lerp_mode": "catmullrom"
						},
						"2.0": {
							"post": [16.27, 0, 0],
							"lerp_mode": "catmullrom"
						},
						"2.25": {
							"post": [22.5, 0, 0],
							"lerp_mode": "catmullrom"
						},
						"3.25": {
							"post": [-12.5, 0, 0],
							"lerp_mode": "catmullrom"
						},
						"4.0": {
							"post": [16.27, 0, 0],
							"lerp_mode": "catmullrom"
						}
					}
				},
				"taill": {
					"rotation": {
						"0.0": {
							"post": [12.5, 0, 0],
							"lerp_mode": "catmullrom"
						},
						"1.0": {
							"post": [-5, 0, 0],
							"lerp_mode": "catmullrom"
						},
						"2.0": {
							"post": [12.5, 0, 0],
							"lerp_mode": "catmullrom"
						},
						"3.0": {
							"post": [-5, 0, 0],
							"lerp_mode": "catmullrom"
						},
						"4.0": {
							"post": [12.5, 0, 0],
							"lerp_mode": "catmullrom"
						}
					}
				},
				"tailtipl": {
					"rotation": {
						"0.0": {
							"post": [16.27, 0, 0],
							"lerp_mode": "catmullrom"
						},
						"0.25": {
							"post": [22.5, 0, 0],
							"lerp_mode": "catmullrom"
						},
						"1.25": {
							"post": [-12.5, 0, 0],
							"lerp_mode": "catmullrom"
						},
						"2.0": {
							"post": [16.27, 0, 0],
							"lerp_mode": "catmullrom"
						},
						"2.25": {
							"post": [22.5, 0, 0],
							"lerp_mode": "catmullrom"
						},
						"3.25": {
							"post": [-12.5, 0, 0],
							"lerp_mode": "catmullrom"
						},
						"4.0": {
							"post": [16.27, 0, 0],
							"lerp_mode": "catmullrom"
						}
					}
				},
				"eyelids": {
					"position": {
						"1.9583": [0, 0, 0],
						"2.0": [0, 0, -1],
						"2.125": [0, 0, -1],
						"2.1667": [0, 0, 0]
					}
				}
			}
		},
		"animation.floatzel.ground_walk": {
			"loop": true,
			"animation_length": 1,
			"bones": {
				"body": {
					"rotation": {
						"0.0": {
							"post": [2.5, -17.5, 0],
							"lerp_mode": "catmullrom"
						},
						"0.5": {
							"post": [2.5, 17.5, 0],
							"lerp_mode": "catmullrom"
						},
						"1.0": {
							"post": [2.5, -17.5, 0],
							"lerp_mode": "catmullrom"
						}
					},
					"position": {
						"0.0": {
							"post": [0, 0, 0],
							"lerp_mode": "catmullrom"
						},
						"0.1667": {
							"post": [0, 1, 0],
							"lerp_mode": "catmullrom"
						},
						"0.5": {
							"post": [0, 0, 0],
							"lerp_mode": "catmullrom"
						},
						"0.6667": {
							"post": [0, 1, 0],
							"lerp_mode": "catmullrom"
						},
						"1.0": {
							"post": [0, 0, 0],
							"lerp_mode": "catmullrom"
						}
					}
				},
				"armr": {
					"rotation": {
						"0.0": {
							"post": [-2.23243, 29.8586, -45.85907],
							"lerp_mode": "catmullrom"
						},
						"0.5": {
							"post": [0, -20, -45],
							"lerp_mode": "catmullrom"
						},
						"1.0": {
							"post": [-2.23243, 29.8586, -45.85907],
							"lerp_mode": "catmullrom"
						}
					}
				},
				"handr": {
					"rotation": {
						"0.0": {
							"post": [0, -15, 0],
							"lerp_mode": "catmullrom"
						},
						"0.5": {
							"post": [0, -30, 0],
							"lerp_mode": "catmullrom"
						},
						"1.0": {
							"post": [0, -15, 0],
							"lerp_mode": "catmullrom"
						}
					}
				},
				"arml": {
					"rotation": {
						"0.0": {
							"post": [0, 20, 45],
							"lerp_mode": "catmullrom"
						},
						"0.5": {
							"post": [-2.23243, -29.8586, 45.8591],
							"lerp_mode": "catmullrom"
						},
						"1.0": {
							"post": [0, 20, 45],
							"lerp_mode": "catmullrom"
						}
					}
				},
				"handl": {
					"rotation": {
						"0.0": {
							"post": [0, 30, 0],
							"lerp_mode": "catmullrom"
						},
						"0.5": {
							"post": [0, 15, 0],
							"lerp_mode": "catmullrom"
						},
						"1.0": {
							"post": [0, 30, 0],
							"lerp_mode": "catmullrom"
						}
					}
				},
				"head": {
					"rotation": {
						"0.0": {
							"post": [0, 15, 0],
							"lerp_mode": "catmullrom"
						},
						"0.5": {
							"post": [0, -15, 0],
							"lerp_mode": "catmullrom"
						},
						"1.0": {
							"post": [0, 15, 0],
							"lerp_mode": "catmullrom"
						}
					}
				},
				"legr": {
					"rotation": {
						"0.0": {
							"post": [-25, 0, 0],
							"lerp_mode": "catmullrom"
						},
						"0.1667": {
							"post": [-3.33, 0, 0],
							"lerp_mode": "catmullrom"
						},
						"0.5": {
							"post": [17.5, 0, 0],
							"lerp_mode": "catmullrom"
						},
						"1.0": {
							"post": [-25, 0, 0],
							"lerp_mode": "catmullrom"
						}
					},
					"position": {
						"0.0": {
							"post": [0, 0, -1],
							"lerp_mode": "catmullrom"
						},
						"0.1667": {
							"post": [0, 0, -1.33],
							"lerp_mode": "catmullrom"
						},
						"0.5": {
							"post": [0, 0, 1],
							"lerp_mode": "catmullrom"
						},
						"0.6667": {
							"post": [0, 1, 0.58],
							"lerp_mode": "catmullrom"
						},
						"1.0": {
							"post": [0, 0, -1],
							"lerp_mode": "catmullrom"
						}
					}
				},
				"footr": {
					"rotation": {
						"0.0": {
							"post": [-10, 20, 0],
							"lerp_mode": "catmullrom"
						},
						"0.1667": {
							"post": [4.44826, 19.47557, -1.67547],
							"lerp_mode": "catmullrom"
						},
						"0.5": {
							"post": [-19.15521, 18.4267, -5.0264],
							"lerp_mode": "catmullrom"
						},
						"1.0": {
							"post": [-10, 20, 0],
							"lerp_mode": "catmullrom"
						}
					},
					"position": {
						"0.0": {
							"post": [0, 0, 0],
							"lerp_mode": "catmullrom"
						},
						"0.1667": {
							"post": [0, 0.08, 0],
							"lerp_mode": "catmullrom"
						},
						"0.5": {
							"post": [0, -0.5, 0],
							"lerp_mode": "catmullrom"
						},
						"1.0": {
							"post": [0, 0, 0],
							"lerp_mode": "catmullrom"
						}
					}
				},
				"legl": {
					"rotation": {
						"0.0": {
							"post": [17.5, 0, 0],
							"lerp_mode": "catmullrom"
						},
						"0.5": {
							"post": [-25, 0, 0],
							"lerp_mode": "catmullrom"
						},
						"0.6667": {
							"post": [-3.33, 0, 0],
							"lerp_mode": "catmullrom"
						},
						"1.0": {
							"post": [17.5, 0, 0],
							"lerp_mode": "catmullrom"
						}
					},
					"position": {
						"0.0": {
							"post": [0, 0, 1],
							"lerp_mode": "catmullrom"
						},
						"0.1667": {
							"post": [0, 1, 0.42],
							"lerp_mode": "catmullrom"
						},
						"0.5": {
							"post": [0, 0, -1],
							"lerp_mode": "catmullrom"
						},
						"0.6667": {
							"post": [0, 0, -1.33],
							"lerp_mode": "catmullrom"
						},
						"1.0": {
							"post": [0, 0, 1],
							"lerp_mode": "catmullrom"
						}
					}
				},
				"footl": {
					"rotation": {
						"0.0": {
							"post": [-19.15521, -18.42669, 5.02636],
							"lerp_mode": "catmullrom"
						},
						"0.5": {
							"post": [-10, -20, 0],
							"lerp_mode": "catmullrom"
						},
						"0.6667": {
							"post": [4.44826, -19.4756, -1.67547],
							"lerp_mode": "catmullrom"
						},
						"1.0": {
							"post": [-19.15521, -18.42669, 5.02636],
							"lerp_mode": "catmullrom"
						}
					},
					"position": {
						"0.0": {
							"post": [0, -0.5, 0],
							"lerp_mode": "catmullrom"
						},
						"0.5": {
							"post": [0, 0, 0],
							"lerp_mode": "catmullrom"
						},
						"0.6667": {
							"post": [0, 0.08, 0],
							"lerp_mode": "catmullrom"
						},
						"1.0": {
							"post": [0, -0.5, 0],
							"lerp_mode": "catmullrom"
						}
					}
				},
				"tail": {
					"rotation": {
						"0.0": {
							"post": [5, -30, 0],
							"lerp_mode": "catmullrom"
						},
						"0.25": {
							"post": [-6.09375, 5.9375, 0],
							"lerp_mode": "catmullrom"
						},
						"0.5": {
							"post": [7.5, 30, 0],
							"lerp_mode": "catmullrom"
						},
						"0.75": {
							"post": [-6.09375, 5.9375, 0],
							"lerp_mode": "catmullrom"
						},
						"1.0": {
							"post": [5, -30, 0],
							"lerp_mode": "catmullrom"
						}
					}
				},
				"tailr": {
					"rotation": {
						"0.0": {
							"post": [0, -7.36, 0],
							"lerp_mode": "catmullrom"
						},
						"0.0833": {
							"post": [0, -10, 0],
							"lerp_mode": "catmullrom"
						},
						"0.5833": {
							"post": [0, 10, 0],
							"lerp_mode": "catmullrom"
						},
						"1.0": {
							"post": [0, -7.36, 0],
							"lerp_mode": "catmullrom"
						}
					}
				},
				"tailtipr": {
					"rotation": {
						"0.0": {
							"post": [0, -6.67, 0],
							"lerp_mode": "catmullrom"
						},
						"0.1667": {
							"post": [0, -20, 0],
							"lerp_mode": "catmullrom"
						},
						"0.6667": {
							"post": [0, 20, 0],
							"lerp_mode": "catmullrom"
						},
						"1.0": {
							"post": [0, -6.67, 0],
							"lerp_mode": "catmullrom"
						}
					}
				},
				"taill": {
					"rotation": {
						"0.0": {
							"post": [0, -7.36, 0],
							"lerp_mode": "catmullrom"
						},
						"0.0833": {
							"post": [0, -10, 0],
							"lerp_mode": "catmullrom"
						},
						"0.5833": {
							"post": [0, 10, 0],
							"lerp_mode": "catmullrom"
						},
						"1.0": {
							"post": [0, -7.36, 0],
							"lerp_mode": "catmullrom"
						}
					}
				},
				"tailtipl": {
					"rotation": {
						"0.0": {
							"post": [0, -6.67, 0],
							"lerp_mode": "catmullrom"
						},
						"0.1667": {
							"post": [0, -20, 0],
							"lerp_mode": "catmullrom"
						},
						"0.6667": {
							"post": [0, 20, 0],
							"lerp_mode": "catmullrom"
						},
						"1.0": {
							"post": [0, -6.67, 0],
							"lerp_mode": "catmullrom"
						}
					}
				}
			}
		},
		"animation.floatzel.water_idle": {
			"loop": true,
			"animation_length": 4,
			"bones": {
				"legs": {
					"rotation": {
						"0.0": {
							"post": [10, 0, 0],
							"lerp_mode": "catmullrom"
						},
						"1.0": {
							"post": [15, 0, 0],
							"lerp_mode": "catmullrom"
						},
						"2.0": {
							"post": [10, 0, 0],
							"lerp_mode": "catmullrom"
						},
						"3.0": {
							"post": [15, 0, 0],
							"lerp_mode": "catmullrom"
						},
						"4.0": {
							"post": [10, 0, 0],
							"lerp_mode": "catmullrom"
						}
					},
					"position": {
						"0.0": {
							"post": [0, 5, 0],
							"lerp_mode": "catmullrom"
						},
						"1.0": {
							"post": [0, 3, 0],
							"lerp_mode": "catmullrom"
						},
						"2.0": {
							"post": [0, 5, 0],
							"lerp_mode": "catmullrom"
						},
						"3.0": {
							"post": [0, 3, 0],
							"lerp_mode": "catmullrom"
						},
						"4.0": {
							"post": [0, 5, 0],
							"lerp_mode": "catmullrom"
						}
					}
				},
				"armr": {
					"rotation": {
						"0.0": {
							"post": [-2.93908, -13.0485, -49.1624],
							"lerp_mode": "catmullrom"
						},
						"1.0": {
							"post": [0, 7.5, -27.5],
							"lerp_mode": "catmullrom"
						},
						"2.0": {
							"post": [-2.93908, -13.0485, -49.1624],
							"lerp_mode": "catmullrom"
						},
						"3.0": {
							"post": [0, 7.5, -27.5],
							"lerp_mode": "catmullrom"
						},
						"4.0": {
							"post": [-2.93908, -13.0485, -49.1624],
							"lerp_mode": "catmullrom"
						}
					}
				},
				"handr": {
					"rotation": {
						"0.0": {
							"post": [0, -12.5, 0],
							"lerp_mode": "catmullrom"
						},
						"2.0": {
							"post": [0, -12.5, 0],
							"lerp_mode": "catmullrom"
						},
						"4.0": {
							"post": [0, -12.5, 0],
							"lerp_mode": "catmullrom"
						}
					}
				},
				"arml": {
					"rotation": {
						"0.0": {
							"post": [-2.93908, 13.04852, 49.16235],
							"lerp_mode": "catmullrom"
						},
						"1.0": {
							"post": [0, -7.5, 27.5],
							"lerp_mode": "catmullrom"
						},
						"2.0": {
							"post": [-2.93908, 13.04852, 49.16235],
							"lerp_mode": "catmullrom"
						},
						"3.0": {
							"post": [0, -7.5, 27.5],
							"lerp_mode": "catmullrom"
						},
						"4.0": {
							"post": [-2.93908, 13.04852, 49.16235],
							"lerp_mode": "catmullrom"
						}
					}
				},
				"handl": {
					"rotation": {
						"0.0": {
							"post": [0, 12.5, 0],
							"lerp_mode": "catmullrom"
						},
						"2.0": {
							"post": [0, 12.5, 0],
							"lerp_mode": "catmullrom"
						},
						"4.0": {
							"post": [0, 12.5, 0],
							"lerp_mode": "catmullrom"
						}
					}
				},
				"head": {
					"rotation": {
						"0.0": [-10, 0, 0],
						"2.0": [-10, 0, 0],
						"4.0": [-10, 0, 0]
					}
				},
				"footr": {
					"rotation": {
						"0.0": {
							"post": [45.68718, 8.80348, 8.90928],
							"lerp_mode": "catmullrom"
						},
						"1.0": {
							"post": [15.68718, 8.80348, 8.90928],
							"lerp_mode": "catmullrom"
						},
						"2.0": {
							"post": [45.68718, 8.80348, 8.90928],
							"lerp_mode": "catmullrom"
						},
						"3.0": {
							"post": [15.68718, 8.80348, 8.90928],
							"lerp_mode": "catmullrom"
						},
						"4.0": {
							"post": [45.68718, 8.80348, 8.90928],
							"lerp_mode": "catmullrom"
						}
					}
				},
				"footl": {
					"rotation": {
						"0.0": {
							"post": [45.68718, -8.80348, -8.90928],
							"lerp_mode": "catmullrom"
						},
						"1.0": {
							"post": [15.68718, -8.80348, -8.90928],
							"lerp_mode": "catmullrom"
						},
						"2.0": {
							"post": [45.68718, -8.80348, -8.90928],
							"lerp_mode": "catmullrom"
						},
						"3.0": {
							"post": [15.68718, -8.80348, -8.90928],
							"lerp_mode": "catmullrom"
						},
						"4.0": {
							"post": [45.68718, -8.80348, -8.90928],
							"lerp_mode": "catmullrom"
						}
					}
				},
				"tail": {
					"rotation": {
						"0.0": {
							"post": [25, 0, 0],
							"lerp_mode": "catmullrom"
						},
						"1.0": {
							"post": [-7.5, 0, 0],
							"lerp_mode": "catmullrom"
						},
						"2.0": {
							"post": [25, 0, 0],
							"lerp_mode": "catmullrom"
						},
						"3.0": {
							"post": [-7.5, 0, 0],
							"lerp_mode": "catmullrom"
						},
						"4.0": {
							"post": [25, 0, 0],
							"lerp_mode": "catmullrom"
						}
					}
				},
				"tailr": {
					"rotation": {
						"0.0": {
							"post": [15, 0, 0],
							"lerp_mode": "catmullrom"
						},
						"1.0": {
							"post": [-5, 0, 0],
							"lerp_mode": "catmullrom"
						},
						"2.0": {
							"post": [15, 0, 0],
							"lerp_mode": "catmullrom"
						},
						"3.0": {
							"post": [-5, 0, 0],
							"lerp_mode": "catmullrom"
						},
						"4.0": {
							"post": [15, 0, 0],
							"lerp_mode": "catmullrom"
						}
					}
				},
				"tailtipr": {
					"rotation": {
						"0.0": {
							"post": [16.27, 0, 0],
							"lerp_mode": "catmullrom"
						},
						"0.25": {
							"post": [22.5, 0, 0],
							"lerp_mode": "catmullrom"
						},
						"1.25": {
							"post": [-12.5, 0, 0],
							"lerp_mode": "catmullrom"
						},
						"2.0": {
							"post": [16.27, 0, 0],
							"lerp_mode": "catmullrom"
						},
						"2.25": {
							"post": [22.5, 0, 0],
							"lerp_mode": "catmullrom"
						},
						"3.25": {
							"post": [-12.5, 0, 0],
							"lerp_mode": "catmullrom"
						},
						"4.0": {
							"post": [16.27, 0, 0],
							"lerp_mode": "catmullrom"
						}
					}
				},
				"taill": {
					"rotation": {
						"0.0": {
							"post": [12.5, 0, 0],
							"lerp_mode": "catmullrom"
						},
						"1.0": {
							"post": [-5, 0, 0],
							"lerp_mode": "catmullrom"
						},
						"2.0": {
							"post": [12.5, 0, 0],
							"lerp_mode": "catmullrom"
						},
						"3.0": {
							"post": [-5, 0, 0],
							"lerp_mode": "catmullrom"
						},
						"4.0": {
							"post": [12.5, 0, 0],
							"lerp_mode": "catmullrom"
						}
					}
				},
				"tailtipl": {
					"rotation": {
						"0.0": {
							"post": [16.27, 0, 0],
							"lerp_mode": "catmullrom"
						},
						"0.25": {
							"post": [22.5, 0, 0],
							"lerp_mode": "catmullrom"
						},
						"1.25": {
							"post": [-12.5, 0, 0],
							"lerp_mode": "catmullrom"
						},
						"2.0": {
							"post": [16.27, 0, 0],
							"lerp_mode": "catmullrom"
						},
						"2.25": {
							"post": [22.5, 0, 0],
							"lerp_mode": "catmullrom"
						},
						"3.25": {
							"post": [-12.5, 0, 0],
							"lerp_mode": "catmullrom"
						},
						"4.0": {
							"post": [16.27, 0, 0],
							"lerp_mode": "catmullrom"
						}
					}
				},
				"eyelids": {
					"position": {
						"3.0": [0, 0, 0],
						"3.0417": [0, 0, -1],
						"3.1667": [0, 0, -1],
						"3.2083": [0, 0, 0]
					}
				}
			}
		},
		"animation.floatzel.water_swim": {
			"loop": true,
			"animation_length": 0.5,
			"bones": {
				"legs": {
					"rotation": [70, 0, 0]
				},
				"body": {
					"rotation": {
						"0.0": {
							"post": [0, 0, 0],
							"lerp_mode": "catmullrom"
						},
						"0.25": {
							"post": [5, 0, 0],
							"lerp_mode": "catmullrom"
						},
						"0.5": {
							"post": [0, 0, 0],
							"lerp_mode": "catmullrom"
						}
					}
				},
				"armr": {
					"rotation": {
						"0.0": {
							"post": [0, 0, -55],
							"lerp_mode": "catmullrom"
						},
						"0.25": {
							"post": [0, 0, -50],
							"lerp_mode": "catmullrom"
						},
						"0.5": {
							"post": [0, 0, -55],
							"lerp_mode": "catmullrom"
						}
					}
				},
				"arml": {
					"rotation": {
						"0.0": {
							"post": [0, 0, 55],
							"lerp_mode": "catmullrom"
						},
						"0.25": {
							"post": [0, 0, 50],
							"lerp_mode": "catmullrom"
						},
						"0.5": {
							"post": [0, 0, 55],
							"lerp_mode": "catmullrom"
						}
					}
				},
				"head": {
					"rotation": {
						"0.0": {
							"post": [-55, 0, 0],
							"lerp_mode": "catmullrom"
						},
						"0.25": {
							"post": [-60, 0, 0],
							"lerp_mode": "catmullrom"
						},
						"0.5": {
							"post": [-55, 0, 0],
							"lerp_mode": "catmullrom"
						}
					},
					"position": [0, 2, -1]
				},
				"footr": {
					"rotation": {
						"0.0": {
							"post": [45, 0, 0],
							"lerp_mode": "catmullrom"
						},
						"0.25": {
							"post": [70, 0, 0],
							"lerp_mode": "catmullrom"
						},
						"0.5": {
							"post": [45, 0, 0],
							"lerp_mode": "catmullrom"
						}
					}
				},
				"footl": {
					"rotation": {
						"0.0": {
							"post": [70, 0, 0],
							"lerp_mode": "catmullrom"
						},
						"0.25": {
							"post": [45, 0, 0],
							"lerp_mode": "catmullrom"
						},
						"0.5": {
							"post": [70, 0, 0],
							"lerp_mode": "catmullrom"
						}
					}
				},
				"tail": {
					"rotation": [-50, 0, 0]
				},
				"tailr": {
					"rotation": [0, -40, 0]
				},
				"tailtipr": {
					"rotation": {
						"0.0": [-62.90223, -13.61312, -15.88293],
						"0.4583": [-62.90223, -13.61312, -15.88293]
					}
				},
				"taill": {
					"rotation": [0, 40, 0]
				},
				"tailtipl": {
					"rotation": {
						"0.0": [62.9022, 13.6131, -15.88293],
						"0.4583": [62.9022, 13.6131, -15.88293]
					}
				},
				"tailbase": {
					"rotation": {
						"0.0": [0, 0, 0],
						"0.25": [0, 0, 180],
						"0.5": [0, 0, 360]
					}
				}
			}
		},
		"animation.floatzel.blink": {
			"animation_length": 0.25,
			"bones": {
				"eyelids": {
					"position": {
						"0.0": [0, 0, 0],
						"0.0417": [0, 0, -1],
						"0.1667": [0, 0, -1],
						"0.2083": [0, 0, 0]
					}
				}
			}
		},
		"animation.floatzel.faint": {
			"loop": "hold_on_last_frame",
			"animation_length": 3,
			"bones": {
				"legs": {
					"rotation": {
						"0.0": [0, 0, 0],
						"0.5": {
							"pre": [0, 0, 0],
							"post": [0, 0, 0],
							"lerp_mode": "catmullrom"
						},
						"0.8333": {
							"post": [25.93, 0, 0],
							"lerp_mode": "catmullrom"
						},
						"1.25": [87.5, 0, 0],
						"3.0": [87.5, 0, 0]
					},
					"position": {
						"0.0": {
							"post": [0, 0, 0],
							"lerp_mode": "catmullrom"
						},
						"0.5": {
							"post": [0, 0, 0],
							"lerp_mode": "catmullrom"
						},
						"0.8333": {
							"post": [0, 2.33, -5],
							"lerp_mode": "catmullrom"
						},
						"1.25": [0, -3, -15],
						"3.0": [0, -3, -15]
					}
				},
				"body": {
					"rotation": {
						"0.0": {
							"post": [0, 0, 0],
							"lerp_mode": "catmullrom"
						},
						"0.5": {
							"post": [-15, 0, 0],
							"lerp_mode": "catmullrom"
						},
						"1.25": {
							"post": [0, 0, 0],
							"lerp_mode": "catmullrom"
						},
						"3.0": {
							"post": [0, 0, 0],
							"lerp_mode": "catmullrom"
						}
					}
				},
				"armr": {
					"rotation": {
						"0.0": {
							"post": [51.40234, -43.64869, -50.11384],
							"lerp_mode": "catmullrom"
						},
						"0.5": {
							"post": [51.40234, -43.64869, -50.11384],
							"lerp_mode": "catmullrom"
						},
						"0.8333": {
							"post": [4.92954, 41.41658, -59.41887],
							"lerp_mode": "catmullrom"
						},
						"1.25": [8.1252, -8.9824, -42.23758],
						"3.0": [8.1252, -8.9824, -42.23758]
					},
					"position": {
						"0.0": [-2, 0, -1],
						"0.5": [-2, 0, -1],
						"0.8333": [-2, 0, 0],
						"1.25": [-2, 0, -1],
						"3.0": [-2, 0, -1]
					}
				},
				"handr": {
					"rotation": {
						"0.0": {
							"post": [0, -60, 0],
							"lerp_mode": "catmullrom"
						},
						"0.8333": {
							"post": [0, 0, 0],
							"lerp_mode": "catmullrom"
						},
						"1.25": [0, 0, 0],
						"3.0": [0, 0, 0]
					}
				},
				"arml": {
					"rotation": {
						"0.0": {
							"post": [50.65438, 46.83699, 51.01681],
							"lerp_mode": "catmullrom"
						},
						"0.5": {
							"post": [50.65438, 46.83699, 51.01681],
							"lerp_mode": "catmullrom"
						},
						"0.8333": {
							"post": [7.41111, -38.0622, 62.06194],
							"lerp_mode": "catmullrom"
						},
						"1.25": [17.29053, 10.78544, 13.84353],
						"3.0": [17.29053, 10.78544, 13.84353]
					},
					"position": {
						"0.0": [2, 0, -1],
						"0.5": [2, 0, -1],
						"0.8333": [2, 0, 0],
						"1.25": [2, 0, -1],
						"3.0": [2, 0, -1]
					}
				},
				"handl": {
					"rotation": {
						"0.0": [0, 52.5, 0],
						"0.8333": [0, 0, 0],
						"1.25": [0, 0, 0],
						"3.0": [0, 0, 0]
					}
				},
				"head": {
					"rotation": {
						"0.0": {
							"post": [0, 0, 0],
							"lerp_mode": "catmullrom"
						},
						"0.5": {
							"post": [-20.61718, 19.043, -15.33568],
							"lerp_mode": "catmullrom"
						},
						"1.25": [0, -90, 0],
						"3.0": [0, -90, 0]
					}
				},
				"footr": {
					"rotation": {
						"0.0": {
							"post": [0, 35, 0],
							"lerp_mode": "catmullrom"
						},
						"0.5": {
							"post": [0, 35, 0],
							"lerp_mode": "catmullrom"
						},
						"1.25": [56.50012, 40.80719, 34.30549],
						"3.0": [56.50012, 40.80719, 34.30549]
					},
					"position": [-1, 0, 0]
				},
				"footl": {
					"rotation": {
						"0.0": {
							"post": [0, -35, 0],
							"lerp_mode": "catmullrom"
						},
						"0.5": {
							"post": [0, -35, 0],
							"lerp_mode": "catmullrom"
						},
						"1.25": [27.5, -65, 0],
						"3.0": [27.5, -65, 0]
					},
					"position": [1, 0, 0]
				},
				"tail": {
					"rotation": {
						"0.0": {
							"post": [25, 0, 0],
							"lerp_mode": "catmullrom"
						},
						"0.5": {
							"post": [-9.5, 0, 0],
							"lerp_mode": "catmullrom"
						},
						"1.25": [-100, 0, 0],
						"3.0": [-100, 0, 0]
					}
				},
				"tailr": {
					"rotation": {
						"0.0": {
							"post": [15, 0, 0],
							"lerp_mode": "catmullrom"
						},
						"1.25": {
							"post": [-25, 0, 0],
							"lerp_mode": "catmullrom"
						},
						"3.0": [-25, 0, 0]
					}
				},
				"tailtipr": {
					"rotation": [16.27, 0, 0]
				},
				"taill": {
					"rotation": {
						"0.0": {
							"post": [12.5, 0, 0],
							"lerp_mode": "catmullrom"
						},
						"1.25": {
							"post": [-25, 0, 0],
							"lerp_mode": "catmullrom"
						},
						"3.0": [-25, 0, 0]
					}
				},
				"tailtipl": {
					"rotation": [16.27, 0, 0]
				},
				"eyelids": {
					"position": {
						"0.0": [0, 0, 0],
						"0.125": [0, 0, -1],
						"1.25": [0, 0, -1],
						"3.0": [0, 0, -1]
					}
				}
			}
		},
		"animation.floatzel.sleep": {
			"loop": true,
			"animation_length": 3,
			"bones": {
				"legs": {
					"rotation": [87.5, 0, 0],
					"position": [0, -3, -15]
				},
				"body": {
					"rotation": [0, 0, 0]
				},
				"armr": {
					"rotation": [8.1252, -8.9824, -42.23758],
					"position": [-2, 0, -1]
				},
				"handr": {
					"rotation": [0, 0, 0]
				},
				"arml": {
					"rotation": [17.29053, 10.78544, 13.84353],
					"position": [2, 0, -1]
				},
				"handl": {
					"rotation": [0, 0, 0]
				},
				"head": {
					"rotation": {
						"0.0": {
							"post": [0, -90, 0],
							"lerp_mode": "catmullrom"
						},
						"1.5": {
							"post": [-90, -80, 90],
							"lerp_mode": "catmullrom"
						},
						"3.0": [0, -90, 0]
					}
				},
				"footr": {
					"rotation": [56.50012, 40.80719, 34.30549]
				},
				"footl": {
					"rotation": [27.5, -65, 0]
				},
				"tail": {
					"rotation": [-100, 0, 0]
				},
				"tailr": {
					"rotation": [-25, 0, 0]
				},
				"taill": {
					"rotation": [-25, 0, 0]
				},
				"eyelids": {
					"position": [0, 0, -1]
				}
			}
		}
	}
}