{
	"format_version": "1.8.0",
	"animations": {
		"animation.jaggedfleece.ground_idle": {
			"loop": true,
			"animation_length": 3,
			"bones": {
				"tail": {
					"rotation": {
						"0.0": [0, 0, 0],
						"0.75": [-10, 0, 0],
						"1.4583": [0, 0, 0],
						"2.2083": [-10, 0, 0],
						"2.9167": [0, 0, 0]
					},
					"position": {
						"0.0": [0, 0, 0],
						"0.75": [0, 4, 0],
						"1.4583": [0, 0, 0],
						"2.2083": [0, 4, 0],
						"2.9167": [0, 0, 0]
					}
				},
				"tailsegment2": {
					"rotation": {
						"0.0": [0, 0, 0],
						"0.5": [0, 0, 0],
						"1.25": [22.5, 0, 0],
						"2.1667": [22.5, 0, 0],
						"3.0": [0, 0, 0]
					},
					"position": {
						"0.0": [0, 0, 0],
						"0.5": [0, 0, 0],
						"1.25": [0, -12, 12],
						"2.1667": [0, -12, 12],
						"3.0": [0, 0, 0]
					}
				},
				"Head": {
					"rotation": {
						"0.0": [0, 0, 0],
						"1.5": [10, 0, 0],
						"3.0": [0, 0, 0]
					},
					"position": {
						"0.0": [0, 0, 0],
						"1.5": [0, 3, 2],
						"3.0": [0, 0, 0]
					}
				},
				"ArmL": {
					"position": {
						"0.0": [0, 0, 0],
						"1.75": [0, -2, 0],
						"3.0": [0, 0, 0]
					}
				},
				"ArmR": {
					"position": {
						"0.0": [0, 0, 0],
						"1.75": [0, -2, 0],
						"3.0": [0, 0, 0]
					}
				},
				"EyeL": {
					"scale": {
						"1.1667": [1, 1, 1],
						"1.3333": [1, 0.1, 1],
						"1.5": [1, 1, 1]
					}
				},
				"EyeR": {
					"scale": {
						"1.1667": [1, 1, 1],
						"1.3333": [1, 0.1, 1],
						"1.5": [1, 1, 1]
					}
				}
			}
		},
		"animation.jaggedfleece.water_idle": {
			"loop": true,
			"animation_length": 3,
			"bones": {
				"tail": {
					"rotation": {
						"0.0": [0, 0, 0],
						"0.75": [-10, 0, 0],
						"1.4583": [0, 0, 0],
						"2.2083": [-10, 0, 0],
						"2.9167": [0, 0, 0]
					},
					"position": {
						"0.0": [0, 0, 0],
						"0.75": [0, 4, 0],
						"1.4583": [0, 0, 0],
						"2.2083": [0, 4, 0],
						"2.9167": [0, 0, 0]
					}
				},
				"tailsegment2": {
					"rotation": {
						"0.0": [0, 0, 0],
						"0.5": [0, 0, 0],
						"1.25": [22.5, 0, 0],
						"2.1667": [22.5, 0, 0],
						"3.0": [0, 0, 0]
					},
					"position": {
						"0.0": [0, 0, 0],
						"0.5": [0, 0, 0],
						"1.25": [0, -12, 12],
						"2.1667": [0, -12, 12],
						"3.0": [0, 0, 0]
					}
				},
				"Head": {
					"rotation": {
						"0.0": [0, 0, 0],
						"1.5": [10, 0, 0],
						"3.0": [0, 0, 0]
					},
					"position": {
						"0.0": [0, 0, 0],
						"1.5": [0, 3, 2],
						"3.0": [0, 0, 0]
					}
				},
				"ArmL": {
					"position": {
						"0.0": [0, 0, 0],
						"1.75": [0, -2, 0],
						"3.0": [0, 0, 0]
					}
				},
				"ArmR": {
					"position": {
						"0.0": [0, 0, 0],
						"1.75": [0, -2, 0],
						"3.0": [0, 0, 0]
					}
				},
				"EyeL": {
					"scale": {
						"1.1667": [1, 1, 1],
						"1.3333": [1, 0.1, 1],
						"1.5": [1, 1, 1]
					}
				},
				"EyeR": {
					"scale": {
						"1.1667": [1, 1, 1],
						"1.3333": [1, 0.1, 1],
						"1.5": [1, 1, 1]
					}
				}
			}
		},
		"animation.jaggedfleece.air_idle": {
			"loop": true,
			"animation_length": 3,
			"bones": {
				"tail": {
					"rotation": {
						"0.0": [0, 0, 0],
						"0.75": [-10, 0, 0],
						"1.4583": [0, 0, 0],
						"2.2083": [-10, 0, 0],
						"2.9167": [0, 0, 0]
					},
					"position": {
						"0.0": [0, 0, 0],
						"0.75": [0, 4, 0],
						"1.4583": [0, 0, 0],
						"2.2083": [0, 4, 0],
						"2.9167": [0, 0, 0]
					}
				},
				"tailsegment2": {
					"rotation": {
						"0.0": [0, 0, 0],
						"0.5": [0, 0, 0],
						"1.25": [22.5, 0, 0],
						"2.1667": [22.5, 0, 0],
						"3.0": [0, 0, 0]
					},
					"position": {
						"0.0": [0, 0, 0],
						"0.5": [0, 0, 0],
						"1.25": [0, -12, 12],
						"2.1667": [0, -12, 12],
						"3.0": [0, 0, 0]
					}
				},
				"Head": {
					"rotation": {
						"0.0": [0, 0, 0],
						"1.5": [10, 0, 0],
						"3.0": [0, 0, 0]
					},
					"position": {
						"0.0": [0, 0, 0],
						"1.5": [0, 3, 2],
						"3.0": [0, 0, 0]
					}
				},
				"ArmL": {
					"position": {
						"0.0": [0, 0, 0],
						"1.75": [0, -2, 0],
						"3.0": [0, 0, 0]
					}
				},
				"ArmR": {
					"position": {
						"0.0": [0, 0, 0],
						"1.75": [0, -2, 0],
						"3.0": [0, 0, 0]
					}
				},
				"EyeL": {
					"scale": {
						"1.1667": [1, 1, 1],
						"1.3333": [1, 0.1, 1],
						"1.5": [1, 1, 1]
					}
				},
				"EyeR": {
					"scale": {
						"1.1667": [1, 1, 1],
						"1.3333": [1, 0.1, 1],
						"1.5": [1, 1, 1]
					}
				}
			}
		},
		"animation.jaggedfleece.ground_walk": {
			"loop": true,
			"animation_length": 2.33333,
			"bones": {
				"LegR": {
					"rotation": {
						"0.0": [0, 0, 0],
						"1.0": [7.5, 0, 0],
						"2.0": ["-10", 0, 0],
						"2.3333": [0, 0, 0]
					},
					"position": {
						"0.0": [0, 0, 0],
						"0.6667": [0, 1, 5],
						"1.0": [0, 0, 4],
						"1.6667": [0, 1, -5],
						"2.0": [0, 0, -3],
						"2.3333": [0, 0, 0]
					}
				},
				"LegL": {
					"rotation": {
						"0.0": [0, 0, 0],
						"1.0": ["-10", 0, 0],
						"2.0": [7.5, 0, 0],
						"2.3333": [0, 0, 0]
					},
					"position": {
						"0.0": [0, 0, 0],
						"0.6667": [0, 1, -5],
						"1.0": [0, 0, -3],
						"1.6667": [0, 1, 5],
						"2.0": [0, 0, 4],
						"2.3333": [0, 0, 0]
					}
				},
				"tail": {
					"rotation": {
						"0.0": [0, 0, 0],
						"0.75": [-10, 0, 0],
						"1.4583": [0, 0, 0],
						"2.2917": [0, 0, 0]
					},
					"position": {
						"0.0": [0, 0, 0],
						"0.75": [0, 4, 0],
						"1.4583": [0, 0, 0],
						"2.2917": [0, 0, 0]
					}
				},
				"tailsegment2": {
					"rotation": {
						"0.0": [0, 0, 0],
						"0.5": [0, 0, 0],
						"1.25": [22.5, 0, 0],
						"2.2917": [0, 0, 0]
					},
					"position": {
						"0.0": [0, 0, 0],
						"0.5": [0, 0, 0],
						"1.25": [0, -12, 12],
						"2.2917": [0, 0, 0]
					}
				},
				"Head": {
					"rotation": [20, 0, 0],
					"position": [0, 6, 4]
				},
				"headnoneck": {
					"rotation": {
						"0.0": [0, 0, 0],
						"1.25": [-10, 0, 0],
						"2.3333": [0, 0, 0]
					},
					"position": {
						"0.0": [0, 0, 0],
						"1.25": [0, 0, -5],
						"2.3333": [0, 0, 0]
					}
				},
				"LegLSegment": {
					"relative_to": {
						"rotation": "entity"
					},
					"rotation": [0, 0, 0.01]
				}
			}
		},
		"animation.jaggedfleece.water_swim": {
			"loop": true,
			"animation_length": 2.33333,
			"bones": {
				"LegR": {
					"rotation": {
						"0.0": [0, 0, 0],
						"1.0": [7.5, 0, 0],
						"2.0": ["-10", 0, 0],
						"2.3333": [0, 0, 0]
					},
					"position": {
						"0.0": [0, 0, 0],
						"0.6667": [0, 1, 5],
						"1.0": [0, 0, 4],
						"1.6667": [0, 1, -5],
						"2.0": [0, 0, -3],
						"2.3333": [0, 0, 0]
					}
				},
				"LegL": {
					"rotation": {
						"0.0": [0, 0, 0],
						"1.0": ["-10", 0, 0],
						"2.0": [7.5, 0, 0],
						"2.3333": [0, 0, 0]
					},
					"position": {
						"0.0": [0, 0, 0],
						"0.6667": [0, 1, -5],
						"1.0": [0, 0, -3],
						"1.6667": [0, 1, 5],
						"2.0": [0, 0, 4],
						"2.3333": [0, 0, 0]
					}
				},
				"tail": {
					"rotation": {
						"0.0": [0, 0, 0],
						"0.75": [-10, 0, 0],
						"1.4583": [0, 0, 0],
						"2.2917": [0, 0, 0]
					},
					"position": {
						"0.0": [0, 0, 0],
						"0.75": [0, 4, 0],
						"1.4583": [0, 0, 0],
						"2.2917": [0, 0, 0]
					}
				},
				"tailsegment2": {
					"rotation": {
						"0.0": [0, 0, 0],
						"0.5": [0, 0, 0],
						"1.25": [22.5, 0, 0],
						"2.2917": [0, 0, 0]
					},
					"position": {
						"0.0": [0, 0, 0],
						"0.5": [0, 0, 0],
						"1.25": [0, -12, 12],
						"2.2917": [0, 0, 0]
					}
				},
				"Head": {
					"rotation": [20, 0, 0],
					"position": [0, 6, 4]
				},
				"headnoneck": {
					"rotation": {
						"0.0": [0, 0, 0],
						"1.25": [-10, 0, 0],
						"2.3333": [0, 0, 0]
					},
					"position": {
						"0.0": [0, 0, 0],
						"1.25": [0, 0, -5],
						"2.3333": [0, 0, 0]
					}
				},
				"LegLSegment": {
					"relative_to": {
						"rotation": "entity"
					},
					"rotation": [0, 0, 0.01]
				}
			}
		},
		"animation.jaggedfleece.air_fly": {
			"loop": true,
			"animation_length": 2.33333,
			"bones": {
				"LegR": {
					"rotation": {
						"0.0": [0, 0, 0],
						"1.0": [7.5, 0, 0],
						"2.0": ["-10", 0, 0],
						"2.3333": [0, 0, 0]
					},
					"position": {
						"0.0": [0, 0, 0],
						"0.6667": [0, 1, 5],
						"1.0": [0, 0, 4],
						"1.6667": [0, 1, -5],
						"2.0": [0, 0, -3],
						"2.3333": [0, 0, 0]
					}
				},
				"LegL": {
					"rotation": {
						"0.0": [0, 0, 0],
						"1.0": ["-10", 0, 0],
						"2.0": [7.5, 0, 0],
						"2.3333": [0, 0, 0]
					},
					"position": {
						"0.0": [0, 0, 0],
						"0.6667": [0, 1, -5],
						"1.0": [0, 0, -3],
						"1.6667": [0, 1, 5],
						"2.0": [0, 0, 4],
						"2.3333": [0, 0, 0]
					}
				},
				"tail": {
					"rotation": {
						"0.0": [0, 0, 0],
						"0.75": [-10, 0, 0],
						"1.4583": [0, 0, 0],
						"2.2917": [0, 0, 0]
					},
					"position": {
						"0.0": [0, 0, 0],
						"0.75": [0, 4, 0],
						"1.4583": [0, 0, 0],
						"2.2917": [0, 0, 0]
					}
				},
				"tailsegment2": {
					"rotation": {
						"0.0": [0, 0, 0],
						"0.5": [0, 0, 0],
						"1.25": [22.5, 0, 0],
						"2.2917": [0, 0, 0]
					},
					"position": {
						"0.0": [0, 0, 0],
						"0.5": [0, 0, 0],
						"1.25": [0, -12, 12],
						"2.2917": [0, 0, 0]
					}
				},
				"Head": {
					"rotation": [20, 0, 0],
					"position": [0, 6, 4]
				},
				"headnoneck": {
					"rotation": {
						"0.0": [0, 0, 0],
						"1.25": [-10, 0, 0],
						"2.3333": [0, 0, 0]
					},
					"position": {
						"0.0": [0, 0, 0],
						"1.25": [0, 0, -5],
						"2.3333": [0, 0, 0]
					}
				},
				"LegLSegment": {
					"relative_to": {
						"rotation": "entity"
					},
					"rotation": [0, 0, 0.01]
				}
			}
		},
		"animation.jaggedfleece.faint": {
			"loop": "hold_on_last_frame",
			"bones": {
				"LegR": {
					"rotation": [45, 0, 0],
					"position": [0, 0, 22]
				},
				"LegL": {
					"rotation": [67.5, 0, 0],
					"position": [0, 0, 25]
				},
				"Body": {
					"position": [0, -7, 0]
				},
				"tail": {
					"rotation": [-27.5, 0, 0],
					"position": [0, 5, -3]
				},
				"Head": {
					"rotation": [97.5, 0, 0],
					"position": [0, 21, 6]
				},
				"headnoneck": {
					"rotation": [-61.14135, 18.74724, -36.00521],
					"position": [10, 6, -33]
				},
				"ArmL": {
					"rotation": [0, 0, 35],
					"position": [-12, -10, 0]
				},
				"ArmR": {
					"rotation": [0, 0, -35],
					"position": [12, -10, 0]
				},
				"EyeR": {
					"scale": [1, 0.1, 1]
				},
				"EyeL": {
					"scale": [1, 0.1, 1]
				},
				"LegRSegment": {
					"rotation": [-30, 0, 0]
				},
				"LegLSegment": {
					"rotation": [-30, 0, 0]
				}
			}
		},
		"animation.jaggedfleece.sleep": {
			"loop": "hold_on_last_frame",
			"bones": {
				"LegR": {
					"rotation": [45, 0, 0],
					"position": [0, 0, 22]
				},
				"LegL": {
					"rotation": [67.5, 0, 0],
					"position": [0, 0, 25]
				},
				"Body": {
					"position": [0, -7, 0]
				},
				"tail": {
					"rotation": [-27.5, 0, 0],
					"position": [0, 5, -3]
				},
				"Head": {
					"rotation": [97.5, 0, 0],
					"position": [0, 21, 6]
				},
				"headnoneck": {
					"rotation": [-61.14135, 18.74724, -36.00521],
					"position": [10, 6, -33]
				},
				"ArmL": {
					"rotation": [0, 0, 35],
					"position": [-12, -10, 0]
				},
				"ArmR": {
					"rotation": [0, 0, -35],
					"position": [12, -10, 0]
				},
				"EyeR": {
					"scale": [1, 0.1, 1]
				},
				"EyeL": {
					"scale": [1, 0.1, 1]
				},
				"LegRSegment": {
					"rotation": [-30, 0, 0]
				},
				"LegLSegment": {
					"rotation": [-30, 0, 0]
				}
			}
		}
	},
	"geckolib_format_version": 2
}