{
	"implemented": true,
	"name": "blisteringbehemoth",
	"nationalPokedexNumber": 4288,
	"primaryType": "ice",
	"secondaryType": "fighting",
	"abilities": [
		"protosynthesis"
	],
	"baseStats": {
		"hp": 105,
		"attack": 135,
		"defence": 120,
		"special_attack": 60,
		"special_defence": 90,
		"speed": 95
	},
	"catchRate": 12,
	"maleRatio": -1,
	"shoulderMountable": false,
	"forms": [],
	"baseExperienceYield": 60,
	"experienceGroup": "fluctuating",
	"eggCycles": 25,
	"eggGroups": [
		"bug",
		"dragon"
	],
	"behaviour": {
		"moving": {
			"canLook": true
		},
		"swim": {
			"swimSpeed": 4.5,
			"canSwimInWater": true,
			"canBreatheUnderwater": false
		}
	},
	"drops": {
		"amount": "1",
		"entries": [{
			"item": "minecraft:slimeball",
			"quantityRange": "1-2",
			"percentage": 66
		}]
	},
	"moves": [
		"1:icepunch",
		"1:dig",
		"5:closecombat",
		"15:iceshard",
		"15:mist",
		"15:outrage",
		"17:machpunch",
		"23:glaciate"
	],
	"labels": [
		"custom"
	],
	"pokedex": [
		"cobblemon.species.blisteringbehemoth.desc1",
		"cobblemon.species.blisteringbehemoth.desc2"
	],
	"baseScale": 3.5,
	"hitbox": {
		"width": 1.5,
		"height": 1.5,
		"fixed": false
	},
	"baseFriendship": 30,
	"evYield": {
		"hp": 2,
		"attack": 1
	},
	"height": 700,
	"weight": 4500,
	"swim": {
		"swimSpeed": 4.2,
		"canSwimInWater": true,
		"canBreatheUnderwater": false
	}




}