{
	"implemented": true,
	"name": "combustingtemper",
	"nationalPokedexNumber": 42848,
	"primaryType": "fire",
	"secondaryType": "ground",
	"abilities": [
		"protosynthesis"
	],
	"baseStats": {
		"hp": 165,
		"attack": 135,
		"defence": 50,
		"special_attack": 95,
		"special_defence": 50,
		"speed": 95
	},
	"catchRate": 12,
	"maleRatio": -1,
	"shoulderMountable": false,
	"forms": [],
	"baseExperienceYield": 60,
	"experienceGroup": "fluctuating",
	"eggCycles": 25,
	"eggGroups": [
		"bug",
		"dragon"
	],
	"behaviour": {
		"moving": {
			"canLook": true
		},
		"swim": {
			"swimSpeed": 4.5,
			"canSwimInWater": true,
			"canBreatheUnderwater": false
		}
	},
	"drops": {
		"amount": "1",
		"entries": [{
			"item": "minecraft:slimeball",
			"quantityRange": "1-2",
			"percentage": 66
		}]
	},
	"moves": [
		"1:takedown",
		"1:rage",
		"5:ember",
		"15:firefang",
		"15:firepunch",
		"15:earthquake",
		"17:earthpower",
		"23:extremespeed",
		"25:smokescreen",
		"35:outrage",
		"36:fireblast",
		"37:heavyslam",
		"45:bellydrum",
		"50:dig",
		"55:closecombat",
		"57:burnup",
		"60:sunnyday",
		"60:pursuit",
		"60:stoneedge"
	],
	"labels": [
		"custom"
	],
	"pokedex": [
		"cobblemon.species.combustingtemper.desc1",
		"cobblemon.species.combustingtemper.desc2"
	],
	"baseScale": 1.75,
	"hitbox": {
		"width": 2.5,
		"height": 2.5,
		"fixed": false
	},
	"baseFriendship": 30,
	"evYield": {
		"hp": 2,
		"attack": 1
	},
	"height": 700,
	"weight": 4500,
	"swim": {
		"swimSpeed": 2.2,
		"canSwimInWater": true,
		"canBreatheUnderwater": false
	}




}