{
	"implemented": true,
	"name": "crawlingclaws",
	"nationalPokedexNumber": 42848,
	"primaryType": "bug",
	"secondaryType": "water",
	"abilities": [
		"protosynthesis"
	],
	"baseStats": {
		"hp": 50,
		"attack": 151,
		"defence": 90,
		"special_attack": 120,
		"special_defence": 90,
		"speed": 135
	},
	"catchRate": 12,
	"maleRatio": -1,
	"shoulderMountable": false,
	"forms": [],
	"baseExperienceYield": 60,
	"experienceGroup": "fluctuating",
	"eggCycles": 25,
	"eggGroups": [
		"bug",
		"dragon"
	],
	"behaviour": {
		"moving": {
			"canLook": true
		},
		"swim": {
			"swimSpeed": 6.5,
			"canSwimInWater": false,
			"canBreatheUnderwater": true
		}
	},
	"drops": {
		"amount": "1",
		"entries": [{
			"item": "minecraft:slimeball",
			"quantityRange": "1-2",
			"percentage": 66
		}]
	},
	"moves": [
		"1:bubble",
		"1:rockthrow",
		"5:leechlife",
		"15:bugbite",
		"15:electroweb",
		"15:slash",
		"17:earthpower",
		"23:bubblebeam",
		"25:surf",
		"35:dive",
		"36:waterfall",
		"37:shellsmash",
		"45:swordsdance",
		"50:dig",
		"55:skullbash",
		"57:muddywater",
		"60:thief",
		"60:pursuit",
		"60:x-scissor",
		"60:taunt",
		"60:bugbuzz",
		"60:fellstinger",
		"60:aquaring",
		"60:hydropump",
		"60:harden",
		"60:guillotine",
		"60:nightslash"
	],
	"labels": [
		"custom"
	],
	"pokedex": [
		"cobblemon.species.crawlingclaws.desc1",
		"cobblemon.species.crawlingclaws.desc2"
	],
	"baseScale": 1.75,
	"hitbox": {
		"width": 2.5,
		"height": 2.5,
		"fixed": false
	},
	"baseFriendship": 30,
	"evYield": {
		"hp": 2,
		"attack": 1
	},
	"height": 700,
	"weight": 4500,
	"swim": {
		"swimSpeed": 7.2,
		"canSwimInWater": false,
		"canBreatheUnderwater": true
	}




}