{
	"implemented": true,
	"name": "devilishfruit",
	"nationalPokedexNumber": 2283,
	"primaryType": "grass",
	"secondaryType": "fighting",
	"abilities": [
		"protosynthesis"
	],
	"baseStats": {
		"hp": 75,
		"attack": 165,
		"defence": 60,
		"special_attack": 50,
		"special_defence": 60,
		"speed": 95
	},
	"catchRate": 12,
	"maleRatio": -1,
	"shoulderMountable": true,
	"forms": [],
	"baseExperienceYield": 60,
	"experienceGroup": "fluctuating",
	"eggCycles": 25,
	"eggGroups": [
		"bug",
		"dragon"
	],
	"behaviour": {
		"moving": {
			"canLook": true
		},
		"swim": {
			"swimSpeed": 0.8,
			"canSwimInWater": true,
			"canBreatheUnderwater": false
		}
	},
	"drops": {
		"amount": "1",
		"entries": [{
			"item": "minecraft:slimeball",
			"quantityRange": "1-2",
			"percentage": 66
		}]
	},
	"moves": [
		"1:rage",
		"1:curse",
		"5:growl",
		"15:ember",
		"15:leafage",
		"15:solarblade",
		"17:lowkick",
		"23:closecombat"
	],
	"labels": [
		"custom"
	],
	"pokedex": [
		"cobblemon.species.devilishfruit.desc1",
		"cobblemon.species.devilishfruit.desc2"
	],
	"baseScale": 1,
	"hitbox": {
		"width": 1.5,
		"height": 1.5,
		"fixed": false
	},
	"baseFriendship": 30,
	"evYield": {
		"hp": 2,
		"attack": 1
	},
	"height": 700,
	"weight": 4500,

	"swim": {
		"swimSpeed": 5.2,
		"canSwimInWater": true,
		"canBreatheUnderwater": true
	}




}