{
	"implemented": true,
	"name": "draconicgills",
	"nationalPokedexNumber": 69420,
	"primaryType": "water",
	"secondaryType": "dragon",
	"abilities": [
		"protosynthesis"
	],
	"baseStats": {
		"hp": 60,
		"attack": 160,
		"defence": 55,
		"special_attack": 100,
		"special_defence": 100,
		"speed": 160
	},
	"catchRate": 12,
	"maleRatio": -1,
	"shoulderMountable": false,
	"forms": [],
	"baseExperienceYield": 60,
	"experienceGroup": "fluctuating",
	"eggCycles": 25,
	"eggGroups": [
		"bug",
		"dragon"
	],
	"behaviour": {
		"moving": {
			"canLook": true
		},
		"swim": {
			"swimSpeed": 9.5,
			"canSwimInWater": true,
			"canBreatheUnderwater": true
		}
	},
	"drops": {
		"amount": "1",
		"entries": [{
			"item": "minecraft:slimeball",
			"quantityRange": "1-2",
			"percentage": 66
		}]
	},
	"moves": [
		"1:tackle",
		"1:watergun",
		"1:surf",
		"4:bubble",
		"8:dive",
		"11:aquajet",
		"12:dragonbreath",
		"15:sonicboom",
		"16:growl",
		"19:scald",
		"20:ominouswind",
		"23:bite",
		"24:shellsmash",
		"28:dragonclaw",
		"32:mist",
		"36:dig",
		"40:icebeam",
		"44:aquatail",
		"48:outrage",
		"52:facade",
		"tm:bide",
		"tm:curse",
		"tm:futuresight",
		"tm:doubleteam",
		"tm:facade",
		"tm:flash",
		"tm:frustration",
		"tm:headbutt",
		"tm:hiddenpower",
		"tm:calmmind",
		"tm:lightscreen",
		"tm:naturalgift",
		"tm:protect",
		"tm:psychup",
		"tm:rage",
		"tm:raindance",
		"tm:reflect",
		"tm:rest",
		"tm:return",
		"tm:round",
		"tm:screech",
		"tm:secretpower",
		"tm:sleeptalk",
		"tm:snore",
		"tm:substitute",
		"tm:sunnyday",
		"tm:swagger",
		"tm:swift",
		"tm:takedown",
		"tm:thunderbolt",
		"tm:thunderwave",
		"tm:toxic",
		"tm:wildcharge",
		"tutor:doubleedge",
		"tutor:rollout"
	],
	"labels": [
		"custom"
	],
	"pokedex": [
		"cobblemon.species.draconicgills.desc1",
		"cobblemon.species.draconicgills.desc2"
	],
	"baseScale": 4.3,
	"hitbox": {
		"width": 1,
		"height": 1,
		"fixed": false
	},
	"baseFriendship": 30,
	"evYield": {
		"hp": 2,
		"attack": 1
	},
	"height": 700,
	"weight": 4500,
	"swim": {
		"swimSpeed": 10.2,
		"canSwimInWater": true,
		"canBreatheUnderwater": true
	}




}