{
	"implemented": true,
	"name": "ironlightkeeper",
	"nationalPokedexNumber": 42848,
	"primaryType": "electric",
	"secondaryType": "water",
	"abilities": [
		"quarkdrive"
	],
	"baseStats": {
		"hp": 145,
		"attack": 80,
		"defence": 100,
		"special_attack": 130,
		"special_defence": 140,
		"speed": 25
	},
	"catchRate": 12,
	"maleRatio": -1,
	"shoulderMountable": false,
	"forms": [],
	"baseExperienceYield": 60,
	"experienceGroup": "fluctuating",
	"eggCycles": 25,
	"eggGroups": [
		"bug",
		"dragon"
	],
	"behaviour": {
		"moving": {
			"canLook": true
		},
		"swim": {
			"swimSpeed": 4.5,
			"canSwimInWater": true,
			"canBreatheUnderwater": false
		}
	},
	"drops": {
		"amount": "1",
		"entries": [{
			"item": "minecraft:slimeball",
			"quantityRange": "1-2",
			"percentage": 66
		}]
	},
	"moves": [
		"1:flash",
		"1:lightscreen",
		"5:spark",
		"15:thunderwave",
		"15:bubblebeam",
		"15:thundershock",
		"17:heavyslam",
		"23:whirlpool",
		"25:aquaring",
		"35:raindance",
		"36:defog",
		"37:mist",
		"45:iceshard",
		"50:icebeam",
		"55:blizzard",
		"57:reflect",
		"60:megapunch",
		"60:pursuit",
		"60:stoneedge",
		"1:bubble",
		"1:sandattack",
		"5:razorwind",
		"15:firepunch",
		"15:icepunch",
		"15:thunderpunch",
		"17:gust",
		"23:bodyslam",
		"25:surf",
		"35:sing",
		"36:waterfall",
		"37:hydropump",
		"45:seismictoss",
		"50:rest",
		"55:skullbash",
		"57:dragonrage",
		"60:confusion",
		"60:haze",
		"60:mirrormove",
		"60:lovelykiss",
		"60:snore",
		"60:sleeptalk",
		"44:rollout",
		"50:perishsong",
		"20:endure",
		"40:healbell",
		"15:return",
		"20:spark",
		"36:thunderbolt",
		"46:thunder",
		"20:safeguard",
		"36:dragonbreath",
		"40:moonlight",
		"30:wish",
		"60:irontail"
	],
	"labels": [
		"custom"
	],
	"pokedex": [
		"cobblemon.species.ironlightkeeper.desc1",
		"cobblemon.species.ironlightkeeper.desc2"
	],
	"baseScale": 1.25,
	"hitbox": {
		"width": 2.5,
		"height": 2.5,
		"fixed": false
	},
	"baseFriendship": 30,
	"evYield": {
		"hp": 2,
		"attack": 1
	},
	"height": 700,
	"weight": 4500,
	"swim": {
		"swimSpeed": 2.2,
		"canSwimInWater": true,
		"canBreatheUnderwater": false
	}




}