{
	"implemented": true,
	"name": "ironradiator",
	"nationalPokedexNumber": 4289,
	"primaryType": "fire",
	"secondaryType": "steel",
	"abilities": [
		"quarkdrive"
	],
	"baseStats": {
		"hp": 78,
		"attack": 145,
		"defence": 85,
		"special_attack": 84,
		"special_defence": 78,
		"speed": 105
	},
	"catchRate": 12,
	"maleRatio": -1,
	"shoulderMountable": false,
	"forms": [],
	"baseExperienceYield": 60,
	"experienceGroup": "fluctuating",
	"eggCycles": 25,
	"eggGroups": [
		"bug",
		"dragon"
	],
	"behaviour": {
		"moving": {
			"canLook": true
		},
		"swim": {
			"swimSpeed": 1.5,
			"canSwimInWater": true,
			"canBreatheUnderwater": false
		}
	},
	"drops": {
		"amount": "1",
		"entries": [{
			"item": "minecraft:slimeball",
			"quantityRange": "1-2",
			"percentage": 66
		}]
	},
	"moves": [
		"1:ember",
		"1:overheat",
		"5:smog",
		"15:screech",
		"15:slash",
		"15:heavyslam",
		"17:firespin",
		"18:scald",
		"23:eruption"
	],
	"labels": [
		"custom"
	],
	"pokedex": [
		"cobblemon.species.ironradiator.desc1",
		"cobblemon.species.ironradiator.desc2"
	],
  "baseScale": 3.5,
  "hitbox": {
    "width": 0.5,
    "height": 0.7,
    "fixed": false
  },
	"baseFriendship": 30,
	"evYield": {
		"hp": 2,
		"attack": 1
	},
	"height": 700,
	"weight": 4500,
	"swim": {
		"swimSpeed": 1.2,
		"canSwimInWater": true,
		"canBreatheUnderwater": false
	}




}