{
	"implemented": true,
	"name": "irondreamer",
	"nationalPokedexNumber": 2282,
	"primaryType": "fairy",
	"secondaryType": "steel",
	"abilities": [
		"quarkdrive"
	],
	"baseStats": {
		"hp": 95,
		"attack": 60,
		"defence": 80,
		"special_attack": 160,
		"special_defence": 125,
		"speed": 70
	},
	"catchRate": 12,
	"maleRatio": -1,
	"shoulderMountable": false,
	"forms": [],
	"baseExperienceYield": 60,
	"experienceGroup": "fluctuating",
	"eggCycles": 25,
	"eggGroups": [
		"bug",
		"dragon"
	],
	"behaviour": {
		"moving": {
			"canLook": true
		},
		"swim": {
			"swimSpeed": 0.8,
			"canSwimInWater": true,
			"canBreatheUnderwater": false
		}
	},
	"drops": {
		"amount": "1",
		"entries": [{
			"item": "minecraft:slimeball",
			"quantityRange": "1-2",
			"percentage": 66
		}]
	},
	"moves": [
		"1:confusion",
		"1:rest",
		"5:leer",
		"15:psychic",
		"15:metalclaw",
		"15:sleeptalk",
		"17:snore",
		"23:healpulse"
	],
	"labels": [
		"custom"
	],
	"pokedex": [
		"cobblemon.species.irondreamer.desc1",
		"cobblemon.species.irondreamer.desc2"
	],
	"baseScale": 1,
	"hitbox": {
		"width": 1.5,
		"height": 1.5,
		"fixed": false
	},
	"baseFriendship": 30,
	"evYield": {
		"hp": 2,
		"attack": 1
	},
	"height": 700,
	"weight": 4500,
	"swim": {
		"swimSpeed": 5.2,
		"canSwimInWater": true,
		"canBreatheUnderwater": true
	}




}