{
	"implemented": true,
	"name": "ironholo",
	"nationalPokedexNumber": 4289,
	"primaryType": "water",
	"secondaryType": "psychic",
	"abilities": [
		"quarkdrive"
	],
	"baseStats": {
		"hp": 75,
		"attack": 90,
		"defence": 65,
		"special_attack": 135,
		"special_defence": 70,
		"speed": 120
	},
	"catchRate": 12,
	"maleRatio": -1,
	"shoulderMountable": false,
	"forms": [],
	"baseExperienceYield": 60,
	"experienceGroup": "fluctuating",
	"eggCycles": 25,
	"eggGroups": [
		"bug",
		"dragon"
	],
	"behaviour": {
		"moving": {
			"canLook": true
		},
		"swim": {
			"swimSpeed": 9.5,
			"canSwimInWater": true,
			"canBreatheUnderwater": true
		}
	},
	"drops": {
		"amount": "1",
		"entries": [{
			"item": "minecraft:slimeball",
			"quantityRange": "1-2",
			"percentage": 66
		}]
	},
	"moves": [
		"1:watergun",
		"1:trickroom",
		"5:confusion",
		"15:psychic",
		"15:screech",
		"15:confuseray",
		"17:doubleteam",
		"23:substitute"
	],
	"labels": [
		"custom"
	],
	"pokedex": [
		"cobblemon.species.ironholo.desc1",
		"cobblemon.species.ironholo.desc2"
	],
	"baseScale": 2.3,
	"hitbox": {
		"width": 1.5,
		"height": 1.5,
		"fixed": false
	},
	"baseFriendship": 30,
	"evYield": {
		"hp": 2,
		"attack": 1
	},
	"height": 700,
	"weight": 4500,
	"swim": {
		"swimSpeed": 10.2,
		"canSwimInWater": true,
		"canBreatheUnderwater": true
	}




}