{
	"implemented": true,
	"name": "jaggedfleece",
	"nationalPokedexNumber": 42848,
	"primaryType": "dragon",
	"secondaryType": "rock",
	"abilities": [
		"protosynthesis"
	],
	"baseStats": {
		"hp": 95,
		"attack": 155,
		"defence": 80,
		"special_attack": 60,
		"special_defence": 120,
		"speed": 105
	},
	"catchRate": 12,
	"maleRatio": -1,
	"shoulderMountable": false,
	"forms": [],
	"baseExperienceYield": 60,
	"experienceGroup": "fluctuating",
	"eggCycles": 25,
	"eggGroups": [
		"bug",
		"dragon"
	],
	"behaviour": {
		"moving": {
			"canLook": true
		},
		"swim": {
			"swimSpeed": 4.5,
			"canSwimInWater": true,
			"canBreatheUnderwater": false
		}
	},
	"drops": {
		"amount": "1",
		"entries": [{
			"item": "minecraft:slimeball",
			"quantityRange": "1-2",
			"percentage": 66
		}]
	},
	"moves": [
		"1:rage",
		"1:lightscreen",
		"5:headbutt",
		"15:rockthrow",
		"15:reflect",
		"15:grassknot",
		"17:heavyslam",
		"23:dragonclaw",
		"25:irontail",
		"35:sunnyday",
		"36:defog",
		"37:outrage",
		"45:dracometeor",
		"50:roar",
		"55:volttackle",
		"57:rockslide",
		"60:megapunch",
		"60:pursuit",
		"60:stoneedge",
		"1:sandattack",
		"1:powergem",
		"5:agility",
		"15:firefang",
		"15:icefang",
		"15:thunderfang",
		"17:dragonrage",
		"23:bodyslam",
		"25:surf",
		"35:sing",
		"36:slash",
		"37:dragondance",
		"45:seismictoss",
		"50:rest",
		"55:skullbash",
		"57:swordsdance",
		"60:breakingswipe",
		"60:scaryface",
		"60:crunch",
		"60:taunt",
		"60:assurance",
		"60:sleeptalk",
		"44:rollout",
		"50:perishsong",
		"20:endure",
		"40:falseswipe",
		"15:xscissor",
		"20:flamecharge",
		"36:extremespeed",
		"46:stealthrock",
		"20:rockpolish",
		"36:dragonbreath",
		"40:mudshot",
		"30:earthquake",
		"60:rocktomb"
	],
	"labels": [
		"custom"
	],
	"pokedex": [
		"cobblemon.species.jaggedfleece.desc1",
		"cobblemon.species.jaggedfleece.desc2"
	],
	"baseScale": 1,
	"hitbox": {
		"width": 2.5,
		"height": 2.5,
		"fixed": false
	},
	"baseFriendship": 30,
	"evYield": {
		"hp": 2,
		"attack": 1
	},
	"height": 700,
	"weight": 4500,
	"swim": {
		"swimSpeed": 2.2,
		"canSwimInWater": true,
		"canBreatheUnderwater": false
	}




}