{
	"implemented": true,
	"name": "jaggedtrunk",
	"nationalPokedexNumber": 2500,
	"primaryType": "steel",
	"secondaryType": "rock",
	"abilities": [
		"protosynthesis"
	],
	"baseStats": {
		"hp": 150,
		"attack": 125,
		"defence": 90,
		"special_attack": 60,
		"special_defence": 98,
		"speed": 55
	},
	"catchRate": 12,
	"maleRatio": -1,
	"shoulderMountable": false,
	"forms": [],
	"baseExperienceYield": 60,
	"experienceGroup": "fluctuating",
	"eggCycles": 25,
	"eggGroups": [
		"bug",
		"dragon"
	],
	"behaviour": {
		"moving": {
			"canLook": true
		},
		"swim": {
			"swimSpeed": 4.5,
			"canSwimInWater": true,
			"canBreatheUnderwater": false
		}
	},
	"drops": {
		"amount": "1",
		"entries": [{
			"item": "minecraft:slimeball",
			"quantityRange": "1-2",
			"percentage": 66
		}]
	},
	"moves": [
		"1:ancientpower",
		"1:rockpolish",
		"1:irontail",
		"5:crunch",
		"15:stealthrock",
		"15:smackdown",
		"17:rollout",
		"23:stoneedge",
		"25:sandstorm",
		"35:ironhead",
		"36:irondefense",
		"37:metalsound",
		"45:meteormash",
		"50:iceshard",
		"55:fireblast",
		"57:protect",
		"60:closecombat",
		"60:shadowclaw",
		"60:gyroball",
		"1:highhorsepower",
		"1:bulldoze",
		"5:fissure",
		"15:firefang",
		"15:icefang",
		"15:thunderfang",
		"17:stompingtantrum",
		"23:stomp",
		"25:rocksmash",
		"35:playrough",
		"36:superpower",
		"37:bodyslam",
		"45:rockblast",
		"50:rockslide",
		"55:dig",
		"60:endure",
		"60:gigaimpact",
		"40:flashcannon",
		"36:swagger",
                "12:curse"
	],
	"labels": [
		"custom"
	],
	"pokedex": [
		"cobblemon.species.jaggedtrunk.desc1",
		"cobblemon.species.jaggedtrunk.desc2"
	],
	"baseScale": 1,
	"hitbox": {
		"width": 2.5,
		"height": 2.5,
		"fixed": false
	},
	"baseFriendship": 30,
	"evYield": {
		"hp": 2,
		"attack": 1
	},
	"height": 700,
	"weight": 4500,
	"swim": {
		"swimSpeed": 2.2,
		"canSwimInWater": true,
		"canBreatheUnderwater": false
	}




}