{
	"implemented": true,
	"name": "primevildrake",
	"nationalPokedexNumber": 2828,
	"primaryType": "fairy",
	"secondaryType": "dragon",
	"abilities": [
		"protosynthesis"
	],
	"baseStats": {
		"hp": 75,
		"attack": 165,
		"defence": 66,
		"special_attack": 60,
		"special_defence": 98,
		"speed": 101
	},
	"catchRate": 12,
	"maleRatio": -1,
	"shoulderMountable": false,
	"forms": [],
	"baseExperienceYield": 60,
	"experienceGroup": "fluctuating",
	"eggCycles": 25,
	"eggGroups": [
		"bug",
		"dragon"
	],
	"behaviour": {
		"moving": {
			"canLook": true
		},
		"swim": {
			"swimSpeed": 4.5,
			"canSwimInWater": true,
			"canBreatheUnderwater": false
		}
	},
	"drops": {
		"amount": "1",
		"entries": [{
			"item": "minecraft:slimeball",
			"quantityRange": "1-2",
			"percentage": 66
		}]
	},
	"moves": [
		"1:rage",
		"1:disarmingvoice",
		"1:growl",
		"5:dragonbreath",
		"15:doubleteam",
		"15:calmmind",
		"17:slash",
		"23:dragonclaw",
		"25:defog",
		"35:breakingswipe",
		"36:crunch",
		"37:outrage",
		"45:dracometeor",
		"50:roar",
		"55:mysticalfire",
		"57:moonblast",
		"60:psyblade",
		"60:shadowclaw",
		"60:leafblade",
		"1:taunt",
		"1:destinybond",
		"5:agility",
		"15:firefang",
		"15:icefang",
		"15:thunderfang",
		"17:dragonrage",
		"23:drainingkiss",
		"25:spiritbreak",
		"35:playrough",
		"36:facade",
		"37:dragondance",
		"45:swordsdance",
		"50:substitute",
		"55:xscissor",
		"60:crunch",
		"60:assurance",
		"40:falseswipe",
		"36:extremespeed"
	],
	"labels": [
		"custom"
	],
	"pokedex": [
		"cobblemon.species.primevildrake.desc1",
		"cobblemon.species.primevildrake.desc2"
	],
	"baseScale": 1,
	"hitbox": {
		"width": 1,
		"height": 2.5,
		"fixed": false
	},
	"baseFriendship": 30,
	"evYield": {
		"hp": 2,
		"attack": 1
	},
	"height": 700,
	"weight": 4500,
	"swim": {
		"swimSpeed": 2.2,
		"canSwimInWater": true,
		"canBreatheUnderwater": false
	}




}