{
    "enabled": true,
    "neededInstalledMods": [],
    "neededUninstalledMods": [],
    "spawns": [
        {
            "id": "buizel-1",
            "pokemon": "buizel",
            "presets": [
                "natural",
				"freshwater"
            ],
            "type": "pokemon",
            "context": "grounded",
            "bucket": "common",
            "level": "5-24",
            "weight": 9,
            "condition": {
                "canSeeSky": true
            }
        },
        {
            "id": "buizel-2",
            "pokemon": "buizel",
            "presets": [
                "freshwater",
                "underwater"
            ],
            "type": "pokemon",
            "context": "submerged",
            "bucket": "common",
            "level": "5-24",
            "weight": 9,
            "condition": {
                "canSeeSky": true
            }
        }
    ]
}
