{
    "implemented": true,
    "name": "wooper",
    "nationalPokedexNumber": 194,
    "primaryType": "water",
    "secondaryType": "ground",
    "abilities": [
        "damp",
        "waterabsorb",
        "h:unaware"
    ],
    "baseStats": {
        "hp": 55,
        "attack": 45,
        "defence": 45,
        "special_attack": 25,
        "special_defence": 25,
        "speed": 15
    },
    "catchRate": 255,
    "maleRatio": 0.5,
    "shoulderMountable": false,
    "forms": [
		{
            "name": "normal"
        },
		{
			"name": "craftian",
			"aspects": ["craftian"],
			"primaryType": "water",
			"secondaryType": "ice",
			"abilities": ["damp", "swiftswim", "h:unaware"],
			"moves": [
				"1:tailwhip",
				"1:watergun",
				"4:raindance",
				"5:hail",
				"8:icywind",
				"12:mist",
				"12:haze",
				"16:slam",
				"19:iceball",
				"21:yawn",
				"24:aquatail",
				"28:waterfall",
				"32:amnesia",
				"36:toxic",
				"38:surf",
				"40:iciclecrash",
				"egg:acidspray",
				"egg:afteryou",
				"egg:ancientpower",
				"egg:counter",
				"egg:curse",
				"egg:doublekick",
				"egg:mudsport",
				"egg:poweruppunch",
				"egg:recover",
				"egg:spitup",
				"egg:stockpile",
				"egg:swallow",
				"tm:amnesia",
				"tm:attract",
				"tm:blizzard",
				"tm:bodyslam",
				"tm:bulldoze",
				"tm:captivate",
				"tm:confide",
				"tm:dig",
				"tm:dive",
				"tm:doubleteam",
				"tm:earthpower",
				"tm:earthquake",
				"tm:eerieimpulse",
				"tm:encore",
				"tm:endure",
				"tm:facade",
				"tm:flash",
				"tm:frustration",
				"tm:guardswap",
				"tm:hail",
				"tm:hiddenpower",
				"tm:hydropump",
				"tm:icebeam",
				"tm:icepunch",
				"tm:icywind",
				"tm:infestation",
				"tm:irontail",
				"tm:muddywater",
				"tm:mudshot",
				"tm:naturalgift",
				"tm:protect",
				"tm:raindance",
				"tm:rest",
				"tm:return",
				"tm:rocksmash",
				"tm:round",
				"tm:safeguard",
				"tm:sandstorm",
				"tm:scald",
				"tm:secretpower",
				"tm:sleeptalk",
				"tm:sludgebomb",
				"tm:sludgewave",
				"tm:snore",
				"tm:stompingtantrum",
				"tm:substitute",
				"tm:surf",
				"tm:swagger",
				"tm:waterfall",
				"tm:whirlpool",
				"tutor:defensecurl",
				"tutor:doubleedge",
				"tutor:dynamicpunch",
				"tutor:headbutt",
				"tutor:mimic",
				"tutor:mudslap",
				"tutor:rollout",
				"tutor:waterpulse"
			],
			"pokedex": [
				"cobblemon.form.wooper-craftian.desc1",
				"cobblemon.form.wooper-craftian.desc2"
			],
			"weight": 87,
			"evolutions": [
			{
				"id": "wooper_glacire",
				"variant": "level_up",
				"result": "glacire",
				"consumeHeldItem": false,
				"learnableMoves": [],
				"requirements": [
					{
						"variant": "level",
						"minLevel": 20
					}
				]
			}
			],
			"labels": ["gen2", "customized_official", "custom", "regional"]
		}
	],
    "baseExperienceYield": 42,
    "experienceGroup": "mediumfast",
    "eggCycles": 20,
    "eggGroups": [
        "water_1",
        "field"
    ],
    "behaviour": {
        "moving": {
            "swim": {
                "canSwimInWater": true,
                "canBreatheUnderwater": true
            }
        }
    },
    "drops": {
        "amount": "1",
        "entries": [
            {
                "item": "minecraft:clay_ball",
                "percentage": 50
            }
        ]
    },
    "moves": [
        "1:tailwhip",
        "1:watergun",
        "4:raindance",
        "5:mudsport",
        "8:mudshot",
        "12:mist",
        "12:haze",
        "16:slam",
        "19:mudbomb",
        "21:yawn",
        "24:aquatail",
        "28:muddywater",
        "32:amnesia",
        "36:toxic",
        "40:earthquake",
        "egg:acidspray",
        "egg:afteryou",
        "egg:ancientpower",
        "egg:counter",
        "egg:curse",
        "egg:doublekick",
        "egg:mudsport",
        "egg:poweruppunch",
        "egg:recover",
        "egg:spitup",
        "egg:stockpile",
        "egg:swallow",
        "tm:amnesia",
        "tm:attract",
        "tm:blizzard",
        "tm:bodyslam",
        "tm:bulldoze",
        "tm:captivate",
        "tm:confide",
        "tm:dig",
        "tm:dive",
        "tm:doubleteam",
        "tm:earthpower",
        "tm:earthquake",
        "tm:eerieimpulse",
        "tm:encore",
        "tm:endure",
        "tm:facade",
        "tm:flash",
        "tm:frustration",
        "tm:guardswap",
        "tm:hail",
        "tm:hiddenpower",
        "tm:hydropump",
        "tm:icebeam",
        "tm:icepunch",
        "tm:icywind",
        "tm:infestation",
        "tm:irontail",
        "tm:muddywater",
        "tm:mudshot",
        "tm:naturalgift",
        "tm:protect",
        "tm:raindance",
        "tm:rest",
        "tm:return",
        "tm:rocksmash",
        "tm:round",
        "tm:safeguard",
        "tm:sandstorm",
        "tm:scald",
        "tm:secretpower",
        "tm:sleeptalk",
        "tm:sludgebomb",
        "tm:sludgewave",
        "tm:snore",
        "tm:stompingtantrum",
        "tm:substitute",
        "tm:surf",
        "tm:swagger",
        "tm:waterfall",
        "tm:whirlpool",
        "tutor:defensecurl",
        "tutor:doubleedge",
        "tutor:dynamicpunch",
        "tutor:headbutt",
        "tutor:mimic",
        "tutor:mudslap",
        "tutor:rollout",
        "tutor:waterpulse"
    ],
    "labels": [
        "gen2"
    ],
    "pokedex": [
        "cobblemon.species.wooper.desc1",
        "cobblemon.species.wooper.desc2"
    ],
    "evolutions": [
        {
            "id": "wooper_quagsire",
            "variant": "level_up",
            "result": "quagsire",
            "consumeHeldItem": false,
            "learnableMoves": [],
            "requirements": [
                {
                    "variant": "level",
                    "minLevel": 20
                }
            ]
        }
    ],
    "baseScale": 0.5,
    "hitbox": {
        "width": 0.8,
        "height": 1.0,
        "fixed": false
    },
    "baseFriendship": 50,
    "evYield": {
        "hp": 1
    },
    "height": 4,
    "weight": 85
}