{
  "implemented": true,
  "name": "Wooper",
  "nationalPokedexNumber": 194,
  "primaryType": "water",
  "secondaryType": "ground",
  "abilities": [
    "damp",
    "waterabsorb",
    "h:unaware"
  ],
  "baseStats": {
    "hp": 55,
    "attack": 45,
    "defence": 45,
    "special_attack": 25,
    "special_defence": 25,
    "speed": 15
  },
  "catchRate": 255,
  "maleRatio": 0.5,
  "shoulderMountable": true,
  "shoulderEffects": [
    "water_breathing"
  ],
  "forms": [
    {
      "name": "Paldea",
      "primaryType": "poison",
      "secondaryType": "ground",
      "abilities": [
        "poisonpoint",
        "waterabsorb",
        "h:unaware"
      ],
      "baseStats": {
        "hp": 55,
        "attack": 45,
        "defence": 45,
        "special_attack": 25,
        "special_defence": 25,
        "speed": 15
      },
      "catchRate": 255,
      "maleRatio": 0.5,
      "baseExperienceYield": 0,
      "baseFriendship": 50,
      "evYield": {
        "hp": 1,
        "attack": 0,
        "defence": 0,
        "special_attack": 0,
        "special_defence": 0,
        "speed": 0
      },
      "experienceGroup": "medium_fast",
      "eggCycles": 20,
      "eggGroups": [
        "water_1",
        "field"
      ],
      "moves": [
        "1:mudshot",
        "1:tailwhip",
        "4:tackle",
        "8:poisontail",
        "12:toxicspikes",
        "16:slam",
        "21:yawn",
        "24:poisonjab",
        "28:sludgewave",
        "32:amnesia",
        "36:toxic",
        "40:earthquake",
        "egg:acidspray",
        "egg:afteryou",
        "egg:ancientpower",
        "egg:counter",
        "egg:curse",
        "egg:doublekick",
        "egg:haze",
        "egg:mist",
        "egg:recover",
        "egg:spitup",
        "egg:stockpile",
        "egg:swallow",
        "tm:acidspray",
        "tm:amnesia",
        "tm:bodypress",
        "tm:bodyslam",
        "tm:bulldoze",
        "tm:chillingwater",
        "tm:dig",
        "tm:earthpower",
        "tm:earthquake",
        "tm:endure",
        "tm:facade",
        "tm:gunkshot",
        "tm:helpinghand",
        "tm:hydropump",
        "tm:liquidation",
        "tm:lowkick",
        "tm:mudshot",
        "tm:mudslap",
        "tm:poisonjab",
        "tm:poisontail",
        "tm:protect",
        "tm:raindance",
        "tm:rest",
        "tm:rockslide",
        "tm:rocktomb",
        "tm:sandstorm",
        "tm:sleeptalk",
        "tm:sludgebomb",
        "tm:spikes",
        "tm:stealthrock",
        "tm:stompingtantrum",
        "tm:stoneedge",
        "tm:substitute",
        "tm:surf",
        "tm:takedown",
        "tm:terablast",
        "tm:toxicspikes",
        "tm:trailblaze",
        "tm:venoshock",
        "tm:waterfall",
        "tm:waterpulse"
      ],
      "labels": [
        "gen9",
        "paldea_regional"
      ],
      "aspects": [
        "paldean"
      ],
      "height": 4,
      "weight": 85,
      "evolutions": [
        {
          "id": "wooper_clodsire",
          "variant": "level_up",
          "result": "clodsire",
          "consumeHeldItem": false,
          "learnableMoves": [],
          "requirements": [
            {
              "variant": "level",
              "minLevel": 20
            }
          ]
        }
      ],
      "cannotDynamax": false,
      "battleOnly": false
    },
	{
      "name": "Craftian",
      "primaryType": "water",
      "secondaryType": "ice",
      "abilities": [
        "damp",
        "swiftswim",
        "h:unaware"
      ],
      "baseStats": {
        "hp": 55,
        "attack": 45,
        "defence": 45,
        "special_attack": 25,
        "special_defence": 25,
        "speed": 15
      },
      "catchRate": 255,
      "maleRatio": 0.5,
      "baseExperienceYield": 0,
      "baseFriendship": 50,
      "evYield": {
        "hp": 1,
        "attack": 0,
        "defence": 0,
        "special_attack": 0,
        "special_defence": 0,
        "speed": 0
      },
      "experienceGroup": "medium_fast",
      "eggCycles": 20,
      "eggGroups": [
        "water_1",
        "field"
      ],
      "moves": [
        "1:tailwhip",
		"1:watergun",
		"4:raindance",
		"5:hail",
		"8:icywind",
		"12:mist",
		"12:haze",
		"16:slam",
		"19:iceball",
		"21:yawn",
		"24:aquatail",
		"28:waterfall",
		"32:amnesia",
		"36:toxic",
		"38:surf",
		"40:iciclecrash",
		"egg:acidspray",
		"egg:afteryou",
		"egg:ancientpower",
		"egg:counter",
		"egg:curse",
		"egg:doublekick",
		"egg:mudsport",
		"egg:poweruppunch",
		"egg:recover",
		"egg:spitup",
		"egg:stockpile",
		"egg:swallow",
		"tm:amnesia",
		"tm:attract",
		"tm:blizzard",
		"tm:bodyslam",
		"tm:bulldoze",
		"tm:captivate",
		"tm:confide",
		"tm:dig",
		"tm:dive",
		"tm:doubleteam",
		"tm:earthpower",
		"tm:earthquake",
		"tm:eerieimpulse",
		"tm:encore",
		"tm:endure",
		"tm:facade",
		"tm:flash",
		"tm:frustration",
		"tm:guardswap",
		"tm:hail",
		"tm:hiddenpower",
		"tm:hydropump",
		"tm:icebeam",
		"tm:icepunch",
		"tm:icywind",
		"tm:infestation",
		"tm:irontail",
		"tm:muddywater",
		"tm:mudshot",
		"tm:naturalgift",
		"tm:protect",
		"tm:raindance",
		"tm:rest",
		"tm:return",
		"tm:rocksmash",
		"tm:round",
		"tm:safeguard",
		"tm:sandstorm",
		"tm:scald",
		"tm:secretpower",
		"tm:sleeptalk",
		"tm:sludgebomb",
		"tm:sludgewave",
		"tm:snore",
		"tm:stompingtantrum",
		"tm:substitute",
		"tm:surf",
		"tm:swagger",
		"tm:waterfall",
		"tm:whirlpool",
		"tutor:defensecurl",
		"tutor:doubleedge",
		"tutor:dynamicpunch",
		"tutor:headbutt",
		"tutor:mimic",
		"tutor:mudslap",
		"tutor:rollout",
		"tutor:waterpulse"
      ],
      "labels": [
        "gen9",
        "custom_regional",
		"customized_official",
		"custom"
      ],
      "aspects": [
        "craftian"
      ],
      "height": 4,
      "weight": 87,
      "evolutions": [
        {
          "id": "wooper_glacire",
          "variant": "level_up",
          "result": "glacire",
          "consumeHeldItem": false,
          "learnableMoves": [],
          "requirements": [
            {
              "variant": "level",
              "minLevel": 20
            }
          ]
        }
      ],
      "cannotDynamax": false,
      "battleOnly": false
    }
  ],
  "baseExperienceYield": 42,
  "experienceGroup": "medium_fast",
  "eggCycles": 20,
  "eggGroups": [
    "water_1",
    "field"
  ],
  "behaviour": {
    "moving": {
      "swim": {
        "canSwimInWater": true,
        "canBreatheUnderwater": true
      }
    }
  },
  "drops": {
    "amount": "1",
    "entries": [
      {
        "item": "minecraft:clay_ball",
        "percentage": 50
      }
    ]
  },
  "moves": [
    "1:tailwhip",
    "1:watergun",
    "4:raindance",
    "5:mudsport",
    "8:mudshot",
    "12:haze",
    "12:mist",
    "16:slam",
    "19:mudbomb",
    "21:yawn",
    "24:aquatail",
    "28:muddywater",
    "32:amnesia",
    "36:toxic",
    "40:earthquake",
    "egg:acidspray",
    "egg:afteryou",
    "egg:ancientpower",
    "egg:counter",
    "egg:curse",
    "egg:doublekick",
    "egg:mudsport",
    "egg:poweruppunch",
    "egg:recover",
    "egg:spitup",
    "egg:stockpile",
    "egg:swallow",
    "tm:acidspray",
    "tm:amnesia",
    "tm:attract",
    "tm:avalanche",
    "tm:blizzard",
    "tm:bodyslam",
    "tm:bulldoze",
    "tm:captivate",
    "tm:chillingwater",
    "tm:confide",
    "tm:dig",
    "tm:dive",
    "tm:doubleteam",
    "tm:earthpower",
    "tm:earthquake",
    "tm:eerieimpulse",
    "tm:encore",
    "tm:endure",
    "tm:facade",
    "tm:frustration",
    "tm:guardswap",
    "tm:hail",
    "tm:helpinghand",
    "tm:hiddenpower",
    "tm:hydropump",
    "tm:icebeam",
    "tm:icepunch",
    "tm:icywind",
    "tm:infestation",
    "tm:irontail",
    "tm:liquidation",
    "tm:mudshot",
    "tm:mudslap",
    "tm:naturalgift",
    "tm:protect",
    "tm:raindance",
    "tm:rest",
    "tm:return",
    "tm:rockslide",
    "tm:rocktomb",
    "tm:round",
    "tm:safeguard",
    "tm:sandstorm",
    "tm:scald",
    "tm:secretpower",
    "tm:sleeptalk",
    "tm:sludgebomb",
    "tm:sludgewave",
    "tm:snore",
    "tm:snowscape",
    "tm:spikes",
    "tm:stealthrock",
    "tm:stompingtantrum",
    "tm:stoneedge",
    "tm:substitute",
    "tm:surf",
    "tm:swagger",
    "tm:takedown",
    "tm:terablast",
    "tm:trailblaze",
    "tm:waterfall",
    "tm:waterpulse",
    "tm:whirlpool",
    "tutor:defensecurl",
    "tutor:doubleedge",
    "tutor:doubleteam",
    "tutor:dynamicpunch",
    "tutor:flash",
    "tutor:frustration",
    "tutor:headbutt",
    "tutor:hiddenpower",
    "tutor:mimic",
    "tutor:return",
    "tutor:rocksmash",
    "tutor:rollout",
    "tutor:swagger"
  ],
  "labels": [
    "gen2",
    "johto_regional"
  ],
  "pokedex": [
    "cobblemon.species.wooper.desc"
  ],
  "evolutions": [
    {
      "id": "wooper_quagsire",
      "variant": "level_up",
      "result": "quagsire",
      "consumeHeldItem": false,
      "learnableMoves": [],
      "requirements": [
        {
          "variant": "level",
          "minLevel": 20
        }
      ]
    }
  ],
  "baseScale": 0.5,
  "hitbox": {
    "width": 0.8,
    "height": 1,
    "fixed": false
  },
  "baseFriendship": 50,
  "evYield": {
    "hp": 1,
    "attack": 0,
    "defence": 0,
    "special_attack": 0,
    "special_defence": 0,
    "speed": 0
  },
  "height": 4,
  "weight": 85,
  "aspects": [],
  "cannotDynamax": false
}