{
  "implemented": true,
  "name": "Eevee",
  "nationalPokedexNumber": 133,
  "primaryType": "normal",
  "abilities": [
    "runaway",
    "adaptability",
    "h:anticipation"
  ],
  "baseStats": {
    "hp": 55,
    "attack": 55,
    "defence": 50,
    "special_attack": 45,
    "special_defence": 65,
    "speed": 55
  },
  "catchRate": 45,
  "maleRatio": 0.875,
  "shoulderMountable": true,
  "forms": [
    {
      "name": "Starter",
      "primaryType": "normal",
      "abilities": [
        "runaway",
        "adaptability",
        "h:anticipation"
      ],
      "baseStats": {
        "hp": 65,
        "attack": 75,
        "defence": 70,
        "special_attack": 65,
        "special_defence": 85,
        "speed": 75
      },
      "catchRate": 45,
      "maleRatio": 0.875,
      "baseExperienceYield": 87,
      "baseFriendship": 50,
      "evYield": {
        "hp": 0,
        "attack": 0,
        "defence": 0,
        "special_attack": 0,
        "special_defence": 1,
        "speed": 0
      },
      "experienceGroup": "medium_fast",
      "eggCycles": 35,
      "eggGroups": [
        "undiscovered"
      ],
      "moves": [
        "tutor:baddybad",
        "tutor:bite",
        "tutor:bouncybubble",
        "tutor:buzzybuzz",
        "tutor:dig",
        "tutor:doubleedge",
        "tutor:doublekick",
        "tutor:facade",
        "tutor:freezyfrost",
        "tutor:glitzyglow",
        "tutor:growl",
        "tutor:headbutt",
        "tutor:helpinghand",
        "tutor:irontail",
        "tutor:payday",
        "tutor:protect",
        "tutor:quickattack",
        "tutor:reflect",
        "tutor:rest",
        "tutor:sandattack",
        "tutor:sappyseed",
        "tutor:shadowball",
        "tutor:sizzlyslide",
        "tutor:sparklyswirl",
        "tutor:substitute",
        "tutor:swift",
        "tutor:tackle",
        "tutor:tailwhip",
        "tutor:takedown",
        "tutor:toxic",
        "tutor:veeveevolley"
      ],
      "labels": [
        "gen7"
      ],
      "aspects": [
        "starter"
      ],
      "height": 3,
      "weight": 65,
      "evolutions": [],
      "cannotDynamax": false,
      "battleOnly": false
    },
    {
      "name": "Gmax",
      "primaryType": "normal",
      "abilities": [
        "runaway",
        "adaptability",
        "h:anticipation"
      ],
      "baseStats": {
        "hp": 55,
        "attack": 55,
        "defence": 50,
        "special_attack": 45,
        "special_defence": 65,
        "speed": 55
      },
      "catchRate": 45,
      "maleRatio": 0.875,
      "baseExperienceYield": 65,
      "baseFriendship": 50,
      "evYield": {
        "hp": 0,
        "attack": 0,
        "defence": 0,
        "special_attack": 0,
        "special_defence": 1,
        "speed": 0
      },
      "experienceGroup": "medium_fast",
      "eggCycles": 35,
      "eggGroups": [
        "field"
      ],
      "moves": [],
      "labels": [
        "gen8",
        "gmax"
      ],
      "aspects": [
        "gmax"
      ],
      "height": 180,
      "weight": 0,
      "evolutions": [],
      "cannotDynamax": false,
      "battleOnly": false
    }
  ],
  "baseExperienceYield": 65,
  "experienceGroup": "medium_fast",
  "eggCycles": 35,
  "eggGroups": [
    "field"
  ],
  "moves": [
    "1:covet",
    "1:growl",
    "1:helpinghand",
    "1:tackle",
    "1:tailwhip",
    "5:sandattack",
    "10:quickattack",
    "15:babydolleyes",
    "20:refresh",
    "20:mirrormove",
    "20:swift",
    "25:bite",
    "30:copycat",
    "35:batonpass",
    "40:takedown",
    "45:charm",
    "45:trumpcard",
    "50:doubleedge",
    "55:lastresort",
    "egg:captivate",
    "egg:curse",
    "egg:detect",
    "egg:doublekick",
    "egg:flail",
    "egg:mudslap",
    "egg:naturalgift",
    "egg:synchronoise",
    "egg:tickle",
    "egg:wish",
    "egg:yawn",
    "tm:attract",
    "tm:batonpass",
    "tm:bodyslam",
    "tm:calmmind",
    "tm:charm",
    "tm:confide",
    "tm:dig",
    "tm:doubleteam",
    "tm:echoedvoice",
    "tm:endure",
    "tm:facade",
    "tm:faketears",
    "tm:focusenergy",
    "tm:frustration",
    "tm:helpinghand",
    "tm:hiddenpower",
    "tm:hypervoice",
    "tm:irontail",
    "tm:mudslap",
    "tm:payday",
    "tm:protect",
    "tm:raindance",
    "tm:rest",
    "tm:retaliate",
    "tm:return",
    "tm:round",
    "tm:secretpower",
    "tm:shadowball",
    "tm:sleeptalk",
    "tm:snore",
    "tm:storedpower",
    "tm:substitute",
    "tm:sunnyday",
    "tm:swagger",
    "tm:swift",
    "tm:takedown",
    "tm:terablast",
    "tm:trailblaze",
    "tm:weatherball",
    "tm:workup",
    "tutor:bide",
    "tutor:celebrate",
    "tutor:doubleteam",
    "tutor:frustration",
    "tutor:headbutt",
    "tutor:healbell",
    "tutor:hiddenpower",
    "tutor:irontail",
    "tutor:laserfocus",
    "tutor:mimic",
    "tutor:payday",
    "tutor:rage",
    "tutor:reflect",
    "tutor:return",
    "tutor:sing",
    "tutor:skullbash",
    "tutor:swagger",
    "tutor:toxic"
  ],
  "labels": [
    "gen1"
  ],
  "pokedex": [
    "cobblemon.species.eevee.desc"
  ],
  "evolutions": [
    {
      "id": "eevee_vaporeon",
      "variant": "item_interact",
      "result": "vaporeon",
      "consumeHeldItem": false,
      "learnableMoves": [
        "watergun"
      ],
      "requirements": [],
      "requiredContext": "cobblemon:water_stone"
    },
    {
      "id": "eevee_jolteon",
      "variant": "item_interact",
      "result": "jolteon",
      "consumeHeldItem": false,
      "learnableMoves": [
        "thundershock"
      ],
      "requirements": [],
      "requiredContext": "cobblemon:thunder_stone"
    },
    {
      "id": "eevee_flareon",
      "variant": "item_interact",
      "result": "flareon",
      "consumeHeldItem": false,
      "learnableMoves": [
        "ember"
      ],
      "requirements": [],
      "requiredContext": "cobblemon:fire_stone"
    },
    {
      "id": "eevee_espeon",
      "variant": "level_up",
      "result": "espeon",
      "consumeHeldItem": false,
      "learnableMoves": [],
      "requirements": [
        {
          "variant": "friendship",
          "amount": 160
        },
        {
          "variant": "time_range",
          "range": "day"
        }
      ]
    },
    {
      "id": "eevee_umbreon",
      "variant": "level_up",
      "result": "umbreon",
      "consumeHeldItem": false,
      "learnableMoves": [],
      "requirements": [
        {
          "variant": "friendship",
          "amount": 160
        },
        {
          "variant": "time_range",
          "range": "night"
        }
      ]
    },
    {
      "id": "eevee_leafeon",
      "variant": "item_interact",
      "result": "leafeon",
      "consumeHeldItem": false,
      "learnableMoves": [],
      "requirements": [],
      "requiredContext": "cobblemon:leaf_stone"
    },
    {
      "id": "eevee_glaceon",
      "variant": "item_interact",
      "result": "glaceon",
      "consumeHeldItem": false,
      "learnableMoves": [],
      "requirements": [],
      "requiredContext": "cobblemon:ice_stone"
    },
    {
      "id": "eevee_spectreon",
      "variant": "level_up",
      "result": "spectreon",
      "consumeHeldItem": false,
      "learnableMoves": [],
      "requirements": [
        {
          "variant": "friendship",
          "amount": 160
        },
        {
          "variant": "biome",
          "biomeCondition": "minecraft:soul_sand_valley"
        }
      ]
    },
    {
      "id": "eevee_wyveon",
      "variant": "level_up",
      "result": "wyveon",
      "consumeHeldItem": false,
      "learnableMoves": [],
      "requirements": [
        {
          "variant": "friendship",
          "amount": 160
        },
        {
          "variant": "world",
          "identifier": "minecraft:the_end"
        }
      ]
    },
    {
      "id": "eevee_automeon",
      "variant": "item_interact",
      "result": "automeon",
      "consumeHeldItem": true,
      "learnableMoves": [],
      "requirements": [
        {
          "variant": "held_item",
          "itemCondition": "minecraft:lever"
        }
      ],
      "requiredContext": "minecraft:redstone_block"
    },
    {
      "id": "eevee_acideon",
      "variant": "level_up",
      "result": "acideon",
      "consumeHeldItem": false,
      "learnableMoves": [],
      "requirements": [
        {
          "variant": "party_member",
          "contains": "true",
          "target": "muk"
        },
        {
          "variant": "level",
          "minLevel": 24
        }
      ]
    },
    {
      "id": "eevee_champeon",
      "variant": "level_up",
      "consumeHeldItem": true,
      "result": "champeon",
      "requirements": [
        {
          "variant": "held_item",
          "itemCondition": "cobblemon:focus_band"
        },
        {
          "variant": "level",
          "minLevel": 36
        }
      ]
    },
    {
      "id": "eevee_hiveon",
      "variant": "level_up",
      "result": "hiveon",
      "consumeHeldItem": true,
      "learnableMoves": [],
      "requirements": [
        {
          "variant": "party_member",
          "contains": "true",
          "target": "beedrill"
        },
        {
          "variant": "held_item",
          "itemCondition": "minecraft:beehive"
        }
      ]
    },
    {
      "id": "eevee_minereon",
      "variant": "level_up",
      "result": "minereon",
      "consumeHeldItem": true,
      "learnableMoves": [],
      "requirements": [
        {
          "variant": "biome",
          "biomeCondition": "minecraft:dripstone_caves"
        },
        {
          "variant": "held_item",
          "itemCondition": "minecraft:iron_pickaxe"
        }
      ]
    },
    {
      "id": "eevee_aereon",
      "variant": "level_up",
      "result": "aereon",
      "consumeHeldItem": false,
      "learnableMoves": [],
      "requirements": [
        {
          "variant": "has_move_type",
          "type": "flying"
        },
        {
          "variant": "biome",
          "biomeCondition": "minecraft:windswept_hills"
        }
      ]
    },
    {
      "id": "eevee_eeveeon",
      "variant": "level_up",
      "result": "eeveeon",
      "consumeHeldItem": false,
      "learnableMoves": [],
      "requirements": [
        {
          "variant": "has_move",
          "move": "lastresort"
        },
        {
          "variant": "friendship",
          "amount": 255
        }
      ]
    },
    {
      "id": "eevee_dungeon",
      "variant": "level_up",
      "result": "dungeon",
      "consumeHeldItem": true,
      "learnableMoves": [],
      "requirements": [
        {
          "variant": "biome",
          "biomeCondition": "minecraft:deep_dark"
        },
        {
          "variant": "held_item",
          "itemCondition": "minecraft:lantern"
        }
      ]
    },
    {
      "id": "eevee_sylveon",
      "variant": "level_up",
      "result": "sylveon",
      "consumeHeldItem": false,
      "learnableMoves": [],
      "requirements": [
        {
          "variant": "friendship",
          "amount": 160
        },
        {
          "variant": "has_move_type",
          "type": "fairy"
        }
      ]
    }
  ],
  "baseScale": 0.5,
  "hitbox": {
    "width": 0.9,
    "height": 1,
    "fixed": false
  },
  "baseFriendship": 50,
  "evYield": {
    "hp": 0,
    "attack": 0,
    "defence": 0,
    "special_attack": 0,
    "special_defence": 1,
    "speed": 0
  },
  "height": 3,
  "weight": 65,
  "aspects": [],
  "cannotDynamax": false
}