{
	"format_version": "1.8.0",
	"animations": {
		"animation.zigzagoon.ground_walk": {
			"loop": true,
			"animation_length": 1.33333,
			"bones": {
				"body": {
					"position": [0, "0.8-0.2*math.sin(q.anim_time*90*12)", 0]
				},
				"butt": {
					"rotation": [-5, 0, "4*math.cos(q.anim_time*90*6)"]
				},
				"leg_back_right": {
					"rotation": ["20+30*math.cos(q.anim_time*90*6)", 0, "-4*math.cos(q.anim_time*90*6)"],
					"position": [0, "0.5+1*math.sin(q.anim_time*90*6+20)", 0]
				},
				"foot_back_right": {
					"rotation": ["0.4+15*math.sin(q.anim_time*90*6)", 0, 0],
					"position": [0, 0, "-0.3+0.3*math.sin(q.anim_time*90*6)"]
				},
				"leg_back_left": {
					"rotation": ["20-30*math.cos(q.anim_time*90*6)", 0, "-4*math.cos(q.anim_time*90*6)"],
					"position": [0, "0.5-1*math.sin(q.anim_time*90*6+20)", 0]
				},
				"foot_back_left": {
					"rotation": ["0.4-15*math.sin(q.anim_time*90*6)", 0, 0],
					"position": [0, 0, "-0.3-0.3*math.sin(q.anim_time*90*6)"]
				},
				"bodyruff5": {
					"rotation": [0, "-3*math.cos(q.anim_time*90*12)", 0]
				},
				"bodyruff6": {
					"rotation": [0, "3*math.cos(q.anim_time*90*12)", 0]
				},
				"bodyruff9": {
					"rotation": ["3*math.sin(q.anim_time*90*12)", 0, 0]
				},
				"tail": {
					"rotation": ["6.7+5*math.cos(q.anim_time*90*12)", "0.4-15*math.cos(q.anim_time*90*6)", "-4*math.cos(q.anim_time*90*6)"]
				},
				"torso": {
					"rotation": [7.5, 0, "0-4*math.cos(q.anim_time*90*6)"]
				},
				"head": {
					"rotation": ["-5-2*math.cos(q.anim_time*90*12)", "-3*math.sin(q.anim_time*90*6)", "4*math.cos(q.anim_time*90*6)"],
					"position": ["-0.1*math.cos(q.anim_time*90*6)", 0, 0]
				},
				"head_ruff_left": {
					"rotation": [0, "3*math.sin(q.anim_time*90*12)", 0]
				},
				"head_ruff_right": {
					"rotation": [0, "-3*math.sin(q.anim_time*90*12)", 0]
				},
				"head_ruff": {
					"rotation": ["3*math.cos(q.anim_time*90*12)", 0, 0]
				},
				"head_ruff2": {
					"rotation": ["5*math.cos(q.anim_time*90*12)", 0, 0]
				},
				"ear_right": {
					"rotation": [0, 0, "5*math.cos(q.anim_time*90*12)"]
				},
				"ear_left": {
					"rotation": [0, 0, "-5*math.cos(q.anim_time*90*12)"]
				},
				"bodyruff7": {
					"rotation": ["3*math.sin(q.anim_time*90*12)", 0, 0]
				},
				"bodyruff1": {
					"rotation": [0, "-3*math.cos(q.anim_time*90*12)", 0]
				},
				"bodyruff2": {
					"rotation": [0, "3*math.cos(q.anim_time*90*12)", 0]
				},
				"bodyruff8": {
					"rotation": ["3*math.cos(q.anim_time*90*12)", 0, 0]
				},
				"bodyruff3": {
					"rotation": [0, "-3*math.sin(q.anim_time*90*12)", 0]
				},
				"bodyruff4": {
					"rotation": [0, "3*math.sin(q.anim_time*90*12)", 0]
				},
				"leg_front_right": {
					"rotation": ["20-30*math.cos(q.anim_time*90*6)", 0, "4*math.cos(q.anim_time*90*6)"],
					"position": [0, "0.4-1*math.sin(q.anim_time*90*6+20)", "-1.5-0.4*math.cos(q.anim_time*90*6)"]
				},
				"foot_front_right": {
					"rotation": ["-10.5-15*math.sin(q.anim_time*90*6)", 0, 0],
					"position": [0, 0, "-0.3-0.5*math.sin(q.anim_time*90*6)"]
				},
				"leg_front_left": {
					"rotation": ["20+30*math.cos(q.anim_time*90*6)", 0, "4*math.cos(q.anim_time*90*6)"],
					"position": [0, "0.4+1*math.sin(q.anim_time*90*6+20)", "-1.5+0.4*math.cos(q.anim_time*90*6)"]
				},
				"foot_front_left": {
					"rotation": ["-10.5+15*math.sin(q.anim_time*90*6)", 0, 0],
					"position": [0, 0, "-0.3+0.5*math.sin(q.anim_time*90*6)"]
				},
				"jaw": {
					"rotation": ["29-2*math.cos(q.anim_time*90*12)", 0, 0]
				}
			}
		},
		"animation.zigzagoon.ground_idle": {
			"loop": true,
			"animation_length": 4,
			"bones": {
				"zigzagoon": {
					"rotation": [6, 0, 0],
					"position": [0, 0.65, 0]
				},
				"butt": {
					"rotation": [-10, 0, 0],
					"position": [0, "0.1+0.2*math.cos(q.anim_time*90*2-90)", 0]
				},
				"leg_back_right": {
					"rotation": ["10+2*math.cos(q.anim_time*90*2-90)", 0, 0],
					"position": [0, "-0.2-0.18*math.cos(q.anim_time*90*2-90)", "-0.1*math.cos(q.anim_time*90*2-90)"]
				},
				"foot_back_right": {
					"rotation": ["-5-2*math.cos(q.anim_time*90*2-90)", 0, 0]
				},
				"leg_back_left": {
					"rotation": ["10+2*math.cos(q.anim_time*90*2-90)", 0, 0],
					"position": [0, "-0.2-0.2*math.cos(q.anim_time*90*2-90)", "-0.1*math.cos(q.anim_time*90*2-90)"]
				},
				"foot_back_left": {
					"rotation": ["-5-2*math.cos(q.anim_time*90*2-90)", 0, 0]
				},
				"tail": {
					"rotation": ["5+5*math.sin(q.anim_time*90*2-90)", "15*math.cos(q.anim_time*90*1-90)", 0]
				},
				"torso": {
					"rotation": [10, 0, 0],
					"position": [0, "0.1+0.2*math.cos(q.anim_time*90*2-90)", 0]
				},
				"head": {
					"rotation": ["-15+1.5*math.cos(q.anim_time*90*2)", 0, 0]
				},
				"leg_front_right": {
					"rotation": ["-10-2*math.cos(q.anim_time*90*2-90)", 0, 0],
					"position": [0, "-0.2-0.25*math.cos(q.anim_time*90*2-90)", "-0.2+0.05*math.cos(q.anim_time*90*2-90)"]
				},
				"foot_front_right": {
					"rotation": ["-5+2*math.cos(q.anim_time*90*2-90)", 0, 0]
				},
				"leg_front_left": {
					"rotation": ["-10-2*math.cos(q.anim_time*90*2-90)", 0, 0],
					"position": [0, "-0.2-0.25*math.cos(q.anim_time*90*2-90)", "-0.2+0.05*math.cos(q.anim_time*90*2-90)"]
				},
				"foot_front_left": {
					"rotation": ["-5+2*math.cos(q.anim_time*90*2-90)", 0, 0]
				},
				"bodyruff5": {
					"rotation": [0, "-3*math.cos(q.anim_time*90*2-45)", 0]
				},
				"bodyruff6": {
					"rotation": [0, "3*math.cos(q.anim_time*90*2-45)", 0]
				},
				"bodyruff9": {
					"rotation": ["-3*math.cos(q.anim_time*90*2)", 0, 0]
				},
				"head_ruff_left": {
					"rotation": [0, "3*math.cos(q.anim_time*90*2)", 0]
				},
				"head_ruff_right": {
					"rotation": [0, "-3*math.cos(q.anim_time*90*2)", 0]
				},
				"head_ruff": {
					"rotation": ["-3*math.cos(q.anim_time*90*2-45)", 0, 0]
				},
				"head_ruff2": {
					"rotation": ["10-4*math.cos(q.anim_time*90*2-50)", 0, 0]
				},
				"ear_right": {
					"rotation": [0, 0, "-2*math.cos(q.anim_time*90*2)"]
				},
				"ear_left": {
					"rotation": [0, 0, "2*math.cos(q.anim_time*90*2)"]
				},
				"bodyruff7": {
					"rotation": ["-3*math.cos(q.anim_time*90*2)", 0, 0]
				},
				"bodyruff1": {
					"rotation": [0, "-3*math.cos(q.anim_time*90*2-45)", 0]
				},
				"bodyruff2": {
					"rotation": [0, "3*math.cos(q.anim_time*90*2-45)", 0]
				},
				"bodyruff8": {
					"rotation": ["-3*math.cos(q.anim_time*90*2-45)", 0, 0]
				},
				"bodyruff3": {
					"rotation": [0, "-3*math.cos(q.anim_time*90*2)", 0]
				},
				"bodyruff4": {
					"rotation": [0, "3*math.cos(q.anim_time*90*2)", 0]
				},
				"jaw": {
					"rotation": ["23+5*math.cos(q.anim_time*90*2)", 0, 0]
				}
			}
		}
	}
}