{
	"format_version": "1.8.0",
	"animations": {
		"animation.palafin.water_idle": {
			"loop": true,
			"bones": {
				"bone2": {
					"rotation": ["-math.clamp(math.sin(q.anim_time*90*2)*2,0,2)-math.clamp(math.sin(q.anim_time*90*2)*2,-2,0)", 0, 0],
					"position": [0, "-math.clamp(math.sin(q.anim_time*90*2-45)*0.25,0,5)-math.clamp(math.sin(q.anim_time*90*2-45)*0.5,-3,0)-0.5", 0]
				},
				"back_tail": {
					"rotation": ["0+math.cos((query.anim_time)*90*2-90)*8", 0, 0]
				},
				"bone": {
					"rotation": ["-12.5+math.cos((query.anim_time)*90*2-180)*15", 0, 0]
				},
				"fin_left": {
					"rotation": [
						"-5.6312+math.clamp(math.sin(q.anim_time*90*1+180)*8,0,10)-math.clamp(math.sin(q.anim_time*90*1+180)*8,-10,0)+math.clamp(math.sin(q.anim_time*90*2+180)*4,-10,0)",
						"-18.2772+math.clamp(math.sin(q.anim_time*90*2+45+180)*10,10,20)-math.clamp(math.sin(q.anim_time*90*1)*15,0,20)-math.clamp(math.sin(q.anim_time*90*1+180)*15,0,20)",
						"34.4081-math.clamp(math.sin(q.anim_time*90*2-10+180)*40,0,50)+math.clamp(math.sin(q.anim_time*90*2+5)*20,-10,20)-math.clamp(math.sin(q.anim_time*90*2+180)*15,-10,0)"
					],
					"position": [-0.325, 0.075, -0.125]
				},
				"bone4": {
					"rotation": [
						0,
						0,
						"math.clamp(math.sin(q.anim_time*90*2-45+180)*5,0,200)+math.clamp(math.sin(q.anim_time*90*2)*10,0,8)-math.clamp(math.sin(q.anim_time*90*2-45+180)*25,-20,15)"
					]
				},
				"fin_right": {
					"rotation": [
						"math.clamp(math.sin(q.anim_time*90*1+180)*8,0,10)-math.clamp(math.sin(q.anim_time*90*1+180)*8,-10,0)+math.clamp(math.sin(q.anim_time*90*2+180)*4,-10,0)",
						"17.5-math.clamp(math.sin(q.anim_time*90*2+45+180)*10,10,20)+math.clamp(math.sin(q.anim_time*90*1)*15,0,20)+math.clamp(math.sin(q.anim_time*90*1+180)*15,0,20)",
						"-27.5+math.clamp(math.sin(q.anim_time*90*2-10+180)*40,0,200)-math.clamp(math.sin(q.anim_time*90*2+5)*20,-10,20)+math.clamp(math.sin(q.anim_time*90*2+180)*15,-10,0)"
					],
					"position": [0.55, 0.2, -0.125]
				},
				"bone3": {
					"rotation": [
						0,
						0,
						"-math.clamp(math.sin(q.anim_time*90*2-45+180)*5,0,200)-math.clamp(math.sin(q.anim_time*90*2)*10,0,8)+math.clamp(math.sin(q.anim_time*90*2-45+180)*25,-20,15)"
					]
				},
				"bone6": {
					"rotation": ["0+math.cos((query.anim_time)*90*2-180)*10", 0, 0]
				}
			}
		},
		"animation.palafin.water_swim": {
			"loop": true,
			"bones": {
				"bone2": {
					"rotation": ["-math.clamp(math.sin(q.anim_time*90*6)*2,0,2)-math.clamp(math.sin(q.anim_time*90*6)*2,-2,0)", 0, 0],
					"position": [0, "-math.clamp(math.sin(q.anim_time*90*6-45)*0.25,0,5)-math.clamp(math.sin(q.anim_time*90*6-45)*0.5,-3,0)-0.5", 0]
				},
				"back_tail": {
					"rotation": [0, 0, 0]
				},
				"bone": {
					"rotation": ["-7.5+math.sin(q.anim_time*90*6+90)*17.5", 0, 0]
				},
				"fin_left": {
					"rotation": [-0.43897, -7.48085, "17.5382-math.sin(q.anim_time*90*6)*6"],
					"position": [-0.325, 0.075, -0.125]
				},
				"bone4": {
					"rotation": [0, 0, "0-math.sin(q.anim_time*90*6)*15"]
				},
				"fin_right": {
					"rotation": [0.439, 7.4809, "-17.5382-math.sin(q.anim_time*90*6)*-6"],
					"position": [0.55, 0.2, -0.125]
				},
				"bone3": {
					"rotation": [0, 0, "0-math.sin(q.anim_time*90*6)*-15"]
				},
				"bone6": {
					"rotation": ["math.sin(q.anim_time*90*6+105)*15", 0, 0]
				},
				"bone5": {
					"rotation": ["math.sin(q.anim_time*90*6+125)*12.5", 0, 0]
				}
			}
		}
	}
}