{
	"format_version": "1.8.0",
	"animations": {
		"animation.ironradiator.ground_idle": {
			"loop": true,
			"animation_length": 2,
			"start_delay": "1",
			"loop_delay": "0.5",
			"bones": {
				"Flame": {
					"scale": [0, 0, 0]
				},
				"Body": {
					"rotation": {
						"0.0": [0, 0, 0],
						"1.2083": [7.5, 0, 0],
						"2.0": [0, 0, 0]
					}
				},
				"Head": {
					"rotation": {
						"0.0": [0, 0, 0],
						"1.2083": [-10, 0, 0],
						"1.9583": [0, 0, 0]
					}
				},
				"ArmL": {
					"position": {
						"0.0": [0, 0, 0],
						"1.0": [0, -0.75, 0],
						"2.0": [0, 0, 0]
					}
				},
				"ArmR": {
					"position": {
						"0.0": [0, 0, 0],
						"1.0": [0, -0.75, 0],
						"2.0": [0, 0, 0]
					}
				},
				"EyeL": {
					"position": {
						"0.7083": [0, 0, 0],
						"1.25": [0, 0, 0]
					},
					"scale": {
						"0.7083": [1, 1, 1],
						"1.0": [1, 0, 1],
						"1.25": [1, 1, 1]
					}
				},
				"EyeR": {
					"position": {
						"0.7083": [0, 0, 0],
						"1.25": [0, 0, 0]
					},
					"scale": {
						"0.7083": [1, 1, 1],
						"1.0": [1, 0, 1],
						"1.25": [1, 1, 1]
					}
				}
			}
		},
		"animation.ironradiator.ground_walk": {
			"loop": true,
			"animation_length": 1.5,
			"bones": {
				"Flame": {
					"rotation": [-30, 0, 0],
					"position": [0, 1.25, -3]
				},
				"Body": {
					"rotation": {
						"0.0": [70, 0, 0],
						"0.9167": [67.5, 0, 0],
						"1.5": [72.5, 0, 0]
					},
					"position": [0, 2.25, 1]
				},
				"Head": {
					"rotation": {
						"0.0": [-67.5, 0, 0],
						"0.9167": [-65, 0, 0],
						"1.5": [-75, 0, 0]
					},
					"position": [0, 4.75, -8.25]
				},
				"ArmL": {
					"rotation": {
						"0.0": [-20, 0, 0],
						"0.5": [-47.5, 0, 0],
						"1.3333": [47.5, 0, 0],
						"1.5": [-20, 0, 0]
					},
					"position": {
						"0.0": [0.5, -2, -3.5],
						"0.5": [0.5, -2, -5],
						"1.3333": [0.5, -2, -0.5],
						"1.5": [0.5, -2, -3.5]
					}
				},
				"ArmR": {
					"rotation": {
						"0.0": [-20, 0, 0],
						"0.5": [17.5, 0, 0],
						"1.3333": [-50, 0, 0],
						"1.5": [-20, 0, 0]
					},
					"position": {
						"0.0": [-0.5, -2, -3.5],
						"0.5": [-0.5, -2, -1.5],
						"1.3333": [-0.5, -2, -4.75],
						"1.5": [-0.5, -2, -3.5]
					}
				},
				"LegL": {
					"rotation": {
						"0.0": [0, 0, 0],
						"0.5": [-22.5, 0, 0],
						"1.5": [22.5, 0, 0]
					},
					"position": {
						"0.0": [0, 0, 0],
						"0.5": [0, 0, -0.5],
						"1.5": [0, 0, -0.5]
					}
				},
				"FootL": {
					"position": [0, 0, 0.5]
				},
				"LegR": {
					"rotation": {
						"0.0": [0, 0, 0],
						"0.5": [30, 0, 0],
						"1.5": [-30, 0, 0]
					},
					"position": {
						"0.0": [0, 0, 0],
						"0.5": [0, 0, 0.25],
						"1.5": [0, 0, -1.25]
					}
				},
				"EyeL": {
					"position": {
						"0.625": [0, 0, 0],
						"1.1667": [0, 0, 0]
					},
					"scale": {
						"0.625": [1, 1, 1],
						"0.9167": [1, 0, 1],
						"1.1667": [1, 1, 1]
					}
				},
				"EyeR": {
					"position": {
						"0.625": [0, 0, 0],
						"1.1667": [0, 0, 0]
					},
					"scale": {
						"0.625": [1, 1, 1],
						"0.9167": [1, 0, 1],
						"1.1667": [1, 1, 1]
					}
				}
			}
		},
		"animation.ironradiator.water_idle": {
			"loop": true,
			"animation_length": 2,
			"start_delay": "1",
			"loop_delay": "0.5",
			"bones": {
				"Flame": {
					"scale": [0, 0, 0]
				},
				"Body": {
					"rotation": {
						"0.0": [0, 0, 0],
						"1.2083": [7.5, 0, 0],
						"2.0": [0, 0, 0]
					}
				},
				"Head": {
					"rotation": {
						"0.0": [0, 0, 0],
						"1.2083": [-10, 0, 0],
						"1.9583": [0, 0, 0]
					}
				},
				"ArmL": {
					"position": {
						"0.0": [0, 0, 0],
						"1.0": [0, -0.75, 0],
						"2.0": [0, 0, 0]
					}
				},
				"ArmR": {
					"position": {
						"0.0": [0, 0, 0],
						"1.0": [0, -0.75, 0],
						"2.0": [0, 0, 0]
					}
				},
				"EyeL": {
					"position": {
						"0.7083": [0, 0, 0],
						"1.25": [0, 0, 0]
					},
					"scale": {
						"0.7083": [1, 1, 1],
						"1.0": [1, 0, 1],
						"1.25": [1, 1, 1]
					}
				},
				"EyeR": {
					"position": {
						"0.7083": [0, 0, 0],
						"1.25": [0, 0, 0]
					},
					"scale": {
						"0.7083": [1, 1, 1],
						"1.0": [1, 0, 1],
						"1.25": [1, 1, 1]
					}
				}
			}
		},
		"animation.ironradiator.water_swim": {
			"loop": true,
			"animation_length": 1.5,
			"bones": {
				"Flame": {
					"rotation": [-30, 0, 0],
					"position": [0, 1.25, -3],
					"scale": [0, 0, 0]
				},
				"Body": {
					"rotation": {
						"0.0": [70, 0, 0],
						"0.9167": [67.5, 0, 0],
						"1.5": [72.5, 0, 0]
					},
					"position": {
						"0.0": [0, 2.25, 2],
						"0.5": [0, 2.25, 1]
					}
				},
				"Head": {
					"rotation": {
						"0.0": [-67.5, 0, 0],
						"0.9167": [-65, 0, 0],
						"1.5": [-75, 0, 0]
					},
					"position": {
						"0.0": [0, 4.75, -7.5],
						"0.5": [0, 4.75, -8.5]
					}
				},
				"ArmL": {
					"rotation": {
						"0.0": [-20, 0, 0],
						"0.5": [-47.5, 0, 0],
						"1.3333": [47.5, 0, 0],
						"1.5": [-20, 0, 0]
					},
					"position": {
						"0.0": [0.5, -2, -3.5],
						"0.5": [0.5, -2, -5],
						"1.3333": [0.5, -2, -0.5],
						"1.5": [0.5, -2, -3.5]
					}
				},
				"ArmR": {
					"rotation": {
						"0.0": [-20, 0, 0],
						"0.5": [17.5, 0, 0],
						"1.3333": [-50, 0, 0],
						"1.5": [-20, 0, 0]
					},
					"position": {
						"0.0": [-0.5, -2, -3.5],
						"0.5": [-0.5, -2, -1.5],
						"1.3333": [-0.5, -2, -4.75],
						"1.5": [-0.5, -2, -3.5]
					}
				},
				"LegL": {
					"rotation": {
						"0.0": [0, 0, 0],
						"0.5": [-22.5, 0, 0],
						"1.5": [22.5, 0, 0]
					},
					"position": {
						"0.0": [0, 0, 0],
						"0.5": [0, 0, -0.5],
						"1.5": [0, 0, -0.5]
					}
				},
				"FootL": {
					"position": [0, 0, 0.5]
				},
				"LegR": {
					"rotation": {
						"0.0": [0, 0, 0],
						"0.5": [30, 0, 0],
						"1.5": [-30, 0, 0]
					},
					"position": {
						"0.0": [0, 0, 0],
						"0.5": [0, 0, 0.25],
						"1.5": [0, 0, -1.25]
					}
				},
				"EyeL": {
					"position": {
						"0.625": [0, 0, 0],
						"1.1667": [0, 0, 0]
					},
					"scale": {
						"0.625": [1, 1, 1],
						"0.9167": [1, 0, 1],
						"1.1667": [1, 1, 1]
					}
				},
				"EyeR": {
					"position": {
						"0.625": [0, 0, 0],
						"1.1667": [0, 0, 0]
					},
					"scale": {
						"0.625": [1, 1, 1],
						"0.9167": [1, 0, 1],
						"1.1667": [1, 1, 1]
					}
				}
			}
		},
		"animation.ironradiator.air_idle": {
			"loop": true,
			"animation_length": 2,
			"start_delay": "1",
			"loop_delay": "0.5",
			"bones": {
				"Flame": {
					"scale": [0, 0, 0]
				},
				"Body": {
					"rotation": {
						"0.0": [0, 0, 0],
						"1.2083": [7.5, 0, 0],
						"2.0": [0, 0, 0]
					}
				},
				"Head": {
					"rotation": {
						"0.0": [0, 0, 0],
						"1.2083": [-10, 0, 0],
						"1.9583": [0, 0, 0]
					}
				},
				"ArmL": {
					"position": {
						"0.0": [0, 0, 0],
						"1.0": [0, -0.75, 0],
						"2.0": [0, 0, 0]
					}
				},
				"ArmR": {
					"position": {
						"0.0": [0, 0, 0],
						"1.0": [0, -0.75, 0],
						"2.0": [0, 0, 0]
					}
				},
				"EyeL": {
					"position": {
						"0.7083": [0, 0, 0],
						"1.0": [0, 3.5, 0],
						"1.25": [0, 0, 0]
					},
					"scale": {
						"0.7083": [1, 1, 1],
						"1.0": [1, 0, 1],
						"1.25": [1, 1, 1]
					}
				},
				"EyeR": {
					"position": {
						"0.7083": [0, 0, 0],
						"1.0": [0, 3.5, 0],
						"1.25": [0, 0, 0]
					},
					"scale": {
						"0.7083": [1, 1, 1],
						"1.0": [1, 0, 1],
						"1.25": [1, 1, 1]
					}
				}
			}
		},
		"animation.ironradiator.air_fly": {
			"loop": true,
			"animation_length": 1.5,
			"bones": {
				"Flame": {
					"rotation": [-30, 0, 0],
					"position": [0, 1.25, -3],
					"scale": [0, 0, 0]
				},
				"Body": {
					"rotation": {
						"0.0": [70, 0, 0],
						"0.9167": [67.5, 0, 0],
						"1.5": [72.5, 0, 0]
					},
					"position": [0, -0.75, -2]
				},
				"Head": {
					"rotation": {
						"0.0": [-67.5, 0, 0],
						"0.9167": [-65, 0, 0],
						"1.5": [-75, 0, 0]
					},
					"position": [0, 0.75, -3.5]
				},
				"ArmL": {
					"rotation": {
						"0.0": [-20, 0, 0],
						"0.5": [-47.5, 0, 0],
						"1.3333": [47.5, 0, 0],
						"1.5": [-20, 0, 0]
					},
					"position": {
						"0.0": [0.5, -2, -3.5],
						"0.5": [0.5, -2, -5],
						"1.3333": [0.5, -2, -0.5],
						"1.5": [0.5, -2, -3.5]
					}
				},
				"ArmR": {
					"rotation": {
						"0.0": [-20, 0, 0],
						"0.5": [17.5, 0, 0],
						"1.3333": [-50, 0, 0],
						"1.5": [-20, 0, 0]
					},
					"position": {
						"0.0": [-0.5, -2, -3.5],
						"0.5": [-0.5, -2, -1.5],
						"1.3333": [-0.5, -2, -4.75],
						"1.5": [-0.5, -2, -3.5]
					}
				},
				"LegL": {
					"rotation": {
						"0.0": [0, 0, 0],
						"0.5": [-22.5, 0, 0],
						"1.5": [22.5, 0, 0]
					},
					"position": {
						"0.0": [0, 0, 0],
						"0.5": [0, 0, -0.5],
						"1.5": [0, 0, -0.5]
					}
				},
				"FootL": {
					"position": [0, 0, 0.5]
				},
				"LegR": {
					"rotation": {
						"0.0": [0, 0, 0],
						"0.5": [30, 0, 0],
						"1.5": [-30, 0, 0]
					},
					"position": {
						"0.0": [0, 0, 0],
						"0.5": [0, 0, 0.25],
						"1.5": [0, 0, -1.25]
					}
				},
				"EyeL": {
					"position": {
						"0.625": [0, 0, 0],
						"0.9167": [0, 3.5, 0],
						"1.1667": [0, 0, 0]
					},
					"scale": {
						"0.625": [1, 1, 1],
						"0.9167": [1, 0, 1],
						"1.1667": [1, 1, 1]
					}
				},
				"EyeR": {
					"position": {
						"0.625": [0, 0, 0],
						"0.9167": [0, 3.5, 0],
						"1.1667": [0, 0, 0]
					},
					"scale": {
						"0.625": [1, 1, 1],
						"0.9167": [1, 0, 1],
						"1.1667": [1, 1, 1]
					}
				}
			}
		},
		"animation.ironradiator.sleep": {
			"loop": true,
			"animation_length": 2,
			"start_delay": "1",
			"loop_delay": "0.5",
			"bones": {
				"Flame": {
					"scale": [0, 0, 0]
				},
				"Body": {
					"rotation": {
						"0.8333": [15, 0, 0],
						"2.0": [5, 0, 0]
					}
				},
				"Head": {
					"rotation": {
						"0.0": [0, 0, 0],
						"1.2083": [-10, 0, 0],
						"1.9583": [0, 0, 0]
					}
				},
				"ArmL": {
					"position": {
						"0.0": [0, -0.75, 0],
						"1.3333": [0, -0.5, 0],
						"2.0": [0, -0.75, 0]
					}
				},
				"ArmR": {
					"position": {
						"0.0": [0, -0.75, 0],
						"1.3333": [0, -0.5, 0],
						"2.0": [0, -0.75, 0]
					}
				},
				"EyeL": {
					"position": [0, 3.5, 0],
					"scale": [1, 0, 1]
				},
				"EyeR": {
					"position": [0, 3.5, 0],
					"scale": [1, 0, 1]
				}
			}
		},
		"animation.ironradiator.faint": {
			"loop": true,
			"animation_length": 2,
			"start_delay": "1",
			"loop_delay": "0.5",
			"bones": {
				"Flame": {
					"scale": [0, 0, 0]
				},
				"Body": {
					"rotation": {
						"0.8333": [15, 0, 0],
						"2.0": [5, 0, 0]
					}
				},
				"Head": {
					"rotation": {
						"0.0": [0, 0, 0],
						"1.2083": [-10, 0, 0],
						"1.9583": [0, 0, 0]
					}
				},
				"ArmL": {
					"position": {
						"0.0": [0, -0.75, 0],
						"1.3333": [0, -0.5, 0],
						"2.0": [0, -0.75, 0]
					}
				},
				"ArmR": {
					"position": {
						"0.0": [0, -0.75, 0],
						"1.3333": [0, -0.5, 0],
						"2.0": [0, -0.75, 0]
					}
				},
				"EyeL": {
					"position": [0, 3.5, 0],
					"scale": [1, 0, 1]
				},
				"EyeR": {
					"position": [0, 3.5, 0],
					"scale": [1, 0, 1]
				}
			}
		}
	}
}