{
	"format_version": "1.12.0",
	"minecraft:geometry": [
		{
			"description": {
				"identifier": "geometry.ampharos",
				"texture_width": 128,
				"texture_height": 128,
				"visible_bounds_width": 4,
				"visible_bounds_height": 4,
				"visible_bounds_offset": [0, 1, 0]
			},
			"bones": [
				{
					"name": "ampharos",
					"pivot": [0, 0, 0]
				},
				{
					"name": "body",
					"parent": "ampharos",
					"pivot": [0, 0, 0]
				},
				{
					"name": "torso",
					"parent": "body",
					"pivot": [0, 13.25, 1.25],
					"cubes": [
						{"origin": [-3.5, 15, -2.75], "size": [7, 4, 8], "uv": [25, 30]},
						{"origin": [-5, 4, -3.75], "size": [10, 11, 10], "uv": [0, 0]}
					]
				},
				{
					"name": "neck",
					"parent": "torso",
					"pivot": [0, 18, 1.25],
					"cubes": [
						{"origin": [-2.5, 18, -1.25], "size": [5, 10, 5], "uv": [0, 54]}
					]
				},
				{
					"name": "head",
					"parent": "neck",
					"pivot": [0, 25.64821, 1.38105],
					"rotation": [15, 0, 0],
					"cubes": [
						{"origin": [-3.5, 26.50429, -4.72263], "size": [7, 6, 9], "uv": [0, 22]},
						{"origin": [-1.5, 32.50429, -1.72263], "size": [3, 1, 3], "uv": [34, 43]}
					]
				},
				{
					"name": "eyes",
					"parent": "head",
					"pivot": [0, 0, 0]
				},
				{
					"name": "eye_right",
					"parent": "eyes",
					"pivot": [3.51, 30.50429, -1.22263],
					"cubes": [
						{"origin": [3.51, 29.50429, -2.22263], "size": [0, 2, 2], "uv": [0, 38]}
					]
				},
				{
					"name": "eyelid_right",
					"parent": "eye_right",
					"pivot": [3.41, 30.50429, -1.22263],
					"cubes": [
						{"origin": [3.41, 29.50429, -2.22263], "size": [0, 2, 2], "inflate": 0.01, "uv": [0, 22]}
					]
				},
				{
					"name": "eye_left",
					"parent": "eyes",
					"pivot": [-3.51, 30.50429, -1.22263],
					"cubes": [
						{"origin": [-3.51, 29.50429, -2.22263], "size": [0, 2, 2], "uv": [41, 8]}
					]
				},
				{
					"name": "eyelid_left",
					"parent": "eye_left",
					"pivot": [-3.41, 30.50429, -1.22263],
					"cubes": [
						{"origin": [-3.41, 29.50429, -2.22263], "size": [0, 2, 2], "inflate": 0.01, "uv": [3, 25]}
					]
				},
				{
					"name": "horn_right",
					"parent": "head",
					"pivot": [0, 25.50429, 3.27737],
					"cubes": [
						{"origin": [0.88747, 28.19477, 2.91545], "size": [7, 5, 5], "pivot": [5.14957, 29.63235, 5.06743], "rotation": [0, -40, -15], "uv": [1, 38]}
					]
				},
				{
					"name": "horn_left",
					"parent": "head",
					"pivot": [0, 25.50429, 3.27737],
					"cubes": [
						{"origin": [-7.88751, 28.19481, 2.91548], "size": [7, 5, 5], "pivot": [-5.1496, 29.63239, 5.06747], "rotation": [0, 40, 15], "uv": [41, 8]}
					]
				},
				{
					"name": "arm_right",
					"parent": "torso",
					"pivot": [3, 16.5, 1],
					"cubes": [
						{"origin": [-1, 15, -1], "size": [14, 3, 4], "uv": [24, 22]}
					]
				},
				{
					"name": "arm_left",
					"parent": "torso",
					"pivot": [-3, 16.5, 1],
					"cubes": [
						{"origin": [-13, 15, -1], "size": [14, 3, 4], "uv": [31, 0]}
					]
				},
				{
					"name": "tail",
					"parent": "body",
					"pivot": [0, 5.90263, 4.7502],
					"cubes": [
						{"origin": [-2, 7.96685, 1.76923], "size": [4, 6, 4], "pivot": [0, 5.96685, 3.76923], "rotation": [-85, 0, 0], "uv": [21, 59]}
					]
				},
				{
					"name": "tail2",
					"parent": "tail",
					"pivot": [0, 6.46685, 10.97852],
					"cubes": [
						{"origin": [-1.5, 10.71685, 1.76923], "size": [3, 5, 3], "pivot": [0, 1.71685, 3.26923], "rotation": [-60, 0, 0], "uv": [38, 59]}
					]
				},
				{
					"name": "tail3",
					"parent": "tail2",
					"pivot": [0, 8.36708, 15.21884],
					"cubes": [
						{"origin": [-2, 12.21685, 10.51923], "size": [4, 4, 4], "pivot": [0, -6.78315, 12.51923], "rotation": [-15, 0, 0], "uv": [58, 55]},
						{"origin": [-1, 10.71685, 6.01923], "size": [2, 5, 2], "pivot": [0, -3.28315, 7.01923], "rotation": [-35, 0, 0], "uv": [0, 0]}
					]
				},
				{
					"name": "legs",
					"parent": "body",
					"pivot": [0, 15.5, 2.75]
				},
				{
					"name": "leg_right",
					"parent": "legs",
					"pivot": [3, 8.83333, 0.58333],
					"rotation": [0, -15, 0],
					"cubes": [
						{"origin": [2.21592, 3.5, -3.50882], "size": [3.5, 8, 7], "uv": [20, 43]},
						{"origin": [2.71592, 2, -0.50882], "size": [2.5, 2, 3], "uv": [62, 46]},
						{"origin": [2.46592, 0, -3.00882], "size": [3, 2, 6], "uv": [55, 24]}
					]
				},
				{
					"name": "leg_left",
					"parent": "legs",
					"pivot": [-3, 8.83333, 0.58333],
					"rotation": [0, 15, 0],
					"cubes": [
						{"origin": [-5.71592, 3.5, -3.50882], "size": [3.5, 8, 7], "uv": [41, 43]},
						{"origin": [-5.21592, 2, -0.50882], "size": [2.5, 2, 3], "uv": [51, 64]},
						{"origin": [-5.46592, 0, -3.00882], "size": [3, 2, 6], "uv": [55, 37]}
					]
				}
			]
		}
	]
}