{
	"format_version": "1.8.0",
	"animations": {
		"animation.irondreamer.ground_idle": {
			"loop": true,
			"animation_length": 2.125,
			"start_delay": "2",
			"loop_delay": "5",
			"bones": {
				"leftfabric": {
					"rotation": {
						"0.0": [0, 0, -7.5],
						"0.9583": [0, 0, 0]
					},
					"position": {
						"0.0": [2, 0, 0],
						"0.5": [1, 0, 0],
						"0.5417": [1.73, 0, 0],
						"0.9583": [0, 0, 0]
					}
				},
				"rightfabric": {
					"rotation": {
						"0.0": [0, 0, -10],
						"0.2083": [0, 0, -10],
						"0.8333": [0, 0, 1.84],
						"1.0": [0, 0, 5],
						"1.5833": [2.5, 0, 5]
					},
					"position": {
						"0.0": [2, 1, 0],
						"0.2083": [3, 1, 0],
						"1.0": [-3, 0, 0],
						"1.5833": [-3, 0, 1]
					}
				},
				"head": {
					"rotation": {
						"0.0": [0, 0, 0],
						"1.0833": [-5, 0, 0],
						"1.9167": [5, 0, 0]
					},
					"position": {
						"0.0": [0, 0, 0],
						"1.0833": [0, 0, -2],
						"1.9167": [0, 0, 2]
					}
				},
				"body": {
					"position": [0, 0, 0]
				},
				"eye": {
					"rotation": {
						"0.0": [0, 0, 0],
						"0.8333": [5, 0, 0],
						"2.125": [-7.5, 0, 0]
					},
					"position": {
						"0.0": [0, 0, -1],
						"0.8333": [0, 0, 1],
						"2.125": [0, 0, -3]
					}
				},
				"moon": {
					"rotation": {
						"0.0": [0, 0, 12.5],
						"1.2083": [0, 0, 0],
						"2.0": [0, 0, 7.5]
					},
					"position": {
						"0.0": [-4, 1, 0],
						"1.2083": [0, 0, 0],
						"2.0": [-2, 0, 0]
					}
				}
			},
			"sound_effects": {},
			"particle_effects": {},
			"timeline": {}
		},
		"animation.irondreamer.air_idle": {
			"loop": true,
			"animation_length": 2.125,
			"start_delay": "2",
			"loop_delay": "5",
			"bones": {
				"leftfabric": {
					"rotation": {
						"0.0": [0, 0, -7.5],
						"0.9583": [0, 0, 0]
					},
					"position": {
						"0.0": [2, 0, 0],
						"0.5": [1, 0, 0],
						"0.5417": [1.73, 0, 0],
						"0.9583": [0, 0, 0]
					}
				},
				"rightfabric": {
					"rotation": {
						"0.0": [0, 0, -10],
						"0.2083": [0, 0, -10],
						"0.8333": [0, 0, 1.84],
						"1.0": [0, 0, 5],
						"1.5833": [2.5, 0, 5]
					},
					"position": {
						"0.0": [2, 1, 0],
						"0.2083": [3, 1, 0],
						"1.0": [-3, 0, 0],
						"1.5833": [-3, 0, 1]
					}
				},
				"head": {
					"rotation": {
						"0.0": [0, 0, 0],
						"1.0833": [-5, 0, 0],
						"1.9167": [5, 0, 0]
					},
					"position": {
						"0.0": [0, 0, 0],
						"1.0833": [0, 0, -2],
						"1.9167": [0, 0, 2]
					}
				},
				"body": {
					"position": [0, 0, 0]
				},
				"eye": {
					"rotation": {
						"0.0": [0, 0, 0],
						"0.8333": [5, 0, 0],
						"2.125": [-7.5, 0, 0]
					},
					"position": {
						"0.0": [0, 0, -1],
						"0.8333": [0, 0, 1],
						"2.125": [0, 0, -3]
					}
				},
				"moon": {
					"rotation": {
						"0.0": [0, 0, 12.5],
						"1.2083": [0, 0, 0],
						"2.0": [0, 0, 7.5]
					},
					"position": {
						"0.0": [-4, 1, 0],
						"1.2083": [0, 0, 0],
						"2.0": [-2, 0, 0]
					}
				}
			},
			"sound_effects": {},
			"particle_effects": {},
			"timeline": {}
		},
		"animation.irondreamer.water_idle": {
			"loop": true,
			"animation_length": 2.125,
			"start_delay": "2",
			"loop_delay": "5",
			"bones": {
				"leftfabric": {
					"rotation": {
						"0.0": [0, 0, -7.5],
						"0.9583": [0, 0, 0]
					},
					"position": {
						"0.0": [2, 0, 0],
						"0.5": [1, 0, 0],
						"0.5417": [1.73, 0, 0],
						"0.9583": [0, 0, 0]
					}
				},
				"rightfabric": {
					"rotation": {
						"0.0": [0, 0, -10],
						"0.2083": [0, 0, -10],
						"0.8333": [0, 0, 1.84],
						"1.0": [0, 0, 5],
						"1.5833": [2.5, 0, 5]
					},
					"position": {
						"0.0": [2, 1, 0],
						"0.2083": [3, 1, 0],
						"1.0": [-3, 0, 0],
						"1.5833": [-3, 0, 1]
					}
				},
				"head": {
					"rotation": {
						"0.0": [0, 0, 0],
						"1.0833": [-5, 0, 0],
						"1.9167": [5, 0, 0]
					},
					"position": {
						"0.0": [0, 0, 0],
						"1.0833": [0, 0, -2],
						"1.9167": [0, 0, 2]
					}
				},
				"body": {
					"position": [0, 0, 0]
				},
				"eye": {
					"rotation": {
						"0.0": [0, 0, 0],
						"0.8333": [5, 0, 0],
						"2.125": [-7.5, 0, 0]
					},
					"position": {
						"0.0": [0, 0, -1],
						"0.8333": [0, 0, 1],
						"2.125": [0, 0, -3]
					}
				},
				"moon": {
					"rotation": {
						"0.0": [0, 0, 12.5],
						"1.2083": [0, 0, 0],
						"2.0": [0, 0, 7.5]
					},
					"position": {
						"0.0": [-4, 1, 0],
						"1.2083": [0, 0, 0],
						"2.0": [-2, 0, 0]
					}
				}
			},
			"sound_effects": {},
			"particle_effects": {},
			"timeline": {}
		},
		"animation.irondreamer.ground_walk": {
			"loop": true,
			"animation_length": 2.125,
			"bones": {
				"leftfabric": {
					"rotation": {
						"0.0": [0, 0, -55],
						"1.2083": [0, 0, -67.5],
						"1.625": [0, 0, -40]
					},
					"position": {
						"0.0": [16, 8, 0],
						"1.2083": [18, 12, 0],
						"1.625": [12, 4, 0]
					}
				},
				"rightfabric": {
					"rotation": {
						"0.0": [0, 0, -45],
						"1.0417": [0, 0, -60],
						"1.5833": [0, 0, -32.5],
						"2.0417": [0, 0, -47.5]
					},
					"position": {
						"0.0": [15, 7, 0],
						"1.0417": [16, 11, 0],
						"1.5833": [10, 4, 0],
						"2.0417": [15, 7, 0]
					}
				},
				"head": {
					"position": {
						"0.0": [0, 0, 0],
						"1.9583": [-1, -1, 0]
					}
				},
				"body": {
					"rotation": {
						"0.0": [0, 0, -20],
						"1.375": [0, 0, -14.17],
						"1.5": [0, 0, -7.5],
						"1.9583": [0, 0, -40]
					},
					"position": {
						"0.0": [7, 2, 0],
						"0.5417": [4.66, 0.83, 0],
						"1.375": [5.57, 0.28, 0],
						"1.5": [2.16, -0.71, 0],
						"1.9583": [13, 5, 0]
					}
				},
				"eye": {
					"rotation": [0, 0, -57.5],
					"position": [22, 10, 0]
				},
				"moon": {
					"rotation": [0, 0, -25],
					"position": [14, 0, 0],
					"scale": [1, 1.2, 1.3]
				}
			}
		},
		"animation.irondreamer.air_fly": {
			"loop": true,
			"animation_length": 2.125,
			"bones": {
				"leftfabric": {
					"rotation": {
						"0.0": [0, 0, -55],
						"1.2083": [0, 0, -67.5],
						"1.625": [0, 0, -40]
					},
					"position": {
						"0.0": [16, 8, 0],
						"1.2083": [18, 12, 0],
						"1.625": [12, 4, 0]
					}
				},
				"rightfabric": {
					"rotation": {
						"0.0": [0, 0, -45],
						"1.0417": [0, 0, -60],
						"1.5833": [0, 0, -32.5],
						"2.0417": [0, 0, -47.5]
					},
					"position": {
						"0.0": [15, 7, 0],
						"1.0417": [16, 11, 0],
						"1.5833": [10, 4, 0],
						"2.0417": [15, 7, 0]
					}
				},
				"head": {
					"position": {
						"0.0": [0, 0, 0],
						"1.9583": [-1, -1, 0]
					}
				},
				"body": {
					"rotation": {
						"0.0": [0, 0, -20],
						"1.375": [0, 0, -14.17],
						"1.5": [0, 0, -7.5],
						"1.9583": [0, 0, -40]
					},
					"position": {
						"0.0": [7, 2, 0],
						"0.5417": [4.66, 0.83, 0],
						"1.375": [5.57, 0.28, 0],
						"1.5": [2.16, -0.71, 0],
						"1.9583": [13, 5, 0]
					}
				},
				"eye": {
					"rotation": [0, 0, -57.5],
					"position": [22, 10, 0]
				},
				"moon": {
					"rotation": [0, 0, -25],
					"position": [14, 0, 0],
					"scale": [1, 1.2, 1.3]
				}
			}
		},
		"animation.irondreamer.water_swim": {
			"loop": true,
			"animation_length": 2.125,
			"bones": {
				"leftfabric": {
					"rotation": {
						"0.0": [0, 0, -55],
						"1.2083": [0, 0, -67.5],
						"1.625": [0, 0, -40]
					},
					"position": {
						"0.0": [16, 8, 0],
						"1.2083": [18, 12, 0],
						"1.625": [12, 4, 0]
					}
				},
				"rightfabric": {
					"rotation": {
						"0.0": [0, 0, -45],
						"1.0417": [0, 0, -60],
						"1.5833": [0, 0, -32.5],
						"2.0417": [0, 0, -47.5]
					},
					"position": {
						"0.0": [15, 7, 0],
						"1.0417": [16, 11, 0],
						"1.5833": [10, 4, 0],
						"2.0417": [15, 7, 0]
					}
				},
				"head": {
					"position": {
						"0.0": [0, 0, 0],
						"1.9583": [-1, -1, 0]
					}
				},
				"body": {
					"rotation": {
						"0.0": [0, 0, -20],
						"1.375": [0, 0, -14.17],
						"1.5": [0, 0, -7.5],
						"1.9583": [0, 0, -40]
					},
					"position": {
						"0.0": [7, 2, 0],
						"0.5417": [4.66, 0.83, 0],
						"1.375": [5.57, 0.28, 0],
						"1.5": [2.16, -0.71, 0],
						"1.9583": [13, 5, 0]
					}
				},
				"eye": {
					"rotation": [0, 0, -57.5],
					"position": [22, 10, 0]
				},
				"moon": {
					"rotation": [0, 0, -25],
					"position": [14, 0, 0],
					"scale": [1, 1.2, 1.3]
				}
			}
		},
		"animation.irondreamer.faint": {
			"animation_length": 1.54167,
			"bones": {
				"root": {
					"position": [0, 0, 0],
					"scale": {
						"0.0": [1, 1, 1],
						"1.5417": [1, -0.3, -0.1]
					}
				}
			}
		},
		"animation.irondreamer.sleep": {
			"animation_length": 1.125,
			"bones": {
				"leftfabric": {
					"rotation": [-5, 0, 0],
					"position": {
						"0.0": [0, 0, -2],
						"1.125": [0, 0, -3]
					}
				},
				"rightfabric": {
					"rotation": {
						"0.0": [-2.5, 0, -10],
						"1.125": [-22.5, 0, -10]
					},
					"position": {
						"0.0": [2, -1, -5],
						"1.125": [2, 1, -11]
					}
				},
				"head": {
					"rotation": [-62.5, 0, 0],
					"position": [0, 9, -21]
				},
				"body": {
					"rotation": [-65, 0, 0],
					"position": [0, 10, -21]
				},
				"eye": {
					"rotation": {
						"0.375": [0, 0, 2.5],
						"1.0417": [0, 0, -7.5]
					},
					"position": {
						"0.0": [-6, -2, 0],
						"0.375": [-6.28, -3, 0],
						"1.0417": [-4, -2, 0]
					}
				},
				"moon": {
					"rotation": [0, 0, 52.5],
					"position": [-20, 5, 0]
				}
			}
		}
	}
}