{
  "species": "cobblemon:ghoulpunny",
  "order": 0,
  "variations": [
    {
      "aspects": [],
      "poser": "cobblemon:ghoulpunny",
      "model": "cobblemon:ghoulpunny.geo",
      "texture": "cobblemon:textures/pokemon/ghoulpunny/ghoulpunny.png",
      "layers": []
    },
    {
      "aspects": [ "shiny" ],
      "texture": "cobblemon:textures/pokemon/ghoulpunny/ghoulpunny_shiny.png"
    },
	{
		"aspects": [ "ragged" ],
		"model": "cobblemon:ghoulpunny_ragged.geo",
		"texture": "cobblemon:textures/pokemon/ghoulpunny/ghoulpunny_raggedform.png"
	},
	{
		"aspects": [ "ragged", "shiny" ],
		"model": "cobblemon:ghoulpunny_ragged.geo",
		"texture": "cobblemon:textures/pokemon/ghoulpunny/ghoulpunny_raggedform_shiny.png"
	}
  ]
}
