{
    "enabled": true,
    "neededInstalledMods": [],
    "neededUninstalledMods": [],
    "spawns": [
        {
            "id": "lugia-1",
            "pokemon": "lugia",
            "presets": [
                "underwater",
                "natural"
            ],
            "type": "pokemon",
            "context": "submerged",
            "bucket": "ultra-rare",
            "level": "70-80",
            "weight": 1.5,
            "condition": {
                "biomes": [
                    "#minecraft:is_deep_ocean"
                ],
                "timeRange": "night",
                "isThundering": true
			}
        },
         {
            "id": "lugia-2",
            "pokemon": "lugia",
            "presets": [
                "underwater",
                "natural"
            ],
            "type": "pokemon",
            "context": "grounded",
            "bucket": "ultra-rare",
            "level": "70-80",
            "weight": 0.5,
            "condition": {
                "biomes": [
                    "#cobblemon:is_coast"
                ],
                "timeRange": "night",
                "isThundering": true
			}
        }
  ]
}
