{
    "head": "head",
    "portraitScale": 1.65,
    "portraitTranslation": [0, 0, 0],
    "profileScale": 1,
    "profileTranslation": [0, 0.2, 0],
    "poses": {
      "standing": {
        "poseName": "standing",
        "transformTicks": 10,
        "poseTypes": ["STAND", "NONE", "PROFILE", "FLOAT"],
        "animations": [
          "look",
          "bedrock(deltabuneary, ground_idle)",
          "bedrock(deltabuneary, blink)"
        ]
      },
      "walking": {
        "poseName": "walking",
        "transformTicks": 10,
        "poseTypes": ["WALK"],
        "animations": [
          "look",
          "bedrock(deltabuneary, ground_walk)"
        ]
      },
      "portrait":{
        "poseName": "portrait",
        "transformTicks": 10,
        "poseTypes": [ "PORTRAIT" ],
        "animations":[
          "look",
          "bedrock(deltabuneary, ground_idle)"
        ]
      }
    }
  }