{
    "head": "head",
    "portraitScale": 1.65,
    "portraitTranslation": [0, 1.6, 0],
    "profileScale": 1,
    "profileTranslation": [0, 1.3, 0],
    "poses": {
      "standing": {
        "poseName": "standing",
        "transformTicks": 10,
        "poseTypes": ["STAND", "NONE", "PROFILE", "FLOAT"],
        "animations": [
          "look",
          "bedrock(deltalopunny, ground_idle)",
          "bedrock(deltalopunny, blink)"
        ]
      },
      "walking": {
        "poseName": "walking",
        "transformTicks": 10,
        "poseTypes": ["WALK"],
        "animations": [
          "look",
          "bedrock(deltalopunny, ground_walk)"
        ]
      },
      "portrait":{
        "poseName": "portrait",
        "transformTicks": 10,
        "poseTypes": [ "PORTRAIT" ],
        "animations":[
          "look",
          "bedrock(deltalopunny, ground_idle)"
        ]
      }
    }
  }