{
    "head": "head",
    "portraitScale": 1,
    "portraitTranslation": [-0.2, 1.1, 0],
    "profileScale": 1,
    "profileTranslation": [0, 0.4, 0],
    "poses": {
      "standing": {
        "poseName": "standing",
        "transformTicks": 10,
        "poseTypes": ["STAND", "NONE", "PORTRAIT", "PROFILE", "FLOAT","WALK"],
        "animations": [
          "look",
          "bedrock(deltacharizard, ground_idle)"
        ]
      },
	  "sleeping": {
        "poseName": "sleeping",
        "transformTicks": 10,
        "poseTypes": ["SLEEP"],
        "animations": [
          "look",
          "bedrock(deltacharizard, sleep)"
        ]
       },
	   "flying": {
        "poseName": "flying",
        "transformTicks": 10,
        "poseTypes": ["FLY"],
        "animations": [
          "look",
          "bedrock(deltacharizard, air_fly)"
        ]
      },
	   "hovering": {
        "poseName": "hovering",
        "transformTicks": 10,
        "poseTypes": ["HOVER"],
        "animations": [
          "look",
          "bedrock(deltacharizard, air_idle)"
        ]
      }
    }
  }