{
    "head": "head",
    "portraitScale": 1,
    "portraitTranslation": [0, 1, 0],
    "profileScale": 0.8,
    "profileTranslation": [0, 0.4, 0],
    "faint": "bedrock(deltablastoise, faint)",
    "poses": {
      "standing": {
        "poseName": "standing",
        "transformTicks": 10,
        "poseTypes": ["STAND", "NONE", "PORTRAIT", "PROFILE"],
        "animations": [
          "look",
          "bedrock(deltablastoise, ground_idle)",
          "bedrock(deltablastoise, blink)"
        ]
      },
      "walking": {
        "poseName": "walking",
        "transformTicks": 10,
        "poseTypes": ["WALK"],
        "animations": [
          "look",
          "bedrock(deltablastoise, ground_walk)"
        ]
      },
      "floating": {
        "poseName": "floating",
        "transformTicks": 10,
        "poseTypes": [ "FLOAT" ],
        "animations": [ "bedrock(deltablastoise, water_idle)" ]
      },
      "swimming": {
        "poseName": "swimming",
        "transformTicks": 10,
        "poseTypes": [ "SWIM" ],
        "animations": [ "bedrock(deltablastoise, water_swim)" ]
      }
    }
  }