{
    "head": "head",
    "portraitScale": 1.65,
    "portraitTranslation": [0, -0.6, 0],
    "profileScale": 1,
    "profileTranslation": [0, 0.15, 0],
    "faint": "bedrock(deltaivysaur, faint)",
    "poses": {
      "standing": {
        "poseName": "standing",
        "transformTicks": 10,
        "poseTypes": ["STAND", "NONE", "PORTRAIT", "PROFILE", "FLOAT"],
        "animations": [
          "look",
          "bedrock(deltaivysaur, ground_idle)",
          "bedrock(deltaivysaur, blink)"
        ]
      },
      "walking": {
        "poseName": "walking",
        "transformTicks": 10,
        "poseTypes": ["WALK"],
        "animations": [
          "look",
          "bedrock(deltaivysaur, ground_walk)"
        ]
      }
    }
  }