{
    "head": "torso",
    "portraitScale": 1.6,
    "portraitTranslation": [0, 0.2, 0],
    "profileScale": 0.9,
    "profileTranslation": [0, 0.3, 0],
    "poses": {
      "standing": {
        "poseName": "standing",
        "transformTicks": 10,
        "poseTypes": ["STAND", "NONE", "PORTRAIT", "PROFILE", "FLOAT","HOVER"],
        "animations": [
          "look",
          "bedrock(deltapidgeotto, ground_idle)"
        ]
      },
	  "sleeping": {
        "poseName": "sleeping",
        "transformTicks": 10,
        "poseTypes": ["SLEEP"],
        "animations": [
          "look",
          "bedrock(deltapidgeotto, sleep)"
        ]
       },
	   "flying": {
        "poseName": "flying",
        "transformTicks": 10,
        "poseTypes": ["FLY","WALK"],
        "animations": [
          "look",
          "bedrock(deltapidgeotto, air_fly)"
        ]
      }
    }
  }