{
  "head": "head",
  "portraitScale": 1.65,
  "portraitTranslation": [0, 0, 0],
  "profileScale": 0.75,
  "profileTranslation": [0, 0.2, 0],
  "poses": {
    "standing": {
      "poseName": "standing",
      "transformTicks": 10,
      "poseTypes": ["STAND", "NONE", "PORTRAIT", "PROFILE", "FLOAT"],
      "animations": [
        "look",
        "bedrock(deltamuk, ground_idle)"
      ]
    },
    "walking": {
      "poseName": "walking",
      "transformTicks": 10,
      "poseTypes": ["WALK", "SWIM"],
      "animations": [
        "look",
        "bedrock(deltamuk, ground_walk)"
      ]
    }
  }
}