{
    "head": "head",
    "portraitScale": 1,
    "portraitTranslation": [0, 0.2, 0],
    "profileScale": 1.2,
    "profileTranslation": [0, 0.4, 0],
    "poses": {
      "standing": {
        "poseName": "standing",
        "transformTicks": 10,
        "poseTypes": ["STAND", "NONE", "PORTRAIT", "PROFILE", "FLOAT", "HOVER"],
        "animations": [
          "look",
          "bedrock(spacemew, ground_idle)"
        ]
      },
      "walking": {
        "poseName": "walking",
        "transformTicks": 10,
        "poseTypes": ["WALK", "FLY", "SWIM"],
        "animations": [
          "look",
          "bedrock(spacemew, ground_walk)"
        ]
	}
  }
}