{
	"format_version": "1.8.0",
	"animations": {
		"animation.ironlightkeeper.ground_idle": {
			"loop": true,
			"animation_length": 8.04167,
			"bones": {
				"Tail": {
					"rotation": {
						"0.0": [0, 0, 0],
						"4.0": [-20, 0, 0],
						"8.0": [0, 0, 0]
					},
					"position": {
						"0.0": [0, 0, 0],
						"4.0": [0, 1.75, -3],
						"8.0": [0, 0, 0]
					}
				},
				"TailSegment": {
					"rotation": {
						"0.0": [0, 0, 0],
						"4.0": [17.5, 0, 0],
						"8.0": [0, 0, 0]
					},
					"position": {
						"0.0": [0, 0, 0],
						"4.0": [0, -4.75, 3],
						"8.0": [0, 0, 0]
					}
				},
				"TailSegment2": {
					"rotation": {
						"0.0": [0, 0, 0],
						"4.0": [22.5, 0, 0],
						"8.0": [0, 0, 0]
					},
					"position": {
						"0.0": [0, 0, 0],
						"4.0": [0, -10, 9.5],
						"8.0": [0, 0, 0]
					}
				},
				"ArmR": {
					"rotation": {
						"0.0": [0, 0, 0],
						"3.0": [20, 0, 0],
						"6.0": [0, 0, 0],
						"7.0": [-10, 0, 0],
						"8.0": [0, 0, 0]
					},
					"position": {
						"0.0": [0, 0, 0],
						"3.0": [0, 0, 6.25],
						"6.0": [0, 0, 0],
						"7.0": [0, 0, -3.25],
						"8.0": [0, 0, 0]
					}
				},
				"ArmL": {
					"rotation": {
						"0.0": [0, 0, 0],
						"3.0": [20, 0, 0],
						"6.0": [0, 0, 0],
						"7.0": [-10, 0, 0],
						"8.0": [0, 0, 0]
					},
					"position": {
						"0.0": [0, 0, 0],
						"3.0": [0, 0, 6.25],
						"6.0": [0, 0, 0],
						"7.0": [0, 0, -3.25],
						"8.0": [0, 0, 0]
					}
				},
				"HornL": {
					"rotation": {
						"0.0": [0, 0, 0],
						"2.0": [-22.5, 0, 0],
						"4.0": [0, 0, 0],
						"6.0": [-2.5, 0, 0],
						"8.0": [0, 0, 0]
					},
					"position": {
						"0.0": [0, 0, 0],
						"1.125": [0, 0.88, -6.19],
						"2.0": [0, 2, -11],
						"2.875": [0, 0.88, -6.19],
						"4.0": [0, 0, 0],
						"5.125": [0, -0.37, -0.44],
						"6.0": [0, -0.75, -1],
						"6.875": [0, -0.37, -0.44],
						"8.0": [0, 0, 0]
					}
				},
				"HornR": {
					"rotation": {
						"0.0": [0, 0, 0],
						"2.0": [-2.5, 0, 0],
						"4.0": [0, 0, 0],
						"6.0": [-22.5, 0, 0],
						"8.0": [0, 0, 0]
					},
					"position": {
						"0.0": [0, 0, 0],
						"1.125": [0, -0.37, -0.44],
						"2.0": [0, -0.75, -1],
						"2.875": [0, -0.37, -0.44],
						"4.0": [0, 0, 0],
						"5.125": [0, 0.88, -6.19],
						"6.0": [0, 2, -11],
						"6.875": [0, 0.88, -6.19],
						"8.0": [0, 0, 0]
					}
				}
			}
		},
		"animation.ironlightkeeper.water_idle": {
			"loop": true,
			"animation_length": 8.04167,
			"bones": {
				"TailSegment2": {
					"rotation": {
						"0.0": [0, 0, 0],
						"4.0": [10, 0, 0],
						"8.0": [0, 0, 0]
					},
					"position": {
						"0.0": [0, 0, 0],
						"4.0": [0, -5, 4],
						"8.0": [0, 0, 0]
					}
				},
				"ArmR": {
					"rotation": {
						"0.0": [0, 0, 0],
						"3.0": [20, 0, 0],
						"6.0": [0, 0, 0],
						"7.0": [-10, 0, 0],
						"8.0": [0, 0, 0]
					},
					"position": {
						"0.0": [0, 0, 0],
						"3.0": [0, 0, 6.25],
						"6.0": [0, 0, 0],
						"7.0": [0, 0, -3.25],
						"8.0": [0, 0, 0]
					}
				},
				"ArmL": {
					"rotation": {
						"0.0": [0, 0, 0],
						"3.0": [20, 0, 0],
						"6.0": [0, 0, 0],
						"7.0": [-10, 0, 0],
						"8.0": [0, 0, 0]
					},
					"position": {
						"0.0": [0, 0, 0],
						"3.0": [0, 0, 6.25],
						"6.0": [0, 0, 0],
						"7.0": [0, 0, -3.25],
						"8.0": [0, 0, 0]
					}
				},
				"HornL": {
					"rotation": {
						"0.0": [0, 0, 0],
						"2.0": [-22.5, 0, 0],
						"4.0": [0, 0, 0],
						"6.0": [-2.5, 0, 0],
						"8.0": [0, 0, 0]
					},
					"position": {
						"0.0": [0, 0, 0],
						"1.125": [0, 0.88, -6.19],
						"2.0": [0, 2, -11],
						"2.875": [0, 0.88, -6.19],
						"4.0": [0, 0, 0],
						"5.125": [0, -0.37, -0.44],
						"6.0": [0, -0.75, -1],
						"6.875": [0, -0.37, -0.44],
						"8.0": [0, 0, 0]
					}
				},
				"HornR": {
					"rotation": {
						"0.0": [0, 0, 0],
						"2.0": [-2.5, 0, 0],
						"4.0": [0, 0, 0],
						"6.0": [-22.5, 0, 0],
						"8.0": [0, 0, 0]
					},
					"position": {
						"0.0": [0, 0, 0],
						"1.125": [0, -0.37, -0.44],
						"2.0": [0, -0.75, -1],
						"2.875": [0, -0.37, -0.44],
						"4.0": [0, 0, 0],
						"5.125": [0, 0.88, -6.19],
						"6.0": [0, 2, -11],
						"6.875": [0, 0.88, -6.19],
						"8.0": [0, 0, 0]
					}
				}
			}
		},
		"animation.ironlightkeeper.air_idle": {
			"loop": true,
			"animation_length": 8.04167,
			"bones": {
				"TailSegment2": {
					"rotation": {
						"0.0": [0, 0, 0],
						"4.0": [10, 0, 0],
						"8.0": [0, 0, 0]
					},
					"position": {
						"0.0": [0, 0, 0],
						"4.0": [0, -5, 4],
						"8.0": [0, 0, 0]
					}
				},
				"ArmR": {
					"rotation": {
						"0.0": [0, 0, 0],
						"3.0": [20, 0, 0],
						"6.0": [0, 0, 0],
						"7.0": [-10, 0, 0],
						"8.0": [0, 0, 0]
					},
					"position": {
						"0.0": [0, 0, 0],
						"3.0": [0, 0, 6.25],
						"6.0": [0, 0, 0],
						"7.0": [0, 0, -3.25],
						"8.0": [0, 0, 0]
					}
				},
				"ArmL": {
					"rotation": {
						"0.0": [0, 0, 0],
						"3.0": [20, 0, 0],
						"6.0": [0, 0, 0],
						"7.0": [-10, 0, 0],
						"8.0": [0, 0, 0]
					},
					"position": {
						"0.0": [0, 0, 0],
						"3.0": [0, 0, 6.25],
						"6.0": [0, 0, 0],
						"7.0": [0, 0, -3.25],
						"8.0": [0, 0, 0]
					}
				},
				"HornL": {
					"rotation": {
						"0.0": [0, 0, 0],
						"2.0": [-22.5, 0, 0],
						"4.0": [0, 0, 0],
						"6.0": [-2.5, 0, 0],
						"8.0": [0, 0, 0]
					},
					"position": {
						"0.0": [0, 0, 0],
						"1.125": [0, 0.88, -6.19],
						"2.0": [0, 2, -11],
						"2.875": [0, 0.88, -6.19],
						"4.0": [0, 0, 0],
						"5.125": [0, -0.37, -0.44],
						"6.0": [0, -0.75, -1],
						"6.875": [0, -0.37, -0.44],
						"8.0": [0, 0, 0]
					}
				},
				"HornR": {
					"rotation": {
						"0.0": [0, 0, 0],
						"2.0": [-2.5, 0, 0],
						"4.0": [0, 0, 0],
						"6.0": [-22.5, 0, 0],
						"8.0": [0, 0, 0]
					},
					"position": {
						"0.0": [0, 0, 0],
						"1.125": [0, -0.37, -0.44],
						"2.0": [0, -0.75, -1],
						"2.875": [0, -0.37, -0.44],
						"4.0": [0, 0, 0],
						"5.125": [0, 0.88, -6.19],
						"6.0": [0, 2, -11],
						"6.875": [0, 0.88, -6.19],
						"8.0": [0, 0, 0]
					}
				}
			}
		},
		"animation.ironlightkeeper.ground_walk": {
			"loop": true,
			"animation_length": 10.04167,
			"bones": {
				"TailSegment2": {
					"rotation": {
						"0.0": [0, 0, 0],
						"4.0": [10, 0, 0],
						"8.0": [0, 0, 0]
					},
					"position": {
						"0.0": [0, 0, 0],
						"4.0": [0, -5, 4],
						"8.0": [0, 0, 0]
					}
				},
				"ArmR": {
					"rotation": {
						"0.0": [0, 0, 0],
						"3.0": [20, 0, 0],
						"6.0": [0, 0, 0],
						"7.0": [-10, 0, 0],
						"8.0": [0, 0, 0]
					},
					"position": {
						"0.0": [0, 0, 0],
						"3.0": [0, 0, 6.25],
						"6.0": [0, 0, 0],
						"7.0": [0, 0, -3.25],
						"8.0": [0, 0, 0]
					}
				},
				"ArmL": {
					"rotation": {
						"0.0": [0, 0, 0],
						"3.0": [20, 0, 0],
						"6.0": [0, 0, 0],
						"7.0": [-10, 0, 0],
						"8.0": [0, 0, 0]
					},
					"position": {
						"0.0": [0, 0, 0],
						"3.0": [0, 0, 6.25],
						"6.0": [0, 0, 0],
						"7.0": [0, 0, -3.25],
						"8.0": [0, 0, 0]
					}
				},
				"HornL": {
					"rotation": {
						"0.0": [0, 0, 0],
						"2.0": [-22.5, 0, 0],
						"4.0": [0, 0, 0],
						"6.0": [-2.5, 0, 0],
						"8.0": [0, 0, 0]
					},
					"position": {
						"0.0": [0, 0, 0],
						"1.125": [0, 0.88, -6.19],
						"2.0": [0, 2, -11],
						"2.875": [0, 0.88, -6.19],
						"4.0": [0, 0, 0],
						"5.125": [0, -0.37, -0.44],
						"6.0": [0, -0.75, -1],
						"6.875": [0, -0.37, -0.44],
						"8.0": [0, 0, 0]
					}
				},
				"HornR": {
					"rotation": {
						"0.0": [0, 0, 0],
						"2.0": [-2.5, 0, 0],
						"4.0": [0, 0, 0],
						"6.0": [-22.5, 0, 0],
						"8.0": [0, 0, 0]
					},
					"position": {
						"0.0": [0, 0, 0],
						"1.125": [0, -0.37, -0.44],
						"2.0": [0, -0.75, -1],
						"2.875": [0, -0.37, -0.44],
						"4.0": [0, 0, 0],
						"5.125": [0, 0.88, -6.19],
						"6.0": [0, 2, -11],
						"6.875": [0, 0.88, -6.19],
						"8.0": [0, 0, 0]
					}
				},
				"LegL": {
					"rotation": {
						"0.0": [0, 0, 0],
						"2.0": [0, 0, 0],
						"5.0": [0, 0, 0],
						"7.0": [-20, 0, 0],
						"9.0": [0, 0, 0],
						"10.0": [0, 0, 0]
					},
					"position": {
						"0.0": [0, 0, 0],
						"2.0": [0, 0, 3.25],
						"5.0": [0, 0, 0],
						"7.0": [0, 2, -2.75],
						"8.0": [0, 2, -3.75],
						"9.0": [0, 0, -2.75],
						"10.0": [0, 0, 0]
					}
				},
				"LegR": {
					"rotation": {
						"0.0": [0, 0, 0],
						"2.0": [-20, 0, 0],
						"4.0": [0, 0, 0],
						"10.0": [0, 0, 0]
					},
					"position": {
						"0.0": [0, 0, 0],
						"2.0": [0, 2, -2.75],
						"3.0": [0, 2, -3.75],
						"4.0": [0, 0, -2.75],
						"6.0": [0, 0, 3.5],
						"10.0": [0, 0, 0]
					}
				}
			}
		},
		"animation.ironlightkeeper.water_swim": {
			"loop": true,
			"animation_length": 10.04167,
			"bones": {
				"TailSegment2": {
					"rotation": {
						"0.0": [0, 0, 0],
						"4.0": [10, 0, 0],
						"8.0": [0, 0, 0]
					},
					"position": {
						"0.0": [0, 0, 0],
						"4.0": [0, -5, 4],
						"8.0": [0, 0, 0]
					}
				},
				"ArmR": {
					"rotation": {
						"0.0": [0, 0, 0],
						"3.0": [20, 0, 0],
						"6.0": [0, 0, 0],
						"7.0": [-10, 0, 0],
						"8.0": [0, 0, 0]
					},
					"position": {
						"0.0": [0, 0, 0],
						"3.0": [0, 0, 6.25],
						"6.0": [0, 0, 0],
						"7.0": [0, 0, -3.25],
						"8.0": [0, 0, 0]
					}
				},
				"ArmL": {
					"rotation": {
						"0.0": [0, 0, 0],
						"3.0": [20, 0, 0],
						"6.0": [0, 0, 0],
						"7.0": [-10, 0, 0],
						"8.0": [0, 0, 0]
					},
					"position": {
						"0.0": [0, 0, 0],
						"3.0": [0, 0, 6.25],
						"6.0": [0, 0, 0],
						"7.0": [0, 0, -3.25],
						"8.0": [0, 0, 0]
					}
				},
				"HornL": {
					"rotation": {
						"0.0": [0, 0, 0],
						"2.0": [-22.5, 0, 0],
						"4.0": [0, 0, 0],
						"6.0": [-2.5, 0, 0],
						"8.0": [0, 0, 0]
					},
					"position": {
						"0.0": [0, 0, 0],
						"1.125": [0, 0.88, -6.19],
						"2.0": [0, 2, -11],
						"2.875": [0, 0.88, -6.19],
						"4.0": [0, 0, 0],
						"5.125": [0, -0.37, -0.44],
						"6.0": [0, -0.75, -1],
						"6.875": [0, -0.37, -0.44],
						"8.0": [0, 0, 0]
					}
				},
				"HornR": {
					"rotation": {
						"0.0": [0, 0, 0],
						"2.0": [-2.5, 0, 0],
						"4.0": [0, 0, 0],
						"6.0": [-22.5, 0, 0],
						"8.0": [0, 0, 0]
					},
					"position": {
						"0.0": [0, 0, 0],
						"1.125": [0, -0.37, -0.44],
						"2.0": [0, -0.75, -1],
						"2.875": [0, -0.37, -0.44],
						"4.0": [0, 0, 0],
						"5.125": [0, 0.88, -6.19],
						"6.0": [0, 2, -11],
						"6.875": [0, 0.88, -6.19],
						"8.0": [0, 0, 0]
					}
				},
				"LegL": {
					"rotation": {
						"0.0": [0, 0, 0],
						"2.0": [0, 0, 0],
						"5.0": [0, 0, 0],
						"7.0": [-20, 0, 0],
						"9.0": [0, 0, 0],
						"10.0": [0, 0, 0]
					},
					"position": {
						"0.0": [0, 0, 0],
						"2.0": [0, 0, 3.25],
						"5.0": [0, 0, 0],
						"7.0": [0, 2, -2.75],
						"8.0": [0, 2, -3.75],
						"9.0": [0, 0, -2.75],
						"10.0": [0, 0, 0]
					}
				},
				"LegR": {
					"rotation": {
						"0.0": [0, 0, 0],
						"2.0": [-20, 0, 0],
						"4.0": [0, 0, 0],
						"10.0": [0, 0, 0]
					},
					"position": {
						"0.0": [0, 0, 0],
						"2.0": [0, 2, -2.75],
						"3.0": [0, 2, -3.75],
						"4.0": [0, 0, -2.75],
						"6.0": [0, 0, 3.5],
						"10.0": [0, 0, 0]
					}
				}
			}
		},
		"animation.ironlightkeeper.air_fly": {
			"loop": true,
			"animation_length": 10.04167,
			"bones": {
				"TailSegment2": {
					"rotation": {
						"0.0": [0, 0, 0],
						"4.0": [10, 0, 0],
						"8.0": [0, 0, 0]
					},
					"position": {
						"0.0": [0, 0, 0],
						"4.0": [0, -5, 4],
						"8.0": [0, 0, 0]
					}
				},
				"ArmR": {
					"rotation": {
						"0.0": [0, 0, 0],
						"3.0": [20, 0, 0],
						"6.0": [0, 0, 0],
						"7.0": [-10, 0, 0],
						"8.0": [0, 0, 0]
					},
					"position": {
						"0.0": [0, 0, 0],
						"3.0": [0, 0, 6.25],
						"6.0": [0, 0, 0],
						"7.0": [0, 0, -3.25],
						"8.0": [0, 0, 0]
					}
				},
				"ArmL": {
					"rotation": {
						"0.0": [0, 0, 0],
						"3.0": [20, 0, 0],
						"6.0": [0, 0, 0],
						"7.0": [-10, 0, 0],
						"8.0": [0, 0, 0]
					},
					"position": {
						"0.0": [0, 0, 0],
						"3.0": [0, 0, 6.25],
						"6.0": [0, 0, 0],
						"7.0": [0, 0, -3.25],
						"8.0": [0, 0, 0]
					}
				},
				"HornL": {
					"rotation": {
						"0.0": [0, 0, 0],
						"2.0": [-22.5, 0, 0],
						"4.0": [0, 0, 0],
						"6.0": [-2.5, 0, 0],
						"8.0": [0, 0, 0]
					},
					"position": {
						"0.0": [0, 0, 0],
						"1.125": [0, 0.88, -6.19],
						"2.0": [0, 2, -11],
						"2.875": [0, 0.88, -6.19],
						"4.0": [0, 0, 0],
						"5.125": [0, -0.37, -0.44],
						"6.0": [0, -0.75, -1],
						"6.875": [0, -0.37, -0.44],
						"8.0": [0, 0, 0]
					}
				},
				"HornR": {
					"rotation": {
						"0.0": [0, 0, 0],
						"2.0": [-2.5, 0, 0],
						"4.0": [0, 0, 0],
						"6.0": [-22.5, 0, 0],
						"8.0": [0, 0, 0]
					},
					"position": {
						"0.0": [0, 0, 0],
						"1.125": [0, -0.37, -0.44],
						"2.0": [0, -0.75, -1],
						"2.875": [0, -0.37, -0.44],
						"4.0": [0, 0, 0],
						"5.125": [0, 0.88, -6.19],
						"6.0": [0, 2, -11],
						"6.875": [0, 0.88, -6.19],
						"8.0": [0, 0, 0]
					}
				},
				"LegL": {
					"rotation": {
						"0.0": [0, 0, 0],
						"2.0": [0, 0, 0],
						"5.0": [0, 0, 0],
						"7.0": [-20, 0, 0],
						"9.0": [0, 0, 0],
						"10.0": [0, 0, 0]
					},
					"position": {
						"0.0": [0, 0, 0],
						"2.0": [0, 0, 3.25],
						"5.0": [0, 0, 0],
						"7.0": [0, 2, -2.75],
						"8.0": [0, 2, -3.75],
						"9.0": [0, 0, -2.75],
						"10.0": [0, 0, 0]
					}
				},
				"LegR": {
					"rotation": {
						"0.0": [0, 0, 0],
						"2.0": [-20, 0, 0],
						"4.0": [0, 0, 0],
						"10.0": [0, 0, 0]
					},
					"position": {
						"0.0": [0, 0, 0],
						"2.0": [0, 2, -2.75],
						"3.0": [0, 2, -3.75],
						"4.0": [0, 0, -2.75],
						"6.0": [0, 0, 3.5],
						"10.0": [0, 0, 0]
					}
				}
			}
		},
		"animation.ironlightkeeper.sleep": {
			"loop": true,
			"animation_length": 8.04167,
			"bones": {
				"TailSegment2": {
					"rotation": {
						"0.0": [0, 0, 0],
						"4.0": [10, 0, 0],
						"8.0": [0, 0, 0]
					},
					"position": {
						"0.0": [0, 0, 0],
						"4.0": [0, -5, 4],
						"8.0": [0, 0, 0]
					}
				},
				"HornL": {
					"rotation": {
						"0.0": [0, 0, 0],
						"2.0": [-22.5, 0, 0],
						"4.0": [0, 0, 0],
						"6.0": [-2.5, 0, 0],
						"8.0": [0, 0, 0]
					},
					"position": {
						"0.0": [0, 0, 0],
						"1.125": [0, 0.88, -6.19],
						"2.0": [0, 2, -11],
						"2.875": [0, 0.88, -6.19],
						"4.0": [0, 0, 0],
						"5.125": [0, -0.37, -0.44],
						"6.0": [0, -0.75, -1],
						"6.875": [0, -0.37, -0.44],
						"8.0": [0, 0, 0]
					}
				},
				"HornR": {
					"rotation": {
						"0.0": [0, 0, 0],
						"2.0": [-2.5, 0, 0],
						"4.0": [0, 0, 0],
						"6.0": [-22.5, 0, 0],
						"8.0": [0, 0, 0]
					},
					"position": {
						"0.0": [0, 0, 0],
						"1.125": [0, -0.37, -0.44],
						"2.0": [0, -0.75, -1],
						"2.875": [0, -0.37, -0.44],
						"4.0": [0, 0, 0],
						"5.125": [0, 0.88, -6.19],
						"6.0": [0, 2, -11],
						"6.875": [0, 0.88, -6.19],
						"8.0": [0, 0, 0]
					}
				},
				"Head": {
					"rotation": [72.5, 0, 0],
					"position": [0, -11, 4]
				}
			}
		},
		"animation.ironlightkeeper.faint": {
			"loop": true,
			"animation_length": 8.04167,
			"bones": {
				"TailSegment2": {
					"rotation": {
						"0.0": [0, 0, 0],
						"4.0": [10, 0, 0],
						"8.0": [0, 0, 0]
					},
					"position": {
						"0.0": [0, 0, 0],
						"4.0": [0, -5, 4],
						"8.0": [0, 0, 0]
					}
				},
				"HornL": {
					"rotation": {
						"0.0": [0, 0, 0],
						"2.0": [-22.5, 0, 0],
						"4.0": [0, 0, 0],
						"6.0": [-2.5, 0, 0],
						"8.0": [0, 0, 0]
					},
					"position": {
						"0.0": [0, 0, 0],
						"1.125": [0, 0.88, -6.19],
						"2.0": [0, 2, -11],
						"2.875": [0, 0.88, -6.19],
						"4.0": [0, 0, 0],
						"5.125": [0, -0.37, -0.44],
						"6.0": [0, -0.75, -1],
						"6.875": [0, -0.37, -0.44],
						"8.0": [0, 0, 0]
					}
				},
				"HornR": {
					"rotation": {
						"0.0": [0, 0, 0],
						"2.0": [-2.5, 0, 0],
						"4.0": [0, 0, 0],
						"6.0": [-22.5, 0, 0],
						"8.0": [0, 0, 0]
					},
					"position": {
						"0.0": [0, 0, 0],
						"1.125": [0, -0.37, -0.44],
						"2.0": [0, -0.75, -1],
						"2.875": [0, -0.37, -0.44],
						"4.0": [0, 0, 0],
						"5.125": [0, 0.88, -6.19],
						"6.0": [0, 2, -11],
						"6.875": [0, 0.88, -6.19],
						"8.0": [0, 0, 0]
					}
				},
				"Head": {
					"rotation": {
						"0.0": [0, 0, 0],
						"4.0417": [72.5, 0, 0]
					},
					"position": {
						"0.0": [0, 0, 0],
						"4.0417": [0, -11, 4]
					}
				},
				"Neck": {
					"position": {
						"0.0": [0, 0, 0],
						"4.0": [0, -0.75, 3.5]
					}
				},
				"Body": {
					"rotation": {
						"0.0": [0, 0, 0],
						"4.0": [10, 0, 0]
					},
					"position": {
						"0.0": [0, 0, 0],
						"4.0": [0, 0, 0]
					}
				}
			}
		}
	},
	"geckolib_format_version": 2
}