{
	"format_version": "1.8.0",
	"animations": {
		"animation.primevildrake.ground_idle": {
			"loop": true,
			"animation_length": 2.79167,
			"bones": {
				"armr": {
					"rotation": {
						"0.0": [0, 0, 0],
						"1.0": [0, -100, 0],
						"2.5": [0, -100, 0],
						"2.7917": [0, 0, 0]
					},
					"position": {
						"0.0": [0, 0, 0],
						"1.0": [8, 0, -3],
						"2.5": [8, 0, -3],
						"2.7917": [0, 0, 0]
					},
					"scale": {
						"1.0": [1, 1, 1],
						"2.5": [1, 1, 1]
					}
				},
				"ArmRSeg2": {
					"rotation": {
						"0.0": [0, 0, 0],
						"1.0": [-14.58943, -23.57105, 33.05987],
						"2.5": [-14.58943, -23.57105, 33.05987],
						"2.7917": [0, 0, 0]
					},
					"position": {
						"0.0": [0, 0, 0],
						"1.0": [-3, 3, -3.5],
						"2.5": [-3, 3, -3.5],
						"2.7917": [0, 0, 0]
					}
				},
				"arml": {
					"rotation": {
						"0.0": [0, 0, 0],
						"2.7917": [0, 0, 0]
					},
					"position": {
						"0.0": [0, 0, 0],
						"2.7917": [0, 0, 0]
					}
				},
				"ArmLSeg2": {
					"rotation": {
						"0.0": [0, 0, 0],
						"2.7917": [0, 0, 0]
					},
					"position": {
						"0.0": [0, 0, 0],
						"2.7917": [0, 0, 0]
					}
				},
				"capefront": {
					"rotation": {
						"0.0": [0, 0, 0],
						"0.4583": [10, 0, 0],
						"2.7917": [0, 0, 0]
					},
					"position": {
						"0.0": [0, 0, 0],
						"0.4583": [0, 0, 5],
						"2.7917": [0, 0, 0]
					}
				},
				"head": {
					"rotation": {
						"0.0": [0, 0, 0],
						"0.7083": [20, 0, 0],
						"2.625": [20, 0, 0],
						"2.7917": [0, 0, 0]
					},
					"position": {
						"0.0": [0, 0, 0],
						"0.7083": [0, 1.5, 10.5],
						"2.625": [0, 1.5, 10.5],
						"2.7917": [0, 0, 0]
					}
				}
			}
		},
		"animation.primevildrake.water_idle": {
			"loop": true,
			"animation_length": 2.79167,
			"loop_delay": "75",
			"bones": {
				"ArmR": {
					"rotation": {
						"0.0": [0, 0, 0],
						"1.0": [0, -100, 0],
						"2.5": [0, -100, 0],
						"2.7917": [0, 0, 0]
					},
					"position": {
						"0.0": [0, 0, 0],
						"1.0": [8, 0, -3],
						"2.5": [8, 0, -3],
						"2.7917": [0, 0, 0]
					},
					"scale": {
						"1.0": [1, 1, 1],
						"2.5": [1, 1, 1]
					}
				},
				"ArmRSeg2": {
					"rotation": {
						"0.0": [0, 0, 0],
						"1.0": [-14.58943, -23.57105, 33.05987],
						"2.5": [-14.58943, -23.57105, 33.05987],
						"2.7917": [0, 0, 0]
					},
					"position": {
						"0.0": [0, 0, 0],
						"1.0": [-3, 3, -3.5],
						"2.5": [-3, 3, -3.5],
						"2.7917": [0, 0, 0]
					}
				},
				"ArmL": {
					"rotation": {
						"0.0": [0, 0, 0],
						"2.7917": [0, 0, 0]
					},
					"position": {
						"0.0": [0, 0, 0],
						"2.7917": [0, 0, 0]
					}
				},
				"ArmLSeg2": {
					"rotation": {
						"0.0": [0, 0, 0],
						"2.7917": [0, 0, 0]
					},
					"position": {
						"0.0": [0, 0, 0],
						"2.7917": [0, 0, 0]
					}
				},
				"CapeFront": {
					"rotation": {
						"0.0": [0, 0, 0],
						"0.4583": [10, 0, 0],
						"2.7917": [0, 0, 0]
					},
					"position": {
						"0.0": [0, 0, 0],
						"0.4583": [0, 0, 5],
						"2.7917": [0, 0, 0]
					}
				},
				"Head": {
					"rotation": {
						"0.0": [0, 0, 0],
						"0.7083": [20, 0, 0],
						"2.625": [20, 0, 0],
						"2.7917": [0, 0, 0]
					},
					"position": {
						"0.0": [0, 0, 0],
						"0.7083": [0, 1.5, 10.5],
						"2.625": [0, 1.5, 10.5],
						"2.7917": [0, 0, 0]
					}
				}
			}
		},
		"animation.primevildrake.air_idle": {
			"loop": true,
			"animation_length": 2.79167,
			"loop_delay": "75",
			"bones": {
				"ArmR": {
					"rotation": {
						"0.0": [0, 0, 0],
						"1.0": [0, -100, 0],
						"2.5": [0, -100, 0],
						"2.7917": [0, 0, 0]
					},
					"position": {
						"0.0": [0, 0, 0],
						"1.0": [8, 0, -3],
						"2.5": [8, 0, -3],
						"2.7917": [0, 0, 0]
					},
					"scale": {
						"1.0": [1, 1, 1],
						"2.5": [1, 1, 1]
					}
				},
				"ArmRSeg2": {
					"rotation": {
						"0.0": [0, 0, 0],
						"1.0": [-14.58943, -23.57105, 33.05987],
						"2.5": [-14.58943, -23.57105, 33.05987],
						"2.7917": [0, 0, 0]
					},
					"position": {
						"0.0": [0, 0, 0],
						"1.0": [-3, 3, -3.5],
						"2.5": [-3, 3, -3.5],
						"2.7917": [0, 0, 0]
					}
				},
				"ArmL": {
					"rotation": {
						"0.0": [0, 0, 0],
						"2.7917": [0, 0, 0]
					},
					"position": {
						"0.0": [0, 0, 0],
						"2.7917": [0, 0, 0]
					}
				},
				"ArmLSeg2": {
					"rotation": {
						"0.0": [0, 0, 0],
						"2.7917": [0, 0, 0]
					},
					"position": {
						"0.0": [0, 0, 0],
						"2.7917": [0, 0, 0]
					}
				},
				"CapeFront": {
					"rotation": {
						"0.0": [0, 0, 0],
						"0.4583": [10, 0, 0],
						"2.7917": [0, 0, 0]
					},
					"position": {
						"0.0": [0, 0, 0],
						"0.4583": [0, 0, 5],
						"2.7917": [0, 0, 0]
					}
				},
				"Head": {
					"rotation": {
						"0.0": [0, 0, 0],
						"0.7083": [20, 0, 0],
						"2.625": [20, 0, 0],
						"2.7917": [0, 0, 0]
					},
					"position": {
						"0.0": [0, 0, 0],
						"0.7083": [0, 1.5, 10.5],
						"2.625": [0, 1.5, 10.5],
						"2.7917": [0, 0, 0]
					}
				}
			}
		},
		"animation.primevildrake.ground_walk": {
			"loop": true,
			"animation_length": 2.04167,
			"bones": {
				"ArmR": {
					"rotation": [17.96717, 33.48545, 30.44565],
					"position": {
						"0.0": [-6.5, 4.25, 6.75],
						"0.75": [-6.5, 3.75, 6.75],
						"1.25": [-6.5, 4.25, 6.75],
						"1.6667": [-6.5, 3, 7.75],
						"2.0417": [-6.5, 4.25, 6.75]
					}
				},
				"ArmL": {
					"rotation": {
						"0.0": [17.9672, -33.4855, "-30.4456"],
						"1.2917": [17.9672, -33.4855, "-30.4456"],
						"1.6667": [31.00929, -26.28322, "-23.8737++NaN"],
						"2.0417": [17.9672, -33.4855, "-30.4456"]
					},
					"position": {
						"0.0": [6.5, 4.25, 6.75],
						"0.5417": [6.5, 4.75, 6.75],
						"1.0417": [5.75, 3.25, 7.25],
						"1.2917": [6.5, 4.25, 6.75],
						"1.6667": [2.5, 4.25, 10.75],
						"2.0417": [6.5, 4.25, 6.75]
					}
				},
				"LegR": {
					"rotation": {
						"0.0": [0, 0, 0],
						"0.5417": [35, 0, 0],
						"1.0417": [0, 0, 0],
						"1.5417": [-32.5, 0, 0],
						"2.0417": [0, 0, 0]
					},
					"position": {
						"0.0": [0, 0, 0],
						"0.5417": [0, 3, 8],
						"1.0417": [0, 0, 0],
						"1.5417": [0, 0, -9],
						"2.0417": [0, 0, 0]
					}
				},
				"LegL": {
					"rotation": {
						"0.0": [0, 0, 0],
						"0.5": [-25, 0, 0],
						"1.0": [0, 0, 0],
						"1.5": [42.5, 0, 0],
						"2.0": [0, 0, 0]
					},
					"position": {
						"0.0": [0, 0, 0],
						"0.5": [0, 0, -6],
						"1.0": [0, 0, 0],
						"1.5": [0, 3, 9.75],
						"2.0": [0, 0, 0]
					}
				},
				"LegRSeg2": {
					"rotation": {
						"0.0": [0, 0, 0],
						"0.5417": [-25, 0, 0],
						"1.0417": [0, 0, 0]
					},
					"position": {
						"0.0": [0, 0, 0],
						"0.5417": [0, 0, -4],
						"1.0417": [0, 0, 0]
					}
				},
				"LegLSeg2": {
					"rotation": {
						"0.0": [0, 0, 0],
						"0.5": [27.5, 0, 0],
						"1.0": [0, 0, 0],
						"1.5": [-50, 0, 0],
						"2.0": [0, 0, 0]
					},
					"position": {
						"0.0": [0, 0, 0],
						"0.5": [0, 2, 4],
						"1.0": [0, 0, 0],
						"1.5": [0, 2, -7.25],
						"2.0": [0, 0, 0]
					}
				},
				"CapeBack": {
					"rotation": {
						"0.0": [20, 0, 0],
						"0.7083": [17.09, 0, 0],
						"1.7083": [41.77, 0, 0],
						"2.0417": [20, 0, 0]
					},
					"position": {
						"0.0": [0, 0, 9],
						"0.7083": [0, 0, 7.55],
						"1.7083": [0, 4.75, 18.64],
						"2.0417": [0, 0, 9]
					}
				},
				"Body": {
					"rotation": [15, 0, 0]
				},
				"Head": {
					"rotation": {
						"0.0": [-10, 0, 0],
						"1.2917": [-7.5, 0, 0],
						"2.0417": [-10, 0, 0]
					},
					"position": {
						"0.0": [0, 0, -6],
						"1.2917": [0, 0, -4.5],
						"2.0417": [0, 0, -6]
					}
				}
			}
		},
		"animation.primevildrake.water_swim": {
			"loop": true,
			"animation_length": 2.04167,
			"bones": {
				"ArmR": {
					"rotation": [17.96717, 33.48545, 30.44565],
					"position": {
						"0.0": [-6.5, 4.25, 6.75],
						"0.75": [-6.5, 3.75, 6.75],
						"1.25": [-6.5, 4.25, 6.75],
						"1.6667": [-6.5, 3, 7.75],
						"2.0417": [-6.5, 4.25, 6.75]
					}
				},
				"ArmL": {
					"rotation": {
						"0.0": [17.9672, -33.4855, "-30.4456"],
						"1.2917": [17.9672, -33.4855, "-30.4456"],
						"1.6667": [31.00929, -26.28322, "-23.8737++NaN"],
						"2.0417": [17.9672, -33.4855, "-30.4456"]
					},
					"position": {
						"0.0": [6.5, 4.25, 6.75],
						"0.5417": [6.5, 4.75, 6.75],
						"1.0417": [5.75, 3.25, 7.25],
						"1.2917": [6.5, 4.25, 6.75],
						"1.6667": [2.5, 4.25, 10.75],
						"2.0417": [6.5, 4.25, 6.75]
					}
				},
				"LegR": {
					"rotation": {
						"0.0": [0, 0, 0],
						"0.5417": [35, 0, 0],
						"1.0417": [0, 0, 0],
						"1.5417": [-32.5, 0, 0],
						"2.0417": [0, 0, 0]
					},
					"position": {
						"0.0": [0, 0, 0],
						"0.5417": [0, 3, 8],
						"1.0417": [0, 0, 0],
						"1.5417": [0, 0, -9],
						"2.0417": [0, 0, 0]
					}
				},
				"LegL": {
					"rotation": {
						"0.0": [0, 0, 0],
						"0.5": [-25, 0, 0],
						"1.0": [0, 0, 0],
						"1.5": [42.5, 0, 0],
						"2.0": [0, 0, 0]
					},
					"position": {
						"0.0": [0, 0, 0],
						"0.5": [0, 0, -6],
						"1.0": [0, 0, 0],
						"1.5": [0, 3, 9.75],
						"2.0": [0, 0, 0]
					}
				},
				"LegRSeg2": {
					"rotation": {
						"0.0": [0, 0, 0],
						"0.5417": [-25, 0, 0],
						"1.0417": [0, 0, 0]
					},
					"position": {
						"0.0": [0, 0, 0],
						"0.5417": [0, 0, -4],
						"1.0417": [0, 0, 0]
					}
				},
				"LegLSeg2": {
					"rotation": {
						"0.0": [0, 0, 0],
						"0.5": [27.5, 0, 0],
						"1.0": [0, 0, 0],
						"1.5": [-50, 0, 0],
						"2.0": [0, 0, 0]
					},
					"position": {
						"0.0": [0, 0, 0],
						"0.5": [0, 2, 4],
						"1.0": [0, 0, 0],
						"1.5": [0, 2, -7.25],
						"2.0": [0, 0, 0]
					}
				},
				"CapeBack": {
					"rotation": {
						"0.0": [20, 0, 0],
						"0.7083": [17.09, 0, 0],
						"1.7083": [41.77, 0, 0],
						"2.0417": [20, 0, 0]
					},
					"position": {
						"0.0": [0, 0, 9],
						"0.7083": [0, 0, 7.55],
						"1.7083": [0, 4.75, 18.64],
						"2.0417": [0, 0, 9]
					}
				},
				"Body": {
					"rotation": [15, 0, 0]
				},
				"Head": {
					"rotation": {
						"0.0": [-10, 0, 0],
						"1.2917": [-7.5, 0, 0],
						"2.0417": [-10, 0, 0]
					},
					"position": {
						"0.0": [0, 0, -6],
						"1.2917": [0, 0, -4.5],
						"2.0417": [0, 0, -6]
					}
				}
			}
		},
		"animation.primevildrake.air_fly": {
			"loop": true,
			"animation_length": 2.04167,
			"bones": {
				"ArmR": {
					"rotation": [17.96717, 33.48545, 30.44565],
					"position": {
						"0.0": [-6.5, 4.25, 6.75],
						"0.75": [-6.5, 3.75, 6.75],
						"1.25": [-6.5, 4.25, 6.75],
						"1.6667": [-6.5, 3, 7.75],
						"2.0417": [-6.5, 4.25, 6.75]
					}
				},
				"ArmL": {
					"rotation": {
						"0.0": [17.9672, -33.4855, "-30.4456"],
						"1.2917": [17.9672, -33.4855, "-30.4456"],
						"1.6667": [31.00929, -26.28322, "-23.8737++NaN"],
						"2.0417": [17.9672, -33.4855, "-30.4456"]
					},
					"position": {
						"0.0": [6.5, 4.25, 6.75],
						"0.5417": [6.5, 4.75, 6.75],
						"1.0417": [5.75, 3.25, 7.25],
						"1.2917": [6.5, 4.25, 6.75],
						"1.6667": [2.5, 4.25, 10.75],
						"2.0417": [6.5, 4.25, 6.75]
					}
				},
				"LegR": {
					"rotation": {
						"0.0": [0, 0, 0],
						"0.5417": [35, 0, 0],
						"1.0417": [0, 0, 0],
						"1.5417": [-32.5, 0, 0],
						"2.0417": [0, 0, 0]
					},
					"position": {
						"0.0": [0, 0, 0],
						"0.5417": [0, 3, 8],
						"1.0417": [0, 0, 0],
						"1.5417": [0, 0, -9],
						"2.0417": [0, 0, 0]
					}
				},
				"LegL": {
					"rotation": {
						"0.0": [0, 0, 0],
						"0.5": [-25, 0, 0],
						"1.0": [0, 0, 0],
						"1.5": [42.5, 0, 0],
						"2.0": [0, 0, 0]
					},
					"position": {
						"0.0": [0, 0, 0],
						"0.5": [0, 0, -6],
						"1.0": [0, 0, 0],
						"1.5": [0, 3, 9.75],
						"2.0": [0, 0, 0]
					}
				},
				"LegRSeg2": {
					"rotation": {
						"0.0": [0, 0, 0],
						"0.5417": [-25, 0, 0],
						"1.0417": [0, 0, 0]
					},
					"position": {
						"0.0": [0, 0, 0],
						"0.5417": [0, 0, -4],
						"1.0417": [0, 0, 0]
					}
				},
				"LegLSeg2": {
					"rotation": {
						"0.0": [0, 0, 0],
						"0.5": [27.5, 0, 0],
						"1.0": [0, 0, 0],
						"1.5": [-50, 0, 0],
						"2.0": [0, 0, 0]
					},
					"position": {
						"0.0": [0, 0, 0],
						"0.5": [0, 2, 4],
						"1.0": [0, 0, 0],
						"1.5": [0, 2, -7.25],
						"2.0": [0, 0, 0]
					}
				},
				"CapeBack": {
					"rotation": {
						"0.0": [20, 0, 0],
						"0.7083": [17.09, 0, 0],
						"1.7083": [41.77, 0, 0],
						"2.0417": [20, 0, 0]
					},
					"position": {
						"0.0": [0, 0, 9],
						"0.7083": [0, 0, 7.55],
						"1.7083": [0, 4.75, 18.64],
						"2.0417": [0, 0, 9]
					}
				},
				"Body": {
					"rotation": [15, 0, 0]
				},
				"Head": {
					"rotation": {
						"0.0": [-10, 0, 0],
						"1.2917": [-7.5, 0, 0],
						"2.0417": [-10, 0, 0]
					},
					"position": {
						"0.0": [0, 0, -6],
						"1.2917": [0, 0, -4.5],
						"2.0417": [0, 0, -6]
					}
				}
			}
		},
		"animation.primevildrake.sleep": {
			"loop": true,
			"bones": {
				"ArmR": {
					"rotation": [-167.5, 0, 0],
					"position": [0, 37, 0]
				},
				"ArmRSeg2": {
					"rotation": [-32.34166, -35.25429, -112.46532],
					"position": [9.75, 13, -7]
				},
				"LegR": {
					"rotation": [12.5, 0, -45],
					"position": [6, 12, 3]
				},
				"CapeBack": {
					"rotation": [10, 0, 0],
					"position": [0, 0, 4]
				},
				"Body": {
					"rotation": [92.5, 0, 0],
					"position": [0, 2, 9]
				},
				"Head": {
					"rotation": [0, 40, 0]
				}
			}
		},
		"animation.primevildrake.faint": {
			"loop": true,
			"bones": {
				"ArmR": {
					"rotation": [-167.5, 0, 0],
					"position": [0, 37, 0]
				},
				"ArmRSeg2": {
					"rotation": [-32.34166, -35.25429, -112.46532],
					"position": [9.75, 13, -7]
				},
				"LegR": {
					"rotation": [12.5, 0, -45],
					"position": [6, 12, 3]
				},
				"CapeBack": {
					"rotation": [10, 0, 0],
					"position": [0, 0, 4]
				},
				"Body": {
					"rotation": [92.5, 0, 0],
					"position": [0, 2, 9]
				},
				"Head": {
					"rotation": [0, 40, 0]
				}
			}
		}
	},
	"geckolib_format_version": 2
}