{
  "head": "head",
  "portraitScale": 2.3,
  "portraitTranslation": [-0.1, 3.1, 0],
  "profileScale": 0.45,
  "profileTranslation": [0, 1.1, 0],
  "faint": "bedrock(lucario_party, faint)",
  "poses": {
    "standing": {
      "poseName": "standing",
      "transformTicks": 10,
      "poseTypes": ["STAND", "NONE"],
      "animations": [
        "look",
        "bedrock(lucario_party, ground_idle)"
      ],
      "quirks": [
        {
          "name": "blink",
          "animations": ["bedrock(lucario_party, blink)"]
        }
      ]
    },
    "walking": {
      "poseName": "walking",
      "transformTicks": 10,
      "poseTypes": ["WALK"],
      "animations": [
        "look",
        "bedrock(lucario_party, ground_walk)"
      ]
    },    
      "floating": {
      "poseName": "floating",
      "transformTicks": 10,
      "poseTypes": [ "FLOAT" ],
      "animations": [
        "look",
        "bedrock(lucario_party, water_idle)"
      ]
    },
    "swimming": {
      "poseName": "swimming",
      "transformTicks": 10,
      "poseTypes": [ "SWIM" ],
      "animations": [
        "look",
        "bedrock(lucario_party, water_swim)"
      ]
    },
    "sleeping": {
      "poseName": "sleeping",
      "transformTicks": 10,
      "poseTypes": ["SLEEP"],
      "animations": [ "bedrock(lucario_party, sleep)" ]
    },
    "shoulder_left": {
      "poseName": "shoulder_left",
      "transformTicks": 10,
      "poseTypes": ["SHOULDER_LEFT"],
      "animations": [
        "look",
        "bedrock(lucario_party, shoulder_left)"
      ]
    },
    "shoulder_right": {
      "poseName": "shoulder_right",
      "transformTicks": 10,
      "poseTypes": ["SHOULDER_RIGHT"],
      "animations": [
        "look",
        "bedrock(lucario_party, shoulder_right)"
      ]
    },
    "picture": {
      "poseName": "picture",
      "transformTicks": 10,
      "poseTypes": ["PORTRAIT", "PROFILE"],
      "animations": [
        "look",
        "bedrock(lucario_party, portrait)"
      ]
    }
  }
}