{
  "species": "cobblemon:deltacharizard",
  "order": 1,
  "variations": [
    {
      "aspects": [],
      "poser": "cobblemon:generation1_deltacharizard",
      "model": "cobblemon:deltacharizard.geo",
      "texture": "cobblemon:textures/pokemon/generation1/deltacharizard/deltacharizard.png",
      "layers": [
        {
          "name": "flame",
          "texture": {
            "frames": [
              "cobblemon:textures/pokemon/generation1/deltacharizard/flame/deltatail1.png",
              "cobblemon:textures/pokemon/generation1/deltacharizard/flame/deltatail2.png",
              "cobblemon:textures/pokemon/generation1/deltacharizard/flame/deltatail3.png",
              "cobblemon:textures/pokemon/generation1/deltacharizard/flame/deltatail4.png"
            ],
            "fps": 10,
            "loop": true
          },
          "emissive": true
        },
        {
          "name": "glow",
          "texture": "cobblemon:textures/pokemon/generation1/deltacharizard/deltacharizard_emissive.png",
          "emissive": true,
          "translucent": true
        }
      ]
    },
    {
      "aspects": [
        "shiny"
      ],
      "texture": "cobblemon:textures/pokemon/generation1/deltacharizard/deltacharizard_shiny.png",
      "layers": [
        {
          "name": "glow",
          "texture": "cobblemon:textures/pokemon/generation1/deltacharizard/deltacharizard_shiny_emissive.png",
          "emissive": true,
          "translucent": true
        }
      ]
    }
  ]
}