{
  "species": "cobblemon:deltaivysaur",
  "order": 0,
  "variations": [
    {
      "aspects": [],
      "poser": "cobblemon:generation1_mdeltaivysaur",
      "model": "cobblemon:cutout_gravelmon.geo",
      "texture": "cobblemon:textures/pokemon/generation1/deltaivysaur.png",
      "layers": []
    },
    {
      "aspects": [
        "shiny"
      ],
      "texture": "cobblemon:textures/pokemon/generation1/deltaivysaur_shiny.png"
    },
    {
      "aspects": [
        "female"
      ],
      "model": "cobblemon:deltaivysaur.geo",
      "poser": "cobblemon:generation1_deltaivysaur",
      "texture": "cobblemon:textures/pokemon/generation1/deltaivysaur_female.png"
    },
    {
      "aspects": [
        "female",
        "shiny"
      ],
      "model": "cobblemon:deltaivysaur.geo",
      "poser": "cobblemon:generation1_deltaivysaur",
      "texture": "cobblemon:textures/pokemon/generation1/deltaivysaur_female_shiny.png"
    }
  ]
}