{
  "implemented": true,
  "name": "flairees",
  "nationalPokedexNumber": 1106,
  "primaryType": "fire",
  "secondaryType": "rock",
  "abilities": [
    "blaze",
    "h:flashfire"
  ],
  "baseStats": {
    "hp": 80,
    "attack": 120,
    "defence": 75,
    "special_attack": 90,
    "special_defence": 80,
    "speed": 90
  },
  "behaviour": {
    "resting": {
        "canSleep": true,
        "willSleepOnBed": false,        "depth": "normal",
        "light": "0-6"
    },
    "moving": {
        "fly": {
            "canFly": false
        },
        "canLook": true,
        "walk": {
            "canWalk": true,
            "avoidsLand": false
        },
        "swim": {
            "swimSpeed": 0.1,
            "canSwimInWater": true,
            "canBreatheUnderwater": false
        },
        "wanderChance": 1.0
    }
  },
  "catchRate": 45,
  "maleRatio": 0.875,
  "shoulderMountable": false,
  "baseExperienceYield": 241,
  "experienceGroup": "medium_slow",
  "eggCycles": 41,
  "eggGroups": [
    "field"
  ],
  "drops": {
    "amount": "6",
    "entries": [
      {
        "item": "minecraft:flint",
        "quantityRange": "1-2",
        "percentage": 20
      },
      {
        "item": "minecraft:leather",
        "quantityRange": "1-2",
        "percentage": 80
      }
    ]
  },
  "moves": [
    "1:tackle",
    "1:tailwhip",
    "1:lavaplume",
    "7:ember",
    "11:odorsleuth",
    "13:headbutt",
    "16:flamecharge",
    "17:smackdown",
    "21:rockpolish",
    "29:bulkup",
    "36:ironhead",
    "38:blazekick",
    "48:rockclimb",
    "53:swagger",
    "58:earthpower",
    "68:flareblitz",
    "73:headsmash",
    "tm:roar",
    "tm:toxic",
    "tm:hiddenpower",
    "tm:sunnyday",
    "tm:taunt",
    "tm:hyperbeam",
    "tm:protect",
    "tm:frustration",
    "tm:solarbeam",
    "tm:smackdown",
    "tm:earthquake",
    "tm:return",
    "tm:dig",
    "tm:doubleteam",
    "tm:flamethrower",
    "tm:sandstorm",
    "tm:fireblast",
    "tm:rocktomb",
    "tm:facade",
    "tm:flamecharge",
    "tm:rest",
    "tm:attract",
    "tm:overheat",
    "tm:endure",
    "tm:incinerate",
    "tm:willowisp",
    "tm:rocksmash",
    "tm:gigaimpact",
    "tm:rockpolish",
    "tm:stoneedge",
    "tm:bulldoze",
    "tm:rockslide",
    "tm:grassknot",
    "tm:swagger",
    "tm:substitute",
    "tm:wildcharge",
    "tm:sleeptalk",
    "tm:strength",
    "tutor:ancientpower",
    "tutor:blastburn",
    "tutor:bounce",
    "tutor:doubleedge",
    "tutor:earthpower",
    "tutor:endeavor",
    "tutor:firepledge",
    "tutor:heatwave",
    "tutor:ironhead",
    "tutor:knockoff",
    "tutor:megakick",
    "tutor:mudslap",
    "tutor:secretpower",
    "tutor:stealthrock",
    "tutor:superpower",
    "tutor:zenheadbutt",
    "egg:doublekick",
    "egg:earthpower",
    "egg:hornattack",
    "egg:magnitude",
    "egg:rockblast",
    "egg:smokescreen",
    "egg:stomp",
    "egg:superpower",
    "egg:takedown",
    "egg:thrash"  ],
  "labels": [
    "sage"
  ],
  "pokedex": [
    "cobblemon.species.flairees.desc"
  ],
  "baseScale": 1.0,
  "hitbox": {
    "width": 1.5,
    "height": 1.5,
    "fixed": false
  },
  "baseFriendship": 70,
  "evYield": {
    "hp": 0,
    "attack": 3,
    "defence": 0,
    "special_attack": 0,
    "special_defence": 0,
    "speed": 0
  },
  "height": 15,
  "weight": 1823,
  "aspects": [],
"features": [

  ],  "cannotDynamax": false
}