{
  "implemented": true,
  "name": "floressum",
  "nationalPokedexNumber": 1103,
  "primaryType": "grass",
  "secondaryType": "flying",
  "abilities": [
    "overgrow",
    "h:galewings"
  ],
  "baseStats": {
    "hp": 75,
    "attack": 70,
    "defence": 73,
    "special_attack": 105,
    "special_defence": 85,
    "speed": 120
  },
  "behaviour": {
    "resting": {
        "canSleep": true,
        "willSleepOnBed": false,        "depth": "normal",
        "light": "0-6"
    },
    "moving": {
        "fly": {
            "canFly": true
        },
        "canLook": true,
        "walk": {
            "canWalk": true,
            "avoidsLand": false
        },
        "swim": {
            "swimSpeed": 0.1,
            "canSwimInWater": true,
            "canBreatheUnderwater": false
        },
        "wanderChance": 1.0
    }
  },
  "catchRate": 45,
  "maleRatio": 0.875,
  "shoulderMountable": false,
  "baseExperienceYield": 238,
  "experienceGroup": "medium_slow",
  "eggCycles": 41,
  "eggGroups": [
    "grass",
    "flying"
  ],
  "drops": {
    "amount": "2",
    "entries": [
      {
        "item": "minecraft:melon_seeds",
        "quantityRange": "1-2",
        "percentage": 50
      },
      {
        "item": "minecraft:feather",
        "quantityRange": "1-2",
        "percentage": 50
      }
    ]
  },
  "moves": [
    "1:tackle",
    "4:growl",
    "7:absorb",
    "10:gust",
    "13:megadrain",
    "16:aircutter",
    "20:grasswhistle",
    "24:leaftornado",
    "28:agility",
    "36:gigadrain",
    "44:synthesis",
    "48:airslash",
    "52:petaldance",
    "56:aromatherapy",
    "tm:toxic",
    "tm:hiddenpower",
    "tm:sunnyday",
    "tm:protect",
    "tm:safeguard",
    "tm:frustration",
    "tm:solarbeam",
    "tm:return",
    "tm:doubleteam",
    "tm:reflect",
    "tm:aerialace",
    "tm:facade",
    "tm:rest",
    "tm:attract",
    "tm:gigadrain",
    "tm:energyball",
    "tm:endure",
    "tm:flash",
    "tm:swordsdance",
    "tm:dreameater",
    "tm:grassknot",
    "tm:swagger",
    "tm:uturn",
    "tm:substitute",
    "tm:sleeptalk",
    "tm:bulletseed",
    "tm:cut",
    "tm:fly",
    "tutor:bounce",
    "tutor:endeavor",
    "tutor:grasspledge",
    "tutor:secretpower",
    "tutor:seedbomb",
    "tutor:swift",
    "tutor:synthesis",
    "tutor:worryseed",
    "egg:growth",
    "egg:leechseed",
    "egg:quickattack",
    "egg:roost",
    "egg:seedbomb",
    "egg:synthesis",
    "egg:worryseed"  ],
  "labels": [
    "sage"
  ],
  "pokedex": [
    "cobblemon.species.floressum.desc"
  ],
  "baseScale": 1.0,
  "hitbox": {
    "width": 1.4,
    "height": 1.4,
    "fixed": false
  },
  "baseFriendship": 70,
  "evYield": {
    "hp": 0,
    "attack": 0,
    "defence": 0,
    "special_attack": 1,
    "special_defence": 0,
    "speed": 2
  },
  "height": 14,
  "weight": 179,
  "aspects": [],
"features": [

  ],  "cannotDynamax": false
}