{
  "implemented": true,
  "name": "kidling",
  "nationalPokedexNumber": 1104,
  "primaryType": "fire",
  "abilities": [
    "blaze",
    "h:flashfire"
  ],
  "baseStats": {
    "hp": 43,
    "attack": 63,
    "defence": 47,
    "special_attack": 57,
    "special_defence": 40,
    "speed": 59
  },
  "behaviour": {
    "resting": {
        "canSleep": true,
        "willSleepOnBed": false,        "depth": "normal",
        "light": "0-6"
    },
    "moving": {
        "fly": {
            "canFly": false
        },
        "canLook": true,
        "walk": {
            "canWalk": true,
            "avoidsLand": false
        },
        "swim": {
            "swimSpeed": 0.1,
            "canSwimInWater": true,
            "canBreatheUnderwater": false
        },
        "wanderChance": 1.0
    }
  },
  "catchRate": 45,
  "maleRatio": 0.875,
  "shoulderMountable": false,
  "baseExperienceYield": 28,
  "experienceGroup": "medium_slow",
  "eggCycles": 41,
  "eggGroups": [
    "field"
  ],
  "drops": {
    "amount": "2",
    "entries": [
      {
        "item": "minecraft:flint",
        "quantityRange": "1-2",
        "percentage": 50
      },
      {
        "item": "minecraft:leather",
        "quantityRange": "1-2",
        "percentage": 50
      }
    ]
  },
  "moves": [
    "egg:doublekick",
    "egg:earthpower",
    "egg:hornattack",
    "egg:magnitude",
    "egg:rockblast",
    "egg:smokescreen",
    "egg:stomp",
    "egg:superpower",
    "egg:takedown",
    "egg:thrash",
    "tutor:endeavor",
    "tutor:firepledge",
    "tutor:knockoff",
    "tutor:mudslap",
    "tutor:secretpower",
    "tm:toxic",
    "tm:hiddenpower",
    "tm:sunnyday",
    "tm:taunt",
    "tm:protect",
    "tm:frustration",
    "tm:return",
    "tm:dig",
    "tm:doubleteam",
    "tm:flamethrower",
    "tm:fireblast",
    "tm:rocktomb",
    "tm:facade",
    "tm:flamecharge",
    "tm:rest",
    "tm:attract",
    "tm:overheat",
    "tm:endure",
    "tm:incinerate",
    "tm:willowisp",
    "tm:rocksmash",
    "tm:rockslide",
    "tm:grassknot",
    "tm:swagger",
    "tm:substitute",
    "tm:wildcharge",
    "tm:sleeptalk",
    "tm:strength",
    "1:tackle",
    "1:tailwhip",
    "7:ember",
    "10:odorsleuth",
    "13:headbutt",
    "16:flamecharge",
    "19:agility",
    "25:bulkup",
    "31:blazekick",
    "37:rockclimb",
    "40:swagger",
    "43:flamethrower",
    "49:flareblitz",
    "52:skullbash"  ],
  "labels": [
    "sage"
  ],
  "pokedex": [
    "cobblemon.species.kidling.desc"
  ],
  "evolutions": [
    {
      "id": "kidling_pyroat",
      "variant": "level_up",
      "result": "pyroat",
      "consumeHeldItem": false,
      "learnableMoves": [],
      "requirements": [
        {
          "variant": "level",
          "minLevel": 17
        }
      ]   
 }
  ],
  "baseScale": 0.9,
  "hitbox": {
    "width": 0.4,
    "height": 0.4,
    "fixed": false
  },
  "baseFriendship": 70,
  "evYield": {
    "hp": 0,
    "attack": 1,
    "defence": 0,
    "special_attack": 0,
    "special_defence": 0,
    "speed": 0
  },
  "height": 4,
  "weight": 52,
  "aspects": [],
"features": [

  ],  "cannotDynamax": false
}