{
  "species": "cobblemon:deltaquagsire",
  "order": 2,
  "variations": [
    {
      "aspects": [],
      "poser": "cobblemon:generation2_deltaquagsire",
      "model": "cobblemon:deltaquagsire.geo",
      "texture": "cobblemon:textures/pokemon/generation2/deltaquagsire/deltaquagsire.png",
      "layers": [
        {
          "name": "flame",
          "texture": {
            "frames": [
              "cobblemon:textures/pokemon/generation2/deltaquagsire/flame/flame01.png",
              "cobblemon:textures/pokemon/generation2/deltaquagsire/flame/flame02.png",
              "cobblemon:textures/pokemon/generation2/deltaquagsire/flame/flame03.png",
              "cobblemon:textures/pokemon/generation2/deltaquagsire/flame/flame04.png"
            ],
            "fps": 10,
            "loop": true
          },
          "emissive": true
        }
      ]
    },
    {
      "aspects": [
        "shiny"
      ],
      "texture": "cobblemon:textures/pokemon/generation2/deltaquagsire/deltaquagsire_shiny.png"
    }
  ]
}