{
	"format_version": "1.12.0",
	"minecraft:geometry": [
		{
			"description": {
				"identifier": "geometry.ghoulpunny",
				"texture_width": 128,
				"texture_height": 64,
				"visible_bounds_width": 6,
				"visible_bounds_height": 4.5,
				"visible_bounds_offset": [0, 1.75, 0]
			},
			"bones": [
				{
					"name": "ghoulpunny",
					"pivot": [0, 0, 0]
				},
				{
					"name": "body",
					"parent": "ghoulpunny",
					"pivot": [0, 0, 0]
				},
				{
					"name": "torso_top",
					"parent": "body",
					"pivot": [0, 22, 0.25],
					"cubes": [
						{"origin": [-2.5, 21, -2.25], "size": [5, 6, 5], "uv": [79, 0]}
					]
				},
				{
					"name": "neck",
					"parent": "torso_top",
					"pivot": [0, 27, 0.25],
					"cubes": [
						{"origin": [-1.5, 26, -1.25], "size": [3, 6, 3], "uv": [80, 55]}
					]
				},
				{
					"name": "head",
					"parent": "neck",
					"pivot": [0, 29.75, 0.25],
					"rotation": [5, 0, 0],
					"cubes": [
						{"origin": [-4, 29.75, -5.75], "size": [8, 8, 10], "uv": [27, 20]},
						{"origin": [-1, 31.75, -5.75], "size": [2, 1, 0], "inflate": 0.01, "uv": [6, 34]}
					]
				},
				{
					"name": "eye_right",
					"parent": "head",
					"pivot": [-4, 33.5019, -3.54358],
					"rotation": [-5, 0, 0],
					"cubes": [
						{"origin": [-4, 32.0019, -5.04358], "size": [0, 3, 3], "inflate": 0.01, "uv": [37, 46], "mirror": true}
					]
				},
				{
					"name": "eyelid_right",
					"parent": "eye_right",
					"pivot": [-3.9, 34.0019, -3.54358],
					"cubes": [
						{"origin": [-3.9, 32.0019, -5.04358], "size": [1, 3, 3], "inflate": 0.02, "uv": [99, 10], "mirror": true}
					]
				},
				{
					"name": "eye_left",
					"parent": "head",
					"pivot": [4, 33.5019, -3.54358],
					"rotation": [-5, 0, 0],
					"cubes": [
						{"origin": [4, 32.0019, -5.04358], "size": [0, 3, 3], "inflate": 0.01, "uv": [0, 31]}
					]
				},
				{
					"name": "eyelid_left",
					"parent": "eye_left",
					"pivot": [3.9, 34.0019, -3.54358],
					"cubes": [
						{"origin": [2.9, 32.0019, -5.04358], "size": [1, 3, 3], "inflate": 0.02, "uv": [99, 16]}
					]
				},
				{
					"name": "tuft_right",
					"parent": "head",
					"pivot": [-4, 37, -5.75],
					"rotation": [55, -70, 0],
					"cubes": [
						{"origin": [-4, 34.5, -8.75], "size": [0, 5, 6], "uv": [13, 43]}
					]
				},
				{
					"name": "tuft_right2",
					"parent": "tuft_right",
					"pivot": [-4, 37, -2.75],
					"cubes": [
						{"origin": [-4, 34.5, -2.75], "size": [0, 5, 5], "uv": [26, 44]}
					]
				},
				{
					"name": "tuft_right3",
					"parent": "tuft_right2",
					"pivot": [-4, 37, 2.25],
					"cubes": [
						{"origin": [-4, 34.5, 2.25], "size": [0, 5, 5], "uv": [0, 23]}
					]
				},
				{
					"name": "tuft_left",
					"parent": "head",
					"pivot": [4, 37, -5.75],
					"rotation": [55, 70, 0],
					"cubes": [
						{"origin": [4, 34.5, -8.75], "size": [0, 5, 6], "uv": [0, 43]}
					]
				},
				{
					"name": "tuft_left2",
					"parent": "tuft_left",
					"pivot": [4, 37, -2.75],
					"cubes": [
						{"origin": [4, 34.5, -2.75], "size": [0, 5, 5], "uv": [76, 32]}
					]
				},
				{
					"name": "tuft_left3",
					"parent": "tuft_left2",
					"pivot": [4, 37, 2.25],
					"cubes": [
						{"origin": [4, 34.5, 2.25], "size": [0, 5, 5], "uv": [63, 32]}
					]
				},
				{
					"name": "ear_right",
					"parent": "head",
					"pivot": [-0.75, 37.5, 0.75],
					"rotation": [-5, 0, 0],
					"cubes": [
						{"origin": [-0.75, 37.5, -1.75], "size": [0, 10, 5], "uv": [0, 0]}
					]
				},
				{
					"name": "ear_right2",
					"parent": "ear_right",
					"pivot": [-0.75, 47.5, 0.75],
					"cubes": [
						{"origin": [-8.75, 47.5, -2.75], "size": [8, 0, 7], "uv": [4, 30]}
					]
				},
				{
					"name": "ear_right3",
					"parent": "ear_right2",
					"pivot": [-8.75, 47.5, 0.75],
					"cubes": [
						{"origin": [-16.75, 47.5, -4.75], "size": [8, 0, 11], "uv": [20, 38]}
					]
				},
				{
					"name": "ear_right4",
					"parent": "ear_right3",
					"pivot": [-16.75, 47.5, 0.75],
					"cubes": [
						{"origin": [-26.75, 47.5, -4.75], "size": [10, 0, 11], "uv": [26, 0]}
					]
				},
				{
					"name": "ear_right5",
					"parent": "ear_right4",
					"pivot": [-26.75, 47.5, 0.75],
					"cubes": [
						{"origin": [-37.75, 47.5, -6.75], "size": [11, 0, 15], "uv": [0, 0]}
					]
				},
				{
					"name": "ear_left",
					"parent": "head",
					"pivot": [0.75, 37.5, 0.75],
					"rotation": [-5, 0, 0],
					"cubes": [
						{"origin": [0.75, 37.5, -1.75], "size": [0, 10, 5], "uv": [0, 32]}
					]
				},
				{
					"name": "ear_left2",
					"parent": "ear_left",
					"pivot": [0.75, 47.5, 0.75],
					"cubes": [
						{"origin": [0.75, 47.5, -2.75], "size": [8, 0, 7], "uv": [30, 11]}
					]
				},
				{
					"name": "ear_left3",
					"parent": "ear_left2",
					"pivot": [8.75, 47.5, 0.75],
					"cubes": [
						{"origin": [8.75, 47.5, -4.75], "size": [8, 0, 11], "uv": [36, 38]}
					]
				},
				{
					"name": "ear_left4",
					"parent": "ear_left3",
					"pivot": [16.75, 47.5, 0.75],
					"cubes": [
						{"origin": [16.75, 47.5, -4.75], "size": [10, 0, 11], "uv": [0, 38]}
					]
				},
				{
					"name": "ear_left5",
					"parent": "ear_left4",
					"pivot": [26.75, 47.5, 0.75],
					"cubes": [
						{"origin": [26.75, 47.5, -6.75], "size": [11, 0, 15], "uv": [0, 15]}
					]
				},
				{
					"name": "mouth",
					"parent": "head",
					"pivot": [0, 30.75, -4.75],
					"cubes": [
						{"origin": [-3.5, 29.75, -5.75], "size": [7, 2, 2], "inflate": 0.01, "uv": [110, 23]}
					]
				},
				{
					"name": "arm_right",
					"parent": "torso_top",
					"pivot": [-2.5, 25.75, 0],
					"cubes": [
						{"origin": [-14.5, 23.75, -2], "size": [6, 4, 4], "uv": [63, 29], "mirror": true}
					]
				},
				{
					"name": "arm_right2",
					"parent": "arm_right",
					"pivot": [-8.5, 25.75, 1],
					"cubes": [
						{"origin": [-8.5, 24.75, -1], "size": [6, 2, 2], "uv": [67, 52]}
					]
				},
				{
					"name": "arm_right_hand",
					"parent": "arm_right2",
					"pivot": [-14.5, 25.75, 0],
					"cubes": [
						{"origin": [-20.75, 22.75, -3], "size": [7, 6, 6], "uv": [53, 5], "mirror": true}
					]
				},
				{
					"name": "finger_right_middle",
					"parent": "arm_right_hand",
					"pivot": [-17.75, 26.75, 0],
					"cubes": [
						{"origin": [-19.5, 23.75, 0], "size": [5, 4, 0], "uv": [0, 56], "mirror": true},
						{"origin": [-19.5, 23.75, 0], "size": [5, 4, 0], "pivot": [-17, 25.75, 0], "rotation": [-90, 0, 0], "uv": [0, 60], "mirror": true}
					]
				},
				{
					"name": "arm_left",
					"parent": "torso_top",
					"pivot": [2.5, 25.75, 0],
					"cubes": [
						{"origin": [8.5, 23.75, -2], "size": [6, 4, 4], "uv": [63, 29]}
					]
				},
				{
					"name": "arm_left2",
					"parent": "arm_left",
					"pivot": [8.5, 25.75, 1],
					"cubes": [
						{"origin": [2.5, 24.75, -1], "size": [6, 2, 2], "uv": [52, 52]}
					]
				},
				{
					"name": "arm_left_hand",
					"parent": "arm_left2",
					"pivot": [14.5, 25.75, 0],
					"cubes": [
						{"origin": [13.75, 22.75, -3], "size": [7, 6, 6], "uv": [53, 5]}
					]
				},
				{
					"name": "finger_left_middle",
					"parent": "arm_left_hand",
					"pivot": [17.75, 26.75, 0],
					"cubes": [
						{"origin": [14.5, 23.75, 0], "size": [5, 4, 0], "pivot": [17, 25.75, 0], "rotation": [-90, 0, 0], "uv": [0, 60]},
						{"origin": [14.5, 23.75, 0], "size": [5, 4, 0], "uv": [0, 56]}
					]
				},
				{
					"name": "mid_torso",
					"parent": "body",
					"pivot": [0, 22, 0.5],
					"rotation": [5, 0, 0],
					"cubes": [
						{"origin": [-3.5, 19, -3], "size": [7, 3, 7], "inflate": 0.01, "uv": [100, 0]}
					]
				},
				{
					"name": "tail",
					"parent": "mid_torso",
					"pivot": [0, 16.75, 3.5],
					"rotation": [5, 0, 0],
					"cubes": [
						{"origin": [-2, 14.75, 3.5], "size": [4, 4, 4], "uv": [85, 24]}
					]
				},
				{
					"name": "lower_torso",
					"parent": "mid_torso",
					"pivot": [-3, 16.75, 0.25],
					"rotation": [-2.5, 2.5, 0],
					"cubes": [
						{"origin": [-5.08805, 7.80704, -3.27522], "size": [10, 12, 8], "pivot": [-0.08805, 13.80704, 0.72478], "rotation": [3, -3, 0], "uv": [92, 44]}
					]
				}
			]
		}
	]
}