{
	"format_version": "1.8.0",
	"animations": {
		"animation.ghoulpunny.ground_idle": {
			"loop": true,
			"bones": {
				"ear_right": {
					"rotation": [0, 0, -10]
				},
				"ear_right2": {
					"rotation": [0, 0, -50]
				},
				"ear_right3": {
					"rotation": [0, 0, -5]
				},
				"ear_right4": {
					"rotation": [0, 0, -5]
				},
				"ear_right5": {
					"rotation": [0, 0, -5]
				},
				"ear_left": {
					"rotation": [0, 0, 10]
				},
				"ear_left2": {
					"rotation": [0, 0, 50]
				},
				"ear_left3": {
					"rotation": [0, 0, 5]
				},
				"ear_left4": {
					"rotation": [0, 0, 5]
				},
				"ear_left5": {
					"rotation": [0, 0, 5]
				},
				"arm_right": {
					"rotation": [15, 15, -50]
				},
				"arm_right2": {
					"rotation": [0, -30, 0]
				},
				"arm_left": {
					"rotation": [15, -15, 50]
				},
				"arm_left2": {
					"rotation": [0, 30, 0]
				}
			}
		},
		"animation.ghoulpunny.air_idle": {
			"loop": true,
			"animation_length": 1,
			"bones": {
				"ear_right": {
					"rotation": [0, 0, -10]
				},
				"ear_right2": {
					"rotation": [0, 0, -50]
				},
				"ear_right3": {
					"rotation": [0, 0, -5]
				},
				"ear_right4": {
					"rotation": [0, 0, -5]
				},
				"ear_right5": {
					"rotation": [0, 0, -5]
				},
				"ear_left": {
					"rotation": [0, 0, 10]
				},
				"ear_left2": {
					"rotation": [0, 0, 50]
				},
				"ear_left3": {
					"rotation": [0, 0, 5]
				},
				"ear_left4": {
					"rotation": [0, 0, 5]
				},
				"ear_left5": {
					"rotation": [0, 0, 5]
				},
				"arm_right": {
					"rotation": [15, 15, -50]
				},
				"arm_right2": {
					"rotation": [0, -30, 0]
				},
				"arm_left": {
					"rotation": [15, -15, 50]
				},
				"arm_left2": {
					"rotation": [0, 30, 0]
				},
				"ghoulpunny": {
					"position": {
						"0.0": [0, 0, 0],
						"0.25": [0, 1, 0],
						"0.5": [0, 2, 0],
						"0.75": [0, 1, 0],
						"1.0": [0, 0, 0]
					}
				}
			}
		},
		"animation.ghoulpunny.faint": {
			"loop": true,
			"animation_length": 0.75,
			"bones": {
				"ear_right": {
					"rotation": [0, 0, -10]
				},
				"ear_right2": {
					"rotation": [0, 0, -50]
				},
				"ear_right3": {
					"rotation": [0, 0, -5]
				},
				"ear_right4": {
					"rotation": [0, 0, -5]
				},
				"ear_right5": {
					"rotation": [0, 0, -5]
				},
				"ear_left": {
					"rotation": [0, 0, 10]
				},
				"ear_left2": {
					"rotation": [0, 0, 50]
				},
				"ear_left3": {
					"rotation": [0, 0, 5]
				},
				"ear_left4": {
					"rotation": [0, 0, 5]
				},
				"ear_left5": {
					"rotation": [0, 0, 5]
				},
				"arm_right": {
					"rotation": [15, 15, -50]
				},
				"arm_right2": {
					"rotation": [0, -30, 0]
				},
				"arm_left": {
					"rotation": [15, -15, 50]
				},
				"arm_left2": {
					"rotation": [0, 30, 0]
				},
				"ghoulpunny": {
					"rotation": {
						"0.0": [0, 0, 0],
						"0.7083": [-90, 0, 0]
					},
					"position": {
						"0.0": [0, 0, 0],
						"0.7083": [0, 4, -7]
					}
				}
			}
		},
		"animation.ghoulpunny.blink": {
			"animation_length": 0.1667,
			"bones": {
				"eyelid_right": {
					"position": {
						"0.0": [-0.1, 0, 0],
						"0.125": [-0.1, 0, 0],
						"0.1667": [0, 0, 0]
					}
				},
				"eyelid_left": {
					"position": {
						"0.0": [0.1, 0, 0],
						"0.125": [0.1, 0, 0],
						"0.1667": [0, 0, 0]
					}
				}
			}
		}
	}
}