{
  "implemented": true,
  "name": "Sableye",
  "nationalPokedexNumber": 302,
  "primaryType": "dark",
  "secondaryType": "ghost",
  "abilities": [
    "keeneye",
    "stall",
    "h:prankster"
  ],
  "baseStats": {
    "hp": 50,
    "attack": 75,
    "defence": 75,
    "special_attack": 65,
    "special_defence": 65,
    "speed": 50
  },
  "catchRate": 45,
  "maleRatio": 0.5,
  "shoulderMountable": true,
  "forms": [
    {
      "name": "Mega",
      "primaryType": "dark",
      "secondaryType": "ghost",
      "abilities": [
        "magicbounce"
      ],
      "baseStats": {
        "hp": 50,
        "attack": 85,
        "defence": 125,
        "special_attack": 85,
        "special_defence": 115,
        "speed": 20
      },
      "catchRate": 45,
      "maleRatio": 0.5,
      "baseExperienceYield": 168,
      "baseFriendship": 35,
      "evYield": {
        "hp": 0,
        "attack": 1,
        "defence": 1,
        "special_attack": 0,
        "special_defence": 0,
        "speed": 0
      },
      "experienceGroup": "medium_slow",
      "eggCycles": 25,
      "eggGroups": [
        "human_like"
      ],
      "moves": [],
      "labels": [
        "gen6",
        "mega"
      ],
      "aspects": [
        "mega"
      ],
      "height": 5,
      "weight": 1610,
      "evolutions": [],
      "cannotDynamax": false,
      "battleOnly": true
    },
	{
		"name": "Craftian",
		"aspects": ["craftian"],
		"primaryType": "dark",
		"secondaryType": "psychic",
		"abilities": ["moldbreaker", "soundproof", "h:prankster"],
		"baseStats": {
            "hp": 50,
            "attack": 65,
            "defence": 65,
            "special_attack": 75,
            "special_defence": 75,
            "speed": 20
        },
		"moves": [
			"1:scratch",
			"1:leer",
			"3:astonish",
			"4:foresight",
			"6:confuseray",
			"9:shadowsneak",
			"12:fakeout",
			"15:disable",
			"18:detect",
			"19:dazzlinggleam",
			"21:nightshade",
			"24:calmmind",
			"24:punishment",
			"27:knockoff",
			"30:quash",
			"33:psyshock",
			"36:meanlook",
			"39:powergem",
			"42:zenheadbutt",
			"45:shadowball",
			"48:foulplay",
			"egg:captivate",
			"egg:feint",
			"egg:flatter",
			"egg:metalburst",
			"egg:moonlight",
			"egg:recover",
			"egg:suckerpunch",
			"egg:torment",
			"tm:aerialace",
			"tm:allyswitch",
			"tm:attract",
			"tm:bodyslam",
			"tm:brickbreak",
			"tm:calmmind",
			"tm:confide",
			"tm:cut",
			"tm:darkpulse",
			"tm:dazzlinggleam",
			"tm:dig",
			"tm:doubleteam",
			"tm:drainpunch",
			"tm:dreameater",
			"tm:embargo",
			"tm:encore",
			"tm:endure",
			"tm:facade",
			"tm:firepunch",
			"tm:flash",
			"tm:fling",
			"tm:foulplay",
			"tm:frustration",
			"tm:gyroball",
			"tm:helpinghand",
			"tm:hex",
			"tm:hiddenpower",
			"tm:honeclaws",
			"tm:icepunch",
			"tm:icywind",
			"tm:imprison",
			"tm:incinerate",
			"tm:lowkick",
			"tm:lowsweep",
			"tm:megakick",
			"tm:megapunch",
			"tm:metronome",
			"tm:nastyplot",
			"tm:naturalgift",
			"tm:payback",
			"tm:poisonjab",
			"tm:powergem",
			"tm:poweruppunch",
			"tm:protect",
			"tm:psychic",
			"tm:psychup",
			"tm:raindance",
			"tm:rest",
			"tm:retaliate",
			"tm:return",
			"tm:rocksmash",
			"tm:rocktomb",
			"tm:round",
			"tm:secretpower",
			"tm:shadowball",
			"tm:shadowclaw",
			"tm:sleeptalk",
			"tm:snarl",
			"tm:snore",
			"tm:substitute",
			"tm:swagger",
			"tm:taunt",
			"tm:thief",
			"tm:thunderpunch",
			"tm:toxic",
			"tm:trick",
			"tm:willowisp",
			"tm:wonderroom",
			"tm:zenheadbutt",
			"tutor:counter",
			"tutor:doubleedge",
			"tutor:dynamicpunch",
			"tutor:focuspunch",
			"tutor:furycutter",
			"tutor:gravity",
			"tutor:headbutt",
			"tutor:lashout",
			"tutor:magiccoat",
			"tutor:mimic",
			"tutor:mudslap",
			"tutor:nightmare",
			"tutor:ominouswind",
			"tutor:painsplit",
			"tutor:poltergeist",
			"tutor:roleplay",
			"tutor:seismictoss",
			"tutor:shockwave",
			"tutor:signalbeam",
			"tutor:snatch",
			"tutor:spite",
			"tutor:telekinesis",
			"tutor:waterpulse",
			"tutor:expandingforce",
			"tutor:psychicterrain"
      ],
      "pokedex": [
        "cobblemon.form.sableye-craftian.desc"
      ],
      "weight": 106,
      "evolutions": [],
      "labels": ["gen3", "customized_official", "custom", "custom_regional"]
	}
  ],
  "baseExperienceYield": 133,
  "experienceGroup": "medium_slow",
  "eggCycles": 25,
  "eggGroups": [
    "human_like"
  ],
  "drops": {
    "amount": "3",
    "entries": [
      {
        "item": "minecraft:amethyst_shard",
        "quantityRange": "1-2",
        "percentage": 66
      },
      {
        "item": "minecraft:diamond",
        "percentage": 5
      },
      {
        "item": "minecraft:emerald",
        "percentage": 5
      }
    ]
  },
  "moves": [
    "1:leer",
    "1:scratch",
    "3:astonish",
    "4:foresight",
    "9:shadowsneak",
    "12:fakeout",
    "15:disable",
    "18:detect",
    "19:feintattack",
    "21:nightshade",
    "24:furyswipes",
    "24:punishment",
    "27:knockoff",
    "30:quash",
    "33:shadowclaw",
    "36:meanlook",
    "39:powergem",
    "42:zenheadbutt",
    "45:shadowball",
    "48:foulplay",
    "egg:captivate",
    "egg:feint",
    "egg:flatter",
    "egg:metalburst",
    "egg:moonlight",
    "egg:recover",
    "egg:suckerpunch",
    "egg:torment",
    "tm:aerialace",
    "tm:allyswitch",
    "tm:attract",
    "tm:bodyslam",
    "tm:brickbreak",
    "tm:bulkup",
    "tm:calmmind",
    "tm:confide",
    "tm:confuseray",
    "tm:cut",
    "tm:darkpulse",
    "tm:dazzlinggleam",
    "tm:dig",
    "tm:doubleteam",
    "tm:drainpunch",
    "tm:dreameater",
    "tm:embargo",
    "tm:encore",
    "tm:endure",
    "tm:energyball",
    "tm:facade",
    "tm:firepunch",
    "tm:flash",
    "tm:fling",
    "tm:foulplay",
    "tm:frustration",
    "tm:gigadrain",
    "tm:gigaimpact",
    "tm:gyroball",
    "tm:helpinghand",
    "tm:hex",
    "tm:hiddenpower",
    "tm:honeclaws",
    "tm:hyperbeam",
    "tm:icepunch",
    "tm:icywind",
    "tm:imprison",
    "tm:incinerate",
    "tm:lightscreen",
    "tm:lowkick",
    "tm:lowsweep",
    "tm:megakick",
    "tm:megapunch",
    "tm:metalclaw",
    "tm:metronome",
    "tm:mudshot",
    "tm:mudslap",
    "tm:nastyplot",
    "tm:naturalgift",
    "tm:nightshade",
    "tm:payback",
    "tm:phantomforce",
    "tm:poisonjab",
    "tm:powergem",
    "tm:poweruppunch",
    "tm:protect",
    "tm:psybeam",
    "tm:psychic",
    "tm:psychup",
    "tm:raindance",
    "tm:reflect",
    "tm:rest",
    "tm:retaliate",
    "tm:return",
    "tm:rocksmash",
    "tm:rocktomb",
    "tm:round",
    "tm:secretpower",
    "tm:shadowball",
    "tm:shadowclaw",
    "tm:skillswap",
    "tm:sleeptalk",
    "tm:snarl",
    "tm:snore",
    "tm:substitute",
    "tm:sunnyday",
    "tm:swagger",
    "tm:takedown",
    "tm:taunt",
    "tm:terablast",
    "tm:thief",
    "tm:thunderpunch",
    "tm:thunderwave",
    "tm:toxic",
    "tm:trick",
    "tm:willowisp",
    "tm:wonderroom",
    "tm:xscissor",
    "tm:zenheadbutt",
    "tutor:counter",
    "tutor:doubleedge",
    "tutor:dynamicpunch",
    "tutor:focuspunch",
    "tutor:furycutter",
    "tutor:gravity",
    "tutor:headbutt",
    "tutor:lashout",
    "tutor:magiccoat",
    "tutor:mimic",
    "tutor:nightmare",
    "tutor:octazooka",
    "tutor:ominouswind",
    "tutor:painsplit",
    "tutor:poltergeist",
    "tutor:roleplay",
    "tutor:seismictoss",
    "tutor:shockwave",
    "tutor:signalbeam",
    "tutor:snatch",
    "tutor:spite",
    "tutor:telekinesis",
    "tutor:tickle",
    "tutor:waterpulse"
  ],
  "labels": [
    "gen3"
  ],
  "pokedex": [
    "cobblemon.species.sableye.desc"
  ],
  "evolutions": [],
  "baseScale": 0.65,
  "hitbox": {
    "width": 0.7,
    "height": 1.2,
    "fixed": false
  },
  "baseFriendship": 35,
  "evYield": {
    "hp": 0,
    "attack": 1,
    "defence": 1,
    "special_attack": 0,
    "special_defence": 0,
    "speed": 0
  },
  "height": 5,
  "weight": 110,
  "aspects": [],
  "cannotDynamax": false
}