{
	"format_version": "1.12.0",
	"minecraft:geometry": [
		{
			"description": {
				"identifier": "geometry.unknown",
				"texture_width": 128,
				"texture_height": 128,
				"visible_bounds_width": 3,
				"visible_bounds_height": 2.5,
				"visible_bounds_offset": [0, 0.75, 0]
			},
			"bones": [
				{
					"name": "gimmickgold",
					"pivot": [0, 0, 0]
				},
				{
					"name": "body_all",
					"parent": "gimmickgold",
					"pivot": [0, 6.675, 0.15]
				},
				{
					"name": "top_chest",
					"parent": "body_all",
					"pivot": [0, 9.05, 7],
					"rotation": [-50, 0, 0],
					"cubes": [
						{"origin": [-1, 7, -7.95], "size": [2, 4, 1], "uv": [18, 19]},
						{"origin": [-7, 9, -7], "size": [14, 5, 14], "uv": [0, 0]}
					]
				},
				{
					"name": "pokemon",
					"parent": "body_all",
					"pivot": [0, 9.95, 0.575]
				},
				{
					"name": "head",
					"parent": "pokemon",
					"pivot": [0, 9.95, 0.575],
					"cubes": [
						{"origin": [-2, 9.975, -1.425], "size": [4, 4, 3], "uv": [0, 0]},
						{"origin": [-0.425, 10.45, -1.6254], "size": [1, 1, 1], "inflate": -0.2, "uv": [23, 23]},
						{"origin": [0.175, 10.65, -1.6254], "size": [1, 1, 1], "inflate": -0.2, "uv": [9, 7]}
					]
				},
				{
					"name": "anthena_l",
					"parent": "head",
					"pivot": [-1.475, 13.95, -0.975],
					"rotation": [170, -42.5, 180]
				},
				{
					"name": "bone6",
					"parent": "anthena_l",
					"pivot": [-1.5, 13.95, -1.075],
					"cubes": [
						{"origin": [-2, 13.95, -1], "size": [1, 1, 0], "uv": [11, 2]}
					]
				},
				{
					"name": "bone7",
					"parent": "bone6",
					"pivot": [-1.5, 14.95, -1],
					"rotation": [-37.5, 0, 0],
					"cubes": [
						{"origin": [-2, 14.95, -1], "size": [1, 2, 0], "uv": [0, 7]}
					]
				},
				{
					"name": "bone8",
					"parent": "bone7",
					"pivot": [-1.5, 16.95, -1],
					"rotation": [-50, 0, 0],
					"cubes": [
						{"origin": [-2, 16.95, -1], "size": [1, 2, 0], "uv": [0, 0]}
					]
				},
				{
					"name": "bone9",
					"parent": "bone8",
					"pivot": [-1.49375, 18.94375, -0.9975],
					"rotation": [-42.5, 0, 0],
					"cubes": [
						{"origin": [-2, 18.95, -1], "size": [1, 1, 0], "uv": [9, 9]},
						{"origin": [-2.475, 19.475, -0.995], "size": [2, 2, 0], "uv": [0, 26]},
						{"origin": [-2, 19.975, -1.01], "size": [1, 1, 0], "uv": [0, 9]},
						{"origin": [-2, 19.975, -0.985], "size": [1, 1, 0], "uv": [0, 2]}
					]
				},
				{
					"name": "anthena_r",
					"parent": "head",
					"pivot": [1.475, 13.95, -0.975],
					"rotation": [170, 42.5, 180]
				},
				{
					"name": "bone5",
					"parent": "anthena_r",
					"pivot": [1.475, 14, -0.95],
					"cubes": [
						{"origin": [1, 13.95, -1], "size": [1, 1, 0], "uv": [0, 13]}
					]
				},
				{
					"name": "bone2",
					"parent": "bone5",
					"pivot": [1.5, 14.95, -1],
					"rotation": [-37.5, 0, 0],
					"cubes": [
						{"origin": [1, 14.95, -1], "size": [1, 2, 0], "uv": [12, 9]}
					]
				},
				{
					"name": "bone3",
					"parent": "bone2",
					"pivot": [1.5, 16.95, -1],
					"rotation": [-50, 0, 0],
					"cubes": [
						{"origin": [1, 16.95, -1], "size": [1, 2, 0], "uv": [11, 0]}
					]
				},
				{
					"name": "bone4",
					"parent": "bone3",
					"pivot": [1.49375, 18.94375, -0.9975],
					"rotation": [-42.5, 0, 0],
					"cubes": [
						{"origin": [1, 18.95, -1], "size": [1, 1, 0], "uv": [12, 12]},
						{"origin": [0.475, 19.475, -0.995], "size": [2, 2, 0], "uv": [4, 26]},
						{"origin": [1, 19.975, -1.01], "size": [1, 1, 0], "uv": [12, 11]},
						{"origin": [1, 19.975, -0.985], "size": [1, 1, 0], "uv": [12, 7]}
					]
				},
				{
					"name": "eye_left",
					"parent": "head",
					"pivot": [0, 9.95, 0.575],
					"cubes": [
						{"origin": [-1.4, 11.75, -1.452], "size": [1, 1, 1], "inflate": 0.05, "uv": [24, 19]},
						{"origin": [0.225, 11.95, -1.781], "size": [1, 1, 1], "inflate": -0.275, "uv": [29, 20], "mirror": true},
						{"origin": [-1.4, 11.75, -1.325], "size": [1, 1, 1], "inflate": 0.175, "uv": [25, 25]},
						{"origin": [-1.125, 11.475, -1.73], "size": [1, 1, 1], "inflate": -0.225, "uv": [30, 22], "mirror": true},
						{"origin": [-0.5, 11.7, -1.725], "size": [1, 1, 1], "inflate": -0.275, "uv": [18, 24]}
					]
				},
				{
					"name": "eye_right",
					"parent": "head",
					"pivot": [0, 9.95, 0.575],
					"cubes": [
						{"origin": [0.4, 11.75, -1.454], "size": [1, 1, 1], "inflate": 0.05, "uv": [24, 21]},
						{"origin": [0.675, 11.475, -1.73], "size": [1, 1, 1], "inflate": -0.225, "uv": [30, 22]},
						{"origin": [-1.575, 11.95, -1.781], "size": [1, 1, 1], "inflate": -0.275, "uv": [29, 20]},
						{"origin": [0.4, 11.75, -1.325], "size": [1, 1, 1], "inflate": 0.175, "uv": [21, 25]}
					]
				},
				{
					"name": "body",
					"parent": "pokemon",
					"pivot": [0.025, 9.55, 0.05],
					"cubes": [
						{"origin": [-1.475, 6.05, -0.95], "size": [3, 5, 2], "uv": [0, 19]}
					]
				},
				{
					"name": "hand_motion",
					"parent": "body",
					"pivot": [0.475, 9.175, -0.15]
				},
				{
					"name": "gold_block",
					"parent": "hand_motion",
					"pivot": [0.475, 9.175, -3.3],
					"cubes": [
						{"origin": [-1.45, 7.675, -4.8], "size": [3, 3, 3], "pivot": [0.475, 9.175, -3.3], "rotation": [5, 0, 0], "uv": [0, 7]}
					]
				},
				{
					"name": "hand_l",
					"parent": "hand_motion",
					"pivot": [2.025, 9.55, -0.45],
					"cubes": [
						{"origin": [1.525, 7.05, -0.95], "size": [1, 3, 1], "pivot": [2.025, 9.55, -0.45], "rotation": [-84.981, 4.98093, 0.43688], "uv": [10, 23]}
					]
				},
				{
					"name": "hand_r",
					"parent": "hand_motion",
					"pivot": [-2.025, 9.55, -0.45],
					"cubes": [
						{"origin": [-2.525, 7.05, -0.95], "size": [1, 3, 1], "pivot": [-2.025, 9.55, -0.45], "rotation": [-84.981, -4.98093, -0.43688], "uv": [10, 19]}
					]
				},
				{
					"name": "bot_chest",
					"parent": "body_all",
					"pivot": [6, 0, -6],
					"cubes": [
						{"origin": [5, 0, -7], "size": [2, 9, 14], "uv": [18, 28]},
						{"origin": [-7, 0, -7], "size": [2, 9, 14], "uv": [0, 19]},
						{"origin": [-5, 0, -7], "size": [10, 9, 2], "uv": [0, 51]},
						{"origin": [-5, 0, 5], "size": [10, 9, 2], "uv": [42, 0]},
						{"origin": [-5, 0, -5], "size": [10, 2, 10], "uv": [40, 41]},
						{"origin": [-5, 6, -5], "size": [10, 2, 10], "uv": [36, 19]}
					]
				},
				{
					"name": "coin",
					"parent": "bot_chest",
					"pivot": [6, 0, -6],
					"cubes": [
						{"origin": [2.175, 7.825, -4.175], "size": [2, 1, 2], "inflate": -0.15, "pivot": [3.175, 8.325, -3.175], "rotation": [0, -10, 0], "uv": [0, 63]},
						{"origin": [1.875, 7.825, 1.125], "size": [2, 1, 2], "inflate": -0.15, "pivot": [2.875, 8.325, 2.125], "rotation": [0, 52.5, 0], "uv": [0, 63]},
						{"origin": [2.50657, 8.15195, -0.39622], "size": [2, 1, 2], "inflate": -0.15, "pivot": [3.50657, 8.67695, 0.60378], "rotation": [32.07519, 59.27135, 40.80484], "uv": [0, 63]},
						{"origin": [1.29803, 8.34626, 2.05192], "size": [2, 1, 2], "inflate": -0.15, "pivot": [2.29803, 8.84626, 2.87692], "rotation": [-41.28647, -56.27599, 18.55858], "uv": [0, 63]},
						{"origin": [2.65791, 8.11404, -2.76034], "size": [2, 1, 2], "inflate": -0.15, "pivot": [3.75791, 8.61404, -1.76034], "rotation": [-140.24787, 49.34636, -137.43938], "uv": [0, 63]},
						{"origin": [-4.25, 7.825, -3.125], "size": [2, 1, 2], "inflate": -0.15, "pivot": [-3.25, 8.325, -2.125], "rotation": [0, 60, 0], "uv": [0, 63]},
						{"origin": [-4.75, 8.3, -2.25897], "size": [2, 1, 2], "inflate": -0.15, "pivot": [-3.75, 8.325, -1.25897], "rotation": [-27.5, -17.5, 0], "uv": [0, 63]},
						{"origin": [-5.58188, 8.60302, -2.21615], "size": [2, 1, 2], "inflate": -0.15, "pivot": [-3.43188, 10.15302, -0.36615], "rotation": [1.61116, 76.19376, -24.72083], "uv": [0, 63]},
						{"origin": [-4.24008, 8.27051, -4.65313], "size": [2, 1, 2], "inflate": -0.15, "pivot": [-3.24008, 8.77051, -3.65313], "rotation": [127.10765, 57.11461, 148.11651], "uv": [0, 63]},
						{"origin": [-3.825, 7.825, -0.725], "size": [2, 1, 2], "inflate": -0.15, "pivot": [-3.25, 8.325, 0.875], "rotation": [0, -145, 0], "uv": [0, 63]},
						{"origin": [-5.23192, 8.525, 0.34743], "size": [2, 1, 2], "inflate": -0.15, "pivot": [-3.80692, 8.325, 1.99743], "rotation": [-154.14977, 7.41475, -178.85925], "uv": [0, 63]},
						{"origin": [-1.86477, 8.34349, 1.54793], "size": [2, 1, 2], "inflate": -0.15, "pivot": [-1.46477, 7.81849, 2.89793], "rotation": [96.82813, 75.57102, 121.58812], "uv": [0, 63]},
						{"origin": [-2.51683, 7.825, 1.454], "size": [2, 1, 2], "inflate": -0.15, "pivot": [-1.16683, 8.325, 2.804], "rotation": [0, 152.5, 0], "uv": [0, 63]},
						{"origin": [-0.62422, 8.175, 1.794], "size": [2, 1, 2], "inflate": -0.15, "pivot": [0.27578, 8.325, 2.794], "rotation": [22.03317, -2.19921, 11.2615], "uv": [0, 63]}
					]
				}
			]
		}
	]
}