{
	"format_version": "1.8.0",
	"animations": {
		"animation.ironholo.ground_idle": {
			"loop": true,
			"animation_length": 2,
			"bones": {
				"Body": {
					"rotation": {
						"0.0": [0, 0, 0],
						"1.0": [0, 0, 5],
						"2.0": [0, 0, 0]
					},
					"position": {
						"0.0": [0, 0, 0],
						"1.0": [-0.5, 0, 0],
						"2.0": [0, 0, 0]
					}
				},
				"FinLeft": {
					"rotation": {
						"0.0": [0, 0, 0],
						"1.0": [5, 0, 0],
						"2.0": [0, 0, 0]
					},
					"position": {
						"0.0": [0, 0, 0],
						"1.0": [1, 0, 1],
						"2.0": [0, 0, 0]
					}
				},
				"Head": {
					"rotation": {
						"0.0": [0, 0, 0],
						"1.25": [0, 0, -12.5],
						"2.0": [0, 0, 0]
					}
				},
				"FinRight": {
					"rotation": {
						"0.0": [0, 0, 0],
						"1.0": [5, 0, 0],
						"2.0": [0, 0, 0]
					},
					"position": {
						"0.0": [0, 0, 0],
						"1.0": [-1, 0, 1],
						"2.0": [0, 0, 0]
					}
				},
				"Tail2": {
					"rotation": {
						"0.0": [0, 0, 0],
						"2.0": [0, 0, 360]
					}
				},
				"RightFIn": {
					"rotation": {
						"0.0": [0, 0, 0],
						"1.0": [0, 0, 30],
						"2.0": [0, 0, 0]
					}
				},
				"FingerR1": {
					"rotation": {
						"0.0": [0, 0, 0],
						"1.2083": [0, 0, -20],
						"2.0": [0, 0, 0]
					}
				},
				"FingerR2": {
					"rotation": {
						"0.0": [0, 0, 0],
						"1.2083": [-5, -12.5, -20],
						"2.0": [0, 0, 0]
					}
				},
				"FingerR3": {
					"rotation": {
						"0.0": [0, 0, 0],
						"1.2083": [-15, -7.5, -30],
						"2.0": [0, 0, 0]
					}
				},
				"LeftFin": {
					"rotation": {
						"0.0": [0, 0, 0],
						"1.0": [0, 0, -30],
						"2.0": [0, 0, 0]
					}
				},
				"FingerR4": {
					"rotation": {
						"0.0": [0, 0, 0],
						"1.2083": [-17.33121, -8.65331, 27.15649],
						"2.0": [0, 0, 0]
					}
				},
				"FingerR5": {
					"rotation": {
						"0.0": [0, 0, 0],
						"1.2083": [0, 0, 12.5],
						"2.0": [0, 0, 0]
					}
				},
				"FingerR6": {
					"rotation": {
						"0.0": [0, 0, 0],
						"1.2083": [-12.5, 0, 17.5],
						"2.0": [0, 0, 0]
					}
				},
				"BodyHologram": {
					"scale": {
						"0.0": [1, 1, 1],
						"0.3333": [1, 1, 1],
						"1.0833": [1, 1, 1],
						"1.625": [1, 1, 1],
						"2.0": [1, 1, 1]
					}
				},
				"BottomTeeth": {
					"position": {
						"0.0": [0, 0, 0],
						"1.2083": [0, -1, 0],
						"2.0": [0, 0, 0]
					}
				},
				"topteeth": {
					"position": {
						"0.0": [0, 0, 0],
						"1.3333": [0, 1, 0],
						"2.0": [0, 0, 0]
					}
				},
				"Lefttail": {
					"rotation": {
						"0.0": [0, 0, 0],
						"1.25": [0, 20, 0],
						"2.0": [0, 0, 0]
					}
				},
				"Righttail": {
					"rotation": {
						"0.0": [0, 0, 0],
						"1.25": [0, -20, 0],
						"2.0": [0, 0, 0]
					}
				},
				"TailFlap": {
					"rotation": {
						"0.0": [0, 0, 0],
						"1.6667": [37.5, 0, 0],
						"2.0": [0, 0, 0]
					}
				},
				"LeftFish": {
					"scale": {
						"0.0": [1, 1, 1],
						"1.0": [1, 1, 1],
						"1.375": [1, 0.3, 1],
						"2.0": [1, 1, 1]
					}
				},
				"RightFish": {
					"scale": {
						"0.0": [1, 1, 1],
						"1.0": [1, 1, 1],
						"1.375": [1, 0.3, 1],
						"2.0": [1, 1, 1]
					}
				}
			}
		},
		"animation.ironholo.water_idle": {
			"loop": true,
			"animation_length": 2,
			"bones": {
				"Body": {
					"rotation": {
						"0.0": [0, 0, 0],
						"1.0": [0, 0, 5],
						"2.0": [0, 0, 0]
					},
					"position": {
						"0.0": [0, 0, 0],
						"1.0": [-0.5, 0, 0],
						"2.0": [0, 0, 0]
					}
				},
				"FinLeft": {
					"rotation": {
						"0.0": [0, 0, 0],
						"1.0": [5, 0, 0],
						"2.0": [0, 0, 0]
					},
					"position": {
						"0.0": [0, 0, 0],
						"1.0": [1, 0, 1],
						"2.0": [0, 0, 0]
					}
				},
				"Head": {
					"rotation": {
						"0.0": [0, 0, 0],
						"1.25": [0, 0, -12.5],
						"2.0": [0, 0, 0]
					}
				},
				"FinRight": {
					"rotation": {
						"0.0": [0, 0, 0],
						"1.0": [5, 0, 0],
						"2.0": [0, 0, 0]
					},
					"position": {
						"0.0": [0, 0, 0],
						"1.0": [-1, 0, 1],
						"2.0": [0, 0, 0]
					}
				},
				"Tail2": {
					"rotation": {
						"0.0": [0, 0, 0],
						"2.0": [0, 0, 360]
					}
				},
				"RightFIn": {
					"rotation": {
						"0.0": [0, 0, 0],
						"1.0": [0, 0, 30],
						"2.0": [0, 0, 0]
					}
				},
				"FingerR1": {
					"rotation": {
						"0.0": [0, 0, 0],
						"1.2083": [0, 0, -20],
						"2.0": [0, 0, 0]
					}
				},
				"FingerR2": {
					"rotation": {
						"0.0": [0, 0, 0],
						"1.2083": [-5, -12.5, -20],
						"2.0": [0, 0, 0]
					}
				},
				"FingerR3": {
					"rotation": {
						"0.0": [0, 0, 0],
						"1.2083": [-15, -7.5, -30],
						"2.0": [0, 0, 0]
					}
				},
				"LeftFin": {
					"rotation": {
						"0.0": [0, 0, 0],
						"1.0": [0, 0, -30],
						"2.0": [0, 0, 0]
					}
				},
				"FingerR4": {
					"rotation": {
						"0.0": [0, 0, 0],
						"1.2083": [-17.33121, -8.65331, 27.15649],
						"2.0": [0, 0, 0]
					}
				},
				"FingerR5": {
					"rotation": {
						"0.0": [0, 0, 0],
						"1.2083": [0, 0, 12.5],
						"2.0": [0, 0, 0]
					}
				},
				"FingerR6": {
					"rotation": {
						"0.0": [0, 0, 0],
						"1.2083": [-12.5, 0, 17.5],
						"2.0": [0, 0, 0]
					}
				},
				"BodyHologram": {
					"scale": {
						"0.0": [1, 1, 1],
						"0.3333": [1, 1, 1],
						"1.0833": [1, 1, 1],
						"1.625": [1, 1, 1],
						"2.0": [1, 1, 1]
					}
				},
				"BottomTeeth": {
					"position": {
						"0.0": [0, 0, 0],
						"1.2083": [0, -1, 0],
						"2.0": [0, 0, 0]
					}
				},
				"topteeth": {
					"position": {
						"0.0": [0, 0, 0],
						"1.3333": [0, 1, 0],
						"2.0": [0, 0, 0]
					}
				},
				"Lefttail": {
					"rotation": {
						"0.0": [0, 0, 0],
						"1.25": [0, 20, 0],
						"2.0": [0, 0, 0]
					}
				},
				"Righttail": {
					"rotation": {
						"0.0": [0, 0, 0],
						"1.25": [0, -20, 0],
						"2.0": [0, 0, 0]
					}
				},
				"TailFlap": {
					"rotation": {
						"0.0": [0, 0, 0],
						"1.6667": [37.5, 0, 0],
						"2.0": [0, 0, 0]
					}
				},
				"LeftFish": {
					"scale": {
						"0.0": [1, 1, 1],
						"1.0": [1, 1, 1],
						"1.375": [1, 0.3, 1],
						"2.0": [1, 1, 1]
					}
				},
				"RightFish": {
					"scale": {
						"0.0": [1, 1, 1],
						"1.0": [1, 1, 1],
						"1.375": [1, 0.3, 1],
						"2.0": [1, 1, 1]
					}
				}
			}
		},
		"animation.ironholo.ground_walk": {
			"loop": true,
			"animation_length": 2,
			"bones": {
				"Body": {
					"rotation": {
						"0.0": [0, 0, 0],
						"1.0": [0, 0, 5],
						"2.0": [0, 0, 0]
					},
					"position": {
						"0.0": [0, 0, 0],
						"1.0": [-0.5, 0, 0],
						"2.0": [0, 0, 0]
					}
				},
				"FinLeft": {
					"rotation": {
						"0.0": [0, 0, 0],
						"1.0": [5, 0, 0],
						"2.0": [0, 0, 0]
					},
					"position": {
						"0.0": [0, 0, 0],
						"1.0": [1, 0, 1],
						"2.0": [0, 0, 0]
					}
				},
				"FinRight": {
					"rotation": {
						"0.0": [0, 0, 0],
						"1.0": [5, 0, 0],
						"2.0": [0, 0, 0]
					},
					"position": {
						"0.0": [0, 0, 0],
						"1.0": [-1, 0, 1],
						"2.0": [0, 0, 0]
					}
				},
				"Tail2": {
					"rotation": {
						"0.0": [0, 0, 0],
						"2.0": [0, 0, 360]
					}
				},
				"RightFIn": {
					"rotation": [0, 0, 30]
				},
				"FingerR1": {
					"rotation": {
						"0.0": [0, 0, 0],
						"1.2083": [0, 0, -20],
						"2.0": [0, 0, 0]
					}
				},
				"FingerR2": {
					"rotation": {
						"0.0": [0, 0, 0],
						"1.2083": [-5, -12.5, -20],
						"2.0": [0, 0, 0]
					}
				},
				"FingerR3": {
					"rotation": {
						"0.0": [0, 0, 0],
						"1.2083": [-15, -7.5, -30],
						"2.0": [0, 0, 0]
					}
				},
				"LeftFin": {
					"rotation": [0, 0, -30]
				},
				"FingerR4": {
					"rotation": {
						"0.0": [0, 0, 0],
						"1.2083": [-17.33121, -8.65331, 27.15649],
						"2.0": [0, 0, 0]
					}
				},
				"FingerR5": {
					"rotation": {
						"0.0": [0, 0, 0],
						"1.2083": [0, 0, 12.5],
						"2.0": [0, 0, 0]
					}
				},
				"FingerR6": {
					"rotation": {
						"0.0": [0, 0, 0],
						"1.2083": [-12.5, 0, 17.5],
						"2.0": [0, 0, 0]
					}
				},
				"BodyHologram": {
					"scale": {
						"0.0": [1, 1, 1],
						"0.3333": [1, 1, 1],
						"1.0833": [1, 1, 1],
						"1.625": [1, 1, 1],
						"2.0": [1, 1, 1]
					}
				},
				"BottomTeeth": {
					"position": {
						"0.0": [0, 0, 0],
						"1.2083": [0, -1, 0],
						"2.0": [0, 0, 0]
					}
				},
				"topteeth": {
					"position": {
						"0.0": [0, 0, 0],
						"1.3333": [0, 1, 0],
						"2.0": [0, 0, 0]
					}
				},
				"Lefttail": {
					"rotation": {
						"0.0": [0, 0, 0],
						"1.25": [0, 20, 0],
						"2.0": [0, 0, 0]
					}
				},
				"Righttail": {
					"rotation": {
						"0.0": [0, 0, 0],
						"1.25": [0, -20, 0],
						"2.0": [0, 0, 0]
					}
				},
				"TailFlap": {
					"rotation": {
						"0.0": [0, 0, 0],
						"1.6667": [37.5, 0, 0],
						"2.0": [0, 0, 0]
					}
				}
			}
		},
		"animation.ironholo.water_swim": {
			"loop": true,
			"animation_length": 2,
			"bones": {
				"Body": {
					"rotation": {
						"0.0": [0, 0, 0],
						"1.0": [0, 0, 5],
						"2.0": [0, 0, 0]
					},
					"position": {
						"0.0": [0, 0, 0],
						"1.0": [-0.5, 0, 0],
						"2.0": [0, 0, 0]
					}
				},
				"FinLeft": {
					"rotation": {
						"0.0": [0, 0, 0],
						"1.0": [5, 0, 0],
						"2.0": [0, 0, 0]
					},
					"position": {
						"0.0": [0, 0, 0],
						"1.0": [1, 0, 1],
						"2.0": [0, 0, 0]
					}
				},
				"FinRight": {
					"rotation": {
						"0.0": [0, 0, 0],
						"1.0": [5, 0, 0],
						"2.0": [0, 0, 0]
					},
					"position": {
						"0.0": [0, 0, 0],
						"1.0": [-1, 0, 1],
						"2.0": [0, 0, 0]
					}
				},
				"Tail2": {
					"rotation": {
						"0.0": [0, 0, 0],
						"2.0": [0, 0, 360]
					}
				},
				"RightFIn": {
					"rotation": [0, 0, 30]
				},
				"FingerR1": {
					"rotation": {
						"0.0": [0, 0, 0],
						"1.2083": [0, 0, -20],
						"2.0": [0, 0, 0]
					}
				},
				"FingerR2": {
					"rotation": {
						"0.0": [0, 0, 0],
						"1.2083": [-5, -12.5, -20],
						"2.0": [0, 0, 0]
					}
				},
				"FingerR3": {
					"rotation": {
						"0.0": [0, 0, 0],
						"1.2083": [-15, -7.5, -30],
						"2.0": [0, 0, 0]
					}
				},
				"LeftFin": {
					"rotation": [0, 0, -30]
				},
				"FingerR4": {
					"rotation": {
						"0.0": [0, 0, 0],
						"1.2083": [-17.33121, -8.65331, 27.15649],
						"2.0": [0, 0, 0]
					}
				},
				"FingerR5": {
					"rotation": {
						"0.0": [0, 0, 0],
						"1.2083": [0, 0, 12.5],
						"2.0": [0, 0, 0]
					}
				},
				"FingerR6": {
					"rotation": {
						"0.0": [0, 0, 0],
						"1.2083": [-12.5, 0, 17.5],
						"2.0": [0, 0, 0]
					}
				},
				"BodyHologram": {
					"scale": {
						"0.0": [1, 1, 1],
						"0.3333": [1, 1, 1],
						"1.0833": [1, 1, 1],
						"1.625": [1, 1, 1],
						"2.0": [1, 1, 1]
					}
				},
				"BottomTeeth": {
					"position": {
						"0.0": [0, 0, 0],
						"1.2083": [0, -1, 0],
						"2.0": [0, 0, 0]
					}
				},
				"topteeth": {
					"position": {
						"0.0": [0, 0, 0],
						"1.3333": [0, 1, 0],
						"2.0": [0, 0, 0]
					}
				},
				"Lefttail": {
					"rotation": {
						"0.0": [0, 0, 0],
						"1.25": [0, 20, 0],
						"2.0": [0, 0, 0]
					}
				},
				"Righttail": {
					"rotation": {
						"0.0": [0, 0, 0],
						"1.25": [0, -20, 0],
						"2.0": [0, 0, 0]
					}
				},
				"TailFlap": {
					"rotation": {
						"0.0": [0, 0, 0],
						"1.6667": [37.5, 0, 0],
						"2.0": [0, 0, 0]
					}
				}
			}
		},
		"animation.ironholo.air_idle": {
			"loop": true,
			"animation_length": 2,
			"bones": {
				"Body": {
					"rotation": {
						"0.0": [0, 0, 0],
						"1.0": [0, 0, 5],
						"2.0": [0, 0, 0]
					},
					"position": {
						"0.0": [0, 0, 0],
						"1.0": [-0.5, 0, 0],
						"2.0": [0, 0, 0]
					}
				},
				"FinLeft": {
					"rotation": {
						"0.0": [0, 0, 0],
						"1.0": [5, 0, 0],
						"2.0": [0, 0, 0]
					},
					"position": {
						"0.0": [0, 0, 0],
						"1.0": [1, 0, 1],
						"2.0": [0, 0, 0]
					}
				},
				"Head": {
					"rotation": {
						"0.0": [0, 0, 0],
						"1.25": [0, 0, -12.5],
						"2.0": [0, 0, 0]
					}
				},
				"FinRight": {
					"rotation": {
						"0.0": [0, 0, 0],
						"1.0": [5, 0, 0],
						"2.0": [0, 0, 0]
					},
					"position": {
						"0.0": [0, 0, 0],
						"1.0": [-1, 0, 1],
						"2.0": [0, 0, 0]
					}
				},
				"Tail2": {
					"rotation": {
						"0.0": [0, 0, 0],
						"2.0": [0, 0, 360]
					}
				},
				"RightFIn": {
					"rotation": {
						"0.0": [0, 0, 0],
						"1.0": [0, 0, 30],
						"2.0": [0, 0, 0]
					}
				},
				"FingerR1": {
					"rotation": {
						"0.0": [0, 0, 0],
						"1.2083": [0, 0, -20],
						"2.0": [0, 0, 0]
					}
				},
				"FingerR2": {
					"rotation": {
						"0.0": [0, 0, 0],
						"1.2083": [-5, -12.5, -20],
						"2.0": [0, 0, 0]
					}
				},
				"FingerR3": {
					"rotation": {
						"0.0": [0, 0, 0],
						"1.2083": [-15, -7.5, -30],
						"2.0": [0, 0, 0]
					}
				},
				"LeftFin": {
					"rotation": {
						"0.0": [0, 0, 0],
						"1.0": [0, 0, -30],
						"2.0": [0, 0, 0]
					}
				},
				"FingerR4": {
					"rotation": {
						"0.0": [0, 0, 0],
						"1.2083": [-17.33121, -8.65331, 27.15649],
						"2.0": [0, 0, 0]
					}
				},
				"FingerR5": {
					"rotation": {
						"0.0": [0, 0, 0],
						"1.2083": [0, 0, 12.5],
						"2.0": [0, 0, 0]
					}
				},
				"FingerR6": {
					"rotation": {
						"0.0": [0, 0, 0],
						"1.2083": [-12.5, 0, 17.5],
						"2.0": [0, 0, 0]
					}
				},
				"BodyHologram": {
					"scale": {
						"0.0": [1, 1, 1],
						"0.3333": [1, 1, 1],
						"1.0833": [1, 1, 1],
						"1.625": [1, 1, 1],
						"2.0": [1, 1, 1]
					}
				},
				"BottomTeeth": {
					"position": {
						"0.0": [0, 0, 0],
						"1.2083": [0, -1, 0],
						"2.0": [0, 0, 0]
					}
				},
				"topteeth": {
					"position": {
						"0.0": [0, 0, 0],
						"1.3333": [0, 1, 0],
						"2.0": [0, 0, 0]
					}
				},
				"Lefttail": {
					"rotation": {
						"0.0": [0, 0, 0],
						"1.25": [0, 20, 0],
						"2.0": [0, 0, 0]
					}
				},
				"Righttail": {
					"rotation": {
						"0.0": [0, 0, 0],
						"1.25": [0, -20, 0],
						"2.0": [0, 0, 0]
					}
				},
				"TailFlap": {
					"rotation": {
						"0.0": [0, 0, 0],
						"1.6667": [37.5, 0, 0],
						"2.0": [0, 0, 0]
					}
				},
				"LeftFish": {
					"scale": {
						"0.0": [1, 1, 1],
						"1.0": [1, 1, 1],
						"1.375": [1, 0.3, 1],
						"2.0": [1, 1, 1]
					}
				},
				"RightFish": {
					"scale": {
						"0.0": [1, 1, 1],
						"1.0": [1, 1, 1],
						"1.375": [1, 0.3, 1],
						"2.0": [1, 1, 1]
					}
				}
			}
		},
		"animation.ironholo.air_fly": {
			"loop": true,
			"animation_length": 2,
			"bones": {
				"Body": {
					"rotation": {
						"0.0": [0, 0, 0],
						"1.0": [0, 0, 5],
						"2.0": [0, 0, 0]
					},
					"position": {
						"0.0": [0, 0, 0],
						"1.0": [-0.5, 0, 0],
						"2.0": [0, 0, 0]
					}
				},
				"FinLeft": {
					"rotation": {
						"0.0": [0, 0, 0],
						"1.0": [5, 0, 0],
						"2.0": [0, 0, 0]
					},
					"position": {
						"0.0": [0, 0, 0],
						"1.0": [1, 0, 1],
						"2.0": [0, 0, 0]
					}
				},
				"FinRight": {
					"rotation": {
						"0.0": [0, 0, 0],
						"1.0": [5, 0, 0],
						"2.0": [0, 0, 0]
					},
					"position": {
						"0.0": [0, 0, 0],
						"1.0": [-1, 0, 1],
						"2.0": [0, 0, 0]
					}
				},
				"Tail2": {
					"rotation": {
						"0.0": [0, 0, 0],
						"2.0": [0, 0, 360]
					}
				},
				"RightFIn": {
					"rotation": [0, 0, 30]
				},
				"FingerR1": {
					"rotation": {
						"0.0": [0, 0, 0],
						"1.2083": [0, 0, -20],
						"2.0": [0, 0, 0]
					}
				},
				"FingerR2": {
					"rotation": {
						"0.0": [0, 0, 0],
						"1.2083": [-5, -12.5, -20],
						"2.0": [0, 0, 0]
					}
				},
				"FingerR3": {
					"rotation": {
						"0.0": [0, 0, 0],
						"1.2083": [-15, -7.5, -30],
						"2.0": [0, 0, 0]
					}
				},
				"LeftFin": {
					"rotation": [0, 0, -30]
				},
				"FingerR4": {
					"rotation": {
						"0.0": [0, 0, 0],
						"1.2083": [-17.33121, -8.65331, 27.15649],
						"2.0": [0, 0, 0]
					}
				},
				"FingerR5": {
					"rotation": {
						"0.0": [0, 0, 0],
						"1.2083": [0, 0, 12.5],
						"2.0": [0, 0, 0]
					}
				},
				"FingerR6": {
					"rotation": {
						"0.0": [0, 0, 0],
						"1.2083": [-12.5, 0, 17.5],
						"2.0": [0, 0, 0]
					}
				},
				"BodyHologram": {
					"scale": {
						"0.0": [1, 1, 1],
						"0.3333": [1, 1, 1],
						"1.0833": [1, 1, 1],
						"1.625": [1, 1, 1],
						"2.0": [1, 1, 1]
					}
				},
				"BottomTeeth": {
					"position": {
						"0.0": [0, 0, 0],
						"1.2083": [0, -1, 0],
						"2.0": [0, 0, 0]
					}
				},
				"topteeth": {
					"position": {
						"0.0": [0, 0, 0],
						"1.3333": [0, 1, 0],
						"2.0": [0, 0, 0]
					}
				},
				"Lefttail": {
					"rotation": {
						"0.0": [0, 0, 0],
						"1.25": [0, 20, 0],
						"2.0": [0, 0, 0]
					}
				},
				"Righttail": {
					"rotation": {
						"0.0": [0, 0, 0],
						"1.25": [0, -20, 0],
						"2.0": [0, 0, 0]
					}
				},
				"TailFlap": {
					"rotation": {
						"0.0": [0, 0, 0],
						"1.6667": [37.5, 0, 0],
						"2.0": [0, 0, 0]
					}
				}
			}
		},
		"animation.ironholo.faint": {
			"animation_length": 1.33333,
			"bones": {
				"MainBody": {
					"rotation": {
						"0.0": [0, 0, 0],
						"0.625": [-17.5, 0, 0],
						"1.0417": [25, 0, 0]
					},
					"scale": {
						"0.0": [1, 1, 1],
						"0.7083": [1, 1, 1],
						"1.3333": [0, 0.1, 0]
					}
				},
				"Tail2": {
					"rotation": {
						"0.0": [0, 0, 0],
						"0.7083": [0, 0, 135],
						"1.3333": [0, 0, 147.5]
					}
				},
				"Hologram": {
					"position": {
						"0.0": [0, 0, 0],
						"0.5": [0, 9, 0]
					},
					"scale": {
						"0.0": [1, 1, 1],
						"0.5": [0.025, 0.025, -0.1],
						"1.0833": [0.025, 0.025, 0]
					}
				}
			}
		},
		"animation.ironholo.sleep": {
			"loop": true,
			"animation_length": 5,
			"bones": {
				"MainBody": {
					"position": [0, -6, 0]
				},
				"Tail2": {
					"rotation": {
						"0.0": [0, 0, 0],
						"5.0": [0, 0, 182.5]
					}
				},
				"FinLeft": {
					"rotation": [13.26255, -12.30426, -62.00798],
					"position": [1.25, -0.5, 0.75]
				},
				"Head": {
					"rotation": [0, 0, -22.5],
					"position": [0, 0, 0]
				},
				"FinRight": {
					"rotation": [7.24897, 14.26008, -36.28567],
					"position": [4, 2.75, 1]
				},
				"Hologram": {
					"scale": [0, 0, 0]
				}
			}
		}
	}
}