{
	"format_version": "1.8.0",
	"animations": {
		"animation.aegislash_x.ground_idle": {
			"loop": true,
			"bones": {
				"shield": {
					"rotation": [90, 0, 90],
					"position": [-40, -17, -2.25]
				},
				"body": {
					"rotation": ["0.0291+math.sin(q.anim_time*90*1-90)*2", 0.32966, "9.8416+math.sin(q.anim_time*90*1-90)*2"],
					"position": [0.75, "12+math.sin(q.anim_time*90*1)*1", 0]
				},
				"arm_left": {
					"rotation": [87.5, 0, 32.5]
				},
				"arm_left4": {
					"rotation": [0, 90, -5]
				},
				"arm_left5": {
					"rotation": [0, 12.5, 0]
				},
				"arm_left6": {
					"rotation": [0, 12.5, 0]
				},
				"finger_left": {
					"rotation": [0, 0, 7.5]
				},
				"finger_left7": {
					"rotation": [0, 0, 10]
				},
				"finger_left10": {
					"rotation": [0, 0, 20]
				},
				"arm_right": {
					"rotation": [87.5, 0, -32.5]
				},
				"arm_right4": {
					"rotation": [8.10964, -9.67005, 30.23547]
				},
				"arm_right5": {
					"rotation": [2.62233, -12.64487, 6.47796]
				},
				"arm_right6": {
					"rotation": [4.24804, 2.05664, 11.92055]
				},
				"finger_right": {
					"rotation": [0, 5, 0]
				},
				"finger_right4": {
					"rotation": [0, 5, 0]
				},
				"finger_right10": {
					"rotation": [-0.88045, -9.96156, 5.07673]
				},
				"arm": {
					"rotation": [-37.5, 0, -97.5]
				},
				"arm_right2": {
					"rotation": [-17.79284, -7.13136, -11.8569]
				},
				"arm_right3": {
					"rotation": [-15, 27.5, 50]
				},
				"bone": {
					"rotation": [-8.30564, 18.83461, -19.9109]
				},
				"arm_right7": {
					"rotation": [0, 30, 0]
				},
				"bone2": {
					"rotation": [0, 22.5, 0]
				},
				"bone3": {
					"rotation": [-10.8448, 30.82594, -20.49807]
				},
				"hand_right": {
					"rotation": [0, 20, 0]
				},
				"finger_right2": {
					"rotation": [-4.6653, 16.88547, -15.69284]
				},
				"finger_right3": {
					"rotation": [-3.18458, 6.79382, -25.18908]
				},
				"finger_right5": {
					"rotation": [-0.87038, 4.92385, -10.03742]
				},
				"finger_right6": {
					"rotation": [-8.73739, 12.2403, -35.93866]
				},
				"finger_right7": {
					"rotation": [0, 2.5, 0]
				},
				"finger_right8": {
					"rotation": [0, 5, -17.5]
				},
				"finger_right9": {
					"rotation": [0, 0, -12.5]
				},
				"finger_right11": {
					"rotation": [0, 0, -32.5]
				},
				"finger_right12": {
					"rotation": [0, 0, -32.5]
				},
				"bone5": {
					"rotation": [-1.81693, -19.92066, 32.8191]
				},
				"bone6": {
					"rotation": [-13.56373, 6.62038, 33.74026]
				},
				"bone7": {
					"rotation": [-6.97306, 4.38234, 18.76714]
				},
				"bone8": {
					"rotation": [-0.99106, -9.9351, 7.60757]
				},
				"bone9": {
					"rotation": [-3.65192, -6.97637, 12.11636]
				},
				"bone10": {
					"rotation": [-5.7632, -24.3683, 13.74538]
				},
				"bone15": {
					"rotation": [3.44655, 29.70536, 11.25534]
				},
				"bone14": {
					"rotation": [-13.34199, 40.73565, -19.9727]
				},
				"bone13": {
					"rotation": [-10.97881, 20.1405, -23.83844]
				},
				"bone12": {
					"rotation": [-3.73695, -19.62055, 15.75453]
				},
				"bone11": {
					"rotation": [0, -7.5, 12.5]
				}
			}
		},
		"animation.aegislash_x.ground_walk": {
			"loop": true,
			"bones": {
				"body": {
					"rotation": ["27.5+math.sin(q.anim_time*90*2-90)*2", 0, 0],
					"position": [0, "2+math.sin(q.anim_time*90*2)*1.5", -9]
				},
				"arm_right4": {
					"rotation": [0, 0, 17.5]
				},
				"arm_right5": {
					"rotation": [0, 0, 15]
				},
				"arm_right6": {
					"rotation": [0, 0, 27.5]
				},
				"finger_right": {
					"rotation": [0, 7.5, -10]
				},
				"finger_right4": {
					"rotation": [0, 0, -10]
				},
				"finger_right10": {
					"rotation": [-0.6574, -7.4713, 5.04292]
				},
				"arm": {
					"rotation": [0, 0, -42.5]
				},
				"arm_right2": {
					"rotation": [0, 0, 17.5]
				},
				"arm_right3": {
					"rotation": [0, 0, 22.5]
				},
				"bone": {
					"rotation": [0, 0, 27.5]
				},
				"arm_right7": {
					"rotation": [0, 0, -15]
				},
				"bone2": {
					"rotation": [0, 0, -17.5]
				},
				"bone3": {
					"rotation": [0, 0, 17.5]
				},
				"hand_right": {
					"rotation": [0, 0, 20]
				},
				"finger_right2": {
					"rotation": [0, 0, -12.5]
				},
				"finger_right3": {
					"rotation": [0, 0, -27.5]
				},
				"finger_right5": {
					"rotation": [0, 0, -17.5]
				},
				"finger_right6": {
					"rotation": [0, 0, -37.5]
				},
				"finger_right7": {
					"rotation": [0, 0, -2.5]
				},
				"finger_right8": {
					"rotation": [0, 0, -12.5]
				},
				"finger_right9": {
					"rotation": [0, 0, -32.5]
				},
				"finger_right11": {
					"rotation": [0, 0, -15]
				},
				"finger_right12": {
					"rotation": [0, 0, -30]
				},
				"bone5": {
					"rotation": [0, 0, 17.5]
				},
				"bone6": {
					"rotation": [0, 0, -2.5]
				},
				"bone7": {
					"rotation": [0, 0, -10]
				},
				"bone8": {
					"rotation": [0, 0, -22.5]
				},
				"bone9": {
					"rotation": [0, 0, -17.5]
				},
				"bone10": {
					"rotation": [0, 0, -12.5]
				},
				"bone11": {
					"rotation": [0, 0, -15]
				},
				"bone12": {
					"rotation": [0, 0, -15]
				},
				"bone13": {
					"rotation": [0, 0, 20]
				},
				"bone14": {
					"rotation": [0, 0, -22.5]
				},
				"bone15": {
					"rotation": [0, 0, 22.5]
				}
			}
		},
		"animation.aegislash_x.blink": {
			"animation_length": 0.5,
			"bones": {
				"eyelid": {
					"position": {
						"0.0417": [0, 0, 0],
						"0.0833": [0, 0, -0.1],
						"0.125": [0, 0, -0.1],
						"0.1667": [0, 0, -0.1],
						"0.2083": [0, 0, 0]
					}
				}
			}
		}
	}
}