{
	"format_version": "1.8.0",
	"animations": {
		"animation.aguanaut.ground_idle": {
			"loop": true,
			"animation_length": 6.83333,
			"bones": {
				"torso": {
					"rotation": [10, 0, 0]
				},
				"tail2": {
					"rotation": [15, 0, 0]
				},
				"leg_right": {
					"rotation": [0, -25, 0],
					"position": [0, 0, -2]
				},
				"knee": {
					"rotation": ["0.5*(math.sin(q.anim_time*90*4-90)*1+1)", 0, "0.15*(math.sin(q.anim_time*90*4-90)*1+1)"]
				},
				"heel": {
					"rotation": ["-0.5*(math.sin(q.anim_time*90*4-90)*1+1)", 0, 0]
				},
				"foot": {
					"rotation": ["0.8*(math.sin(q.anim_time*90*4-90)*1+1)", 0, 0]
				},
				"bone2": {
					"rotation": [20, 0, 0],
					"position": [0, -0.4, -0.5]
				},
				"bone3": {
					"rotation": [-25, 0, 0]
				},
				"bone4": {
					"rotation": [12.5, 0, 0]
				},
				"bone5": {
					"rotation": [12.5, 0, 0]
				},
				"leg_left": {
					"rotation": [0, 25, 0],
					"position": [0, 0, -2]
				},
				"leftarmupper3": {
					"rotation": [0, 0, -35]
				},
				"leftforearm3": {
					"rotation": [0, -70, 0],
					"position": [22, 0, 0]
				},
				"rightarmupper3": {
					"rotation": [0, 0, 35]
				},
				"rightforearm3": {
					"rotation": [0, 77.5, 0],
					"position": [-8, 0, -8]
				}
			}
		},
		"animation.aguanaut.blink": {
			"animation_length": 0.16667,
			"bones": {
				"eyelid_right": {
					"position": {
						"0.0": [0, 0, -0.1],
						"0.125": [0, 0, -0.1],
						"0.1667": [0, 0, 0]
					}
				},
				"eyelid_left": {
					"position": {
						"0.0": [0, 0, -0.1],
						"0.125": [0, 0, -0.1],
						"0.1667": [0, 0, 0]
					}
				}
			}
		}
	}
}