{
	"format_version": "1.8.0",
	"animations": {
		"animation.carvanha_x.water_idle": {
			"loop": true,
			"bones": {
				"body": {
					"rotation": [-10, "1+1*math.sin(q.anim_time*90*2+90)", 0]
				},
				"fin_left": {
					"rotation": [0, 0, "1-4*math.sin(q.anim_time*90*2+90)"]
				},
				"fin_right": {
					"rotation": [0, 0, "1-4*math.sin(q.anim_time*90*2+90)"]
				},
				"tail2": {
					"rotation": [0, "1+4*math.sin(q.anim_time*90*2+90)", 0]
				},
				"jaw": {
					"rotation": [12.5, 0, 0]
				}
			}
		}
	},
	"geckolib_format_version": 2
}