{
	"format_version": "1.8.0",
	"animations": {
		"animation.fearow_ehgo.ground_idle": {
			"loop": true,
			"bones": {
				"neck": {
					"rotation": [-30, 0, 0]
				},
				"head": {
					"rotation": [25, 0, 0]
				},
				"leftwing": {
					"rotation": [-67.04715, -27.78555, -52.6446]
				},
				"leftwing2": {
					"rotation": [-12.5, 0, 77.5]
				},
				"leftwing3": {
					"rotation": [0, 0, 82.5]
				},
				"rightwing4": {
					"rotation": [-62.9528, 27.7855, 52.6446]
				},
				"rightwing5": {
					"rotation": [-12.39638, -1.61888, -64.82417]
				},
				"rightwing6": {
					"rotation": [0, 0, -97.5]
				},
				"tail": {
					"rotation": [25, 0, 0]
				}
			}
		},
		"animation.fearow_ehgo.sleep": {
			"loop": true,
			"bones": {
				"neck": {
					"rotation": [-1.31833, -9.88476, 80.14251]
				},
				"head": {
					"rotation": [25, 0, 0]
				},
				"leftwing": {
					"rotation": [0, 0, -65]
				},
				"leftwing2": {
					"rotation": [0, 0, 130]
				},
				"leftwing3": {
					"rotation": [0, 0, 15]
				},
				"rightwing4": {
					"rotation": [0, 0, 65]
				},
				"rightwing5": {
					"rotation": [0, 0, -130]
				},
				"rightwing6": {
					"rotation": [0, 0, -15]
				},
				"tail": {
					"rotation": [17.5, 0, 0]
				},
				"body": {
					"position": [0, -2.75, 0]
				},
				"leftleg": {
					"position": [0, 2.75, 0]
				},
				"rightleg": {
					"position": [0, 2.75, 0]
				}
			}
		},
		"animation.fearow_ehgo.render": {
			"loop": true,
			"bones": {
				"fearow_ehgo": {
					"position": [0, 3, 0]
				},
				"neck": {
					"rotation": [-17.5, 0, 0]
				},
				"head": {
					"rotation": [25, 0, 0]
				},
				"jaw": {
					"rotation": [15, 0, 0]
				},
				"leftwing": {
					"rotation": [-1.6575, -12.39135, -47.32005]
				},
				"leftwing2": {
					"rotation": [0, 0, 10]
				},
				"leftwing3": {
					"rotation": [0, 0, 10]
				},
				"rightwing4": {
					"rotation": [0, 0, 47.5]
				},
				"rightwing5": {
					"rotation": [0, 0, -10]
				},
				"rightwing6": {
					"rotation": [0, 0, -5]
				},
				"leftleg": {
					"rotation": [19.8423, 2.55868, -7.05239]
				},
				"leftfoot": {
					"rotation": [25, 0, 0]
				},
				"rightleg": {
					"rotation": [17.25002, -2.99318, 9.54589]
				},
				"rightfoot": {
					"rotation": [22.5, 0, 0]
				}
			}
		}
	}
}