{
	"format_version": "1.8.0",
	"animations": {
		"animation.iguadium.new": {
			"loop": true
		},
		"animation.iguadium.ground_idle": {
			"loop": true,
			"animation_length": 6.83333,
			"bones": {
				"torso": {
					"position": [0, "-0.15*(math.sin(q.anim_time*90*4-90)*1+1)", 0]
				},
				"bone": {
					"rotation": [7.5, 0, 0]
				},
				"neck": {
					"rotation": ["0+0.6*(math.sin(q.anim_time*90*4-90)*1+1)", 0, 0]
				},
				"tail2": {
					"rotation": [25, 0, 0]
				},
				"arm_left": {
					"rotation": ["-40-0.4*(math.sin(q.anim_time*90*4-90)*1+1)", "1*(math.sin(q.anim_time*90*4-90)*2+1)", 0]
				},
				"leftjoint": {
					"rotation": [13.92566, "27.9297+1*(math.sin(q.anim_time*90*4-90)*3+1)", 19.19302]
				},
				"leftforearm": {
					"rotation": ["10-2*(math.cos(q.anim_time*90*4-90)*2+1)", 0, 0]
				},
				"leftthumb": {
					"rotation": [0, -32.5, 0]
				},
				"leftthumbend": {
					"rotation": [-0.26972, -26.7435, -3.16793]
				},
				"leftfingers": {
					"rotation": [0, 10, 0]
				},
				"leftfingerends": {
					"rotation": [0, 42.5, 0]
				},
				"leg_right": {
					"rotation": ["-1.2*(math.sin(q.anim_time*90*4-90)*1+1)", "-1.3*(math.sin(q.anim_time*90*4-90)*1+1)", "-0.15*(math.sin(q.anim_time*90*4-90)*1+1)"],
					"position": [0, "-0.15*(math.sin(q.anim_time*90*4-90)*1+1)", 0]
				},
				"knee": {
					"rotation": ["0.5*(math.sin(q.anim_time*90*4-90)*1+1)", 0, "0.15*(math.sin(q.anim_time*90*4-90)*1+1)"]
				},
				"heel": {
					"rotation": ["-0.5*(math.sin(q.anim_time*90*4-90)*1+1)", 0, 0]
				},
				"foot": {
					"rotation": ["0.8*(math.sin(q.anim_time*90*4-90)*1+1)", 0, 0]
				},
				"leg_right3": {
					"rotation": ["-1.2*(math.sin(q.anim_time*90*4-90)*1+1)", "1.3*(math.sin(q.anim_time*90*4-90)*1+1)", "-0.15*(math.sin(q.anim_time*90*4-90)*1+1)"],
					"position": [0, "-0.15*(math.sin(q.anim_time*90*4-90)*1+1)", 0]
				},
				"knee2": {
					"rotation": ["0.5*(math.sin(q.anim_time*90*4-90)*1+1)", 0, "0.15*(math.sin(q.anim_time*90*4-90)*1+1)"]
				},
				"heel2": {
					"rotation": ["-0.5*(math.sin(q.anim_time*90*4-90)*1+1)", 0, 0]
				},
				"foot2": {
					"rotation": ["0.8*(math.sin(q.anim_time*90*4-90)*1+1)", 0, 0]
				},
				"leftarmupper": {
					"rotation": [-0.32652, "2.4786+2*(math.sin(q.anim_time*90*4-90)*3+1)", "67.4929+0.4*(math.sin(q.anim_time*90*4-90)*1+1)"]
				},
				"bone2": {
					"rotation": [17.5, 0, 0]
				},
				"bone3": {
					"rotation": [7.5, "4*(math.sin(q.anim_time*90*4-90)*2+1)", 0]
				},
				"arm_right": {
					"rotation": ["-45-0.4*(math.sin(q.anim_time*90*4-90)*1+1)", "-1*(math.sin(q.anim_time*90*4-90)*3+1)", 0]
				},
				"rightarmupper": {
					"rotation": [-0.32652, 2.4786, "-67.4929+0.4*(math.sin(q.anim_time*90*4-90)*1+1)"],
					"position": [0, 0, -0.1]
				},
				"rightjoint": {
					"rotation": [16.04372, "-25.3698+1*(math.sin(q.anim_time*90*4-90)*1+1)", -22.97836]
				},
				"rightforearm": {
					"rotation": ["10.0681-2*(math.cos(q.anim_time*90*4-90)*2+1)", -7.4266, -1.04968]
				},
				"rightthumb": {
					"rotation": [0, 20, 0]
				},
				"rightthumbend": {
					"rotation": [0, 42.5, 0]
				},
				"rightfingers": {
					"rotation": [0, -20, 0]
				},
				"rightfingerends": {
					"rotation": [0, -32.5, 0]
				}
			}
		},
		"animation.iguadium.blink": {
			"animation_length": 0.16667,
			"bones": {
				"eyelid_right": {
					"position": {
						"0.0": [0, 0, -0.1],
						"0.125": [0, 0, -0.1],
						"0.1667": [0, 0, 0]
					}
				},
				"eyelid_left": {
					"position": {
						"0.0": [0, 0, -0.1],
						"0.125": [0, 0, -0.1],
						"0.1667": [0, 0, 0]
					}
				}
			}
		}
	}
}