{
	"format_version": "1.8.0",
	"animations": {
		"animation.joltik_x.ground_idle": {
			"loop": true,
			"bones": {
				"torso": {
					"rotation": ["(math.cos(q.anim_time*90*3*1+180)*1)*0.6", 0, 0],
					"position": [0, "(math.sin(q.anim_time*90*3*1)*1)*0.1", 0]
				},
				"fang_right": {
					"rotation": [0, 0, "-2.5+(math.cos(q.anim_time*90*3*1)*1)*3"]
				},
				"fang_left": {
					"rotation": [0, 0, "-2.5+(math.cos(q.anim_time*90*3*1+180)*1)*3"]
				},
				"leg_front_right": {
					"rotation": ["-5+(math.cos(q.anim_time*90*3*1+180)*1)*0.", 0, "1+(math.cos(q.anim_time*90*3*1+180)*1)*0.1"],
					"position": [0, "(math.sin(q.anim_time*90*3*1+180)*1)*0.1", 0]
				},
				"leg_front_left": {
					"rotation": ["-5+(math.cos(q.anim_time*90*3*1+180)*1)*0.", 0, "-5+(math.cos(q.anim_time*90*3*1+180)*1)*0.1"],
					"position": [0, "(math.sin(q.anim_time*90*3*1+180)*1)*0.1", 0]
				},
				"leg_back_left": {
					"rotation": ["5+(math.cos(q.anim_time*90*3*1)*1)*0.", 0, "-5+(math.cos(q.anim_time*90*3*1+180)*1)*0.1"]
				},
				"leg_back_right": {
					"rotation": ["5+(math.cos(q.anim_time*90*3*1)*1)*0.", 0, "1+(math.cos(q.anim_time*90*3*1+180)*1)*0.1"]
				}
			}
		},
		"animation.joltik_x.ground_walk": {
			"loop": true,
			"bones": {
				"body": {
					"rotation": [0, 0, 0],
					"position": [0, "(math.sin(q.anim_time*90*4*4)*1)*0.25", "math.sin(q.anim_time*90*4*1)*0.5"]
				},
				"torso": {
					"rotation": ["0-math.sin(q.anim_time*90*8)*3", 0, "0-math.sin(q.anim_time*90*6)*1"],
					"position": [0, "0-math.sin(q.anim_time*90*4)*0.1", 0]
				},
				"fang_right": {
					"rotation": ["math.sin(q.anim_time*90*4*2)*5", 0, "math.sin(q.anim_time*90*4*2+180)*5"]
				},
				"fang_left": {
					"rotation": ["math.sin(q.anim_time*90*4*2)*5", 0, "math.sin(q.anim_time*90*4*2)*5"]
				},
				"leg_front_right": {
					"rotation": ["math.sin(q.anim_time*90*4*2+90)*20", 0, "math.clamp(math.sin(q.anim_time*90*4*2+180*2)*20,0,20)"],
					"position": [0, "math.clamp(1*math.sin(q.anim_time*90*8)*0.5,0,2)", 0]
				},
				"leg_front_left": {
					"rotation": ["math.cos(q.anim_time*90*4*2+180)*20", 0, "-math.clamp(math.sin(q.anim_time*90*4*2+180)*15,0,15)"],
					"position": [0, "math.clamp(1*math.sin(q.anim_time*90*8+180)*0.5,0,2)", 0]
				},
				"leg_back_left": {
					"rotation": ["math.sin(q.anim_time*90*4*2+90)*20", 0, "math.clamp(math.sin(q.anim_time*90*4*2+180*2)*20,0,20)"],
					"position": [0, "math.clamp(1*math.sin(q.anim_time*90*8)*0.5,0,2)", 0]
				},
				"leg_back_right": {
					"rotation": ["math.cos(q.anim_time*90*4*2+180)*20", 0, "-math.clamp(math.sin(q.anim_time*90*4*2+180)*15,0,15)"],
					"position": [0, "math.clamp(1*math.sin(q.anim_time*90*8+180)*0.5,0,2)", 0]
				}
			}
		},
		"animation.joltik_x.cry": {
			"animation_length": 1.5,
			"bones": {
				"torso": {
					"rotation": {
						"0.0": [0, 0, 0],
						"0.25": {
							"pre": [-7.5, 0, 0],
							"post": [-7.5, 0, 0],
							"lerp_mode": "catmullrom"
						},
						"1.25": {
							"post": [-7.5, 0, 0],
							"lerp_mode": "catmullrom"
						},
						"1.5": [0, 0, 0]
					}
				},
				"fangs": {
					"rotation": {
						"0.0": [0, 0, 0],
						"0.25": [-7.5, 0, 0],
						"1.25": [-7.5, 0, 0],
						"1.5": [0, 0, 0]
					}
				},
				"leg_front_right": {
					"rotation": {
						"0.0": [0, 0, 0],
						"0.25": {
							"pre": [7.5, 0, 0],
							"post": [7.5, 0, 0],
							"lerp_mode": "catmullrom"
						},
						"1.25": {
							"post": [7.5, 0, 0],
							"lerp_mode": "catmullrom"
						},
						"1.5": [0, 0, 0]
					},
					"position": {
						"0.0": [0, 0, 0],
						"0.25": [0, -0.28049, -0.21523],
						"1.25": [0, -0.28049, -0.21523],
						"1.5": [0, 0, 0]
					}
				},
				"leg_front_left": {
					"rotation": {
						"0.0": [0, 0, 0],
						"0.25": {
							"pre": [7.5, 0, 0],
							"post": [7.5, 0, 0],
							"lerp_mode": "catmullrom"
						},
						"1.25": {
							"post": [7.5, 0, 0],
							"lerp_mode": "catmullrom"
						},
						"1.5": [0, 0, 0]
					},
					"position": {
						"0.0": [0, 0, 0],
						"0.25": [0, -0.28049, -0.21523],
						"1.25": [0, -0.28049, -0.21523],
						"1.5": [0, 0, 0]
					}
				},
				"leg_back_left": {
					"rotation": [0, 0, 0]
				},
				"fang_left": {
					"rotation": {
						"0.0": [0, 0, 0],
						"0.0833": [0, 0, 5],
						"0.1667": [0, 0, "-4.3+math.sin(q.anim_time*90*15*2)*5"],
						"1.1667": [0, 0, "-4.3+math.sin(q.anim_time*90*15*2)*5"],
						"1.25": [0, 0, 5],
						"1.4167": [0, 0, -5],
						"1.5": [0, 0, 0]
					}
				},
				"fang_right": {
					"rotation": {
						"0.0": [0, 0, 0],
						"0.0833": [0, 0, -5],
						"0.1667": [0, 0, "4.3+math.sin(q.anim_time*90*15*2+180)*5"],
						"1.1667": [0, 0, "4.3+math.sin(q.anim_time*90*15*2+180)*5"],
						"1.25": [0, 0, -5],
						"1.4167": [0, 0, 5],
						"1.5": [0, 0, 0]
					}
				}
			}
		},
		"animation.joltik_x.blink1": {
			"animation_length": 0.16667,
			"bones": {
				"eyelid_right": {
					"position": {
						"0.0": [0, 0, -0.1],
						"0.125": [0, 0, -0.1],
						"0.1667": [0, 0, 0]
					}
				},
				"eyelid_left": {
					"position": {
						"0.0": [0, 0, -0.1],
						"0.125": [0, 0, -0.1],
						"0.1667": [0, 0, 0]
					}
				}
			}
		},
		"animation.joltik_x.blink2": {
			"animation_length": 0.16667,
			"bones": {
				"upper_eyelid_right": {
					"position": {
						"0.0": [0, 0, -0.1],
						"0.125": [0, 0, -0.1],
						"0.1667": [0, 0, 0]
					}
				},
				"upper_eyelid_left": {
					"position": {
						"0.0": [0, 0, -0.1],
						"0.125": [0, 0, -0.1],
						"0.1667": [0, 0, 0]
					}
				}
			}
		}
	}
}