{
	"format_version": "1.8.0",
	"animations": {
		"animation.katuna.water_idle": {
			"loop": true,
			"bones": {
				"body": {
					"rotation": ["(math.cos(query.anim_time*240-90)*3)", "(math.cos(query.anim_time*480)*8)", 0],
					"position": [0, "(math.cos(query.anim_time*240)*1)+2", 2]
				},
				"tail": {
					"rotation": [0, "(math.cos(query.anim_time*480-45)*8)", 0]
				},
				"head": {
					"rotation": [0, "-(math.cos(query.anim_time*480-45)*8)", 0]
				},
				"left_fin": {
					"rotation": ["(math.cos(query.anim_time*480-45)*8)+15", 0, "(math.cos(query.anim_time*480-45)*16)"]
				},
				"tail2": {
					"rotation": [0, "(math.cos(query.anim_time*480-90)*8)", 0]
				},
				"right_fin": {
					"rotation": ["(math.cos(query.anim_time*480-45)*8)+15", 0, "-(math.cos(query.anim_time*480-45)*16)"]
				}
			}
		},
		"animation.katuna.ground_idle": {
			"loop": true,
			"bones": {
				"body": {
					"rotation": ["(math.cos(query.anim_time*240-90)*3)", "(math.cos(query.anim_time*480)*8)", 0],
					"position": [0, "(math.cos(query.anim_time*240)*1)+2", 2]
				},
				"tail": {
					"rotation": [0, "(math.cos(query.anim_time*480-45)*8)", 0]
				},
				"head": {
					"rotation": [0, "-(math.cos(query.anim_time*480-45)*8)", 0]
				},
				"left_fin": {
					"rotation": ["(math.cos(query.anim_time*480-45)*8)+15", 0, "(math.cos(query.anim_time*480-45)*16)"]
				},
				"tail2": {
					"rotation": [0, "(math.cos(query.anim_time*480-90)*8)", 0]
				},
				"right_fin": {
					"rotation": ["(math.cos(query.anim_time*480-45)*8)+15", 0, "-(math.cos(query.anim_time*480-45)*16)"]
				}
			}
		},
		"animation.katuna.faint": {
			"loop": true,
			"bones": {
				"body": {
					"rotation": ["(math.cos(query.anim_time*240-90)*3)", "(math.cos(query.anim_time*480)*8)", 0],
					"position": [0, "(math.cos(query.anim_time*240)*1)+2", 2]
				},
				"tail": {
					"rotation": [0, "(math.cos(query.anim_time*480-45)*8)", 0]
				},
				"head": {
					"rotation": [0, "-(math.cos(query.anim_time*480-45)*8)", 0]
				},
				"left_fin": {
					"rotation": ["(math.cos(query.anim_time*480-45)*8)+15", 0, "(math.cos(query.anim_time*480-45)*16)"]
				},
				"tail2": {
					"rotation": [0, "(math.cos(query.anim_time*480-90)*8)", 0]
				},
				"right_fin": {
					"rotation": ["(math.cos(query.anim_time*480-45)*8)+15", 0, "-(math.cos(query.anim_time*480-45)*16)"]
				}
			}
		},
		"animation.katuna.water_swim": {
			"loop": true,
			"bones": {
				"body": {
					"rotation": ["(math.cos(query.anim_time*240-90)*3)", "(math.cos(query.anim_time*480)*8)", 0],
					"position": [0, "(math.cos(query.anim_time*240)*1)+2", "(math.cos(query.anim_time*240-45)*1)+2"]
				},
				"tail": {
					"rotation": [0, "(math.cos(query.anim_time*480-45)*8)", 0]
				},
				"head": {
					"rotation": [0, "-(math.cos(query.anim_time*480-45)*8)", 0]
				},
				"left_fin": {
					"rotation": ["(math.cos(query.anim_time*480-45)*8)+45", 0, "(math.cos(query.anim_time*480-45)*16)"]
				},
				"tail2": {
					"rotation": [0, "(math.cos(query.anim_time*480-90)*8)", 0]
				},
				"right_fin": {
					"rotation": ["(math.cos(query.anim_time*480-45)*8)+45", 0, "-(math.cos(query.anim_time*480-45)*16)"]
				}
			}
		},
		"animation.katuna.ground_walk": {
			"loop": true,
			"bones": {
				"body": {
					"rotation": ["(math.cos(query.anim_time*240-90)*3)", "(math.cos(query.anim_time*480)*8)", 0],
					"position": [0, "(math.cos(query.anim_time*240)*1)+2", "(math.cos(query.anim_time*240-45)*1)+2"]
				},
				"tail": {
					"rotation": [0, "(math.cos(query.anim_time*480-45)*8)", 0]
				},
				"head": {
					"rotation": [0, "-(math.cos(query.anim_time*480-45)*8)", 0]
				},
				"left_fin": {
					"rotation": ["(math.cos(query.anim_time*480-45)*8)+45", 0, "(math.cos(query.anim_time*480-45)*16)"]
				},
				"tail2": {
					"rotation": [0, "(math.cos(query.anim_time*480-90)*8)", 0]
				},
				"right_fin": {
					"rotation": ["(math.cos(query.anim_time*480-45)*8)+45", 0, "-(math.cos(query.anim_time*480-45)*16)"]
				}
			}
		}
	},
	"geckolib_format_version": 2
}