{
	"format_version": "1.8.0",
	"animations": {
		"animation.shulong.blink": {
			"loop": true,
			"animation_length": 1.667,
			"bones": {
				"eyelid": {
					"position": {
						"0.0": [0, 0, -0.1],
						"0.125": [0, 0, -0.1],
						"0.1667": [0, 0, 0]
					}
				}
			}
		},
		"animation.shulong.ground_idle": {
			"loop": true,
			"animation_length": 1.4167,
			"bones": {
				"right_ear": {
					"rotation": {
						"0.0": {
							"post": [-10.4748, 17.2258, 3.1339],
							"lerp_mode": "catmullrom"
						},
						"0.6667": {
							"post": [-8.05804, 4.74874, -1.66199],
							"lerp_mode": "catmullrom"
						},
						"1.4167": {
							"post": [-10.4748, 17.2258, 3.1339],
							"lerp_mode": "catmullrom"
						}
					}
				},
				"left_ear": {
					"rotation": {
						"0.0": {
							"post": [-10.4748, -17.2258, 3.1339],
							"lerp_mode": "catmullrom"
						},
						"0.6667": {
							"post": [-7.48011, -1.37244, 7.14197],
							"lerp_mode": "catmullrom"
						},
						"1.4167": {
							"post": [-10.4748, -17.2258, 3.1339],
							"lerp_mode": "catmullrom"
						}
					}
				},
				"left_leg": {
					"rotation": {
						"0.0": {
							"post": [0, -5, 0],
							"lerp_mode": "catmullrom"
						},
						"0.5": {
							"post": [-1.4, -5, 0],
							"lerp_mode": "catmullrom"
						},
						"1.4167": {
							"post": [0, -5, 0],
							"lerp_mode": "catmullrom"
						}
					}
				},
				"right_leg": {
					"rotation": {
						"0.0": {
							"post": [0, 5, 0],
							"lerp_mode": "catmullrom"
						},
						"0.5": {
							"post": [-1.4, 5, 0],
							"lerp_mode": "catmullrom"
						},
						"1.4167": {
							"post": [0, 5, 0],
							"lerp_mode": "catmullrom"
						}
					}
				},
				"bip": {
					"rotation": {
						"0.0": {
							"post": [0, 0, 0],
							"lerp_mode": "catmullrom"
						},
						"0.5": {
							"post": [-5, 0, 0],
							"lerp_mode": "catmullrom"
						},
						"1.4167": {
							"post": [0, 0, 0],
							"lerp_mode": "catmullrom"
						}
					}
				},
				"left_arm": {
					"rotation": {
						"0.0": {
							"post": [0, 0, 32.5],
							"lerp_mode": "catmullrom"
						},
						"0.7083": {
							"post": [0, 0, 27.5],
							"lerp_mode": "catmullrom"
						},
						"1.4167": {
							"post": [0, 0, 32.5],
							"lerp_mode": "catmullrom"
						}
					}
				},
				"right_arm": {
					"rotation": {
						"0.0": {
							"post": [0, 0, -32.5],
							"lerp_mode": "catmullrom"
						},
						"0.7083": {
							"post": [0, 0, -27.5],
							"lerp_mode": "catmullrom"
						},
						"1.4167": {
							"post": [0, 0, -32.5],
							"lerp_mode": "catmullrom"
						}
					}
				},
				"tail": {
					"rotation": {
						"0.0": {
							"post": [10, 0, 0],
							"lerp_mode": "catmullrom"
						},
						"0.7083": {
							"post": [-9.16, 0, 0],
							"lerp_mode": "catmullrom"
						},
						"1.4167": {
							"post": [10, 0, 0],
							"lerp_mode": "catmullrom"
						}
					}
				},
				"top": {
					"rotation": {
						"0.0": {
							"post": [0, 0, 0],
							"lerp_mode": "catmullrom"
						},
						"0.5": {
							"post": [2.5, 0, 0],
							"lerp_mode": "catmullrom"
						},
						"0.9583": {
							"post": [-1.5, 0, 0],
							"lerp_mode": "catmullrom"
						},
						"1.4167": {
							"post": [0, 0, 0],
							"lerp_mode": "catmullrom"
						}
					},
					"position": {
						"0.0": {
							"post": [0, 0, 0],
							"lerp_mode": "catmullrom"
						},
						"0.5": {
							"post": [0, 0.1, -0.25],
							"lerp_mode": "catmullrom"
						},
						"0.9583": {
							"post": [0, 0.06, 0.11],
							"lerp_mode": "catmullrom"
						},
						"1.4167": {
							"post": [0, 0, 0],
							"lerp_mode": "catmullrom"
						}
					}
				},
				"torso": {
					"rotation": {
						"0.0": {
							"post": [0, 0, 0],
							"lerp_mode": "catmullrom"
						},
						"0.5": {
							"post": [2.5, 0, 0],
							"lerp_mode": "catmullrom"
						},
						"0.9583": {
							"post": [-1.5, 0, 0],
							"lerp_mode": "catmullrom"
						},
						"1.4167": {
							"post": [0, 0, 0],
							"lerp_mode": "catmullrom"
						}
					},
					"position": {
						"0.0": {
							"post": [0, 0, 0],
							"lerp_mode": "catmullrom"
						},
						"0.5": {
							"post": [0, 0.1, 0],
							"lerp_mode": "catmullrom"
						},
						"1.4167": {
							"post": [0, 0, 0],
							"lerp_mode": "catmullrom"
						}
					}
				},
				"right_thigh": {
					"rotation": {
						"0.0": {
							"post": [0, 0, 0],
							"lerp_mode": "catmullrom"
						},
						"0.5": {
							"post": [2.5, 0, 0],
							"lerp_mode": "catmullrom"
						},
						"1.4167": {
							"post": [0, 0, 0],
							"lerp_mode": "catmullrom"
						}
					}
				},
				"left_thigh_": {
					"rotation": {
						"0.0": {
							"post": [0, 0, 0],
							"lerp_mode": "catmullrom"
						},
						"0.5": {
							"post": [2.5, 0, 0],
							"lerp_mode": "catmullrom"
						},
						"1.4167": {
							"post": [0, 0, 0],
							"lerp_mode": "catmullrom"
						}
					}
				},
				"tail_mid": {
					"rotation": [15, 0, 0],
					"position": [0, 0, -0.25]
				},
				"tail_tip": {
					"rotation": [12.5, 0, 0]
				}
			}
		},
		"animation.shulong.ground_walk": {
			"loop": true,
			"animation_length": 1.5,
			"bones": {
				"right_leg": {
					"rotation": {
						"0.0": {
							"post": [0, 5, 0],
							"lerp_mode": "catmullrom"
						},
						"0.5": {
							"post": [1.5, 5, 0],
							"lerp_mode": "catmullrom"
						},
						"1.0": {
							"post": [-4, 5, 0],
							"lerp_mode": "catmullrom"
						},
						"1.4583": [0, 5, 0]
					}
				},
				"left_leg": {
					"rotation": {
						"0.0": {
							"post": [0, -5, 0],
							"lerp_mode": "catmullrom"
						},
						"0.5": {
							"post": [-4, -5, 0],
							"lerp_mode": "catmullrom"
						},
						"1.0": {
							"post": [1.5, -5, 0],
							"lerp_mode": "catmullrom"
						},
						"1.4583": [0, -5, 0]
					}
				},
				"torso": {
					"rotation": {
						"0.0": {
							"post": [0, 0, 0],
							"lerp_mode": "catmullrom"
						},
						"0.375": {
							"post": [1.32479, 2.49933, 0.05778],
							"lerp_mode": "catmullrom"
						},
						"0.7083": {
							"post": [2.5, 0, 0],
							"lerp_mode": "catmullrom"
						},
						"1.0417": {
							"post": [1.39021, -2.49927, -0.06063],
							"lerp_mode": "catmullrom"
						},
						"1.4583": {
							"post": [0, 0, 0],
							"lerp_mode": "catmullrom"
						}
					},
					"position": {
						"0.0": {
							"post": [0, 0, 0],
							"lerp_mode": "catmullrom"
						},
						"0.7083": {
							"post": [0, 0.25, 0],
							"lerp_mode": "catmullrom"
						},
						"1.4583": {
							"post": [0, 0, 0],
							"lerp_mode": "catmullrom"
						}
					}
				},
				"right_thigh": {
					"rotation": {
						"0.0": {
							"post": [0, 0, 0],
							"lerp_mode": "catmullrom"
						},
						"0.5": {
							"post": [1.5, 0, 0],
							"lerp_mode": "catmullrom"
						},
						"1.0": {
							"post": [-4, 0, 0],
							"lerp_mode": "catmullrom"
						},
						"1.4583": {
							"post": [0, 0, 0],
							"lerp_mode": "catmullrom"
						}
					}
				},
				"left_thigh_": {
					"rotation": {
						"0.0": {
							"post": [0, 0, 0],
							"lerp_mode": "catmullrom"
						},
						"0.5": {
							"post": [-4, 0, 0],
							"lerp_mode": "catmullrom"
						},
						"1.0": {
							"post": [1.5, 0, 0],
							"lerp_mode": "catmullrom"
						},
						"1.4583": {
							"post": [0, 0, 0],
							"lerp_mode": "catmullrom"
						}
					}
				},
				"tail": {
					"rotation": {
						"0.0": {
							"post": [10, 0, 0],
							"lerp_mode": "catmullrom"
						},
						"0.375": {
							"post": [10, -10, 0],
							"lerp_mode": "catmullrom"
						},
						"0.75": {
							"post": [10, 0, 0],
							"lerp_mode": "catmullrom"
						},
						"1.125": {
							"post": [10, 5, 0],
							"lerp_mode": "catmullrom"
						},
						"1.4583": [10, 0, 0]
					},
					"position": [0, 0, 0]
				},
				"tail_mid": {
					"rotation": {
						"0.0": {
							"post": [15, 0, 0],
							"lerp_mode": "catmullrom"
						},
						"0.375": {
							"post": [15, -7.5, 0],
							"lerp_mode": "catmullrom"
						},
						"0.75": {
							"post": [15, 0, 0],
							"lerp_mode": "catmullrom"
						},
						"1.125": {
							"post": [15, 7.5, 0],
							"lerp_mode": "catmullrom"
						},
						"1.4583": [15, 0, 0]
					},
					"position": [0, 0, -0.3]
				},
				"tail_tip": {
					"rotation": {
						"0.0": {
							"post": [12.5, 0, 0],
							"lerp_mode": "catmullrom"
						},
						"0.375": {
							"post": [12.5, -10, 0],
							"lerp_mode": "catmullrom"
						},
						"0.75": {
							"post": [12.5, 0, 0],
							"lerp_mode": "catmullrom"
						},
						"1.125": {
							"post": [12.5, 15, 0],
							"lerp_mode": "catmullrom"
						},
						"1.4583": [12.5, 0, 0]
					}
				},
				"right_arm": {
					"rotation": {
						"0.0": {
							"post": [-0.71859, -8.15094, -32.5],
							"lerp_mode": "catmullrom"
						},
						"0.5": {
							"post": [0, -27.5, -32.5],
							"lerp_mode": "catmullrom"
						},
						"1.0": {
							"post": [0, 27.5, -32.5],
							"lerp_mode": "catmullrom"
						},
						"1.4583": [-0.71859, -8.15094, -32.5]
					}
				},
				"left_arm": {
					"rotation": {
						"0.0": {
							"post": [0.7186, 8.1509, 32.5],
							"lerp_mode": "catmullrom"
						},
						"0.5": {
							"post": [0, -27.5, 32.5],
							"lerp_mode": "catmullrom"
						},
						"1.0": {
							"post": [0, 27.5, 32.5],
							"lerp_mode": "catmullrom"
						},
						"1.4583": [0.7186, 8.1509, 32.5]
					}
				},
				"top": {
					"rotation": {
						"0.0": {
							"post": [0, 0, 0],
							"lerp_mode": "catmullrom"
						},
						"0.4167": {
							"post": [-1.2, 0, 0],
							"lerp_mode": "catmullrom"
						},
						"1.0417": {
							"post": [1.2, 0, 0],
							"lerp_mode": "catmullrom"
						},
						"1.4583": {
							"post": [0, 0, 0],
							"lerp_mode": "catmullrom"
						}
					},
					"position": {
						"0.0": {
							"post": [0, 0, 0],
							"lerp_mode": "catmullrom"
						},
						"0.7083": {
							"post": [0, 0.25, -0.25],
							"lerp_mode": "catmullrom"
						},
						"1.4583": {
							"post": [0, 0, 0],
							"lerp_mode": "catmullrom"
						}
					}
				},
				"right_ear": {
					"rotation": {
						"0.0": {
							"post": [-10.4748, 17.2258, 3.1339],
							"lerp_mode": "catmullrom"
						},
						"0.4583": {
							"post": [-10.4748, 17.2258, -5],
							"lerp_mode": "catmullrom"
						},
						"0.9583": {
							"post": [-10.4748, 17.2258, 5],
							"lerp_mode": "catmullrom"
						},
						"1.4583": [-10.4748, 17.2258, 3.1339]
					}
				},
				"left_ear": {
					"rotation": {
						"0.0": {
							"post": [-10.4748, -17.2258, 3.1339],
							"lerp_mode": "catmullrom"
						},
						"0.4583": {
							"post": [-10.4748, -17.2258, 5],
							"lerp_mode": "catmullrom"
						},
						"0.9583": {
							"post": [-10.4748, -17.2258, -5],
							"lerp_mode": "catmullrom"
						},
						"1.4583": [-10.4748, -17.2258, 3.1339]
					}
				},
				"bip": {
					"rotation": {
						"0.0": {
							"post": [0, 0, 0],
							"lerp_mode": "catmullrom"
						},
						"0.7083": {
							"post": [-5, 0, 0],
							"lerp_mode": "catmullrom"
						},
						"1.4583": {
							"post": [0, 0, 0],
							"lerp_mode": "catmullrom"
						}
					}
				}
			}
		},
		"animation.shulong.water_idle": {
			"loop": true,
			"animation_length": 1.4167,
			"bones": {
				"root": {
					"rotation": [0, 0, 0],
					"position": {
						"0.0": {
							"post": [0, 3, 0],
							"lerp_mode": "catmullrom"
						},
						"0.5": {
							"post": [0, 2.25, 0],
							"lerp_mode": "catmullrom"
						},
						"1.0": {
							"post": [0, 3.63, 0],
							"lerp_mode": "catmullrom"
						},
						"1.4167": {
							"post": [0, 3, 0],
							"lerp_mode": "catmullrom"
						}
					}
				},
				"right_leg": {
					"rotation": {
						"0.0": {
							"post": [12.5, 5, 0],
							"lerp_mode": "catmullrom"
						},
						"0.75": {
							"post": [35, 5, 0],
							"lerp_mode": "catmullrom"
						},
						"1.4167": {
							"post": [12.5, 5, 0],
							"lerp_mode": "catmullrom"
						}
					}
				},
				"left_leg": {
					"rotation": {
						"0.0": {
							"post": [35, -5, 0],
							"lerp_mode": "catmullrom"
						},
						"0.75": {
							"post": [12.5, -5, 0],
							"lerp_mode": "catmullrom"
						},
						"1.4167": {
							"post": [35, -5, 0],
							"lerp_mode": "catmullrom"
						}
					}
				},
				"torso": {
					"rotation": {
						"0.0": {
							"post": [0, 0, 0],
							"lerp_mode": "catmullrom"
						},
						"0.5": {
							"post": [2.5, 0, 0],
							"lerp_mode": "catmullrom"
						},
						"1.4167": {
							"post": [0, 0, 0],
							"lerp_mode": "catmullrom"
						}
					},
					"position": {
						"0.0": {
							"post": [0, 0, 0],
							"lerp_mode": "catmullrom"
						},
						"0.5": {
							"post": [0, -0.25, -0.25],
							"lerp_mode": "catmullrom"
						},
						"1.4167": {
							"post": [0, 0, 0],
							"lerp_mode": "catmullrom"
						}
					}
				},
				"right_thigh": {
					"rotation": {
						"0.0": {
							"post": [0, 0, 0],
							"lerp_mode": "catmullrom"
						},
						"0.75": {
							"post": [17.5, 0, 0],
							"lerp_mode": "catmullrom"
						},
						"1.4167": {
							"post": [0, 0, 0],
							"lerp_mode": "catmullrom"
						}
					}
				},
				"left_thigh_": {
					"rotation": {
						"0.0": {
							"post": [17.5, 0, 0],
							"lerp_mode": "catmullrom"
						},
						"0.75": {
							"post": [0, 0, 0],
							"lerp_mode": "catmullrom"
						},
						"1.4167": {
							"post": [17.5, 0, 0],
							"lerp_mode": "catmullrom"
						}
					}
				},
				"tail": {
					"rotation": {
						"0.0": {
							"post": [-45, 0, 0],
							"lerp_mode": "catmullrom"
						},
						"0.4583": {
							"post": [-52.5, 0, 0],
							"lerp_mode": "catmullrom"
						},
						"0.9583": {
							"post": [-35, 0, 0],
							"lerp_mode": "catmullrom"
						},
						"1.4167": {
							"post": [-45, 0, 0],
							"lerp_mode": "catmullrom"
						}
					}
				},
				"right_arm": {
					"rotation": {
						"0.0": {
							"post": [27.5, 0, -32.5],
							"lerp_mode": "catmullrom"
						},
						"0.7083": {
							"post": [26.69458, 6.86378, -13.36965],
							"lerp_mode": "catmullrom"
						},
						"1.4167": {
							"post": [27.5, 0, -32.5],
							"lerp_mode": "catmullrom"
						}
					}
				},
				"left_arm": {
					"rotation": {
						"0.0": {
							"post": [27.5, 0, 32.5],
							"lerp_mode": "catmullrom"
						},
						"0.7083": {
							"post": [26.94093, 5.73576, 13.3696],
							"lerp_mode": "catmullrom"
						},
						"1.4167": {
							"post": [27.5, 0, 32.5],
							"lerp_mode": "catmullrom"
						}
					}
				},
				"top": {
					"rotation": {
						"0.0": {
							"post": [0, 0, 0],
							"lerp_mode": "catmullrom"
						},
						"0.5": {
							"post": [5, 0, 0],
							"lerp_mode": "catmullrom"
						},
						"1.4167": {
							"post": [0, 0, 0],
							"lerp_mode": "catmullrom"
						}
					},
					"position": {
						"0.0": [0, 0, -0.25],
						"0.5": {
							"pre": [0, -0.25, -0.5],
							"post": [0, -0.25, -0.5],
							"lerp_mode": "catmullrom"
						},
						"1.4167": {
							"post": [0, 0, -0.25],
							"lerp_mode": "catmullrom"
						}
					}
				},
				"right_ear": {
					"rotation": {
						"0.0": {
							"post": [-17.5, 17.2258, 3.1339],
							"lerp_mode": "catmullrom"
						},
						"0.6667": {
							"post": [-22.22755, 8.14843, -6.19],
							"lerp_mode": "catmullrom"
						},
						"1.4167": {
							"post": [-17.5, 17.2258, 3.1339],
							"lerp_mode": "catmullrom"
						}
					}
				},
				"left_ear": {
					"rotation": {
						"0.0": {
							"post": [-17.5, -17.2258, 3.1339],
							"lerp_mode": "catmullrom"
						},
						"0.6667": {
							"post": [-22.69813, -8.29128, 6.01143],
							"lerp_mode": "catmullrom"
						},
						"1.4167": {
							"post": [-17.5, -17.2258, 3.1339],
							"lerp_mode": "catmullrom"
						}
					}
				},
				"bip": {
					"rotation": {
						"0.0": {
							"post": [0, 0, 0],
							"lerp_mode": "catmullrom"
						},
						"0.5": {
							"post": [-5, 0, 0],
							"lerp_mode": "catmullrom"
						},
						"1.4167": {
							"post": [0, 0, 0],
							"lerp_mode": "catmullrom"
						}
					}
				},
				"tail_mid": {
					"rotation": [15, 0, 0]
				},
				"tail_tip": {
					"rotation": [12.5, 0, 0]
				}
			}
		},
		"animation.shulong.water_swim": {
			"loop": true,
			"animation_length": 1.4167,
			"bones": {
				"root": {
					"rotation": [0, 0, 0],
					"position": {
						"0.0": {
							"post": [0, 3, -1],
							"lerp_mode": "catmullrom"
						},
						"0.5": {
							"post": [0, 2.5, -1],
							"lerp_mode": "catmullrom"
						},
						"1.0": {
							"post": [0, 3.41, -1],
							"lerp_mode": "catmullrom"
						},
						"1.4167": {
							"post": [0, 3, -1],
							"lerp_mode": "catmullrom"
						}
					}
				},
				"right_leg": {
					"rotation": {
						"0.0": {
							"post": [12.5, 5, 0],
							"lerp_mode": "catmullrom"
						},
						"0.75": {
							"post": [42.5, 5, 0],
							"lerp_mode": "catmullrom"
						},
						"1.4167": {
							"post": [12.5, 5, 0],
							"lerp_mode": "catmullrom"
						}
					}
				},
				"left_leg": {
					"rotation": {
						"0.0": {
							"post": [42.5, -5, 0],
							"lerp_mode": "catmullrom"
						},
						"0.75": {
							"post": [12.5, -5, 0],
							"lerp_mode": "catmullrom"
						},
						"1.4167": {
							"post": [42.5, -5, 0],
							"lerp_mode": "catmullrom"
						}
					}
				},
				"torso": {
					"rotation": {
						"0.0": {
							"post": [0, 0, 0],
							"lerp_mode": "catmullrom"
						},
						"0.5": {
							"post": [2.5, 0, 0],
							"lerp_mode": "catmullrom"
						},
						"1.4167": {
							"post": [0, 0, 0],
							"lerp_mode": "catmullrom"
						}
					},
					"position": {
						"0.0": {
							"post": [0, 0, 0],
							"lerp_mode": "catmullrom"
						},
						"0.5": {
							"post": [0, -0.25, -0.25],
							"lerp_mode": "catmullrom"
						},
						"1.4167": {
							"post": [0, 0, 0],
							"lerp_mode": "catmullrom"
						}
					}
				},
				"right_thigh": {
					"rotation": {
						"0.0": {
							"post": [0, 0, 0],
							"lerp_mode": "catmullrom"
						},
						"0.75": {
							"post": [25, 0, 0],
							"lerp_mode": "catmullrom"
						},
						"1.4167": {
							"post": [0, 0, 0],
							"lerp_mode": "catmullrom"
						}
					}
				},
				"left_thigh_": {
					"rotation": {
						"0.0": {
							"post": [25, 0, 0],
							"lerp_mode": "catmullrom"
						},
						"0.75": {
							"post": [0, 0, 0],
							"lerp_mode": "catmullrom"
						},
						"1.4167": {
							"post": [25, 0, 0],
							"lerp_mode": "catmullrom"
						}
					}
				},
				"tail": {
					"rotation": {
						"0.0": {
							"post": [-62.5, 0, 0],
							"lerp_mode": "catmullrom"
						},
						"0.4583": {
							"post": [-42.5, 0, 0],
							"lerp_mode": "catmullrom"
						},
						"0.9583": {
							"post": [-77.5, 0, 0],
							"lerp_mode": "catmullrom"
						},
						"1.4167": {
							"post": [-62.5, 0, 0],
							"lerp_mode": "catmullrom"
						}
					},
					"position": [0, 0.25, -0.25]
				},
				"right_arm": {
					"rotation": {
						"0.0": {
							"post": [27.5, 0, -32.5],
							"lerp_mode": "catmullrom"
						},
						"0.7083": {
							"post": [19.91405, -19.17495, 42.19796],
							"lerp_mode": "catmullrom"
						},
						"1.4167": {
							"post": [27.5, 0, -32.5],
							"lerp_mode": "catmullrom"
						}
					}
				},
				"left_arm": {
					"rotation": {
						"0.0": {
							"post": [27.5, 0, 32.5],
							"lerp_mode": "catmullrom"
						},
						"0.7083": {
							"post": [20.20848, 19.05682, -41.57337],
							"lerp_mode": "catmullrom"
						},
						"1.4167": {
							"post": [27.5, 0, 32.5],
							"lerp_mode": "catmullrom"
						}
					}
				},
				"top": {
					"rotation": {
						"0.0": {
							"post": [-37.5, 0, 0],
							"lerp_mode": "catmullrom"
						},
						"0.5": {
							"post": [-32.5, 0, 0],
							"lerp_mode": "catmullrom"
						},
						"1.0": {
							"post": [-45.23, 0, 0],
							"lerp_mode": "catmullrom"
						},
						"1.4167": {
							"post": [-37.5, 0, 0],
							"lerp_mode": "catmullrom"
						}
					},
					"position": {
						"0.0": [0, -0.75, -1],
						"0.5": {
							"pre": [0, -1, -1.25],
							"post": [0, -1, -1.25],
							"lerp_mode": "catmullrom"
						},
						"1.0": {
							"post": [0, -0.75, -1],
							"lerp_mode": "catmullrom"
						},
						"1.4167": {
							"post": [0, -0.75, -1],
							"lerp_mode": "catmullrom"
						}
					}
				},
				"right_ear": {
					"rotation": {
						"0.0": {
							"post": [-17.5, 17.2258, 3.1339],
							"lerp_mode": "catmullrom"
						},
						"0.6667": {
							"post": [-45.8498, 15.7549, -21.05914],
							"lerp_mode": "catmullrom"
						},
						"1.4167": {
							"post": [-17.5, 17.2258, 3.1339],
							"lerp_mode": "catmullrom"
						}
					},
					"position": {
						"0.0": {
							"post": [0, 0, 0],
							"lerp_mode": "catmullrom"
						},
						"0.6667": {
							"post": [0.14, -0.39, 0.75],
							"lerp_mode": "catmullrom"
						},
						"1.4167": {
							"post": [0, 0, 0],
							"lerp_mode": "catmullrom"
						}
					}
				},
				"left_ear": {
					"rotation": {
						"0.0": {
							"post": [-17.5, -17.2258, 3.1339],
							"lerp_mode": "catmullrom"
						},
						"0.6667": {
							"post": [-45.84976, -15.75494, 17.52427],
							"lerp_mode": "catmullrom"
						},
						"1.4167": {
							"post": [-17.5, -17.2258, 3.1339],
							"lerp_mode": "catmullrom"
						}
					},
					"position": {
						"0.0": {
							"post": [0, 0, 0],
							"lerp_mode": "catmullrom"
						},
						"0.6667": {
							"post": [-0.14, -0.39, 0.75],
							"lerp_mode": "catmullrom"
						},
						"1.4167": {
							"post": [0, 0, 0],
							"lerp_mode": "catmullrom"
						}
					}
				},
				"bip": {
					"rotation": {
						"0.0": {
							"post": [0, 0, 0],
							"lerp_mode": "catmullrom"
						},
						"0.5": {
							"post": [-10, 0, 0],
							"lerp_mode": "catmullrom"
						},
						"1.4167": {
							"post": [0, 0, 0],
							"lerp_mode": "catmullrom"
						}
					}
				},
				"head": {
					"rotation": [60, 0, 0],
					"position": [0, 2, -1.25]
				},
				"tail_mid": {
					"rotation": {
						"0.0": {
							"post": [-5, 0, 0],
							"lerp_mode": "catmullrom"
						},
						"0.4583": {
							"post": [12.5, 0, 0],
							"lerp_mode": "catmullrom"
						},
						"0.9583": {
							"post": [-25, 0, 0],
							"lerp_mode": "catmullrom"
						},
						"1.4167": {
							"post": [-5, 0, 0],
							"lerp_mode": "catmullrom"
						}
					},
					"position": {
						"0.0": {
							"post": [0, 0, 0],
							"lerp_mode": "catmullrom"
						},
						"0.9583": {
							"post": [0, 0, 0.25],
							"lerp_mode": "catmullrom"
						},
						"1.4167": {
							"post": [0, 0, 0],
							"lerp_mode": "catmullrom"
						}
					}
				},
				"tail_tip": {
					"rotation": {
						"0.0": {
							"post": [0, 0, 0],
							"lerp_mode": "catmullrom"
						},
						"0.4583": {
							"post": [17.5, 0, 0],
							"lerp_mode": "catmullrom"
						},
						"0.9583": {
							"post": [-27.5, 0, 0],
							"lerp_mode": "catmullrom"
						},
						"1.4167": {
							"post": [0, 0, 0],
							"lerp_mode": "catmullrom"
						}
					},
					"position": {
						"0.0": [0, 0, 0],
						"0.9583": [0, -0.1, 0],
						"1.4167": [0, 0, 0]
					}
				}
			}
		},
		"animation.shulong.faint": {
			"loop": true,
			"animation_length": 3,
			"bones": {
				"head": {
					"rotation": {
						"0.0": {
							"post": [0, 0, 0],
							"lerp_mode": "catmullrom"
						},
						"0.625": {
							"post": [-37.5, 0, 0],
							"lerp_mode": "catmullrom"
						},
						"0.75": {
							"post": [-35, 0, 0],
							"lerp_mode": "catmullrom"
						},
						"0.9167": {
							"post": [-37.5, 0, 0],
							"lerp_mode": "catmullrom"
						},
						"1.3333": [-85, 0, 0]
					},
					"position": {
						"0.0": {
							"post": [0, 0, 0],
							"lerp_mode": "catmullrom"
						},
						"0.2083": {
							"post": [0, 1, 2],
							"lerp_mode": "catmullrom"
						},
						"0.4167": {
							"post": [0, 1, 3],
							"lerp_mode": "catmullrom"
						},
						"0.625": {
							"post": [0, 0, 4],
							"lerp_mode": "catmullrom"
						},
						"1.4167": [0, -5.8, 6]
					}
				},
				"right_leg": {
					"rotation": {
						"0.0": {
							"post": [0, 5, 0],
							"lerp_mode": "catmullrom"
						},
						"0.625": {
							"post": [25.22, 5, 0],
							"lerp_mode": "catmullrom"
						},
						"0.7917": {
							"post": [5.22, 5, 0],
							"lerp_mode": "catmullrom"
						},
						"0.9583": {
							"post": [25.22, 5, 0],
							"lerp_mode": "catmullrom"
						},
						"1.125": {
							"post": [5.22, 5, 0],
							"lerp_mode": "catmullrom"
						},
						"1.4167": [35, 5, 0]
					},
					"position": {
						"0.0": {
							"post": [0, 0, 0],
							"lerp_mode": "catmullrom"
						},
						"1.4167": {
							"post": [0, 0, 0],
							"lerp_mode": "catmullrom"
						}
					}
				},
				"left_leg": {
					"rotation": {
						"0.0": {
							"post": [0, -5, 0],
							"lerp_mode": "catmullrom"
						},
						"0.625": {
							"post": [33.16, -5, 0],
							"lerp_mode": "catmullrom"
						},
						"1.4167": [52.5, -5, 0]
					},
					"position": {
						"0.0": {
							"post": [0, 0, 0],
							"lerp_mode": "catmullrom"
						},
						"1.4167": {
							"post": [0, 0, 0],
							"lerp_mode": "catmullrom"
						}
					}
				},
				"right_thigh": {
					"rotation": {
						"0.0": {
							"post": [0, 0, 0],
							"lerp_mode": "catmullrom"
						},
						"0.625": {
							"post": [-29.78, 0, 0],
							"lerp_mode": "catmullrom"
						},
						"1.4167": [17.5, 0, 0]
					},
					"position": {
						"0.0": {
							"post": [0, 0, 0],
							"lerp_mode": "catmullrom"
						},
						"0.625": {
							"post": [0, -0.25, -0.25],
							"lerp_mode": "catmullrom"
						},
						"1.4167": [0, 0, -0.25]
					}
				},
				"left_thigh_": {
					"rotation": {
						"0.0": [0, 0, 0],
						"1.4167": [17.5, 0, 0]
					},
					"position": [0, 0, -0.25]
				},
				"tail": {
					"rotation": {
						"0.0": {
							"post": [10, 0, 0],
							"lerp_mode": "catmullrom"
						},
						"0.2917": {
							"post": [-12.5, 0, 0],
							"lerp_mode": "catmullrom"
						},
						"0.5833": {
							"post": [-119.44, 0, 0],
							"lerp_mode": "catmullrom"
						},
						"0.75": {
							"post": [-111.79, 0, 0],
							"lerp_mode": "catmullrom"
						},
						"0.9167": {
							"post": [-114.44, 0, 0],
							"lerp_mode": "catmullrom"
						},
						"1.0833": {
							"post": [-119.44, 0, 0],
							"lerp_mode": "catmullrom"
						},
						"1.4167": [-95, 0, 0]
					},
					"position": {
						"0.0": {
							"post": [0, 0, 0],
							"lerp_mode": "catmullrom"
						},
						"0.2917": {
							"post": [0, 0, 0.25],
							"lerp_mode": "catmullrom"
						},
						"0.5833": {
							"post": [0, 0, -0.14],
							"lerp_mode": "catmullrom"
						},
						"1.4167": [0, 0, -0.3]
					}
				},
				"tail_mid": {
					"rotation": {
						"0.0": {
							"post": [15, 0, 0],
							"lerp_mode": "catmullrom"
						},
						"0.2917": {
							"post": [-37.5, 0, 0],
							"lerp_mode": "catmullrom"
						},
						"1.0833": {
							"post": [-42.67, 0, 0],
							"lerp_mode": "catmullrom"
						},
						"1.25": {
							"post": [0, 0, 0],
							"lerp_mode": "catmullrom"
						},
						"1.4167": [12.5, 0, 0]
					},
					"position": {
						"0.0": {
							"post": [0, 0, 0],
							"lerp_mode": "catmullrom"
						},
						"0.2917": {
							"post": [0, 0, 0.25],
							"lerp_mode": "catmullrom"
						},
						"1.25": {
							"post": [0, 0, 0.34],
							"lerp_mode": "catmullrom"
						},
						"1.4167": [0, 0, -0.25]
					}
				},
				"tail_tip": {
					"rotation": {
						"0.0": {
							"post": [12.5, 0, 0],
							"lerp_mode": "catmullrom"
						},
						"0.2917": {
							"post": [-32.5, 0, 0],
							"lerp_mode": "catmullrom"
						},
						"1.0833": {
							"post": [-28.12, 0, 0],
							"lerp_mode": "catmullrom"
						},
						"1.25": {
							"post": [-23.24, 0, 0],
							"lerp_mode": "catmullrom"
						},
						"1.4167": [7.5, 0, 0]
					},
					"position": {
						"0.0": [0, 0, 0],
						"0.2917": [0, -0.125, 0]
					}
				},
				"right_arm": {
					"rotation": {
						"0.0": {
							"post": [0, 0, -32.5],
							"lerp_mode": "catmullrom"
						},
						"0.2917": {
							"post": [0, -57.5, 32.5],
							"lerp_mode": "catmullrom"
						},
						"0.625": {
							"post": [0, 0, 32.5],
							"lerp_mode": "catmullrom"
						},
						"0.7917": {
							"post": [0, 0, 55],
							"lerp_mode": "catmullrom"
						},
						"0.9583": {
							"post": [0, 0, 10],
							"lerp_mode": "catmullrom"
						},
						"1.125": {
							"post": [0, 0, 32.5],
							"lerp_mode": "catmullrom"
						},
						"1.4167": [0, 30, 32.5]
					},
					"position": {
						"0.0": {
							"post": [0, 0, 0],
							"lerp_mode": "catmullrom"
						},
						"0.2917": {
							"post": [-0.25, 0, 0],
							"lerp_mode": "catmullrom"
						},
						"0.625": [-0.25, 0, 0]
					}
				},
				"left_arm": {
					"rotation": {
						"0.0": {
							"post": [0, 0, 32.5],
							"lerp_mode": "catmullrom"
						},
						"0.2917": {
							"post": [0, 57.5, -32.5],
							"lerp_mode": "catmullrom"
						},
						"0.625": {
							"post": [0, 0, -32.5],
							"lerp_mode": "catmullrom"
						},
						"0.7917": {
							"post": [0, 0, -55],
							"lerp_mode": "catmullrom"
						},
						"0.9583": {
							"post": [0, 0, -10],
							"lerp_mode": "catmullrom"
						},
						"1.125": {
							"post": [0, 0, -32.5],
							"lerp_mode": "catmullrom"
						},
						"1.4167": [0, -30, -32.5]
					},
					"position": {
						"0.0": {
							"post": [0, 0, 0],
							"lerp_mode": "catmullrom"
						},
						"0.2917": {
							"post": [0.25, 0, 0],
							"lerp_mode": "catmullrom"
						},
						"0.625": [0.25, 0, 0]
					}
				},
				"top": {
					"rotation": {
						"0.0": {
							"post": [0, 0, 0],
							"lerp_mode": "catmullrom"
						},
						"0.625": {
							"post": [5, 0, 0],
							"lerp_mode": "catmullrom"
						},
						"1.4167": [-5, 0, 0]
					}
				},
				"eyes": {
					"position": [0, 0, 0.1]
				},
				"eyeclosed": {
					"position": [0, 0, -0.2]
				},
				"mouth": {
					"position": [0, 0, 0.1]
				},
				"mouth_open": {
					"position": {
						"0.0": [0, 0, -0.25],
						"1.4167": [0, 0, -0.25]
					}
				},
				"right_ear": {
					"rotation": {
						"0.0": {
							"post": [-10.4748, 17.2258, 3.1339],
							"lerp_mode": "catmullrom"
						},
						"0.5833": {
							"post": [54.5497, -51.2089, -15.3696],
							"lerp_mode": "catmullrom"
						},
						"1.4167": [-5, 17.2258, 3.1339]
					}
				},
				"left_ear": {
					"rotation": {
						"0.0": {
							"post": [-10.4748, -17.2258, 3.1339],
							"lerp_mode": "catmullrom"
						},
						"0.5833": {
							"post": [54.5497, 51.2089, 15.3696],
							"lerp_mode": "catmullrom"
						},
						"1.4167": [-5, -17.2258, 3.1339]
					}
				},
				"bip": {
					"rotation": {
						"0.0": {
							"post": [0, 0, 0],
							"lerp_mode": "catmullrom"
						},
						"0.5833": {
							"post": [-20, 0, 0],
							"lerp_mode": "catmullrom"
						},
						"1.0417": {
							"post": [0, 0, 0],
							"lerp_mode": "catmullrom"
						}
					}
				}
			}
		}
	}
}