{
	"format_version": "1.8.0",
	"animations": {
		"animation.spiritomb_x.ground_idle": {
			"loop": true,
			"bones": {
				"bush": {
					"rotation": [0, 0, "math.sin(q.anim_time*90*2)*4"]
				},
				"face": {
					"rotation": [0, 0, "math.sin(q.anim_time*90*1)*4"]
				},
				"back": {
					"rotation": [0, 0, "-(q.anim_time*90*2)"]
				},
				"stem": {
					"rotation": ["-math.sin(q.anim_time*90*1)*1.5", 0, 0]
				},
				"leaves": {
					"rotation": [0, 0, "(q.anim_time*90*1)"]
				}
			}
		},
		"animation.spiritomb_x.ground_walk": {
			"loop": true,
			"bones": {
				"spiritomb": {
					"rotation": ["math.sin(q.anim_time*90*8)*4", 0, 0],
					"position": [0, "math.abs(math.sin(q.anim_time*90*4)*2)", 0]
				},
				"bush": {
					"rotation": ["0-math.sin(q.anim_time*90*8)*6", 0, 0]
				},
				"bone4": {
					"rotation": [0, "2*math.sin(q.anim_time*90*8)*4", "-2*math.cos(q.anim_time*90*8)*4"]
				},
				"bone": {
					"rotation": [0, "2*math.sin(q.anim_time*90*8)*4", "-2*math.cos(q.anim_time*90*8)*4"]
				},
				"bone2": {
					"rotation": [0, "2*math.cos(q.anim_time*90*8)*4", "-2*math.sin(q.anim_time*90*8)*4"]
				},
				"bone3": {
					"rotation": ["-2*math.sin(q.anim_time*90*8)*4", "2*math.cos(q.anim_time*90*8)*4", 0]
				}
			}
		}
	},
	"geckolib_format_version": 2
}