{
	"species": "cobblemon:combustingtemper",
	"order": 0,
	"variations": [{
			"aspects": [],
			"poser": "cobblemon:combustingtemper",
			"model": "cobblemon:combustingtemper.geo",
			"texture": "cobblemon:textures/pokemon/combustingtemper/combustingtemper.png",

			"layers": [{
				"name": "glow",
				"texture": "cobblemon:textures/pokemon/combustingtemper/combustingtemper_e.png",
				"emissive": true,
				"translucent": true,
				"materials": {
					"default": "entity_emissive_alpha"
				}
			}]
		},
		{
			"aspects": ["shiny"],
			"texture": "cobblemon:textures/pokemon/combustingtemper/combustingtemper_shiny.png",
			"layers": [{
				"name": "glow",
				"texture": "cobblemon:textures/pokemon/combustingtemper/combustingtemper_shiny_e.png",
				"emissive": true,
				"translucent": true,
				"materials": {
					"default": "entity_emissive_alpha"
				}
			}]
		}
	]

}