{
	"species": "cobblemon:ironlightkeeper",
	"order": 0,
	"variations": [{
			"aspects": [],
			"poser": "cobblemon:ironlightkeeper",
			"model": "cobblemon:ironlightkeeper.geo",
			"texture": "cobblemon:textures/pokemon/ironlightkeeper/ironlightkeeper.png",

			"layers": [{
				"name": "glow",
				"texture": "cobblemon:textures/pokemon/ironlightkeeper/ironlightkeeper_e.png",
				"emissive": true,
				"translucent": true,
				"materials": {
					"default": "entity_emissive_alpha"
				}
			}]
		},
		{
			"aspects": ["shiny"],
			"texture": "cobblemon:textures/pokemon/ironlightkeeper/ironlightkeeper_shiny.png",
			"layers": [{
				"name": "glow",
				"texture": "cobblemon:textures/pokemon/ironlightkeeper/ironlightkeeper_shiny_e.png",
				"emissive": true,
				"translucent": true,
				"materials": {
					"default": "entity_emissive_alpha"
				}
			}]
		}
	]

}