{
  "species": "cobblemon:irondreamer",
  "order": 0,
  "variations": [
    {
      "aspects": [],
      "poser": "cobblemon:irondreamer",
      "model": "cobblemon:irondreamer.geo",
      "texture": "cobblemon:textures/pokemon/irondreamer/irondreamer.png",
      "layers": [
{
	  "name": "glow",
          "texture": "cobblemon:textures/pokemon/irondreamer/irondreamer_e.png",
          "emissive": true,
          "translucent": true
}
]
    },
    {
      "aspects": [ "shiny" ],
      "texture": "cobblemon:textures/pokemon/irondreamer/irondreamer_shiny.png",
      "layers": [
{
	  "name": "glow",
          "texture": "cobblemon:textures/pokemon/irondreamer/irondreamer_shiny_e.png",
          "emissive": true,
          "translucent": true
}
]
    }
  ]
}