{
	"species": "cobblemon:ironholo",
	"order": 0,
	"variations": [{
			"aspects": [],
			"poser": "cobblemon:ironholo",
			"model": "cobblemon:ironholo.geo",
			"texture": "cobblemon:textures/pokemon/ironholo/ironholo.png",

			"layers": [{
				"name": "glow",
				"texture": "cobblemon:textures/pokemon/ironholo/ironholo_e.png",
				"emissive": true,
				"translucent": true,
				"materials": {
					"default": "entity_emissive_alpha"
				}
			}]
		},
		{
			"aspects": ["shiny"],
			"texture": "cobblemon:textures/pokemon/ironholo/ironholo_shiny.png",
			"layers": [{
				"name": "glow",
				"texture": "cobblemon:textures/pokemon/ironholo/ironholo_shiny_e.png",
				"emissive": true,
				"translucent": true,
				"materials": {
					"default": "entity_emissive_alpha"
				}
			}]
		},
		{
			"aspects": ["alolan"],
			"texture": "cobblemon:textures/pokemon/ironholo/ironholo.png"
		}
	]

}