{
	"format_version": "1.12.0",
	"minecraft:geometry": [
		{
			"description": {
				"identifier": "geometry.draconicgills",
				"texture_width": 64,
				"texture_height": 64,
				"visible_bounds_width": 3,
				"visible_bounds_height": 2.5,
				"visible_bounds_offset": [0, 0.75, 0]
			},
			"bones": [
				{
					"name": "LeftLeg",
					"pivot": [0, 0, 0],
					"cubes": [
						{"origin": [1, 0.75, 2.75], "size": [1, 2, 1], "uv": [17, 3]},
						{"origin": [1, -0.5, 3.5], "size": [1, 1, 1], "pivot": [0, -0.5, 2.75], "rotation": [32.5, 0, 0], "uv": [0, 9]}
					]
				},
				{
					"name": "RightLeg",
					"pivot": [0, 0, 0],
					"cubes": [
						{"origin": [-2, 0.75, 2.75], "size": [1, 2, 1], "uv": [7, 8]},
						{"origin": [-2, -0.5, 3.5], "size": [1, 1, 1], "pivot": [0, -0.5, 2.75], "rotation": [32.5, 0, 0], "uv": [6, 6]}
					]
				},
				{
					"name": "RightArm",
					"pivot": [0, 0, 0],
					"cubes": [
						{"origin": [-2, 0.75, -3], "size": [1, 2, 1], "uv": [14, 17]},
						{"origin": [-2, 1.22936, -2.18315], "size": [1, 1, 1], "pivot": [0, 0.25, 0], "rotation": [32.5, 0, 0], "uv": [4, 13]}
					]
				},
				{
					"name": "LeftArm",
					"pivot": [0, 0, 0],
					"cubes": [
						{"origin": [1, 0.75, -3], "size": [1, 2, 1], "uv": [18, 17]},
						{"origin": [1, -0.5, -2.25], "size": [1, 1, 1], "pivot": [0, -0.5, -3], "rotation": [32.5, 0, 0], "uv": [18, 13]}
					]
				},
				{
					"name": "Body",
					"pivot": [0, 0, 0],
					"cubes": [
						{"origin": [-1, 3.75, -4], "size": [2, 1, 10], "uv": [0, 13]},
						{"origin": [-1.5, 2.5, -5.5], "size": [3, 2, 11], "uv": [0, 0]}
					]
				},
				{
					"name": "Spikes",
					"parent": "Body",
					"pivot": [0, 0, 0],
					"cubes": [
						{"origin": [-0.5, 3.25, -6.75], "size": [1, 2, 2], "pivot": [0, -0.5, -3], "rotation": [-45, 0, 0], "uv": [4, 15]},
						{"origin": [-0.5, 5.5, -4], "size": [1, 2, 2], "pivot": [0, -0.5, -3], "rotation": [-45, 0, 0], "uv": [14, 13]},
						{"origin": [-0.5, 7.5, -2.25], "size": [1, 2, 2], "pivot": [0, -0.5, -3], "rotation": [-45, 0, 0], "uv": [0, 13]}
					]
				},
				{
					"name": "Tail",
					"parent": "Body",
					"pivot": [0, 4, 5.75],
					"cubes": [
						{"origin": [-0.5, 4, 5.75], "size": [1, 1, 7], "uv": [17, 0]},
						{"origin": [-1, 3.5, 5.5], "size": [2, 1, 8], "uv": [14, 13]},
						{"origin": [-0.5, 3.75, 13.5], "size": [1, 1, 2], "pivot": [0, 3.5, 13.75], "rotation": [37.5, 0, 0], "uv": [17, 0]},
						{"origin": [-0.5, 2.5, 15.25], "size": [1, 1, 2], "pivot": [0, 3.5, 13.75], "rotation": [75, 0, 0], "uv": [0, 17]}
					]
				},
				{
					"name": "Head",
					"parent": "Body",
					"pivot": [0, 0, 0],
					"cubes": [
						{"origin": [-2, 3, -10], "size": [4, 2, 4], "uv": [20, 22]},
						{"origin": [-5.36603, 3.25, -9.51795], "size": [4, 2, 1], "pivot": [-2, 3, -9], "rotation": [16.73958, 58.52505, 19.4254], "uv": [0, 3]},
						{"origin": [1.36603, 3.25, -9.51795], "size": [4, 2, 1], "pivot": [2, 3, -9], "rotation": [16.73958, -58.52505, -19.4254], "uv": [0, 0]},
						{"origin": [-1, 4.25, -9.5], "size": [2, 1, 2], "uv": [0, 6]},
						{"origin": [-0.5, 3.5, -6.25], "size": [1, 1, 1], "uv": [5, 19]}
					]
				},
				{
					"name": "Gills",
					"parent": "Head",
					"pivot": [-0.25, 3.75, -4.5]
				},
				{
					"name": "GillL",
					"parent": "Gills",
					"pivot": [2, 5, -5.75],
					"cubes": [
						{"origin": [2.28687, 3.75, -7.4162], "size": [6, 1, 0], "pivot": [1.75, 3.25, -7.5], "rotation": [-2.18199, -37.62883, -8.51847], "uv": [0, 25]},
						{"origin": [5.60651, -0.36928, -7.4162], "size": [1, 1, 0], "pivot": [1.75, 3.25, -7.5], "rotation": [25.0185, -29.14923, -55.86502], "uv": [21, 0]},
						{"origin": [5.65106, -0.67183, -7.4162], "size": [1, 1, 0], "pivot": [1.75, 3.25, -7.5], "rotation": [31.38707, -22.01776, -70.51925], "uv": [0, 21]},
						{"origin": [3.57125, 0.3385, -7.47714], "size": [1, 2, 0], "pivot": [1.75, 3.25, -7.5], "rotation": [25.0185, -29.14923, -55.86502], "uv": [0, 17]},
						{"origin": [4.12716, 1.50452, -7.47714], "size": [2, 1, 0], "pivot": [1.75, 3.25, -7.5], "rotation": [31.38707, -22.01776, -70.51925], "uv": [18, 20]},
						{"origin": [1.53687, 4.25, -8.6662], "size": [6, 1, 0], "pivot": [1, 3.75, -8.75], "rotation": [0, -47.5, 67.5], "uv": [12, 24]},
						{"origin": [4.85651, 0.13072, -8.6662], "size": [1, 1, 0], "pivot": [1, 3.75, -8.75], "rotation": [35.04888, -34.38752, 16.33883], "uv": [20, 16]},
						{"origin": [4.90106, -0.17183, -8.6662], "size": [1, 1, 0], "pivot": [1, 3.75, -8.75], "rotation": [41.79505, -25.01686, 2.81665], "uv": [20, 15]},
						{"origin": [2.82125, 0.8385, -8.72714], "size": [1, 2, 0], "pivot": [1, 3.75, -8.75], "rotation": [35.04888, -34.38752, 16.33883], "uv": [8, 15]},
						{"origin": [3.37716, 2.00452, -8.72714], "size": [2, 1, 0], "pivot": [1, 3.75, -8.75], "rotation": [41.79505, -25.01686, 2.81665], "uv": [14, 20]},
						{"origin": [2.53687, 3, -8.6662], "size": [6, 1, 0], "pivot": [2, 4.5, -8.75], "rotation": [55.65362, -42.87364, -90.9857], "uv": [0, 24]},
						{"origin": [3.82125, 5.4115, -8.72714], "size": [1, 2, 0], "pivot": [2, 4.5, -8.75], "rotation": [3.62204, -65.5247, -29.89956], "uv": [14, 13]},
						{"origin": [4.37716, 5.24548, -8.72714], "size": [2, 1, 0], "pivot": [2, 4.5, -8.75], "rotation": [-26.95652, -62.36271, 3.93785], "uv": [20, 3]},
						{"origin": [5.85651, 7.11928, -8.6662], "size": [1, 1, 0], "pivot": [2, 4.5, -8.75], "rotation": [3.62204, -65.5247, -29.89956], "uv": [8, 19]},
						{"origin": [5.90106, 7.42183, -8.6662], "size": [1, 1, 0], "pivot": [2, 4.5, -8.75], "rotation": [-26.95652, -62.36271, 3.93785], "uv": [17, 17]}
					]
				},
				{
					"name": "GillR",
					"parent": "Gills",
					"pivot": [-1.75, 3.75, -4.5],
					"cubes": [
						{"origin": [-6.90106, 7.42183, -8.6662], "size": [1, 1, 0], "pivot": [-2, 4.5, -8.75], "rotation": [-26.95652, 62.36271, -3.93785], "uv": [17, 1]},
						{"origin": [-5.37716, 2.00452, -8.72714], "size": [2, 1, 0], "pivot": [-1, 3.75, -8.75], "rotation": [41.79505, 25.01686, -2.81665], "uv": [0, 20]},
						{"origin": [-8.53687, 3, -8.6662], "size": [6, 1, 0], "pivot": [-2, 4.5, -8.75], "rotation": [55.65362, 42.87364, 90.9857], "uv": [17, 10]},
						{"origin": [-4.82125, 5.4115, -8.72714], "size": [1, 2, 0], "pivot": [-2, 4.5, -8.75], "rotation": [3.62204, 65.5247, 29.89956], "uv": [8, 13]},
						{"origin": [-6.37716, 5.24548, -8.72714], "size": [2, 1, 0], "pivot": [-2, 4.5, -8.75], "rotation": [-26.95652, 62.36271, -3.93785], "uv": [17, 6]},
						{"origin": [-6.85651, 7.11928, -8.6662], "size": [1, 1, 0], "pivot": [-2, 4.5, -8.75], "rotation": [3.62204, 65.5247, 29.89956], "uv": [17, 0]},
						{"origin": [-3.82125, 0.8385, -8.72714], "size": [1, 2, 0], "pivot": [-1, 3.75, -8.75], "rotation": [35.04888, 34.38752, -16.33883], "uv": [0, 13]},
						{"origin": [-5.90106, -0.17183, -8.6662], "size": [1, 1, 0], "pivot": [-1, 3.75, -8.75], "rotation": [41.79505, 25.01686, -2.81665], "uv": [4, 10]},
						{"origin": [-5.85651, 0.13072, -8.6662], "size": [1, 1, 0], "pivot": [-1, 3.75, -8.75], "rotation": [35.04888, 34.38752, -16.33883], "uv": [9, 6]},
						{"origin": [-7.53687, 4.25, -8.6662], "size": [6, 1, 0], "pivot": [-1, 3.75, -8.75], "rotation": [0, 47.5, -67.5], "uv": [17, 9]},
						{"origin": [-6.12716, 1.50452, -7.47714], "size": [2, 1, 0], "pivot": [-1.75, 3.25, -7.5], "rotation": [31.38707, 22.01776, 70.51925], "uv": [3, 9]},
						{"origin": [-4.57125, 0.3385, -7.47714], "size": [1, 2, 0], "pivot": [-1.75, 3.25, -7.5], "rotation": [25.0185, 29.14923, 55.86502], "uv": [0, 6]},
						{"origin": [-6.65106, -0.67183, -7.4162], "size": [1, 1, 0], "pivot": [-1.75, 3.25, -7.5], "rotation": [31.38707, 22.01776, 70.51925], "uv": [9, 3]},
						{"origin": [-6.60651, -0.36928, -7.4162], "size": [1, 1, 0], "pivot": [-1.75, 3.25, -7.5], "rotation": [25.0185, 29.14923, 55.86502], "uv": [9, 0]},
						{"origin": [-8.28687, 3.75, -7.4162], "size": [6, 1, 0], "pivot": [-1.75, 3.25, -7.5], "rotation": [-2.18199, 37.62883, 8.51847], "uv": [17, 8]}
					]
				},
				{
					"name": "EyeR",
					"parent": "Head",
					"pivot": [0, -0.5, -3],
					"cubes": [
						{"origin": [-1.25, 3.75, -10.025], "size": [1, 1, 0], "uv": [25, 29]}
					]
				},
				{
					"name": "EyeL",
					"parent": "Head",
					"pivot": [0, -0.5, -3],
					"cubes": [
						{"origin": [0.25, 3.75, -10.025], "size": [1, 1, 0], "uv": [25, 29], "mirror": true}
					]
				}
			]
		}
	]
}