{
	"format_version": "1.12.0",
	"minecraft:geometry": [
		{
			"description": {
				"identifier": "geometry.riolu",
				"texture_width": 64,
				"texture_height": 64,
				"visible_bounds_width": 8,
				"visible_bounds_height": 7,
				"visible_bounds_offset": [0, 2.5, 0]
			},
			"bones": [
				{
					"name": "riolu",
					"pivot": [0, 0, 0]
				},
				{
					"name": "body",
					"parent": "riolu",
					"pivot": [0, 12, 0]
				},
				{
					"name": "waist",
					"parent": "body",
					"pivot": [0, 12, 0],
					"cubes": [
						{"origin": [-2, 9.5, -2], "size": [4, 5, 4], "uv": [0, 27]}
					]
				},
				{
					"name": "tail",
					"parent": "waist",
					"pivot": [0, 12.5, 2],
					"cubes": [
						{"origin": [0, 10.5, 1], "size": [0, 3, 5], "uv": [8, 45]}
					]
				},
				{
					"name": "tail2",
					"parent": "tail",
					"pivot": [0, 8.5, 6],
					"cubes": [
						{"origin": [0, 7.5, 6], "size": [0, 5, 6], "inflate": 0.01, "uv": [1, 52]}
					]
				},
				{
					"name": "tail3",
					"parent": "tail2",
					"pivot": [0, 7.5, 12],
					"cubes": [
						{"origin": [0, 5.5, 12.02], "size": [0, 7, 3], "inflate": 0.01, "uv": [1, 47]}
					]
				},
				{
					"name": "torso",
					"parent": "waist",
					"pivot": [0, 14.5, 0.5],
					"cubes": [
						{"origin": [-1.5, 14, -1.5], "size": [3, 4, 3], "uv": [40, 14]},
						{"origin": [-1, 18.5, -1], "size": [2, 3, 2], "uv": [56, 19]},
						{"origin": [-2, 17.5, -2], "size": [4, 1, 4], "uv": [41, 9]}
					]
				},
				{
					"name": "head",
					"parent": "torso",
					"pivot": [0, 18.5, 0],
					"cubes": [
						{"origin": [-3.5, 18.5, -3.5], "size": [7, 7, 7], "uv": [0, 0]},
						{"origin": [-3.4, 24.6, 0], "size": [2, 3, 3], "pivot": [-2.9, 27.5, 0], "rotation": [-45, 0, 0], "uv": [54, 13]},
						{"origin": [1.4, 24.6, 0], "size": [2, 3, 3], "pivot": [2.9, 27.5, 0], "rotation": [-45, 0, 0], "uv": [54, 7]}
					]
				},
				{
					"name": "eyes",
					"parent": "head",
					"pivot": [1, 18.5, -1]
				},
				{
					"name": "eyes_right",
					"parent": "eyes",
					"pivot": [0.5, -22.3, -0.5]
				},
				{
					"name": "eye_right",
					"parent": "eyes_right",
					"pivot": [-2, 21.7, -2.5],
					"cubes": [
						{"origin": [-3.5, 20.7, -3.5], "size": [2, 2, 2], "inflate": 0.01, "uv": [28, 60]}
					]
				},
				{
					"name": "eye_right_emote",
					"parent": "eyes_right",
					"pivot": [-2.4, 22.1, -2.5],
					"cubes": [
						{"origin": [-1.8, 21.1, -3.5], "size": [1, 1, 1], "inflate": 0.012, "uv": [42, 60]}
					]
				},
				{
					"name": "eye_right_emote2",
					"parent": "eyes_right",
					"pivot": [-2.2, 22.2, -2.4],
					"cubes": [
						{"origin": [-1.7, 20.7, -3.4], "size": [1, 3, 1], "inflate": 0.01, "uv": [40, 56]}
					]
				},
				{
					"name": "pupil_right",
					"parent": "eyes_right",
					"pivot": [-1.9, 21.7, -3.01],
					"cubes": [
						{"origin": [-2.4, 20.7, -3.51], "size": [1, 2, 1], "inflate": 0.01, "uv": [12, 27]}
					]
				},
				{
					"name": "eyelid_right",
					"parent": "eyes_right",
					"pivot": [-1.9, 21.7, -2.4],
					"cubes": [
						{"origin": [-3.4, 20.7, -3.4], "size": [2, 2, 2], "inflate": 0.02, "uv": [48, 56]},
						{"origin": [-1.7, 20.7, -3.4], "size": [1, 2, 1], "inflate": 0.021, "uv": [54, 55]}
					]
				},
				{
					"name": "eyelid_right_happy",
					"parent": "eyes_right",
					"pivot": [-1.9, 21.7, -2.4],
					"cubes": [
						{"origin": [-3.4, 20.7, -3.4], "size": [3, 2, 2], "inflate": 0.02, "uv": [44, 60]}
					]
				},
				{
					"name": "eyes_left",
					"parent": "eyes",
					"pivot": [0.5, 17.7, -0.5]
				},
				{
					"name": "eye_left",
					"parent": "eyes_left",
					"pivot": [2, 21.7, -2.5],
					"cubes": [
						{"origin": [1.5, 20.7, -3.5], "size": [2, 2, 2], "inflate": 0.01, "uv": [36, 60]}
					]
				},
				{
					"name": "eye_left_emote",
					"parent": "eyes_left",
					"pivot": [2.3, 22.1, -2.5],
					"cubes": [
						{"origin": [0.8, 21.1, -3.5], "size": [1, 1, 1], "inflate": 0.012, "uv": [34, 60]}
					]
				},
				{
					"name": "eye_left_emote2",
					"parent": "eyes_left",
					"pivot": [0.2, 22.2, -2.4],
					"cubes": [
						{"origin": [0.7, 20.7, -3.4], "size": [1, 3, 1], "inflate": 0.01, "uv": [44, 56]}
					]
				},
				{
					"name": "pupil_left",
					"parent": "eyes_left",
					"pivot": [1.9, 21.7, -3.01],
					"cubes": [
						{"origin": [1.4, 20.7, -3.51], "size": [1, 2, 1], "inflate": 0.01, "uv": [0, 27]}
					]
				},
				{
					"name": "eyelid_left",
					"parent": "eyes_left",
					"pivot": [1.9, 21.7, -2.4],
					"cubes": [
						{"origin": [1.4, 20.7, -3.4], "size": [2, 2, 2], "inflate": 0.02, "uv": [56, 56]},
						{"origin": [0.7, 20.7, -3.4], "size": [1, 2, 1], "inflate": 0.021, "uv": [60, 53]}
					]
				},
				{
					"name": "eyelid_left_happy",
					"parent": "eyes_left",
					"pivot": [1.9, 21.7, -2.4],
					"cubes": [
						{"origin": [0.4, 20.7, -3.4], "size": [3, 2, 2], "inflate": 0.02, "uv": [54, 60]}
					]
				},
				{
					"name": "snout",
					"parent": "head",
					"pivot": [0, 21.2, -3.5],
					"rotation": [7.5, 0, 0],
					"cubes": [
						{"origin": [-1.5, 19.2, -6], "size": [3, 2, 3], "uv": [28, 14]}
					]
				},
				{
					"name": "mouths",
					"parent": "head",
					"pivot": [1, 34, -2]
				},
				{
					"name": "jaw",
					"parent": "mouths",
					"pivot": [0, 18.9, -3.5],
					"cubes": [
						{"origin": [-1, 18.6, -4.5], "size": [2, 1, 1], "uv": [0, 2]}
					]
				},
				{
					"name": "mouth_open",
					"parent": "mouths",
					"pivot": [0, 19.75121, -2.35123],
					"cubes": [
						{"origin": [-1, 18.9, -3.01], "size": [2, 1, 1], "uv": [58, 32]},
						{"origin": [-1.5, 19.5, -3.02], "size": [3, 1, 0], "uv": [54, 34]},
						{"origin": [-1, 18.9, -2.01], "size": [2, 1, 2], "pivot": [1, 18.9, -2], "rotation": [50, 0, 0], "uv": [56, 29]}
					]
				},
				{
					"name": "mouth_open2",
					"parent": "mouths",
					"pivot": [0, 19.75121, -2.35123],
					"cubes": [
						{"origin": [-1.5, 18.9, -3.03], "size": [3, 1, 1], "uv": [56, 27]},
						{"origin": [-1, 19.5, -3.02], "size": [2, 1, 0], "uv": [60, 34]},
						{"origin": [-1.5, 18.90537, -2.03157], "size": [3, 1, 2], "pivot": [1, 18.90537, -2.02157], "rotation": [50, 0, 0], "uv": [54, 24]}
					]
				},
				{
					"name": "teeth_clench",
					"parent": "mouths",
					"pivot": [0, 19.9, -3.01],
					"cubes": [
						{"origin": [-2, 19.4, -3.01], "size": [4, 1, 0], "uv": [56, 35]}
					]
				},
				{
					"name": "aura_sensors",
					"parent": "head",
					"pivot": [0, 0.5, 0.5]
				},
				{
					"name": "aura_sensor_right",
					"parent": "aura_sensors",
					"pivot": [-3.5, 23.5, 0],
					"rotation": [0, 0, -47.5],
					"cubes": [
						{"origin": [-7.5, 21.5, -1], "size": [4, 2, 2], "uv": [33, 0]}
					]
				},
				{
					"name": "aura_sensor_right2",
					"parent": "aura_sensor_right",
					"pivot": [-7.5, 22.5, 0],
					"cubes": [
						{"origin": [-13.5, 21, -1.5], "size": [7, 3, 3], "uv": [0, 14]}
					]
				},
				{
					"name": "aura_sensor_left",
					"parent": "aura_sensors",
					"pivot": [3.5, 23.5, 0],
					"rotation": [0, 0, 50],
					"cubes": [
						{"origin": [3.5, 21.5, -1], "size": [4, 2, 2], "uv": [21, 0]}
					]
				},
				{
					"name": "aura_sensor_left2",
					"parent": "aura_sensor_left",
					"pivot": [7.5, 22.5, 0],
					"cubes": [
						{"origin": [6.5, 21, -1.5], "size": [7, 3, 3], "uv": [0, 20]}
					]
				},
				{
					"name": "arm_right",
					"parent": "torso",
					"pivot": [-1.5, 17.2, 0],
					"cubes": [
						{"origin": [-4.5, 16.7, -0.5], "size": [3, 1, 1], "uv": [29, 4]}
					]
				},
				{
					"name": "arm_right2",
					"parent": "arm_right",
					"pivot": [-4.5, 17.7, 0.5],
					"cubes": [
						{"origin": [-7.5, 16.7, -1], "size": [3, 1, 2], "inflate": 0.01, "uv": [0, 36]},
						{"origin": [-9, 17.1, -0.5], "size": [3, 1, 1], "uv": [44, 0]}
					]
				},
				{
					"name": "hand_right",
					"parent": "arm_right2",
					"pivot": [-7.5, 17.7, 0],
					"cubes": [
						{"origin": [-9.5, 16.7, -1.5], "size": [2, 1, 3], "inflate": 0.02, "uv": [10, 39], "mirror": true}
					]
				},
				{
					"name": "finger_right_front",
					"parent": "hand_right",
					"pivot": [-9.5, 17.7, -0.8],
					"cubes": [
						{"origin": [-11.54, 16.7, -1.5], "size": [2, 1, 1], "inflate": 0.03, "uv": [6, 43], "mirror": true}
					]
				},
				{
					"name": "finger_right_middle",
					"parent": "hand_right",
					"pivot": [-9.5, 17.7, 0],
					"cubes": [
						{"origin": [-11.54, 16.7, -0.5], "size": [2, 1, 1], "inflate": 0.04, "uv": [6, 45], "mirror": true}
					]
				},
				{
					"name": "finger_right_back",
					"parent": "hand_right",
					"pivot": [-9.5, 17.7, 0.8],
					"cubes": [
						{"origin": [-11.54, 16.7, 0.5], "size": [2, 1, 1], "inflate": 0.03, "uv": [6, 47], "mirror": true}
					]
				},
				{
					"name": "arm_left",
					"parent": "torso",
					"pivot": [1.5, 17.2, 0],
					"cubes": [
						{"origin": [1.5, 16.7, -0.5], "size": [3, 1, 1], "uv": [21, 4]}
					]
				},
				{
					"name": "arm_left2",
					"parent": "arm_left",
					"pivot": [4.5, 17.7, 0.5],
					"cubes": [
						{"origin": [4.5, 16.7, -1], "size": [3, 1, 2], "inflate": 0.01, "uv": [10, 36]},
						{"origin": [5.7, 17.1, -0.5], "size": [3, 1, 1], "uv": [49, 14]}
					]
				},
				{
					"name": "hand_left",
					"parent": "arm_left2",
					"pivot": [7.5, 17.7, 0],
					"cubes": [
						{"origin": [7.5, 16.7, -1.5], "size": [2, 1, 3], "inflate": 0.02, "uv": [0, 39]}
					]
				},
				{
					"name": "finger_left_front",
					"parent": "hand_left",
					"pivot": [9.5, 17.7, -0.8],
					"cubes": [
						{"origin": [9.54, 16.7, -1.5], "size": [2, 1, 1], "inflate": 0.03, "uv": [0, 43]}
					]
				},
				{
					"name": "finger_left_middle",
					"parent": "hand_left",
					"pivot": [9.5, 17.7, 0],
					"cubes": [
						{"origin": [9.54, 16.7, -0.5], "size": [2, 1, 1], "inflate": 0.04, "uv": [0, 45]}
					]
				},
				{
					"name": "finger_left_back",
					"parent": "hand_left",
					"pivot": [9.5, 17.7, 0.8],
					"cubes": [
						{"origin": [9.54, 16.7, 0.5], "size": [2, 1, 1], "inflate": 0.03, "uv": [0, 47]}
					]
				},
				{
					"name": "leg_right",
					"parent": "body",
					"pivot": [-2.3, 11.5, 0.25],
					"cubes": [
						{"origin": [-3.3, 8.5, -2], "size": [3, 4, 4], "inflate": 0.2, "pivot": [-0.4, 12.5, 1], "rotation": [0, 0, 7.5], "uv": [30, 23]}
					]
				},
				{
					"name": "leg_right2",
					"parent": "leg_right",
					"pivot": [-2.3, 9.05, 0.05],
					"rotation": [-5, 0, 0],
					"cubes": [
						{"origin": [-3.3, 6.8, -0.86], "size": [2, 3, 2], "inflate": 0.01, "uv": [20, 14]}
					]
				},
				{
					"name": "leg_right3",
					"parent": "leg_right2",
					"pivot": [-2.3, 6.8, -0.86],
					"rotation": [32.5, 0, 0],
					"cubes": [
						{"origin": [-3.3, 4.8, -0.86], "size": [2, 2, 2], "uv": [40, 21]}
					]
				},
				{
					"name": "leg_right4",
					"parent": "leg_right3",
					"pivot": [-2.3, 4.8, 1.13],
					"rotation": [-27.5, 0, 0],
					"cubes": [
						{"origin": [-3.8, -0.2, -0.66], "size": [3, 5, 2], "uv": [44, 2]}
					]
				},
				{
					"name": "foot_right",
					"parent": "leg_right4",
					"pivot": [-2.3, -0.2, 1.35],
					"cubes": [
						{"origin": [-3.8, -1.2, -0.66], "size": [3, 2, 2], "inflate": 0.01, "uv": [28, 6]}
					]
				},
				{
					"name": "toes_right",
					"parent": "foot_right",
					"pivot": [-2.3, -1.2, -0.66],
					"cubes": [
						{"origin": [-3.8, -1.2, -2.66], "size": [3, 2, 2], "inflate": 0.02, "uv": [44, 29]}
					]
				},
				{
					"name": "leg_left",
					"parent": "body",
					"pivot": [1.3, 11.5, 0.25],
					"cubes": [
						{"origin": [0.3, 8.5, -2], "size": [3, 4, 4], "inflate": 0.2, "pivot": [0.4, 12.5, 1], "rotation": [0, 0, -7.5], "uv": [16, 24]}
					]
				},
				{
					"name": "leg_left2",
					"parent": "leg_left",
					"pivot": [2.3, 9.05, 0.05],
					"rotation": [-5, 0, 0],
					"cubes": [
						{"origin": [1.3, 6.8, -0.86], "size": [2, 3, 2], "inflate": 0.01, "uv": [20, 19]}
					]
				},
				{
					"name": "leg_left3",
					"parent": "leg_left2",
					"pivot": [2.3, 6.8, -0.86],
					"rotation": [32.5, 0, 0],
					"cubes": [
						{"origin": [1.3, 4.8, -0.86], "size": [2, 2, 2], "uv": [28, 19]}
					]
				},
				{
					"name": "leg_left4",
					"parent": "leg_left3",
					"pivot": [2.3, 4.8, 1.13],
					"rotation": [-27.5, 0, 0],
					"cubes": [
						{"origin": [0.8, -0.2, -0.66], "size": [3, 5, 2], "uv": [54, 0]}
					]
				},
				{
					"name": "foot_left",
					"parent": "leg_left4",
					"pivot": [2.3, -0.2, 1.35],
					"cubes": [
						{"origin": [0.8, -1.2, -0.66], "size": [3, 2, 2], "inflate": 0.01, "uv": [28, 10]}
					]
				},
				{
					"name": "toes_left",
					"parent": "foot_left",
					"pivot": [2.3, -1.2, -0.66],
					"cubes": [
						{"origin": [0.8, -1.2, -2.66], "size": [3, 2, 2], "inflate": 0.02, "uv": [44, 25]}
					]
				}
			]
		}
	]
}