{
	"format_version": "1.8.0",
	"animations": {
		"animation.crawlingclaws.ground_idle": {
			"loop": true,
			"animation_length": 2,
			"bones": {
				"Tail": {
					"rotation": {
						"0.0": [0, 0, 0],
						"1.4167": [-27.5, 0, 0],
						"2.0": [0, 0, 0]
					},
					"position": {
						"0.0": [0, 0, 0],
						"1.4167": [0, 4, 0.25],
						"2.0": [0, 0, 0]
					}
				},
				"head": {
					"rotation": {
						"0.0": [0, 0, 0],
						"1.0": [7.5, 0, 0],
						"2.0": [0, 0, 0]
					},
					"position": {
						"0.0": [0, 0, 0],
						"1.0": [0, 1.4, 0],
						"2.0": [0, 0, 0]
					}
				},
				"ClawL": {
					"rotation": {
						"0.1667": [0, 0, 0],
						"1.0417": [-15, 0, 0],
						"1.4583": [0, 0, 0]
					},
					"position": {
						"0.1667": [0, 0, 0],
						"1.0417": [0, -4, 0],
						"1.4583": [0, 0, 0]
					}
				},
				"ClawR": {
					"rotation": {
						"0.0": [0, 0, 0],
						"0.875": [-15, 0, 0],
						"1.2917": [0, 0, 0]
					},
					"position": {
						"0.0": [0, 0, 0],
						"0.875": [0, -4, 0],
						"1.2917": [0, 0, 0]
					}
				},
				"BackClawL": {
					"rotation": {
						"0.0": [0, 0, 0],
						"1.0": [0, 7.5, 0],
						"2.0": [0, 0, 0]
					},
					"position": {
						"0.0": [0, 0, 0],
						"1.0417": [2, 0, 0],
						"2.0": [0, 0, 0]
					}
				},
				"BackclawR": {
					"rotation": {
						"0.0": [0, 0, 0],
						"1.0": [0, -7.5, 0],
						"2.0": [0, 0, 0]
					},
					"position": {
						"0.0": [0, 0, 0],
						"1.0417": [-2, 0, 0],
						"2.0": [0, 0, 0]
					}
				},
				"LegL1": {
					"rotation": {
						"0.0": [0, 0, 0],
						"0.25": [0, 0, -10],
						"0.5": [0, 0, 0],
						"0.7083": [0, 0, -10],
						"1.125": [0, 0, 0],
						"1.625": [0, 0, -10],
						"2.0": [0, 0, 0]
					},
					"position": [0, 0, 0]
				},
				"LegL2": {
					"rotation": {
						"0.0": [0, 0, 0],
						"0.0833": [0, 0, -10],
						"0.5": [0, 0, 0],
						"0.625": [0, 0, -10],
						"0.9167": [0, 0, 0],
						"1.25": [0, 0, -10],
						"1.625": [0, 0, 0],
						"1.7917": [0, 0, -10],
						"2.0": [0, 0, 0]
					}
				},
				"LegL3": {
					"rotation": {
						"0.0": [0, 0, 0],
						"0.375": [0, 0, -10],
						"0.5": [0, 0, 0],
						"0.7083": [0, 0, -10],
						"0.7917": [0, 0, 0],
						"0.9583": [0, 0, -10],
						"1.1667": [0, 0, 0],
						"1.3333": [0, 0, -10],
						"1.5833": [0, 0, 0],
						"1.75": [0, 0, -10],
						"2.0": [0, 0, 0]
					}
				},
				"LegR2": {
					"rotation": {
						"0.0": [0, 0, 0],
						"0.25": [0, 0, -10],
						"0.5": [0, 0, 0],
						"0.7083": [0, 0, -10],
						"1.125": [0, 0, 0],
						"1.625": [0, 0, -10],
						"2.0": [0, 0, 0]
					},
					"position": [0, 0, 0]
				},
				"LegR3": {
					"rotation": {
						"0.0": [0, 0, 0],
						"0.0833": [0, 0, -10],
						"0.5": [0, 0, 0],
						"0.625": [0, 0, -10],
						"0.9167": [0, 0, 0],
						"1.25": [0, 0, -10],
						"1.625": [0, 0, 0],
						"1.7917": [0, 0, -10],
						"2.0": [0, 0, 0]
					}
				},
				"LegR1": {
					"rotation": {
						"0.0": [0, 0, 0],
						"0.375": [0, 0, -10],
						"0.5": [0, 0, 0],
						"0.7083": [0, 0, -10],
						"0.7917": [0, 0, 0],
						"0.9583": [0, 0, -10],
						"1.1667": [0, 0, 0],
						"1.3333": [0, 0, -10],
						"1.5833": [0, 0, 0],
						"1.75": [0, 0, -10],
						"2.0": [0, 0, 0]
					}
				}
			}
		},
		"animation.crawlingclaws.water_idle": {
			"loop": true,
			"animation_length": 2,
			"bones": {
				"Tail": {
					"rotation": {
						"0.0": [0, 0, 0],
						"1.4167": [-27.5, 0, 0],
						"2.0": [0, 0, 0]
					},
					"position": {
						"0.0": [0, 0, 0],
						"1.4167": [0, 4, 0.25],
						"2.0": [0, 0, 0]
					}
				},
				"head": {
					"rotation": {
						"0.0": [0, 0, 0],
						"1.0": [7.5, 0, 0],
						"2.0": [0, 0, 0]
					},
					"position": {
						"0.0": [0, 0, 0],
						"1.0": [0, 1.4, 0],
						"2.0": [0, 0, 0]
					}
				},
				"ClawL": {
					"rotation": {
						"0.1667": [0, 0, 0],
						"1.0417": [-15, 0, 0],
						"1.4583": [0, 0, 0]
					},
					"position": {
						"0.1667": [0, 0, 0],
						"1.0417": [0, -4, 0],
						"1.4583": [0, 0, 0]
					}
				},
				"ClawR": {
					"rotation": {
						"0.0": [0, 0, 0],
						"0.875": [-15, 0, 0],
						"1.2917": [0, 0, 0]
					},
					"position": {
						"0.0": [0, 0, 0],
						"0.875": [0, -4, 0],
						"1.2917": [0, 0, 0]
					}
				},
				"BackClawL": {
					"rotation": {
						"0.0": [0, 0, 0],
						"1.0": [0, 7.5, 0],
						"2.0": [0, 0, 0]
					},
					"position": {
						"0.0": [0, 0, 0],
						"1.0417": [2, 0, 0],
						"2.0": [0, 0, 0]
					}
				},
				"BackclawR": {
					"rotation": {
						"0.0": [0, 0, 0],
						"1.0": [0, -7.5, 0],
						"2.0": [0, 0, 0]
					},
					"position": {
						"0.0": [0, 0, 0],
						"1.0417": [-2, 0, 0],
						"2.0": [0, 0, 0]
					}
				},
				"LegL1": {
					"rotation": {
						"0.0": [0, 0, 0],
						"0.25": [0, 0, -10],
						"0.5": [0, 0, 0],
						"0.7083": [0, 0, -10],
						"1.125": [0, 0, 0],
						"1.625": [0, 0, -10],
						"2.0": [0, 0, 0]
					},
					"position": [0, 0, 0]
				},
				"LegL2": {
					"rotation": {
						"0.0": [0, 0, 0],
						"0.0833": [0, 0, -10],
						"0.5": [0, 0, 0],
						"0.625": [0, 0, -10],
						"0.9167": [0, 0, 0],
						"1.25": [0, 0, -10],
						"1.625": [0, 0, 0],
						"1.7917": [0, 0, -10],
						"2.0": [0, 0, 0]
					}
				},
				"LegL3": {
					"rotation": {
						"0.0": [0, 0, 0],
						"0.375": [0, 0, -10],
						"0.5": [0, 0, 0],
						"0.7083": [0, 0, -10],
						"0.7917": [0, 0, 0],
						"0.9583": [0, 0, -10],
						"1.1667": [0, 0, 0],
						"1.3333": [0, 0, -10],
						"1.5833": [0, 0, 0],
						"1.75": [0, 0, -10],
						"2.0": [0, 0, 0]
					}
				},
				"LegR2": {
					"rotation": {
						"0.0": [0, 0, 0],
						"0.25": [0, 0, -10],
						"0.5": [0, 0, 0],
						"0.7083": [0, 0, -10],
						"1.125": [0, 0, 0],
						"1.625": [0, 0, -10],
						"2.0": [0, 0, 0]
					},
					"position": [0, 0, 0]
				},
				"LegR3": {
					"rotation": {
						"0.0": [0, 0, 0],
						"0.0833": [0, 0, -10],
						"0.5": [0, 0, 0],
						"0.625": [0, 0, -10],
						"0.9167": [0, 0, 0],
						"1.25": [0, 0, -10],
						"1.625": [0, 0, 0],
						"1.7917": [0, 0, -10],
						"2.0": [0, 0, 0]
					}
				},
				"LegR1": {
					"rotation": {
						"0.0": [0, 0, 0],
						"0.375": [0, 0, -10],
						"0.5": [0, 0, 0],
						"0.7083": [0, 0, -10],
						"0.7917": [0, 0, 0],
						"0.9583": [0, 0, -10],
						"1.1667": [0, 0, 0],
						"1.3333": [0, 0, -10],
						"1.5833": [0, 0, 0],
						"1.75": [0, 0, -10],
						"2.0": [0, 0, 0]
					}
				}
			}
		},
		"animation.crawlingclaws.air_idle": {
			"loop": true,
			"animation_length": 2,
			"bones": {
				"Tail": {
					"rotation": {
						"0.0": [0, 0, 0],
						"1.4167": [-27.5, 0, 0],
						"2.0": [0, 0, 0]
					},
					"position": {
						"0.0": [0, 0, 0],
						"1.4167": [0, 4, 0.25],
						"2.0": [0, 0, 0]
					}
				},
				"head": {
					"rotation": {
						"0.0": [0, 0, 0],
						"1.0": [7.5, 0, 0],
						"2.0": [0, 0, 0]
					},
					"position": {
						"0.0": [0, 0, 0],
						"1.0": [0, 1.4, 0],
						"2.0": [0, 0, 0]
					}
				},
				"ClawL": {
					"rotation": {
						"0.1667": [0, 0, 0],
						"1.0417": [-15, 0, 0],
						"1.4583": [0, 0, 0]
					},
					"position": {
						"0.1667": [0, 0, 0],
						"1.0417": [0, -4, 0],
						"1.4583": [0, 0, 0]
					}
				},
				"ClawR": {
					"rotation": {
						"0.0": [0, 0, 0],
						"0.875": [-15, 0, 0],
						"1.2917": [0, 0, 0]
					},
					"position": {
						"0.0": [0, 0, 0],
						"0.875": [0, -4, 0],
						"1.2917": [0, 0, 0]
					}
				},
				"BackClawL": {
					"rotation": {
						"0.0": [0, 0, 0],
						"1.0": [0, 7.5, 0],
						"2.0": [0, 0, 0]
					},
					"position": {
						"0.0": [0, 0, 0],
						"1.0417": [2, 0, 0],
						"2.0": [0, 0, 0]
					}
				},
				"BackclawR": {
					"rotation": {
						"0.0": [0, 0, 0],
						"1.0": [0, -7.5, 0],
						"2.0": [0, 0, 0]
					},
					"position": {
						"0.0": [0, 0, 0],
						"1.0417": [-2, 0, 0],
						"2.0": [0, 0, 0]
					}
				},
				"LegL1": {
					"rotation": {
						"0.0": [0, 0, 0],
						"0.25": [0, 0, -10],
						"0.5": [0, 0, 0],
						"0.7083": [0, 0, -10],
						"1.125": [0, 0, 0],
						"1.625": [0, 0, -10],
						"2.0": [0, 0, 0]
					},
					"position": [0, 0, 0]
				},
				"LegL2": {
					"rotation": {
						"0.0": [0, 0, 0],
						"0.0833": [0, 0, -10],
						"0.5": [0, 0, 0],
						"0.625": [0, 0, -10],
						"0.9167": [0, 0, 0],
						"1.25": [0, 0, -10],
						"1.625": [0, 0, 0],
						"1.7917": [0, 0, -10],
						"2.0": [0, 0, 0]
					}
				},
				"LegL3": {
					"rotation": {
						"0.0": [0, 0, 0],
						"0.375": [0, 0, -10],
						"0.5": [0, 0, 0],
						"0.7083": [0, 0, -10],
						"0.7917": [0, 0, 0],
						"0.9583": [0, 0, -10],
						"1.1667": [0, 0, 0],
						"1.3333": [0, 0, -10],
						"1.5833": [0, 0, 0],
						"1.75": [0, 0, -10],
						"2.0": [0, 0, 0]
					}
				},
				"LegR2": {
					"rotation": {
						"0.0": [0, 0, 0],
						"0.25": [0, 0, -10],
						"0.5": [0, 0, 0],
						"0.7083": [0, 0, -10],
						"1.125": [0, 0, 0],
						"1.625": [0, 0, -10],
						"2.0": [0, 0, 0]
					},
					"position": [0, 0, 0]
				},
				"LegR3": {
					"rotation": {
						"0.0": [0, 0, 0],
						"0.0833": [0, 0, -10],
						"0.5": [0, 0, 0],
						"0.625": [0, 0, -10],
						"0.9167": [0, 0, 0],
						"1.25": [0, 0, -10],
						"1.625": [0, 0, 0],
						"1.7917": [0, 0, -10],
						"2.0": [0, 0, 0]
					}
				},
				"LegR1": {
					"rotation": {
						"0.0": [0, 0, 0],
						"0.375": [0, 0, -10],
						"0.5": [0, 0, 0],
						"0.7083": [0, 0, -10],
						"0.7917": [0, 0, 0],
						"0.9583": [0, 0, -10],
						"1.1667": [0, 0, 0],
						"1.3333": [0, 0, -10],
						"1.5833": [0, 0, 0],
						"1.75": [0, 0, -10],
						"2.0": [0, 0, 0]
					}
				},
				"frontclawr": {
					"rotation": {
						"0.0": [0, 0, 0],
						"0.7083": [0, 0, 0],
						"1.0": [10, 0, 0]
					},
					"position": [0, 0, 0]
				}
			}
		},
		"animation.crawlingclaws.ground_walk": {
			"loop": true,
			"animation_length": 2.04167,
			"bones": {
				"Tail": {
					"rotation": [-27.5, 0, 0],
					"position": [0, 4, 0.25]
				},
				"head": {
					"rotation": {
						"0.0": [0, 0, 0],
						"1.0": [7.5, 0, 0],
						"2.0": [0, 0, 0]
					},
					"position": {
						"0.0": [0, 0, 0],
						"1.0": [0, 1.4, 0],
						"2.0": [0, 0, 0]
					}
				},
				"ClawL": {
					"rotation": {
						"0.0": [0, 0, 0],
						"1.125": [0, 2.5, 0],
						"2.0": [0, 0, 0]
					}
				},
				"ClawR": {
					"rotation": {
						"0.0": [0, 0, 0],
						"1.125": [0, -2.5, 0],
						"2.0": [0, 0, 0]
					}
				},
				"BackClawL": {
					"rotation": {
						"0.0": [0, 7.5, 0],
						"0.75": [0, 0, 0],
						"1.0": [0, 7.5, 0],
						"1.5833": [0, 0, 0],
						"1.875": [0, 7.5, 0]
					},
					"position": {
						"0.0417": [2, 0, 0],
						"0.75": [1, 0, 0],
						"1.0417": [2, 0, 0],
						"1.5833": [1, 0, 0],
						"1.9167": [2, 0, 0]
					}
				},
				"BackclawR": {
					"rotation": {
						"0.0": [0, -7.5, 0],
						"0.75": [0, 0, 0],
						"1.0": [0, -7.5, 0],
						"1.5833": [0, 0, 0],
						"1.875": [0, -7.5, 0]
					},
					"position": {
						"0.0417": [-2, 0, 0],
						"0.75": [-1, 0, 0],
						"1.0417": [-2, 0, 0],
						"1.5833": [-1, 0, 0],
						"1.9167": [-2, 0, 0]
					}
				},
				"LegL1": {
					"rotation": {
						"0.0": [0, 0, 0],
						"0.25": [0, 0, -10],
						"0.5": [0, 0, 0],
						"0.7083": [0, 0, -10],
						"1.125": [0, 0, 0],
						"1.625": [0, 0, -10],
						"2.0": [0, 0, 0]
					},
					"position": [0, 0, 0]
				},
				"LegL2": {
					"rotation": {
						"0.0": [0, 0, 0],
						"0.0833": [0, 0, -10],
						"0.5": [0, 0, 0],
						"0.625": [0, 0, -10],
						"0.9167": [0, 0, 0],
						"1.25": [0, 0, -10],
						"1.625": [0, 0, 0],
						"1.7917": [0, 0, -10],
						"2.0": [0, 0, 0]
					}
				},
				"LegL3": {
					"rotation": {
						"0.0": [0, 0, 0],
						"0.375": [0, 0, -10],
						"0.5": [0, 0, 0],
						"0.7083": [0, 0, -10],
						"0.7917": [0, 0, 0],
						"0.9583": [0, 0, -10],
						"1.1667": [0, 0, 0],
						"1.3333": [0, 0, -10],
						"1.5833": [0, 0, 0],
						"1.75": [0, 0, -10],
						"2.0": [0, 0, 0]
					}
				},
				"LegR2": {
					"rotation": {
						"0.0": [0, 0, 0],
						"0.25": [0, 0, -10],
						"0.5": [0, 0, 0],
						"0.7083": [0, 0, -10],
						"1.125": [0, 0, 0],
						"1.625": [0, 0, -10],
						"2.0": [0, 0, 0]
					},
					"position": [0, 0, 0]
				},
				"LegR3": {
					"rotation": {
						"0.0": [0, 0, 0],
						"0.0833": [0, 0, -10],
						"0.5": [0, 0, 0],
						"0.625": [0, 0, -10],
						"0.9167": [0, 0, 0],
						"1.25": [0, 0, -10],
						"1.625": [0, 0, 0],
						"1.7917": [0, 0, -10],
						"2.0": [0, 0, 0]
					}
				},
				"LegR1": {
					"rotation": {
						"0.0": [0, 0, 0],
						"0.375": [0, 0, -10],
						"0.5": [0, 0, 0],
						"0.7083": [0, 0, -10],
						"0.7917": [0, 0, 0],
						"0.9583": [0, 0, -10],
						"1.1667": [0, 0, 0],
						"1.3333": [0, 0, -10],
						"1.5833": [0, 0, 0],
						"1.75": [0, 0, -10],
						"2.0": [0, 0, 0]
					}
				},
				"frontclawr": {
					"rotation": {
						"0.0": [0, 0, 0],
						"0.7083": [0, 0, 0],
						"1.0": [10, 0, 0]
					},
					"position": [0, 0, 0]
				}
			}
		},
		"animation.crawlingclaws.water_swim": {
			"loop": true,
			"animation_length": 2.04167,
			"bones": {
				"Tail": {
					"rotation": [-27.5, 0, 0],
					"position": [0, 4, 0.25]
				},
				"head": {
					"rotation": {
						"0.0": [0, 0, 0],
						"1.0": [7.5, 0, 0],
						"2.0": [0, 0, 0]
					},
					"position": {
						"0.0": [0, 0, 0],
						"1.0": [0, 1.4, 0],
						"2.0": [0, 0, 0]
					}
				},
				"ClawL": {
					"rotation": {
						"0.0": [0, 0, 0],
						"1.125": [0, 2.5, 0],
						"2.0": [0, 0, 0]
					}
				},
				"ClawR": {
					"rotation": {
						"0.0": [0, 0, 0],
						"1.125": [0, -2.5, 0],
						"2.0": [0, 0, 0]
					}
				},
				"BackClawL": {
					"rotation": {
						"0.0": [0, 7.5, 0],
						"0.75": [0, 0, 0],
						"1.0": [0, 7.5, 0],
						"1.5833": [0, 0, 0],
						"1.875": [0, 7.5, 0]
					},
					"position": {
						"0.0417": [2, 0, 0],
						"0.75": [1, 0, 0],
						"1.0417": [2, 0, 0],
						"1.5833": [1, 0, 0],
						"1.9167": [2, 0, 0]
					}
				},
				"BackclawR": {
					"rotation": {
						"0.0": [0, -7.5, 0],
						"0.75": [0, 0, 0],
						"1.0": [0, -7.5, 0],
						"1.5833": [0, 0, 0],
						"1.875": [0, -7.5, 0]
					},
					"position": {
						"0.0417": [-2, 0, 0],
						"0.75": [-1, 0, 0],
						"1.0417": [-2, 0, 0],
						"1.5833": [-1, 0, 0],
						"1.9167": [-2, 0, 0]
					}
				},
				"LegL1": {
					"rotation": {
						"0.0": [0, 0, 0],
						"0.25": [0, 0, -10],
						"0.5": [0, 0, 0],
						"0.7083": [0, 0, -10],
						"1.125": [0, 0, 0],
						"1.625": [0, 0, -10],
						"2.0": [0, 0, 0]
					},
					"position": [0, 0, 0]
				},
				"LegL2": {
					"rotation": {
						"0.0": [0, 0, 0],
						"0.0833": [0, 0, -10],
						"0.5": [0, 0, 0],
						"0.625": [0, 0, -10],
						"0.9167": [0, 0, 0],
						"1.25": [0, 0, -10],
						"1.625": [0, 0, 0],
						"1.7917": [0, 0, -10],
						"2.0": [0, 0, 0]
					}
				},
				"LegL3": {
					"rotation": {
						"0.0": [0, 0, 0],
						"0.375": [0, 0, -10],
						"0.5": [0, 0, 0],
						"0.7083": [0, 0, -10],
						"0.7917": [0, 0, 0],
						"0.9583": [0, 0, -10],
						"1.1667": [0, 0, 0],
						"1.3333": [0, 0, -10],
						"1.5833": [0, 0, 0],
						"1.75": [0, 0, -10],
						"2.0": [0, 0, 0]
					}
				},
				"LegR2": {
					"rotation": {
						"0.0": [0, 0, 0],
						"0.25": [0, 0, -10],
						"0.5": [0, 0, 0],
						"0.7083": [0, 0, -10],
						"1.125": [0, 0, 0],
						"1.625": [0, 0, -10],
						"2.0": [0, 0, 0]
					},
					"position": [0, 0, 0]
				},
				"LegR3": {
					"rotation": {
						"0.0": [0, 0, 0],
						"0.0833": [0, 0, -10],
						"0.5": [0, 0, 0],
						"0.625": [0, 0, -10],
						"0.9167": [0, 0, 0],
						"1.25": [0, 0, -10],
						"1.625": [0, 0, 0],
						"1.7917": [0, 0, -10],
						"2.0": [0, 0, 0]
					}
				},
				"LegR1": {
					"rotation": {
						"0.0": [0, 0, 0],
						"0.375": [0, 0, -10],
						"0.5": [0, 0, 0],
						"0.7083": [0, 0, -10],
						"0.7917": [0, 0, 0],
						"0.9583": [0, 0, -10],
						"1.1667": [0, 0, 0],
						"1.3333": [0, 0, -10],
						"1.5833": [0, 0, 0],
						"1.75": [0, 0, -10],
						"2.0": [0, 0, 0]
					}
				}
			}
		},
		"animation.crawlingclaws.air_fly": {
			"loop": true,
			"animation_length": 2.04167,
			"bones": {
				"Tail": {
					"rotation": [-27.5, 0, 0],
					"position": [0, 4, 0.25]
				},
				"head": {
					"rotation": {
						"0.0": [0, 0, 0],
						"1.0": [7.5, 0, 0],
						"2.0": [0, 0, 0]
					},
					"position": {
						"0.0": [0, 0, 0],
						"1.0": [0, 1.4, 0],
						"2.0": [0, 0, 0]
					}
				},
				"ClawL": {
					"rotation": {
						"0.0": [0, 0, 0],
						"1.125": [0, 2.5, 0],
						"2.0": [0, 0, 0]
					}
				},
				"ClawR": {
					"rotation": {
						"0.0": [0, 0, 0],
						"1.125": [0, -2.5, 0],
						"2.0": [0, 0, 0]
					}
				},
				"BackClawL": {
					"rotation": {
						"0.0": [0, 7.5, 0],
						"0.75": [0, 0, 0],
						"1.0": [0, 7.5, 0],
						"1.5833": [0, 0, 0],
						"1.875": [0, 7.5, 0]
					},
					"position": {
						"0.0417": [2, 0, 0],
						"0.75": [1, 0, 0],
						"1.0417": [2, 0, 0],
						"1.5833": [1, 0, 0],
						"1.9167": [2, 0, 0]
					}
				},
				"BackclawR": {
					"rotation": {
						"0.0": [0, -7.5, 0],
						"0.75": [0, 0, 0],
						"1.0": [0, -7.5, 0],
						"1.5833": [0, 0, 0],
						"1.875": [0, -7.5, 0]
					},
					"position": {
						"0.0417": [-2, 0, 0],
						"0.75": [-1, 0, 0],
						"1.0417": [-2, 0, 0],
						"1.5833": [-1, 0, 0],
						"1.9167": [-2, 0, 0]
					}
				},
				"LegL1": {
					"rotation": {
						"0.0": [0, 0, 0],
						"0.25": [0, 0, -10],
						"0.5": [0, 0, 0],
						"0.7083": [0, 0, -10],
						"1.125": [0, 0, 0],
						"1.625": [0, 0, -10],
						"2.0": [0, 0, 0]
					},
					"position": [0, 0, 0]
				},
				"LegL2": {
					"rotation": {
						"0.0": [0, 0, 0],
						"0.0833": [0, 0, -10],
						"0.5": [0, 0, 0],
						"0.625": [0, 0, -10],
						"0.9167": [0, 0, 0],
						"1.25": [0, 0, -10],
						"1.625": [0, 0, 0],
						"1.7917": [0, 0, -10],
						"2.0": [0, 0, 0]
					}
				},
				"LegL3": {
					"rotation": {
						"0.0": [0, 0, 0],
						"0.375": [0, 0, -10],
						"0.5": [0, 0, 0],
						"0.7083": [0, 0, -10],
						"0.7917": [0, 0, 0],
						"0.9583": [0, 0, -10],
						"1.1667": [0, 0, 0],
						"1.3333": [0, 0, -10],
						"1.5833": [0, 0, 0],
						"1.75": [0, 0, -10],
						"2.0": [0, 0, 0]
					}
				},
				"LegR2": {
					"rotation": {
						"0.0": [0, 0, 0],
						"0.25": [0, 0, -10],
						"0.5": [0, 0, 0],
						"0.7083": [0, 0, -10],
						"1.125": [0, 0, 0],
						"1.625": [0, 0, -10],
						"2.0": [0, 0, 0]
					},
					"position": [0, 0, 0]
				},
				"LegR3": {
					"rotation": {
						"0.0": [0, 0, 0],
						"0.0833": [0, 0, -10],
						"0.5": [0, 0, 0],
						"0.625": [0, 0, -10],
						"0.9167": [0, 0, 0],
						"1.25": [0, 0, -10],
						"1.625": [0, 0, 0],
						"1.7917": [0, 0, -10],
						"2.0": [0, 0, 0]
					}
				},
				"LegR1": {
					"rotation": {
						"0.0": [0, 0, 0],
						"0.375": [0, 0, -10],
						"0.5": [0, 0, 0],
						"0.7083": [0, 0, -10],
						"0.7917": [0, 0, 0],
						"0.9583": [0, 0, -10],
						"1.1667": [0, 0, 0],
						"1.3333": [0, 0, -10],
						"1.5833": [0, 0, 0],
						"1.75": [0, 0, -10],
						"2.0": [0, 0, 0]
					}
				},
				"frontclawr": {
					"rotation": {
						"0.0": [0, 0, 0],
						"0.7083": [0, 0, 0],
						"1.0": [10, 0, 0]
					},
					"position": [0, 0, 0]
				}
			}
		},
		"animation.crawlingclaws.sleep": {
			"loop": true,
			"bones": {
				"Tail": {
					"rotation": [-52.5, 0, 0],
					"position": [0, 7.5, 2.5]
				},
				"eyel": {
					"position": [0, 0.75, 0],
					"scale": [1, 0.1, 1]
				},
				"eyer": {
					"position": [0, 0.75, 0],
					"scale": [1, 0.1, 1]
				}
			}
		},
		"animation.crawlingclaws.faint": {
			"loop": "hold_on_last_frame",
			"animation_length": 1.125,
			"bones": {
				"Tail": {
					"rotation": {
						"0.0": [0, 0, 0],
						"1.125": [-57.5, 0, 0]
					},
					"position": {
						"0.0": [0, 0, 0],
						"1.125": [0, 8, 3]
					}
				},
				"head": {
					"rotation": {
						"0.0": [0, 0, 0],
						"1.125": [7.5, 0, 0]
					},
					"position": {
						"0.0": [0, 0, 0],
						"1.125": [0, 1.5, 0]
					}
				},
				"LegL1": {
					"rotation": {
						"0.0": [0, 0, 0],
						"0.25": [0, 0, -10],
						"0.5": [0, 0, 0],
						"0.7083": [0, 0, -10],
						"1.125": [0, 0, 0]
					},
					"position": [0, 0, 0]
				},
				"LegL2": {
					"rotation": {
						"0.0": [0, 0, 0],
						"0.25": [0, 0, -10],
						"0.5": [0, 0, 0],
						"0.7083": [0, 0, -10],
						"1.125": [0, 0, 0]
					},
					"position": [0, 0, 0]
				},
				"LegL3": {
					"rotation": {
						"0.0": [0, 0, 0],
						"0.25": [0, 0, -10],
						"0.5": [0, 0, 0],
						"0.7083": [0, 0, -10],
						"1.125": [0, 0, 0]
					},
					"position": [0, 0, 0]
				},
				"LegR2": {
					"rotation": {
						"0.0": [0, 0, 0],
						"0.25": [0, 0, -10],
						"0.5": [0, 0, 0],
						"0.625": [0, 0, 0]
					},
					"position": [0, 0, 0]
				},
				"LegR3": {
					"rotation": {
						"0.0": [0, 0, 0],
						"0.25": [0, 0, -10],
						"0.5": [0, 0, 0],
						"0.625": [0, 0, 0]
					},
					"position": [0, 0, 0]
				},
				"LegR1": {
					"rotation": {
						"0.0": [0, 0, 0],
						"0.25": [0, 0, -10],
						"0.5": [0, 0, 0],
						"0.7083": [0, 0, -10],
						"1.125": [0, 0, 0]
					},
					"position": [0, 0, 0]
				},
				"eyel": {
					"position": {
						"0.0": [0, 0, 0],
						"0.7917": [0, 0.75, 0]
					},
					"scale": {
						"0.0": [1, 1, 1],
						"0.7917": [1, 0.1, 1]
					}
				},
				"eyer": {
					"position": {
						"0.0": [0, 0, 0],
						"0.7917": [0, 0.75, 0]
					},
					"scale": {
						"0.0": [1, 1, 1],
						"0.7917": [1, 0.1, 1]
					}
				}
			}
		}
	},
	"geckolib_format_version": 2
}