{
    "implemented": true,
    "name": "glacire",
    "nationalPokedexNumber": 6401,
    "primaryType": "water",
    "secondaryType": "ice",
    "abilities": [
        "damp",
        "slushrush",
        "h:unaware"
    ],
    "baseStats": {
        "hp": 75,
        "attack": 130,
        "defence": 60,
        "special_attack": 45,
        "special_defence": 20,
        "speed": 100
    },
    "catchRate": 90,
    "maleRatio": 0.5,
    "shoulderMountable": false,
    "forms": [],
    "baseExperienceYield": 151,
    "experienceGroup": "mediumfast",
    "eggCycles": 20,
    "eggGroups": [
        "water_1",
        "field"
    ],
    "behaviour": {
        "moving": {
            "swim": {
                "canSwimInWater": true,
                "canBreatheUnderwater": true
            }
        }
    },
    "drops": {
        "amount": "1",
        "entries": [
            {
                "item": "minecraft:clay_ball",
                "quantityRange": "1-2",
                "percentage": 66
            }
        ]
    },
    "moves": [
        "1:tailwhip",
        "1:watergun",
        "1:raindance",
        "1:hail",
        "1:icywind",
        "5:hail",
        "12:mist",
        "12:haze",
		"14:quickattack",
        "16:slam",
        "19:iceball",
        "23:yawn",
		"26:icepunch",
        "28:aquatail",
        "34:waterfall",
        "40:amnesia",
        "46:toxic",
		"49:surf",
        "52:iciclecrash",
		"64:sheercold",
        "tm:amnesia",
        "tm:attract",
        "tm:blizzard",
        "tm:bodyslam",
        "tm:brickbreak",
        "tm:bulldoze",
        "tm:captivate",
        "tm:confide",
        "tm:curse",
        "tm:dig",
        "tm:dive",
        "tm:doubleteam",
        "tm:earthpower",
        "tm:earthquake",
        "tm:eerieimpulse",
        "tm:encore",
        "tm:endure",
        "tm:facade",
        "tm:flash",
        "tm:fling",
        "tm:focusblast",
        "tm:frustration",
        "tm:gigaimpact",
        "tm:guardswap",
        "tm:hail",
        "tm:hiddenpower",
        "tm:highhorsepower",
        "tm:hydropump",
        "tm:hyperbeam",
        "tm:icebeam",
        "tm:icepunch",
        "tm:icywind",
        "tm:infestation",
        "tm:irontail",
        "tm:liquidation",
        "tm:megakick",
        "tm:megapunch",
        "tm:muddywater",
        "tm:mudshot",
        "tm:naturalgift",
        "tm:poweruppunch",
        "tm:protect",
        "tm:raindance",
        "tm:rest",
        "tm:return",
        "tm:rockslide",
        "tm:rocksmash",
        "tm:rocktomb",
        "tm:round",
        "tm:safeguard",
        "tm:sandstorm",
        "tm:scald",
        "tm:secretpower",
        "tm:sleeptalk",
        "tm:sludgebomb",
        "tm:sludgewave",
        "tm:snore",
        "tm:stompingtantrum",
        "tm:stoneedge",
        "tm:strength",
        "tm:substitute",
        "tm:surf",
        "tm:swagger",
        "tm:thief",
        "tm:waterfall",
        "tm:whirlpool",
        "tutor:afteryou",
        "tutor:ancientpower",
        "tutor:counter",
        "tutor:defensecurl",
        "tutor:doubleedge",
        "tutor:dynamicpunch",
        "tutor:focuspunch",
        "tutor:headbutt",
        "tutor:mimic",
        "tutor:mudslap",
        "tutor:rollout",
        "tutor:seismictoss",
        "tutor:waterpulse"
    ],
    "labels": [
        "custom", "regional"
    ],
    "pokedex": [
        "cobblemon.species.glacire.desc1",
        "cobblemon.species.glacire.desc2"
    ],
    "preEvolution": "wooper craftian=true",
    "evolutions": [],
    "baseScale": 1.0,
    "hitbox": {
        "width": 0.8,
        "height": 1.5,
        "fixed": false
    },
    "baseFriendship": 50,
    "evYield": {
        "hp": 2
    },
    "height": 14,
    "weight": 750
}