{
    "implemented": true,
    "name": "magnegate",
    "nationalPokedexNumber": 6402,
    "primaryType": "psychic",
    "secondaryType": "fire",
    "abilities": [
        "levitate",
        "synchronize",
        "h:analytic"
    ],
    "baseStats": {
        "hp": 70,
        "attack": 90,
        "defence": 60,
        "special_attack": 130,
        "special_defence": 70,
        "speed": 115
    },
    "catchRate": 30,
    "maleRatio": -1,
    "shoulderMountable": false,
    "forms": [],
    "baseExperienceYield": 268,
    "experienceGroup": "mediumfast",
    "eggCycles": 20,
    "eggGroups": [
        "mineral"
    ],
    "behaviour": {
        "moving": {
            "fly": {
                "canFly": true
            },
            "walk": {
                "canWalk": false
            }
        }
    },
    "moves": [
        "1:tackle",
        "1:supersonic",
        "1:psybeam",
        "1:thunderwave",
        "1:barrier",
        "1:triattack",
        "1:mirrorcoat",
        "1:cosmicpower",
        "1:psychicterrain",
		"1:teleport",
        "11:ember",
        "12:electroball",
        "16:gyroball",
        "17:sonicboom",
        "20:flatter",
        "23:psychic",
        "24:dazzlinggleam",
        "28:calmmind",
        "34:flashcannon",
        "40:synchronoise",
        "46:mysticalfire",
        "52:lightscreen",
        "58:lockon",
        "64:burnup",
        "tm:allyswitch",
        "tm:bodypress",
        "tm:chargebeam",
        "tm:confide",
        "tm:doubleteam",
        "tm:electricterrain",
		"tm:psychicterrain",
        "tm:electroball",
        "tm:incinerate",
        "tm:endure",
        "tm:explosion",
        "tm:facade",
        "tm:flash",
        "tm:flashcannon",
        "tm:frustration",
        "tm:gigaimpact",
        "tm:gyroball",
        "tm:heavyslam",
        "tm:hiddenpower",
        "tm:hyperbeam",
        "tm:irondefense",
        "tm:ironhead",
        "tm:lightscreen",
        "tm:naturalgift",
        "tm:protect",
        "tm:psychup",
        "tm:raindance",
        "tm:reflect",
        "tm:rest",
        "tm:return",
        "tm:round",
        "tm:screech",
        "tm:secretpower",
        "tm:selfdestruct",
        "tm:sleeptalk",
        "tm:snore",
        "tm:substitute",
        "tm:sunnyday",
        "tm:swagger",
        "tm:swift",
        "tm:thunder",
        "tm:thunderbolt",
        "tm:thunderwave",
        "tm:toxic",
        "tm:triattack",
        "tm:voltswitch",
        "tm:wildcharge",
        "tutor:gravity",
        "tutor:magiccoat",
        "tutor:recycle",
        "tutor:risingvoltage",
        "tutor:rollout",
        "tutor:shockwave",
        "tutor:signalbeam",
        "tutor:steelbeam",
        "tutor:steelroller"
    ],
    "labels": [
        "custom", "regional"
    ],
    "pokedex": [
        "cobblemon.species.magnegate.desc1",
        "cobblemon.species.magnegate.desc2"
    ],
    "preEvolution": "magneton craftian=true",
    "evolutions": [],
    "baseScale": 1.4,
    "hitbox": {
        "width": 1.5,
        "height": 1.0,
        "fixed": false
    },
    "baseFriendship": 50,
    "evYield": {
        "special_attack": 3
    },
    "height": 12,
    "weight": 1800
}