{
  "implemented": true,
  "name": "pyukumukux",
  "nationalPokedexNumber": 771,
  "primaryType": "fighting",
  "abilities": [
    "ironfist",
    "h:sheerforce"
  ],
  "baseStats": {
    "hp": 55,
    "attack": 130,
    "defence": 60,
    "special_attack": 5,
    "special_defence": 30,
    "speed": 130
  },
  "behaviour": {
    "resting": {
        "canSleep": true,
        "willSleepOnBed": false,        "depth": "normal",
        "light": "0-6"
    },
    "moving": {
        "fly": {
            "canFly": false
        },
        "canLook": true,
        "walk": {
            "canWalk": true,
            "avoidsLand": false
        },
        "swim": {
            "swimSpeed": 0.1,
            "canSwimInWater": true,
            "canBreatheUnderwater": true
        },
        "wanderChance": 1.0
    }
  },
  "catchRate": 45,
  "maleRatio": 0.5,
  "shoulderMountable": false,
  "baseExperienceYield": 134,
  "experienceGroup": "fast",
  "eggCycles": 39,
  "eggGroups": [
    "undiscovered"
  ],
  "moves": [
    "1:firepunch",
    "1:thunderpunch",
    "1:icepunch",
    "1:focusenergy",
    "1:batonpass",
    "5:machpunch",
    "10:taunt",
    "15:circlethrow",
    "20:dizzypunch",
    "25:bulkup",
    "30:swagger",
    "35:skyuppercut",
    "40:painsplit",
    "45:drainpunch",
    "50:quickguard",
    "55:reversal",
    "60:dynamicpunch",
    "tm:toxic",
    "tm:bulkup",
    "tm:hiddenpower",
    "tm:taunt",
    "tm:lightscreen",
    "tm:protect",
    "tm:raindance",
    "tm:safeguard",
    "tm:smackdown",
    "tm:return",
    "tm:brickbreak",
    "tm:doubleteam",
    "tm:reflect",
    "tm:aerialace",
    "tm:rest",
    "tm:attract",
    "tm:lowsweep",
    "tm:round",
    "tm:focusblast",
    "tm:fling",
    "tm:payback",
    "tm:stoneedge",
    "tm:gyroball",
    "tm:poweruppunch",
    "tm:psychup",
    "tm:swagger",
    "tm:uturn",
    "tm:substitute",
    "tutor:block",
    "tutor:bounce",
    "tutor:drainpunch",
    "tutor:gastroacid",
    "tutor:helpinghand",
    "tutor:lowkick",
    "tutor:painsplit",
    "tutor:recycle",
    "tutor:secretpower",
    "tutor:spite",
    "tutor:superpower"  ],
  "labels": [
    "xenoverse",
    "gen7"
  ],
  "pokedex": [
    "cobblemon.species.pyukumukux.desc"
  ],
  "baseScale": 1.0,
  "hitbox": {
    "width": 0.7,
    "height": 0.7,
    "fixed": false
  },
  "baseFriendship": 70,
  "evYield": {
    "hp": 0,
    "attack": 2,
    "defence": 0,
    "special_attack": 0,
    "special_defence": 0,
    "speed": 0
  },
  "height": 7,
  "weight": 101,
  "aspects": [],
"features": [

  ],  "cannotDynamax": false
}