{
    "head": "head",
    "portraitScale": 2.0,
    "portraitTranslation": [ 0, 0.6, 0 ],
    "profileScale": 0.7,
    "profileTranslation": [ 0.05, 0.75, 0 ],
    "faint": "bedrock(flaaffy, sleep)",
    "poses": {

      "standing": {
        "poseName": "standing",
        "transformTicks": 10,
        "poseTypes": [
          "STAND",
          "NONE",
          "PORTRAIT",
          "PROFILE"
        ],
        "animations": [
          "look",
          "bedrock(flaaffy, ground_idle)"
        ],
        "quirks": [
          {
            "name": "blink",
            "animations": ["bedrock(flaaffy, blink)"]
          }
        ]
      },

      "walking": {
        "poseName": "walking",
        "transformTicks": 10,
        "poseTypes": [ "WALK" ],
        "animations": [ 
          "look",
          "bedrock(flaaffy, ground_walk)"
        ],
        "quirks": [
          {
            "name": "blink",
            "animations": ["bedrock(flaaffy, blink)"]
          }
        ]
      }
    }
  }