{
  "portraitScale": 1.8,
  "portraitTranslation": [0.2, -0.9, 0.0],
  "profileScale": 1.2,
  "profileTranslation": [0.0, -0.1, 0.0],
  "poses": {
      "standing": {
        "poseName": "standing",
        "transformTicks": 10,
        "poseTypes": ["STAND", "NONE", "PORTRAIT", "PROFILE"],
        "animations": [
          "bedrock(ditto_x, ground_idle)"
        ]
      },
	  "walking": {
        "poseName": "walking",
        "transformTicks": 10,
        "poseTypes": ["WALK"],
        "animations": [
          "bedrock(ditto_x, ground_walk)"
        ]
      }
	}
}