{
  "portraitScale": 2.4,
  "portraitTranslation": [0.0, -2, 0.0],
  "profileScale": 1.4,
  "profileTranslation": [0.0, -0.4, 0.0],
  "poses": {
      "standing": {
        "poseName": "standing",
        "transformTicks": 10,
        "poseTypes": ["STAND", "NONE", "PORTRAIT", "PROFILE"],
        "animations": [
          "bedrock(joltik_x, ground_idle)"
        ]
      },
	  "walking": {
        "poseName": "walking",
        "transformTicks": 10,
        "poseTypes": ["WALK"],
        "animations": [
          "bedrock(joltik_x, ground_walk)"
        ]
      }
	}
}