{
  "portraitScale": 2.3,
  "portraitTranslation": [-0.3, -0.2, 0.0],
  "profileScale": 0.8,
  "profileTranslation": [0.0, 0.4, 0.0],
   "head": "head",
  "poses": {
    "standing": {
      "poseName": "standing",
      "transformTicks": 10,
      "allPoseTypes": true,
      "animations": [
			"look",
          "bedrock(squirtle_ehgo, ground_idle)"
	  ],
        "quirks": [
          {
            "name": "blink",
            "animations": ["bedrock(squirtle_ehgo, blink)"]
          }
        ]
    }
  }
}