{
  "portraitScale": 2.1,
  "portraitTranslation": [-0.3, -1.2, 0.0],
  "profileScale": 0.9,
  "profileTranslation": [0.0, 0.4, 0.0],
  "head": "head",
  "poses": {
    "standing": {
        "poseName": "standing",
        "transformTicks": 10,
        "poseTypes": ["STAND", "NONE", "PORTRAIT", "PROFILE", "FLOAT"],
        "animations": [
          "look",
          "bedrock(ivysaur_ehgo, ground_idle)"
        ],
        "quirks": [
          {
            "name": "blink",
            "animations": ["bedrock(ivysaur_ehgo, blink)"]
          }
        ]
      },
	  "walking": {
        "poseName": "walking",
        "transformTicks": 10,
        "poseTypes": ["WALK"],
        "animations": [
          "look",
          "bedrock(ivysaur_ehgo, ground_walk)"
        ],
        "quirks": [
          {
            "name": "blink",
            "animations": ["bedrock(ivysaur_ehgo, blink)"]
          }
        ]
      }
    }
}