{
  "portraitScale": 1.5,
  "portraitTranslation": [0.0, 0, 0.0],
  "profileScale": 0.9,
  "profileTranslation": [0.0, 0.5, 0.0],
  "head": "torso",
    "poses": {
      "standing": {
        "poseName": "standing",
        "transformTicks": 10,
        "poseTypes": ["STAND", "NONE", "FLOAT", "SWIM", "PORTRAIT", "PROFILE", "FLOAT"],
        "animations": [
          "look",
          "bedrock(doodloo, ground_idle)"
        ]
      },
      "walking": {
        "poseName": "walking",
        "transformTicks": 10,
        "poseTypes": ["WALK"],
        "animations": [
          "look",
          "bedrock(doodloo, ground_walk)"
        ]
      }
    }
}