{
  "portraitScale": 1.9,
  "portraitTranslation": [-0.5, -0.3, 0.0],
  "profileScale": 0.8,
  "profileTranslation": [0.0, 0.5, 0.0],
    "poses": {
      "standing": {
        "poseName": "standing",
        "transformTicks": 10,
        "poseTypes": ["STAND", "NONE", "WALK", "PORTRAIT", "PROFILE"],
        "animations": [
          "bedrock(maelstream, ground_idle)"
        ]
      },
      "swimming": {
        "poseName": "swimming",
        "transformTicks": 10,
        "poseTypes": ["SWIM"],
        "animations": [
          "bedrock(maelstream, water_swim)"
        ]
      },
      "floating": {
        "poseName": "floating",
        "transformTicks": 10,
        "poseTypes": ["FLOAT"],
        "animations": [
          "bedrock(maelstream, water_idle)"
        ]
      }
    }
}