{
  "portraitScale": 1.8,
  "portraitTranslation": [-0.4, 0, 0.0],
  "profileScale": 0.58,
  "profileTranslation": [0.0, 0.9, 0.0],
    "poses": {
      "standing": {
        "poseName": "standing",
        "transformTicks": 10,
        "poseTypes": ["STAND", "NONE", "WALK", "PORTRAIT", "PROFILE"],
        "animations": [
          "bedrock(skelachone, ground_idle)"
        ]
      },
      "swimming": {
        "poseName": "swimming",
        "transformTicks": 10,
        "poseTypes": ["SWIM"],
        "animations": [
          "bedrock(skelachone, water_swim)"
        ]
      },
      "floating": {
        "poseName": "floating",
        "transformTicks": 10,
        "poseTypes": ["FLOAT"],
        "animations": [
          "bedrock(skelachone, water_idle)"
        ]
      }
    }
}