{
  "head": "head",
  "portraitScale": 3.6,
  "portraitTranslation": [0.2, -2.4, 0],
  "profileScale": 1.6,
  "profileTranslation": [0, -0.6, 0],
  "faint": "bedrock(trishout, faint)",
  "poses": {
      "standing": {
        "poseName": "standing",
        "transformTicks": 10,
        "poseTypes": ["STAND", "NONE", "PORTRAIT", "PROFILE","FLOAT"],
        "animations": [
			"bedrock(trishout, ground_idle)"
        ],
		"quirks": [
			{
				"name": "blink",
				"animations": ["bedrock(trishout, blink)"]
			}
		]
      },
	  "walking": {
        "poseName": "walking",
        "transformTicks": 10,
        "poseTypes": ["WALK"],
        "animations": [
			"bedrock(trishout, ground_walk)"
        ],
		"quirks": [
			{
				"name": "blink",
				"animations": ["bedrock(trishout, blink)"]
			}
		]
      }
    }
}