{
  "head": "head",
  "portraitScale": 2.4,
  "portraitTranslation": [0, -1,5, 0],
  "profileScale": 1.4,
  "profileTranslation": [0, -0.3, 0],
  "poses": {
      "standing": {
        "poseName": "standing",
        "transformTicks": 10,
        "poseTypes": ["STAND", "NONE", "PORTRAIT", "PROFILE","FLOAT"],
        "animations": [
			"bedrock(shyleon, ground_idle)"
        ]
      },
	  "walking": {
        "poseName": "walking",
        "transformTicks": 10,
        "poseTypes": ["WALK"],
        "animations": [
			"bedrock(shyleon, ground_walk)"
        ]
      }
    }
}