{
  "portraitScale": 1.25,
  "portraitTranslation": [0, -0.6, 0],
  "profileScale": 1.25,
  "profileTranslation": [0, -0.5, 0],
  "poses": {
    "standing": {
      "poseName": "standing",
      "transformTicks": 10,
      "poseTypes": ["STAND", "WALK", "NONE"],
      "animations": [
        "bedrock(pitipole, ground_idle)"
      ]
    },
    "swimming": {
      "poseName": "swimming",
      "transformTicks": 10,
      "poseTypes": ["SWIM", "FLOAT", "PORTRAIT", "PROFILE"],
      "animations": [
        "bedrock(pitipole, water_idle)"
      ]
    }
  }
}