{
  "head": "head",
  "portraitScale": 2,
  "portraitTranslation": [ -0.2, -0.2, 0 ],
  "profileScale": 0.7,
  "profileTranslation": [ 0, 0.7, 0 ],
  "faint": "bedrock(greninjaz, faint)",
  "poses": {
    "standing": {
      "poseName": "standing",
      "transformTicks": 10,
      "poseTypes": ["STAND", "NONE", "PORTRAIT", "PROFILE"],
      "animations": [
        "bedrock(greninjaz, battle_idle)"],
        "quirks": [
          {
            "name": "blink",
            "animations": ["bedrock(greninjaz, blink)"]
          }
        ]
    },
    "walking": {
      "poseName": "walking",
      "transformTicks": 10,
      "poseTypes": [ "WALK" ],
      "animations": [ "bedrock(greninjaz, ground_walk)" ],
        "quirks": [
          {
            "name": "blink",
            "animations": ["bedrock(greninjaz, blink)"]
          }
        ]
    },
    "floating": {
      "poseName": "floating",
      "transformTicks": 10,
      "poseTypes": [ "FLOAT" ],
      "animations": [ "bedrock(greninjaz, water_idle)" ],
        "quirks": [
          {
            "name": "blink",
            "animations": ["bedrock(greninjaz, blink)"]
          }
        ]
    },
    "swimming": {
      "poseName": "swimming",
      "transformTicks": 10,
      "poseTypes": [ "SWIM" ],
      "animations": [ "bedrock(greninjaz, water_swim)" ],
        "quirks": [
          {
            "name": "blink",
            "animations": ["bedrock(greninjaz, blink)"]
          }
        ]
    }
  }
}