{
    "head": "head",
	"portraitScale": 2.7,
    "portraitTranslation": [ -0.1, -2.6, 0 ],
    "profileScale": 0.8,
    "profileTranslation": [ 0, 0.4, 0 ],
    "poses": {
      "standing": {
        "poseName": "standing",
        "transformTicks": 10,
        "poseTypes": [
          "STAND",
          "NONE",
          "PORTRAIT",
          "PROFILE"
        ],
        "animations": [
          "bedrock(mimikyup, ground_idle)"
        ]
      },
      "walking": {
        "poseName": "walking",
        "transformTicks": 10,
        "poseTypes": [ "WALK" ],
        "animations": [ "bedrock(mimikyup, ground_walk)" 	
		]
		},
    "shoulder_left": {
      "poseName": "shoulder_left",
      "transformTicks": 10,
      "poseTypes": ["SHOULDER_LEFT"],
      "animations": [
        "look",
        "bedrock(mimikyup, shoulder_left)"
      ]
		}
      }
    }