{
    "head": "head",
	"portraitScale": 2,
    "portraitTranslation": [ 0, -1.0, 0 ],
    "profileScale": 1.2,
    "profileTranslation": [ 0, -0.2, 0 ],
    "poses": {
      "standing": {
        "poseName": "standing",
        "transformTicks": 10,
        "poseTypes": [
          "STAND",
          "NONE",
          "PORTRAIT",
          "PROFILE"
        ],
        "animations": [
          "bedrock(rowlet, ground_idle)"
        ],
        "quirks": [
          {
            "name": "blink",
            "animations": ["bedrock(rowlet, blink)"]
          }
        ]
      },
      "walking": {
        "poseName": "walking",
        "transformTicks": 10,
        "poseTypes": [ "WALK" ],
        "animations": [ "bedrock(rowlet, ground_idle)" 
		]
		},
    "flying": {
      "poseName": "flying",
      "transformTicks": 10,
      "poseTypes": [ "FLY" ],
      "animations": [ "bedrock(rowlet, air_fly)" 
	  ]
    },
	"hovering": {
      "poseName": "hovering",
      "transformTicks": 10,
      "poseTypes": [ "HOVER" ],
      "animations": [ "bedrock(rowlet, air_idle)" 
	  ]
      }
    }
  }