{
	"format_version": "1.8.0",
	"animations": {
		"animation.jaggedtrunk.ground_idle": {
			"loop": true,
			"animation_length": 3.875,
			"bones": {
				"TailSeg2": {
					"rotation": {
						"0.0": [0, 0, 0],
						"0.75": [0, 0, 32.5],
						"1.5833": [0, 0, 0],
						"2.8333": [0, 0, "-32.5"],
						"3.875": [0, 0, 0]
					},
					"position": {
						"0.0": [0, 0, 0],
						"0.75": [0, 7, 0],
						"1.5833": [0, 0, 0],
						"2.8333": [4, -5.75, 0.25],
						"3.875": [0, 0, 0]
					}
				},
				"EarR": {
					"rotation": {
						"0.0": [0, 0, 0],
						"0.75": [0, 0, 0],
						"1.4167": [0, -17.5, 0],
						"2.0": [0, 0, 0],
						"2.5833": [0, -17.5, 0],
						"3.25": [0, 0, 0]
					},
					"position": {
						"0.75": [0, 0, 0],
						"1.4167": [-1, 0, 3],
						"2.0": [0, 0, 0],
						"2.5833": [-1, 0, 3],
						"3.25": [0, 0, 0]
					}
				},
				"EarL": {
					"rotation": {
						"0.0": [0, 0, 0],
						"0.75": [0, 0, 0],
						"1.4167": [0, 17.5, 0],
						"2.0": [0, 0, 0],
						"2.5833": [0, 17.5, 0],
						"3.25": [0, 0, 0]
					},
					"position": {
						"0.75": [0, 0, 0],
						"1.4167": [1, 0, 3],
						"2.0": [0, 0, 0],
						"2.5833": [1, 0, 3],
						"3.25": [0, 0, 0]
					}
				},
				"TrunkTop": {
					"rotation": {
						"0.0": [0, 0, 0],
						"1.8333": [-5, 0, 0],
						"3.7917": [-3.5, 0, 0],
						"3.875": [0, 0, 0]
					},
					"position": {
						"0.0": [0, 0, 0],
						"1.8333": [0, -1, -2.75],
						"3.7917": [0, -1.25, -3.25],
						"3.875": [0, 0, 0]
					}
				},
				"TrunkBottom": {
					"rotation": {
						"0.0": [0, 0, 0],
						"1.375": [10, 0, 0],
						"2.8333": [-1.6, 0, 0],
						"3.5833": [0, 0, 0]
					},
					"position": {
						"0.0": [0, 0, 0],
						"1.375": [0, 3.25, 4],
						"2.8333": [0, 1.1, -0.64],
						"3.5833": [0, 0, 0]
					}
				}
			}
		},
		"animation.jaggedtrunk.air_idle": {
			"loop": true,
			"animation_length": 3.875,
			"bones": {
				"TailSeg2": {
					"rotation": {
						"0.0": [0, 0, 0],
						"0.75": [0, 0, 32.5],
						"1.5833": [0, 0, 0],
						"2.8333": [0, 0, "-32.5"],
						"3.875": [0, 0, 0]
					},
					"position": {
						"0.0": [0, 0, 0],
						"0.75": [0, 7, 0],
						"1.5833": [0, 0, 0],
						"2.8333": [4, -5.75, 0.25],
						"3.875": [0, 0, 0]
					}
				},
				"EarR": {
					"rotation": {
						"0.0": [0, 0, 0],
						"0.75": [0, 0, 0],
						"1.4167": [0, -17.5, 0],
						"2.0": [0, 0, 0],
						"2.5833": [0, -17.5, 0],
						"3.25": [0, 0, 0]
					},
					"position": {
						"0.75": [0, 0, 0],
						"1.4167": [-1, 0, 3],
						"2.0": [0, 0, 0],
						"2.5833": [-1, 0, 3],
						"3.25": [0, 0, 0]
					}
				},
				"EarL": {
					"rotation": {
						"0.0": [0, 0, 0],
						"0.75": [0, 0, 0],
						"1.4167": [0, 17.5, 0],
						"2.0": [0, 0, 0],
						"2.5833": [0, 17.5, 0],
						"3.25": [0, 0, 0]
					},
					"position": {
						"0.75": [0, 0, 0],
						"1.4167": [1, 0, 3],
						"2.0": [0, 0, 0],
						"2.5833": [1, 0, 3],
						"3.25": [0, 0, 0]
					}
				},
				"TrunkTop": {
					"rotation": {
						"0.0": [0, 0, 0],
						"1.8333": [-5, 0, 0],
						"3.7917": [-3.5, 0, 0],
						"3.875": [0, 0, 0]
					},
					"position": {
						"0.0": [0, 0, 0],
						"1.8333": [0, -1, -2.75],
						"3.7917": [0, -1.25, -3.25],
						"3.875": [0, 0, 0]
					}
				},
				"TrunkBottom": {
					"rotation": {
						"0.0": [0, 0, 0],
						"1.375": [10, 0, 0],
						"2.8333": [-1.6, 0, 0],
						"3.5833": [0, 0, 0]
					},
					"position": {
						"0.0": [0, 0, 0],
						"1.375": [0, 3.25, 4],
						"2.8333": [0, 1.1, -0.64],
						"3.5833": [0, 0, 0]
					}
				}
			}
		},
		"animation.jaggedtrunk.ground_walk": {
			"loop": true,
			"animation_length": 8.70833,
			"bones": {
				"LegR": {
					"rotation": {
						"0.0": [0, 0, 0],
						"2.0": [-22.5, 0, 0],
						"5.0833": [0, 0, 0],
						"7.2083": [42.5, 0, 0],
						"8.7083": [0, 0, 0]
					},
					"position": {
						"0.0": [0, 0, 0],
						"2.0": [0, 0, -7],
						"3.1667": [0, -2.03, -4.55],
						"3.5417": [0, -2, -4.4],
						"5.0833": [0, 0, 0],
						"7.2083": [0, 11, 7],
						"8.7083": [0, 0, 0]
					}
				},
				"LegL": {
					"rotation": {
						"0.0": [0, 0, 0],
						"2.0": [42.5, 0, 0],
						"3.5": [0, 0, 0],
						"5.0417": [-22.5, 0, 0],
						"8.125": [0, 0, 0]
					},
					"position": {
						"0.0": [0, 0, 0],
						"2.0": [0, 11, 7],
						"3.5": [0, 0, 0],
						"5.0417": [0, 0, -7],
						"6.2083": [0, -2.03, -4.55],
						"6.5833": [0, -2, -4.4],
						"8.125": [0, 0, 0]
					}
				},
				"BacklegL": {
					"rotation": {
						"0.0": [0, 0, 0],
						"2.0": [-22.5, 0, 0],
						"5.0833": [0, 0, 0],
						"7.2083": [42.5, 0, 0],
						"8.7083": [0, 0, 0]
					},
					"position": {
						"0.0": [0, 0, 0],
						"2.0": [0, 9, -8],
						"3.1667": [0, 4.97, -4.55],
						"3.5417": [0, 4, -3.4],
						"5.0833": [0, 0, 0],
						"7.2083": [0, -9, 9],
						"8.7083": [0, 0, 0]
					}
				},
				"BacklegR": {
					"rotation": {
						"0.0": [0, 0, 0],
						"2.0": [42.5, 0, 0],
						"3.5": [0, 0, 0],
						"5.0417": [-22.5, 0, 0],
						"8.125": [0, 0, 0]
					},
					"position": {
						"0.0": [0, 0, 0],
						"2.0": [0, -10.25, 11.75],
						"3.5": [0, 0, 0],
						"5.0417": [0, 7, -7],
						"6.2083": [0, 3.97, -4.55],
						"6.5833": [0, 3, -4.4],
						"8.125": [0, 0, 0]
					}
				},
				"TailSeg2": {
					"rotation": {
						"0.0": [0, 0, 0],
						"0.75": [0, 0, 32.5],
						"1.5833": [0, 0, 0],
						"2.8333": [0, 0, "-32.5"]
					},
					"position": {
						"0.0": [0, 0, 0],
						"0.75": [0, 7, 0],
						"1.5833": [0, 0, 0],
						"2.8333": [4, -5.75, 0.25]
					}
				},
				"EarR": {
					"rotation": {
						"0.0": [0, 0, 0],
						"0.75": [0, 0, 0],
						"1.4167": [0, -17.5, 0],
						"2.0": [0, 0, 0],
						"2.5833": [0, -17.5, 0],
						"3.25": [0, 0, 0]
					},
					"position": {
						"0.75": [0, 0, 0],
						"1.4167": [-1, 0, 3],
						"2.0": [0, 0, 0],
						"2.5833": [-1, 0, 3],
						"3.25": [0, 0, 0]
					}
				},
				"EarL": {
					"rotation": {
						"0.0": [0, 0, 0],
						"0.75": [0, 0, 0],
						"1.4167": [0, 17.5, 0],
						"2.0": [0, 0, 0],
						"2.5833": [0, 17.5, 0],
						"3.25": [0, 0, 0]
					},
					"position": {
						"0.75": [0, 0, 0],
						"1.4167": [1, 0, 3],
						"2.0": [0, 0, 0],
						"2.5833": [1, 0, 3],
						"3.25": [0, 0, 0]
					}
				},
				"TrunkTop": {
					"rotation": {
						"0.0": [0, 0, 0],
						"5.0417": [-5, 0, 0],
						"8.7083": [0, 0, 0]
					},
					"position": {
						"0.0": [0, 0, 0],
						"5.0417": [0, -1.25, -2.5],
						"8.7083": [0, 0, 0]
					}
				},
				"TrunkBottom": {
					"rotation": {
						"0.0": [0, 0, 0],
						"5.4583": [2.5, 0, 0],
						"8.6667": [0, 0, 0]
					},
					"position": {
						"0.0": [0, 0, 0],
						"5.4583": [0, 1, 1],
						"8.6667": [0, 0, 0]
					}
				},
				"legseg2": {
					"rotation": {
						"0.0": [0, 0, 0],
						"2.0": [25, 0, 0]
					},
					"position": {
						"0.0": [0, 0, 0],
						"2.0": [0, 5.75, 3.25]
					}
				},
				"LegLSegment2": {
					"rotation": {
						"0.0": [0, 0, 0],
						"2.0": [-25, 0, 0],
						"3.5": [0, 0, 0]
					},
					"position": {
						"0.0": [0, 0, 0],
						"2.0": [0, -4, -5],
						"3.5": [0, 0, 0]
					}
				}
			}
		},
		"animation.jaggedtrunk.water_idle": {
			"loop": true,
			"animation_length": 8.70833,
			"bones": {
				"LegR": {
					"rotation": {
						"0.0": [0, 0, 0],
						"2.0": [-22.5, 0, 0],
						"5.0833": [0, 0, 0],
						"7.2083": [42.5, 0, 0],
						"8.7083": [0, 0, 0]
					},
					"position": {
						"0.0": [0, 0, 0],
						"2.0": [0, 0, -7],
						"3.1667": [0, -2.03, -4.55],
						"3.5417": [0, -2, -4.4],
						"5.0833": [0, 0, 0],
						"7.2083": [0, 11, 7],
						"8.7083": [0, 0, 0]
					}
				},
				"LegL": {
					"rotation": {
						"0.0": [0, 0, 0],
						"2.0": [42.5, 0, 0],
						"3.5": [0, 0, 0],
						"5.0417": [-22.5, 0, 0],
						"8.125": [0, 0, 0]
					},
					"position": {
						"0.0": [0, 0, 0],
						"2.0": [0, 11, 7],
						"3.5": [0, 0, 0],
						"5.0417": [0, 0, -7],
						"6.2083": [0, -2.03, -4.55],
						"6.5833": [0, -2, -4.4],
						"8.125": [0, 0, 0]
					}
				},
				"BacklegL": {
					"rotation": {
						"0.0": [0, 0, 0],
						"2.0": [-22.5, 0, 0],
						"5.0833": [0, 0, 0],
						"7.2083": [42.5, 0, 0],
						"8.7083": [0, 0, 0]
					},
					"position": {
						"0.0": [0, 0, 0],
						"2.0": [0, 9, -8],
						"3.1667": [0, 4.97, -4.55],
						"3.5417": [0, 4, -3.4],
						"5.0833": [0, 0, 0],
						"7.2083": [0, -9, 9],
						"8.7083": [0, 0, 0]
					}
				},
				"BacklegR": {
					"rotation": {
						"0.0": [0, 0, 0],
						"2.0": [42.5, 0, 0],
						"3.5": [0, 0, 0],
						"5.0417": [-22.5, 0, 0],
						"8.125": [0, 0, 0]
					},
					"position": {
						"0.0": [0, 0, 0],
						"2.0": [0, -10.25, 11.75],
						"3.5": [0, 0, 0],
						"5.0417": [0, 7, -7],
						"6.2083": [0, 3.97, -4.55],
						"6.5833": [0, 3, -4.4],
						"8.125": [0, 0, 0]
					}
				},
				"TailSeg2": {
					"rotation": {
						"0.0": [0, 0, 0],
						"0.75": [0, 0, 32.5],
						"1.5833": [0, 0, 0],
						"2.8333": [0, 0, "-32.5"]
					},
					"position": {
						"0.0": [0, 0, 0],
						"0.75": [0, 7, 0],
						"1.5833": [0, 0, 0],
						"2.8333": [4, -5.75, 0.25]
					}
				},
				"EarR": {
					"rotation": {
						"0.0": [0, 0, 0],
						"0.75": [0, 0, 0],
						"1.4167": [0, -17.5, 0],
						"2.0": [0, 0, 0],
						"2.5833": [0, -17.5, 0],
						"3.25": [0, 0, 0]
					},
					"position": {
						"0.75": [0, 0, 0],
						"1.4167": [-1, 0, 3],
						"2.0": [0, 0, 0],
						"2.5833": [-1, 0, 3],
						"3.25": [0, 0, 0]
					}
				},
				"EarL": {
					"rotation": {
						"0.0": [0, 0, 0],
						"0.75": [0, 0, 0],
						"1.4167": [0, 17.5, 0],
						"2.0": [0, 0, 0],
						"2.5833": [0, 17.5, 0],
						"3.25": [0, 0, 0]
					},
					"position": {
						"0.75": [0, 0, 0],
						"1.4167": [1, 0, 3],
						"2.0": [0, 0, 0],
						"2.5833": [1, 0, 3],
						"3.25": [0, 0, 0]
					}
				},
				"TrunkTop": {
					"rotation": {
						"0.0": [0, 0, 0],
						"5.0417": [-5, 0, 0],
						"8.7083": [0, 0, 0]
					},
					"position": {
						"0.0": [0, 0, 0],
						"5.0417": [0, -1.25, -2.5],
						"8.7083": [0, 0, 0]
					}
				},
				"TrunkBottom": {
					"rotation": {
						"0.0": [0, 0, 0],
						"5.4583": [2.5, 0, 0],
						"8.6667": [0, 0, 0]
					},
					"position": {
						"0.0": [0, 0, 0],
						"5.4583": [0, 1, 1],
						"8.6667": [0, 0, 0]
					}
				},
				"legseg2": {
					"rotation": {
						"0.0": [0, 0, 0],
						"2.0": [25, 0, 0]
					},
					"position": {
						"0.0": [0, 0, 0],
						"2.0": [0, 5.75, 3.25]
					}
				},
				"LegLSegment2": {
					"rotation": {
						"0.0": [0, 0, 0],
						"2.0": [-25, 0, 0],
						"3.5": [0, 0, 0]
					},
					"position": {
						"0.0": [0, 0, 0],
						"2.0": [0, -4, -5],
						"3.5": [0, 0, 0]
					}
				}
			}
		},
		"animation.jaggedtrunk.water_swim": {
			"loop": true,
			"animation_length": 8.70833,
			"bones": {
				"LegR": {
					"rotation": {
						"0.0": [0, 0, 0],
						"2.0": [-22.5, 0, 0],
						"5.0833": [0, 0, 0],
						"7.2083": [42.5, 0, 0],
						"8.7083": [0, 0, 0]
					},
					"position": {
						"0.0": [0, 0, 0],
						"2.0": [0, 0, -7],
						"3.1667": [0, -2.03, -4.55],
						"3.5417": [0, -2, -4.4],
						"5.0833": [0, 0, 0],
						"7.2083": [0, 11, 7],
						"8.7083": [0, 0, 0]
					}
				},
				"LegL": {
					"rotation": {
						"0.0": [0, 0, 0],
						"2.0": [42.5, 0, 0],
						"3.5": [0, 0, 0],
						"5.0417": [-22.5, 0, 0],
						"8.125": [0, 0, 0]
					},
					"position": {
						"0.0": [0, 0, 0],
						"2.0": [0, 11, 7],
						"3.5": [0, 0, 0],
						"5.0417": [0, 0, -7],
						"6.2083": [0, -2.03, -4.55],
						"6.5833": [0, -2, -4.4],
						"8.125": [0, 0, 0]
					}
				},
				"BacklegL": {
					"rotation": {
						"0.0": [0, 0, 0],
						"2.0": [-22.5, 0, 0],
						"5.0833": [0, 0, 0],
						"7.2083": [42.5, 0, 0],
						"8.7083": [0, 0, 0]
					},
					"position": {
						"0.0": [0, 0, 0],
						"2.0": [0, 9, -8],
						"3.1667": [0, 4.97, -4.55],
						"3.5417": [0, 4, -3.4],
						"5.0833": [0, 0, 0],
						"7.2083": [0, -9, 9],
						"8.7083": [0, 0, 0]
					}
				},
				"BacklegR": {
					"rotation": {
						"0.0": [0, 0, 0],
						"2.0": [42.5, 0, 0],
						"3.5": [0, 0, 0],
						"5.0417": [-22.5, 0, 0],
						"8.125": [0, 0, 0]
					},
					"position": {
						"0.0": [0, 0, 0],
						"2.0": [0, -10.25, 11.75],
						"3.5": [0, 0, 0],
						"5.0417": [0, 7, -7],
						"6.2083": [0, 3.97, -4.55],
						"6.5833": [0, 3, -4.4],
						"8.125": [0, 0, 0]
					}
				},
				"TailSeg2": {
					"rotation": {
						"0.0": [0, 0, 0],
						"0.75": [0, 0, 32.5],
						"1.5833": [0, 0, 0],
						"2.8333": [0, 0, "-32.5"]
					},
					"position": {
						"0.0": [0, 0, 0],
						"0.75": [0, 7, 0],
						"1.5833": [0, 0, 0],
						"2.8333": [4, -5.75, 0.25]
					}
				},
				"EarR": {
					"rotation": {
						"0.0": [0, 0, 0],
						"0.75": [0, 0, 0],
						"1.4167": [0, -17.5, 0],
						"2.0": [0, 0, 0],
						"2.5833": [0, -17.5, 0],
						"3.25": [0, 0, 0]
					},
					"position": {
						"0.75": [0, 0, 0],
						"1.4167": [-1, 0, 3],
						"2.0": [0, 0, 0],
						"2.5833": [-1, 0, 3],
						"3.25": [0, 0, 0]
					}
				},
				"EarL": {
					"rotation": {
						"0.0": [0, 0, 0],
						"0.75": [0, 0, 0],
						"1.4167": [0, 17.5, 0],
						"2.0": [0, 0, 0],
						"2.5833": [0, 17.5, 0],
						"3.25": [0, 0, 0]
					},
					"position": {
						"0.75": [0, 0, 0],
						"1.4167": [1, 0, 3],
						"2.0": [0, 0, 0],
						"2.5833": [1, 0, 3],
						"3.25": [0, 0, 0]
					}
				},
				"TrunkTop": {
					"rotation": {
						"0.0": [0, 0, 0],
						"5.0417": [-5, 0, 0],
						"8.7083": [0, 0, 0]
					},
					"position": {
						"0.0": [0, 0, 0],
						"5.0417": [0, -1.25, -2.5],
						"8.7083": [0, 0, 0]
					}
				},
				"TrunkBottom": {
					"rotation": {
						"0.0": [0, 0, 0],
						"5.4583": [2.5, 0, 0],
						"8.6667": [0, 0, 0]
					},
					"position": {
						"0.0": [0, 0, 0],
						"5.4583": [0, 1, 1],
						"8.6667": [0, 0, 0]
					}
				},
				"legseg2": {
					"rotation": {
						"0.0": [0, 0, 0],
						"2.0": [25, 0, 0]
					},
					"position": {
						"0.0": [0, 0, 0],
						"2.0": [0, 5.75, 3.25]
					}
				},
				"LegLSegment2": {
					"rotation": {
						"0.0": [0, 0, 0],
						"2.0": [-25, 0, 0],
						"3.5": [0, 0, 0]
					},
					"position": {
						"0.0": [0, 0, 0],
						"2.0": [0, -4, -5],
						"3.5": [0, 0, 0]
					}
				}
			}
		},
		"animation.jaggedtrunk.air_fly": {
			"loop": true,
			"animation_length": 8.70833,
			"bones": {
				"LegR": {
					"rotation": {
						"0.0": [0, 0, 0],
						"2.0": [-22.5, 0, 0],
						"5.0833": [0, 0, 0],
						"7.2083": [42.5, 0, 0],
						"8.7083": [0, 0, 0]
					},
					"position": {
						"0.0": [0, 0, 0],
						"2.0": [0, 0, -7],
						"3.1667": [0, -2.03, -4.55],
						"3.5417": [0, -2, -4.4],
						"5.0833": [0, 0, 0],
						"7.2083": [0, 11, 7],
						"8.7083": [0, 0, 0]
					}
				},
				"LegL": {
					"rotation": {
						"0.0": [0, 0, 0],
						"2.0": [42.5, 0, 0],
						"3.5": [0, 0, 0],
						"5.0417": [-22.5, 0, 0],
						"8.125": [0, 0, 0]
					},
					"position": {
						"0.0": [0, 0, 0],
						"2.0": [0, 11, 7],
						"3.5": [0, 0, 0],
						"5.0417": [0, 0, -7],
						"6.2083": [0, -2.03, -4.55],
						"6.5833": [0, -2, -4.4],
						"8.125": [0, 0, 0]
					}
				},
				"BacklegL": {
					"rotation": {
						"0.0": [0, 0, 0],
						"2.0": [-22.5, 0, 0],
						"5.0833": [0, 0, 0],
						"7.2083": [42.5, 0, 0],
						"8.7083": [0, 0, 0]
					},
					"position": {
						"0.0": [0, 0, 0],
						"2.0": [0, 9, -8],
						"3.1667": [0, 4.97, -4.55],
						"3.5417": [0, 4, -3.4],
						"5.0833": [0, 0, 0],
						"7.2083": [0, -9, 9],
						"8.7083": [0, 0, 0]
					}
				},
				"BacklegR": {
					"rotation": {
						"0.0": [0, 0, 0],
						"2.0": [42.5, 0, 0],
						"3.5": [0, 0, 0],
						"5.0417": [-22.5, 0, 0],
						"8.125": [0, 0, 0]
					},
					"position": {
						"0.0": [0, 0, 0],
						"2.0": [0, -10.25, 11.75],
						"3.5": [0, 0, 0],
						"5.0417": [0, 7, -7],
						"6.2083": [0, 3.97, -4.55],
						"6.5833": [0, 3, -4.4],
						"8.125": [0, 0, 0]
					}
				},
				"TailSeg2": {
					"rotation": {
						"0.0": [0, 0, 0],
						"0.75": [0, 0, 32.5],
						"1.5833": [0, 0, 0],
						"2.8333": [0, 0, "-32.5"]
					},
					"position": {
						"0.0": [0, 0, 0],
						"0.75": [0, 7, 0],
						"1.5833": [0, 0, 0],
						"2.8333": [4, -5.75, 0.25]
					}
				},
				"EarR": {
					"rotation": {
						"0.0": [0, 0, 0],
						"0.75": [0, 0, 0],
						"1.4167": [0, -17.5, 0],
						"2.0": [0, 0, 0],
						"2.5833": [0, -17.5, 0],
						"3.25": [0, 0, 0]
					},
					"position": {
						"0.75": [0, 0, 0],
						"1.4167": [-1, 0, 3],
						"2.0": [0, 0, 0],
						"2.5833": [-1, 0, 3],
						"3.25": [0, 0, 0]
					}
				},
				"EarL": {
					"rotation": {
						"0.0": [0, 0, 0],
						"0.75": [0, 0, 0],
						"1.4167": [0, 17.5, 0],
						"2.0": [0, 0, 0],
						"2.5833": [0, 17.5, 0],
						"3.25": [0, 0, 0]
					},
					"position": {
						"0.75": [0, 0, 0],
						"1.4167": [1, 0, 3],
						"2.0": [0, 0, 0],
						"2.5833": [1, 0, 3],
						"3.25": [0, 0, 0]
					}
				},
				"TrunkTop": {
					"rotation": {
						"0.0": [0, 0, 0],
						"5.0417": [-5, 0, 0],
						"8.7083": [0, 0, 0]
					},
					"position": {
						"0.0": [0, 0, 0],
						"5.0417": [0, -1.25, -2.5],
						"8.7083": [0, 0, 0]
					}
				},
				"TrunkBottom": {
					"rotation": {
						"0.0": [0, 0, 0],
						"5.4583": [2.5, 0, 0],
						"8.6667": [0, 0, 0]
					},
					"position": {
						"0.0": [0, 0, 0],
						"5.4583": [0, 1, 1],
						"8.6667": [0, 0, 0]
					}
				},
				"legseg2": {
					"rotation": {
						"0.0": [0, 0, 0],
						"2.0": [25, 0, 0]
					},
					"position": {
						"0.0": [0, 0, 0],
						"2.0": [0, 5.75, 3.25]
					}
				},
				"LegLSegment2": {
					"rotation": {
						"0.0": [0, 0, 0],
						"2.0": [-25, 0, 0],
						"3.5": [0, 0, 0]
					},
					"position": {
						"0.0": [0, 0, 0],
						"2.0": [0, -4, -5],
						"3.5": [0, 0, 0]
					}
				}
			}
		},
		"animation.jaggedtrunk.sleep": {
			"loop": true,
			"bones": {
				"TailSeg2": {
					"rotation": [-47.5, 0, 0],
					"position": [0, 16.75, 3.5]
				},
				"EyeR": {
					"scale": [1, 0.1, 1]
				},
				"EyeL": {
					"scale": [1, 0.1, 1]
				},
				"TrunkTop": {
					"rotation": [5, 0, 0]
				}
			}
		},
		"animation.jaggedtrunk.faint": {
			"loop": true,
			"bones": {
				"TailSeg2": {
					"rotation": [-47.5, 0, 0],
					"position": [0, 16.75, 3.5]
				},
				"EyeR": {
					"scale": [1, 0.1, 1]
				},
				"EyeL": {
					"scale": [1, 0.1, 1]
				},
				"TrunkTop": {
					"rotation": [5, 0, 0]
				}
			}
		}
	},
	"geckolib_format_version": 2
}