{
	"format_version": "1.12.0",
	"minecraft:geometry": [
		{
			"description": {
				"identifier": "geometry.ironlightkeeper",
				"texture_width": 128,
				"texture_height": 128,
				"visible_bounds_width": 6,
				"visible_bounds_height": 3.5,
				"visible_bounds_offset": [0, 1.25, 0]
			},
			"bones": [
				{
					"name": "Body",
					"pivot": [0, 1.5, -0.5],
					"cubes": [
						{"origin": [-4, 5.25, -1], "size": [8, 6, 5], "uv": [40, 0]},
						{"origin": [-4, 11.25, -1], "size": [2, 3, 1], "uv": [60, 61]},
						{"origin": [2, 11.25, -1], "size": [2, 3, 1], "uv": [61, 42]},
						{"origin": [0.5, 11.25, 2.5], "size": [4, 3, 1], "pivot": [0, 1.5, -0.5], "rotation": [0, -90, 0], "uv": [48, 55]},
						{"origin": [0.5, 11.25, -4.5], "size": [4, 3, 1], "pivot": [0, 1.5, -0.5], "rotation": [0, -90, 0], "uv": [55, 27]},
						{"origin": [-3, 11.25, 3], "size": [6, 3, 1], "uv": [44, 51]},
						{"origin": [-3, 9.25, 0.25], "size": [6, 7, 3], "uv": [24, 44]},
						{"origin": [-4, 16, -1], "size": [8, 3, 5], "uv": [38, 34]},
						{"origin": [-3.5, 19, -0.5], "size": [7, 1, 4], "uv": [47, 14]},
						{"origin": [-3, 20, 0], "size": [6, 1, 3], "uv": [23, 0]},
						{"origin": [-2.5, 20.5, 0.5], "size": [5, 1, 2], "uv": [22, 18]}
					]
				},
				{
					"name": "Neck",
					"parent": "Body",
					"pivot": [0, 0, 0],
					"cubes": [
						{"origin": [-1, 21.5, 0.5], "size": [2, 5, 2], "uv": [0, 28]},
						{"origin": [-0.5, 22.25, 0], "size": [1, 3, 1], "uv": [0, 50]},
						{"origin": [-1.5, 22.25, 1], "size": [1, 3, 1], "uv": [0, 50]},
						{"origin": [0.5, 22.25, 1], "size": [1, 3, 1], "uv": [0, 50]},
						{"origin": [-0.5, 22.25, 2], "size": [1, 3, 1], "uv": [0, 50]}
					]
				},
				{
					"name": "Head",
					"parent": "Neck",
					"pivot": [0, 29.25, -8.5],
					"cubes": [
						{"origin": [-3, 23.5, -20], "size": [6, 3, 10], "pivot": [0, 1.5, -0.5], "rotation": [-30, 0, 0], "uv": [0, 15]},
						{"origin": [-2.5, 23, -19], "size": [5, 1, 9], "pivot": [0, 1.5, -0.5], "rotation": [-30, 0, 0], "uv": [19, 34]},
						{"origin": [-2.5, 26, -19], "size": [5, 1, 9], "pivot": [0, 1.5, -0.5], "rotation": [-30, 0, 0], "uv": [0, 28]},
						{"origin": [-2.5, 24, -20.75], "size": [5, 2, 1], "pivot": [0, 1.5, -0.5], "rotation": [-30, 0, 0], "uv": [36, 18]},
						{"origin": [-2, 24.5, -21.25], "size": [4, 1, 1], "pivot": [0, 1.5, -0.5], "rotation": [-30, 0, 0], "uv": [0, 9]},
						{"origin": [15.25, 18.3, -13.75], "size": [2, 7, 2], "pivot": [0, 0, 0], "rotation": [-27.25314, -16.86607, -39.37926], "uv": [0, 15]},
						{"origin": [14.5, 21.5, -13.75], "size": [1, 3, 2], "pivot": [0, 0, 0], "rotation": [-27.25314, -16.86607, -39.37926], "uv": [12, 61]},
						{"origin": [17, 21.5, -13.75], "size": [1, 3, 2], "pivot": [0, 0, 0], "rotation": [-27.25314, -16.86607, -39.37926], "uv": [61, 0]},
						{"origin": [14.75, 21.5, -14.25], "size": [3, 3, 1], "pivot": [0, 0, 0], "rotation": [-27.25314, -16.86607, -39.37926], "uv": [26, 60]},
						{"origin": [14.75, 21.5, -12.25], "size": [3, 3, 1], "pivot": [0, 0, 0], "rotation": [-27.25314, -16.86607, -39.37926], "uv": [60, 19]},
						{"origin": [15.75, 24.9, -13.25], "size": [1, 1, 1], "pivot": [0, 0, 0], "rotation": [-27.25314, -16.86607, -39.37926], "uv": [23, 9]},
						{"origin": [-17.25, 18.3, -13.75], "size": [2, 7, 2], "pivot": [0, 0, 0], "rotation": [-27.25314, 16.86607, 39.37926], "uv": [0, 0]},
						{"origin": [-15.5, 21.5, -13.75], "size": [1, 3, 2], "pivot": [0, 0, 0], "rotation": [-27.25314, 16.86607, 39.37926], "uv": [42, 44]},
						{"origin": [-18, 21.5, -13.75], "size": [1, 3, 2], "pivot": [0, 0, 0], "rotation": [-27.25314, 16.86607, 39.37926], "uv": [0, 38]},
						{"origin": [-17.75, 21.5, -14.25], "size": [3, 3, 1], "pivot": [0, 0, 0], "rotation": [-27.25314, 16.86607, 39.37926], "uv": [48, 59]},
						{"origin": [-17.75, 21.5, -12.25], "size": [3, 3, 1], "pivot": [0, 0, 0], "rotation": [-27.25314, 16.86607, 39.37926], "uv": [59, 35]},
						{"origin": [-16.75, 24.9, -13.25], "size": [1, 1, 1], "pivot": [0, 0, 0], "rotation": [-27.25314, 16.86607, 39.37926], "uv": [6, 15]},
						{"origin": [-1, 26.75, -17], "size": [2, 1, 3], "pivot": [0, 1.5, -0.5], "rotation": [-30, 0, 0], "uv": [18, 38]},
						{"origin": [-1, 31.5, -2], "size": [2, 1, 3], "pivot": [0, 1.5, -0.5], "rotation": [5, 0, 0], "uv": [18, 38]},
						{"origin": [-1, 20.75, -21], "size": [2, 1, 3], "pivot": [0, 1.5, 0.5], "rotation": [-47.5, 0, 0], "uv": [18, 38]},
						{"origin": [-2.5, 31.85454, -8.51004], "size": [5, 1, 1], "pivot": [0, 29.25, -8.5], "rotation": [-67.5, 0, 0], "uv": [0, 71]}
					]
				},
				{
					"name": "HornR",
					"parent": "Head",
					"pivot": [0.25, 1.5, -0.5],
					"cubes": [
						{"origin": [-2.25, 29.75, 4.5], "size": [1, 4, 1], "pivot": [0, 1.5, -0.5], "rotation": [10, 0, 0], "uv": [38, 34]},
						{"origin": [-2.25, 12.5, -31.25], "size": [1, 5, 1], "pivot": [0.25, 1.5, -0.5], "rotation": [-70, 0, 0], "uv": [34, 60]},
						{"origin": [-2.25, 24.75, -26], "size": [1, 2, 1], "pivot": [0.25, 1.5, -0.5], "rotation": [-55, 0, 0], "uv": [23, 34]}
					]
				},
				{
					"name": "HornL",
					"parent": "Head",
					"pivot": [-0.25, 1.5, -0.5],
					"cubes": [
						{"origin": [1.25, 24.75, -26], "size": [1, 2, 1], "pivot": [-0.25, 1.5, -0.5], "rotation": [-55, 0, 0], "uv": [53, 42]},
						{"origin": [1.25, 29.75, 4.5], "size": [1, 4, 1], "pivot": [0, 1.5, -0.5], "rotation": [10, 0, 0], "uv": [18, 63]},
						{"origin": [1.25, 12.5, -31.25], "size": [1, 5, 1], "pivot": [-0.25, 1.5, -0.5], "rotation": [-70, 0, 0], "uv": [56, 61]}
					]
				},
				{
					"name": "ArmL",
					"parent": "Body",
					"pivot": [0, 0, 0],
					"cubes": [
						{"origin": [9, 7.75, -4.25], "size": [1, 9, 4], "pivot": [0, 0, 0], "rotation": [-12.39638, -1.61888, -17.32417], "uv": [38, 51]},
						{"origin": [9, 8.25, -4.75], "size": [1, 8, 1], "pivot": [0, 0, 0], "rotation": [-12.39638, -1.61888, -17.32417], "uv": [8, 58]},
						{"origin": [9, 8.25, -0.75], "size": [1, 8, 1], "pivot": [0, 0, 0], "rotation": [-12.39638, -1.61888, -17.32417], "uv": [4, 58]},
						{"origin": [9, 7.25, -3.75], "size": [1, 1, 3], "pivot": [0, 0, 0], "rotation": [-12.39638, -1.61888, -17.32417], "uv": [59, 31]},
						{"origin": [9, 6.75, -3.25], "size": [1, 1, 2], "pivot": [0, 0, 0], "rotation": [-12.39638, -1.61888, -17.32417], "uv": [55, 31]}
					]
				},
				{
					"name": "ArmR",
					"parent": "Body",
					"pivot": [0, 0, 0],
					"cubes": [
						{"origin": [-10, 7.75, -4.25], "size": [1, 9, 4], "pivot": [0, 0, 0], "rotation": [-12.39638, 1.61888, 17.32417], "uv": [16, 50]},
						{"origin": [-10, 8.25, -4.75], "size": [1, 8, 1], "pivot": [0, 0, 0], "rotation": [-12.39638, 1.61888, 17.32417], "uv": [0, 58]},
						{"origin": [-10, 8.25, -0.75], "size": [1, 8, 1], "pivot": [0, 0, 0], "rotation": [-12.39638, 1.61888, 17.32417], "uv": [19, 28]},
						{"origin": [-10, 7.25, -3.75], "size": [1, 1, 3], "pivot": [0, 0, 0], "rotation": [-12.39638, 1.61888, 17.32417], "uv": [58, 53]},
						{"origin": [-10, 6.75, -3.25], "size": [1, 1, 2], "pivot": [0, 0, 0], "rotation": [-12.39638, 1.61888, 17.32417], "uv": [38, 0]}
					]
				},
				{
					"name": "Tail",
					"parent": "Body",
					"pivot": [0, 0, 0],
					"cubes": [
						{"origin": [-4, 5.75, 1], "size": [8, 6, 7], "pivot": [0, 0, 0], "rotation": [-15, 0, 0], "uv": [25, 21]},
						{"origin": [-3, 3, 8.5], "size": [6, 4, 11], "pivot": [0, 0, 0], "rotation": [7.5, 0, 0], "uv": [0, 0]}
					]
				},
				{
					"name": "TailSegment",
					"parent": "Tail",
					"pivot": [0, 0, 0],
					"cubes": [
						{"origin": [-1.5, -6.75, 18.25], "size": [3, 3, 11], "pivot": [0, 0, 0], "rotation": [37.5, 0, 0], "uv": [23, 4]},
						{"origin": [-1, -17, 24.25], "size": [2, 2, 7], "pivot": [0, 0, 0], "rotation": [60, 0, 0], "uv": [42, 42]}
					]
				},
				{
					"name": "TailSegment2",
					"parent": "TailSegment",
					"pivot": [0, 0, 0],
					"cubes": [
						{"origin": [-0.5, -22.75, 27], "size": [1, 1, 4], "pivot": [0, 0, 0], "rotation": [72.5, 0, 0], "uv": [23, 4]},
						{"origin": [-0.5, -32.25, 23], "size": [1, 1, 1], "pivot": [0, 0, 0], "rotation": [92.5, 0, 0], "uv": [6, 0]},
						{"origin": [-1.25, -32.75, 24], "size": [2, 2, 2], "pivot": [0, 0, 0], "rotation": [92.5, 0, 0], "uv": [56, 57]},
						{"origin": [-0.5, -32.25, 26], "size": [1, 1, 3], "pivot": [0, 0, 0], "rotation": [92.5, 0, 0], "uv": [12, 50]},
						{"origin": [-2.5, -37, 25.25], "size": [6, 6, 6], "pivot": [0, 0, 0], "rotation": [97.5, 0, 0], "uv": [0, 38]},
						{"origin": [-1, -29.5, 25], "size": [2, 2, 2], "pivot": [0, 0, 0], "rotation": [85, 0, 0], "uv": [58, 49]}
					]
				},
				{
					"name": "LegR",
					"parent": "Body",
					"pivot": [0, 0, 1.75],
					"cubes": [
						{"origin": [-5, 0, -4.75], "size": [2, 2, 4], "pivot": [0, 0, 1.75], "rotation": [0, 17.5, 0], "uv": [53, 42]},
						{"origin": [-7, 3, -1.75], "size": [4, 4, 4], "uv": [48, 19]},
						{"origin": [-5.75, 2, -1.5], "size": [2, 1, 2], "pivot": [0, 0, 1.75], "rotation": [0, 2.5, 0], "uv": [47, 11]}
					]
				},
				{
					"name": "LegL",
					"parent": "Body",
					"pivot": [0, 0, -1],
					"cubes": [
						{"origin": [3, 0, -4.75], "size": [2, 2, 4], "pivot": [0, 0, 1.75], "rotation": [0, -17.5, 0], "uv": [26, 54]},
						{"origin": [3.75, 2, -1.5], "size": [2, 1, 2], "pivot": [0, 0, 1.75], "rotation": [0, -2.5, 0], "uv": [55, 11]},
						{"origin": [3, 3, -1.75], "size": [4, 4, 4], "uv": [0, 50]}
					]
				}
			]
		}
	]
}