{
  "name": "Linoone",
  "nationalPokedexNumber": 264,
  "primaryType": "normal",
  "abilities": [
    "pickup",
    "gluttony",
    "h:quickfeet"
  ],
  "baseStats": {
    "hp": 78,
    "attack": 70,
    "defence": 61,
    "special_attack": 50,
    "special_defence": 61,
    "speed": 100
  },
"features": [
    "galarian"
  ],
  "catchRate": 90,
  "maleRatio": 0.5,
  "shoulderMountable": false,
  "forms": [
    {
      "name": "Galar",
      "primaryType": "dark",
      "secondaryType": "normal",
      "abilities": [
        "pickup",
        "gluttony",
        "h:quickfeet"
      ],
      "baseStats": {
        "hp": 78,
        "attack": 70,
        "defence": 61,
        "special_attack": 50,
        "special_defence": 61,
        "speed": 100
      },
      "catchRate": 90,
      "maleRatio": 0.5,
      "baseExperienceYield": 147,
      "baseFriendship": 50,
      "evYield": {
        "hp": 0,
        "attack": 0,
        "defence": 0,
        "special_attack": 0,
        "special_defence": 0,
        "speed": 2
      },
      "experienceGroup": "medium_fast",
      "eggCycles": 15,
      "eggGroups": [
        "field"
      ],
      "moves": [
        "1:babydolleyes",
        "1:leer",
        "1:lick",
        "1:pinmissile",
        "1:sandattack",
        "1:switcheroo",
        "1:tackle",
        "9:snarl",
        "12:headbutt",
        "15:honeclaws",
        "18:furyswipes",
        "23:rest",
        "28:takedown",
        "33:scaryface",
        "38:counter",
        "43:taunt",
        "48:doubleedge",
        "tm:assurance",
        "tm:attract",
        "tm:blizzard",
        "tm:bodypress",
        "tm:bodyslam",
        "tm:dig",
        "tm:endure",
        "tm:facade",
        "tm:faketears",
        "tm:fling",
        "tm:gigaimpact",
        "tm:grassknot",
        "tm:gunkshot",
        "tm:helpinghand",
        "tm:hyperbeam",
        "tm:hypervoice",
        "tm:icebeam",
        "tm:icywind",
        "tm:irontail",
        "tm:mudshot",
        "tm:payback",
        "tm:pinmissile",
        "tm:protect",
        "tm:raindance",
        "tm:rest",
        "tm:retaliate",
        "tm:round",
        "tm:scaryface",
        "tm:screech",
        "tm:seedbomb",
        "tm:shadowball",
        "tm:shadowclaw",
        "tm:sleeptalk",
        "tm:snarl",
        "tm:snore",
        "tm:stompingtantrum",
        "tm:substitute",
        "tm:sunnyday",
        "tm:surf",
        "tm:swift",
        "tm:taunt",
        "tm:thief",
        "tm:throatchop",
        "tm:thunder",
        "tm:thunderbolt",
        "tm:thunderwave",
        "tm:trick",
        "tm:whirlpool",
        "tm:workup",
        "tutor:lashout"
      ],
      "labels": [
        "gen8",
        "galar_regional"
      ],
      "aspects": [
        "galarian"
      ],
      "height": 5,
      "weight": 325,
      "preEvolution": "zigzagoon form=galar",
      "evolutions": [
        {
          "id": "linoone_obstagoon",
          "variant": "level_up",
          "result": "obstagoon",
          "consumeHeldItem": false,
          "learnableMoves": [],
          "requirements": [
            {
              "variant": "level",
              "minLevel": 35
            },
            {
              "variant": "time_range",
              "range": "night"
            }
          ]
        }
      ],
      "cannotDynamax": false,
      "battleOnly": false
    }
  ],
  "baseExperienceYield": 147,
  "experienceGroup": "medium_fast",
  "eggCycles": 15,
  "eggGroups": [
    "field"
  ],
  "moves": [
    "1:babydolleyes",
    "1:growl",
    "1:pinmissile",
    "1:playrough",
    "1:rototiller",
    "1:sandattack",
    "1:switcheroo",
    "1:tackle",
    "1:tailwhip",
    "9:covet",
    "12:headbutt",
    "13:odorsleuth",
    "15:honeclaws",
    "17:mudsport",
    "18:furyswipes",
    "23:rest",
    "27:bestow",
    "28:takedown",
    "32:slash",
    "33:fling",
    "38:flail",
    "43:bellydrum",
    "48:doubleedge",
    "tm:attract",
    "tm:blizzard",
    "tm:bodyslam",
    "tm:captivate",
    "tm:chargebeam",
    "tm:charm",
    "tm:confide",
    "tm:cut",
    "tm:dig",
    "tm:doubleteam",
    "tm:echoedvoice",
    "tm:endure",
    "tm:facade",
    "tm:fling",
    "tm:frustration",
    "tm:gigaimpact",
    "tm:grassknot",
    "tm:gunkshot",
    "tm:helpinghand",
    "tm:hiddenpower",
    "tm:honeclaws",
    "tm:hyperbeam",
    "tm:hypervoice",
    "tm:icebeam",
    "tm:icywind",
    "tm:irontail",
    "tm:mudshot",
    "tm:naturalgift",
    "tm:pinmissile",
    "tm:playrough",
    "tm:protect",
    "tm:raindance",
    "tm:rest",
    "tm:retaliate",
    "tm:return",
    "tm:roar",
    "tm:rocksmash",
    "tm:round",
    "tm:secretpower",
    "tm:seedbomb",
    "tm:shadowball",
    "tm:shadowclaw",
    "tm:shockwave",
    "tm:sleeptalk",
    "tm:snore",
    "tm:stompingtantrum",
    "tm:strength",
    "tm:substitute",
    "tm:sunnyday",
    "tm:surf",
    "tm:swagger",
    "tm:swift",
    "tm:tailslap",
    "tm:thief",
    "tm:throatchop",
    "tm:thunder",
    "tm:thunderbolt",
    "tm:thunderwave",
    "tm:toxic",
    "tm:trick",
    "tm:waterpulse",
    "tm:whirlpool",
    "tm:workup",
    "tutor:babydolleyes",
    "tutor:bodyslam",
    "tutor:covet",
    "tutor:defensecurl",
    "tutor:doubleedge",
    "tutor:endure",
    "tutor:extremespeed",
    "tutor:furycutter",
    "tutor:gunkshot",
    "tutor:headbutt",
    "tutor:helpinghand",
    "tutor:hypervoice",
    "tutor:icywind",
    "tutor:irontail",
    "tutor:lastresort",
    "tutor:mimic",
    "tutor:mudslap",
    "tutor:protect",
    "tutor:rollout",
    "tutor:seedbomb",
    "tutor:shockwave",
    "tutor:sleeptalk",
    "tutor:snore",
    "tutor:stompingtantrum",
    "tutor:substitute",
    "tutor:superfang",
    "tutor:swagger",
    "tutor:swift",
    "tutor:throatchop",
    "tutor:thunderwave",
    "tutor:trick",
    "tutor:waterpulse"
  ],
  "labels": [
    "gen3",
    "hoenn_regional"
  ],
  "pokedex": [
    "cobblemon.species.linoone.desc"
  ],
  "preEvolution": "zigzagoon",
  "evolutions": [
        {
          "id": "linoone_obstagoon_hoenn",
          "variant": "level_up",
          "result": "obstagoon_hoenn",
          "consumeHeldItem": false,
          "learnableMoves": [],
          "requirements": [
            {
              "variant": "level",
              "minLevel": 35
            },
            {
              "variant": "time_range",
              "range": "day"
            }
          ]
        }
      ],
  "baseScale": 1,
  "hitbox": {
    "width": 1,
    "height": 1,
    "fixed": false
  },
  "baseFriendship": 50,
  "evYield": {
    "hp": 0,
    "attack": 0,
    "defence": 0,
    "special_attack": 0,
    "special_defence": 0,
    "speed": 2
  },
  "height": 5,
  "weight": 325,
  "aspects": [],
  "cannotDynamax": false
}