{
	"format_version": "1.8.0",
	"animations": {
		"animation.blisteringbehemoth.ground_idle": {
			"loop": true,
			"animation_length": 2.75,
			"bones": {
				"Head": {
					"rotation": {
						"0.0": [0, 0, 0],
						"1.5": [-7.5, 0, 0],
						"1.75": [-7.5, 0, 0]
					},
					"position": {
						"0.0": [0, 0, 0],
						"1.5": [0, -1, -5]
					}
				},
				"Body": {
					"rotation": {
						"0.0": [0, 0, 0],
						"1.5": [17.5, 0, 0],
						"2.25": [17.5, 0, 0],
						"2.75": [2.5, 0, 0]
					},
					"position": {
						"0.0": [0, 0, 0],
						"1.5": [0, -2.5, -1.75],
						"2.2917": [0, -2.5, -1.75],
						"2.75": [0, -0.5, -0.75]
					}
				}
			}
		},
		"animation.blisteringbehemoth.ground_walk": {
			"loop": true,
			"animation_length": 1.95833,
			"bones": {
				"Head": {
					"rotation": {
						"0.0": [0, 0, 0],
						"0.9583": [5, 0, 0],
						"1.7917": [-5, 0, 0]
					},
					"position": [0, -4, -4]
				},
				"RightArm": {
					"rotation": {
						"0.0": [0, 0, 0],
						"1.3333": [-27.5, 0, 0],
						"1.9583": [15, 0, 0]
					}
				},
				"LeftArm": {
					"rotation": {
						"0.0": [0, 0, 0],
						"1.3333": [25, 0, 0],
						"1.9583": [-22.5, 0, 0]
					},
					"position": {
						"1.3333": [0, 0, 0],
						"1.9583": [0, -3, -5]
					}
				},
				"Body": {
					"rotation": [20, 0, 0],
					"position": [0, -3, -2.75]
				},
				"Tail": {
					"rotation": {
						"0.0": [0, 0, 0],
						"0.4583": [-23.96, 0, 0],
						"1.0": [35, 0, 0],
						"1.375": [-8.7, 0, 0],
						"1.9583": [0, 0, 0]
					}
				},
				"LeftLeg": {
					"rotation": {
						"0.0": [0, 0, 0],
						"0.9583": [-10, 0, 0],
						"1.7917": [30, 0, 0]
					},
					"position": [0, 0, 4]
				},
				"RightLeg": {
					"rotation": {
						"0.0": [0, 0, 0],
						"1.3333": [22.5, 0, 0],
						"1.9583": [-27.5, 0, 0]
					},
					"position": [0, 0, 4]
				}
			}
		},
		"animation.blisteringbehemoth.water_idle": {
			"loop": true,
			"animation_length": 2,
			"bones": {
				"Head": {
					"rotation": [-15, 0, 0],
					"position": [0, 13, 2]
				},
				"RightArm": {
					"rotation": {
						"0.0": [-52.5, 62.5, 0],
						"1.0": [-90, 62.5, 0],
						"2.0": [-70, 62.5, 0]
					},
					"position": [-7, 12, 0]
				},
				"LeftArm": {
					"rotation": {
						"0.0": [-75, -62.5, 0],
						"1.0": [-105, -62.5, 0],
						"2.0": [-75, -62.5, 0]
					},
					"position": [6, 13, -1.75]
				},
				"Body": {
					"rotation": [-50, 0, 0],
					"position": [0, 14, 1]
				},
				"LeftLeg": {
					"position": [-3, 3, -7]
				},
				"RightLeg": {
					"position": [4, 3, -6]
				}
			}
		},
		"animation.blisteringbehemoth.water_swim": {
			"loop": true,
			"animation_length": 1.95833,
			"bones": {
				"Head": {
					"rotation": {
						"0.0": [0, 0, 0],
						"0.9583": [5, 0, 0],
						"1.7917": [-5, 0, 0]
					},
					"position": [0, -4, -4]
				},
				"RightArm": {
					"rotation": {
						"0.0": [0, 0, 0],
						"1.3333": [-27.5, 0, 0],
						"1.9583": [15, 0, 0]
					}
				},
				"LeftArm": {
					"rotation": {
						"0.0": [0, 0, 0],
						"1.3333": [25, 0, 0],
						"1.9583": [-22.5, 0, 0]
					},
					"position": {
						"1.3333": [0, 0, 0],
						"1.9583": [0, -3, -5]
					}
				},
				"Body": {
					"rotation": [20, 0, 0],
					"position": [0, -3, -2.75]
				},
				"Tail": {
					"rotation": {
						"0.0": [0, 0, 0],
						"0.4583": [-23.96, 0, 0],
						"1.0": [35, 0, 0],
						"1.375": [-8.7, 0, 0],
						"1.9583": [0, 0, 0]
					}
				},
				"LeftLeg": {
					"rotation": {
						"0.0": [0, 0, 0],
						"0.9583": [-10, 0, 0],
						"1.7917": [30, 0, 0]
					},
					"position": [0, 0, 4]
				},
				"RightLeg": {
					"rotation": {
						"0.0": [0, 0, 0],
						"1.3333": [22.5, 0, 0],
						"1.9583": [-27.5, 0, 0]
					},
					"position": [0, 0, 4]
				}
			}
		},
		"animation.blisteringbehemoth.air_idle": {
			"loop": true,
			"animation_length": 3.54167,
			"bones": {
				"Head": {
					"rotation": {
						"0.0": [0, 0, 0],
						"1.5": [-7.5, 0, 0],
						"1.75": [-7.5, 0, 0],
						"2.375": [-8.26511, 24.77164, -3.48303],
						"2.625": [-2.68462, -12.39259, 1.66358],
						"2.9583": [-2.68, -12.39, 1.66],
						"3.1667": [0.10888, -12.67164, -11.14305]
					},
					"position": {
						"0.0": [0, 0, 0],
						"1.5": [0, -1, -5],
						"2.375": [0, -1, -5],
						"2.75": [0, -1, -3],
						"3.1667": [0, -1, -3]
					}
				},
				"Body": {
					"rotation": {
						"0.0": [0, 0, 0],
						"1.5": [17.5, 0, 0],
						"2.25": [17.5, 0, 0],
						"2.75": [2.5, 0, 0]
					},
					"position": {
						"0.0": [0, 0, 0],
						"1.5": [0, -2.5, -1.75],
						"2.2917": [0, -2.5, -1.75],
						"2.75": [0, -0.5, -0.75]
					}
				}
			}
		},
		"animation.blisteringbehemoth.air_fly": {
			"loop": true,
			"animation_length": 1.95833,
			"bones": {
				"Head": {
					"rotation": {
						"0.0": [0, 0, 0],
						"0.9583": [5, 0, 0],
						"1.7917": [-5, 0, 0]
					},
					"position": [0, -4, -4]
				},
				"RightArm": {
					"rotation": {
						"0.0": [0, 0, 0],
						"1.3333": [-27.5, 0, 0],
						"1.9583": [15, 0, 0]
					}
				},
				"LeftArm": {
					"rotation": {
						"0.0": [0, 0, 0],
						"1.3333": [25, 0, 0],
						"1.9583": [-22.5, 0, 0]
					},
					"position": {
						"1.3333": [0, 0, 0],
						"1.9583": [0, -3, -5]
					}
				},
				"Body": {
					"rotation": [20, 0, 0],
					"position": [0, -3, -2.75]
				},
				"Tail": {
					"rotation": {
						"0.0": [0, 0, 0],
						"0.4583": [-23.96, 0, 0],
						"1.0": [35, 0, 0],
						"1.375": [-8.7, 0, 0],
						"1.9583": [0, 0, 0]
					}
				},
				"LeftLeg": {
					"rotation": {
						"0.0": [0, 0, 0],
						"0.9583": [-10, 0, 0],
						"1.7917": [30, 0, 0]
					},
					"position": [0, 0, 4]
				},
				"RightLeg": {
					"rotation": {
						"0.0": [0, 0, 0],
						"1.3333": [22.5, 0, 0],
						"1.9583": [-27.5, 0, 0]
					},
					"position": [0, 0, 4]
				}
			}
		},
		"animation.blisteringbehemoth.faint": {
			"loop": true
		},
		"animation.blisteringbehemoth.sleep": {
			"loop": true
		}
	}
}