{
  "name": "Ampharos",
  "nationalPokedexNumber": 181,
  "primaryType": "electric",
  "abilities": [
    "static",
    "h:plus"
  ],
  "baseStats": {
    "hp": 90,
    "attack": 75,
    "defence": 85,
    "special_attack": 115,
    "special_defence": 90,
    "speed": 55
  },
  "catchRate": 45,
  "maleRatio": 0.5,
  "shoulderMountable": false,
  "forms": [
    {
      "name": "Mega",
      "primaryType": "electric",
      "secondaryType": "dragon",
      "abilities": [
        "moldbreaker"
      ],
      "baseStats": {
        "hp": 90,
        "attack": 95,
        "defence": 105,
        "special_attack": 165,
        "special_defence": 110,
        "speed": 45
      },
      "catchRate": 45,
      "maleRatio": 0.5,
      "baseExperienceYield": 230,
      "baseFriendship": 70,
      "evYield": {
        "hp": 0,
        "attack": 0,
        "defence": 0,
        "special_attack": 3,
        "special_defence": 0,
        "speed": 0
      },
      "experienceGroup": "medium_slow",
      "eggCycles": 20,
      "eggGroups": [
        "monster",
        "field"
      ],
      "labels": [
        "gen6",
        "mega"
      ],
      "aspects": [
        "mega"
      ],
      "height": 14,
      "weight": 615,
      "evolutions": [],
      "cannotDynamax": false,
      "battleOnly": true
    }
  ],
  "baseExperienceYield": 230,
  "experienceGroup": "medium_slow",
  "eggCycles": 20,
  "eggGroups": [
    "monster",
    "field"
  ],
  "moves": [
    "1:dragonpulse",
    "1:firepunch",
    "1:growl",
    "1:iondeluge",
    "1:magneticflux",
    "1:tackle",
    "1:thunderpunch",
    "1:thundershock",
    "1:thunderwave",
    "1:zapcannon",
    "11:cottonspore",
    "16:charge",
    "20:takedown",
    "25:electroball",
    "29:confuseray",
    "35:powergem",
    "40:discharge",
    "46:cottonguard",
    "51:dazzlinggleam",
    "51:signalbeam",
    "57:lightscreen",
    "62:thunder",
    "tm:agility",
    "tm:attract",
    "tm:bodyslam",
    "tm:brickbreak",
    "tm:brutalswing",
    "tm:bulldoze",
    "tm:captivate",
    "tm:chargebeam",
    "tm:confide",
    "tm:confuseray",
    "tm:dazzlinggleam",
    "tm:dig",
    "tm:doubleteam",
    "tm:dragonpulse",
    "tm:dragontail",
    "tm:echoedvoice",
    "tm:eerieimpulse",
    "tm:electricterrain",
    "tm:electroball",
    "tm:endure",
    "tm:facade",
    "tm:firepunch",
    "tm:flash",
    "tm:fling",
    "tm:focusblast",
    "tm:focuspunch",
    "tm:frustration",
    "tm:gigaimpact",
    "tm:helpinghand",
    "tm:hiddenpower",
    "tm:hyperbeam",
    "tm:icepunch",
    "tm:irontail",
    "tm:lightscreen",
    "tm:lowkick",
    "tm:naturalgift",
    "tm:outrage",
    "tm:powergem",
    "tm:poweruppunch",
    "tm:protect",
    "tm:raindance",
    "tm:reflect",
    "tm:rest",
    "tm:return",
    "tm:rockclimb",
    "tm:rocksmash",
    "tm:round",
    "tm:safeguard",
    "tm:secretpower",
    "tm:shockwave",
    "tm:sleeptalk",
    "tm:stompingtantrum",
    "tm:strength",
    "tm:substitute",
    "tm:sunnyday",
    "tm:swagger",
    "tm:swift",
    "tm:takedown",
    "tm:terablast",
    "tm:thunder",
    "tm:thunderbolt",
    "tm:thunderpunch",
    "tm:thunderwave",
    "tm:toxic",
    "tm:trailblaze",
    "tm:voltswitch",
    "tm:wildcharge",
    "tutor:afteryou",
    "tutor:attract",
    "tutor:bodyslam",
    "tutor:cottonspore",
    "tutor:counter",
    "tutor:curse",
    "tutor:defensecurl",
    "tutor:doubleedge",
    "tutor:doubleteam",
    "tutor:dragonpulse",
    "tutor:dynamicpunch",
    "tutor:electroweb",
    "tutor:endure",
    "tutor:firepunch",
    "tutor:flash",
    "tutor:focuspunch",
    "tutor:frustration",
    "tutor:growl",
    "tutor:headbutt",
    "tutor:healbell",
    "tutor:hiddenpower",
    "tutor:hyperbeam",
    "tutor:irontail",
    "tutor:laserfocus",
    "tutor:lightscreen",
    "tutor:magnetrise",
    "tutor:megakick",
    "tutor:megapunch",
    "tutor:mimic",
    "tutor:outrage",
    "tutor:protect",
    "tutor:raindance",
    "tutor:rest",
    "tutor:return",
    "tutor:rocksmash",
    "tutor:seismictoss",
    "tutor:shockwave",
    "tutor:signalbeam",
    "tutor:sleeptalk",
    "tutor:snore",
    "tutor:strength",
    "tutor:substitute",
    "tutor:swagger",
    "tutor:swift",
    "tutor:tackle",
    "tutor:thunder",
    "tutor:thunderpunch",
    "tutor:thundershock",
    "tutor:thunderwave",
    "tutor:toxic",
    "tutor:zapcannon"
  ],
  "labels": [
    "gen2"
  ],
  "pokedex": [
    "cobblemon.species.ampharos.desc"
  ],
  "preEvolution": "flaaffy",
  "evolutions": [],
  "baseScale": 0.8,
  "hitbox": {
    "width": 1,
    "height": 2,
    "fixed": false
  },
  "baseFriendship": 70,
  "evYield": {
    "hp": 0,
    "attack": 0,
    "defence": 0,
    "special_attack": 3,
    "special_defence": 0,
    "speed": 0
  },
  "height": 14,
  "weight": 615,
  "aspects": [],
  "cannotDynamax": false
}