{
	"format_version": "1.12.0",
	"minecraft:geometry": [
		{
			"description": {
				"identifier": "geometry.crawlingclaws",
				"texture_width": 64,
				"texture_height": 64,
				"visible_bounds_width": 3,
				"visible_bounds_height": 2.5,
				"visible_bounds_offset": [0, 0.75, 0]
			},
			"bones": [
				{
					"name": "Fullbody",
					"pivot": [0, 0, 0]
				},
				{
					"name": "Body",
					"parent": "Fullbody",
					"pivot": [-0.25, 0, 0],
					"cubes": [
						{"origin": [-8.75, -0.25, -8.75], "size": [3, 2, 3], "pivot": [-0.25, 0, 0], "rotation": [0, -45, 0], "uv": [26, 12]},
						{"origin": [-8.75, -0.25, -5.75], "size": [3, 2, 2], "pivot": [-0.25, 0, 0], "rotation": [0, -45, 0], "uv": [35, 9]},
						{"origin": [-5.75, -0.25, -8.75], "size": [2, 2, 3], "pivot": [-0.25, 0, 0], "rotation": [0, -45, 0], "uv": [9, 29]},
						{"origin": [-6.25, 0, -6.5], "size": [3, 2, 3], "pivot": [-0.25, 0, 0], "rotation": [0, -45, 0], "uv": [9, 24]},
						{"origin": [-6.25, 0, -3.5], "size": [3, 2, 2], "pivot": [-0.25, 0, 0], "rotation": [0, -45, 0], "uv": [34, 22]},
						{"origin": [-3.25, 0, -6.5], "size": [2, 2, 3], "pivot": [-0.25, 0, 0], "rotation": [0, -45, 0], "uv": [27, 28]},
						{"origin": [-4, -0.25, -4.25], "size": [3, 2, 3], "pivot": [-0.25, 0, 0], "rotation": [0, -45, 0], "uv": [0, 22]},
						{"origin": [-1, -0.25, -4.25], "size": [2, 2, 3], "pivot": [-0.25, 0, 0], "rotation": [0, -45, 0], "uv": [27, 23]},
						{"origin": [-4, -0.25, -1.25], "size": [3, 2, 2], "pivot": [-0.25, 0, 0], "rotation": [0, -45, 0], "uv": [8, 34]},
						{"origin": [-2.25, 0, -2.5], "size": [3, 2, 3], "pivot": [-0.25, 0, 0], "rotation": [0, -45, 0], "uv": [18, 21]},
						{"origin": [-2.25, 0, 0.5], "size": [3, 2, 2], "pivot": [-0.25, 0, 0], "rotation": [0, -45, 0], "uv": [27, 33]},
						{"origin": [0.75, 0, -2.5], "size": [2, 2, 3], "pivot": [-0.25, 0, 0], "rotation": [0, -45, 0], "uv": [27, 17]},
						{"origin": [0, -0.25, -0.25], "size": [3, 2, 3], "pivot": [-0.25, 0, 0], "rotation": [0, -45, 0], "uv": [9, 19]},
						{"origin": [3, -0.25, -0.25], "size": [2, 2, 3], "pivot": [-0.25, 0, 0], "rotation": [0, -45, 0], "uv": [27, 2]},
						{"origin": [0, -0.25, 2.75], "size": [3, 2, 2], "pivot": [-0.25, 0, 0], "rotation": [0, -45, 0], "uv": [19, 31]},
						{"origin": [-1, 1.75, -5.5], "size": [2, 2, 7], "uv": [0, 8]},
						{"origin": [-1, -0.75, 2.25], "size": [2, 3, 1], "pivot": [0, 0, 0], "rotation": [32.5, 0, 0], "uv": [0, 36]},
						{"origin": [-0.5, 1.5, -7.45], "size": [1, 2, 2], "uv": [35, 26]},
						{"origin": [0.5, 1.25, -7.5], "size": [1, 2, 2], "pivot": [0, -0.25, 0], "rotation": [0, 0, -12.5], "uv": [0, 8]},
						{"origin": [-1.5, 1.25, -7.5], "size": [1, 2, 2], "pivot": [0, -0.25, 0], "rotation": [0, 0, 12.5], "uv": [0, 0]},
						{"origin": [3, -0.25, 2.75], "size": [3, 2, 3], "pivot": [-0.25, 0, 0], "rotation": [0, -45, 0], "uv": [18, 0]}
					]
				},
				{
					"name": "Legs",
					"parent": "Fullbody",
					"pivot": [0, 0, -3]
				},
				{
					"name": "LegL1",
					"parent": "Legs",
					"pivot": [0, 0, -3],
					"cubes": [
						{"origin": [1.25, 0.75, -8.5], "size": [2, 0, 1], "pivot": [0, 0, -3], "rotation": [-5.72511, -29.4987, 11.50839], "uv": [17, 5]},
						{"origin": [-0.5, 0, -8.5], "size": [2, 1, 1], "pivot": [0, 0, -3], "rotation": [0, -30, 0], "uv": [35, 13]}
					]
				},
				{
					"name": "LegL2",
					"parent": "Legs",
					"pivot": [0, 0, 0],
					"cubes": [
						{"origin": [-0.5, 0, -5.5], "size": [2, 1, 1], "pivot": [0, 0, 0], "rotation": [0, -30, 0], "uv": [36, 36]},
						{"origin": [1.25, 0.75, -5.5], "size": [2, 0, 1], "pivot": [0, 0, 0], "rotation": [-5.72511, -29.4987, 11.50839], "uv": [8, 18]}
					]
				},
				{
					"name": "LegL3",
					"parent": "Legs",
					"pivot": [0, 0, 3],
					"cubes": [
						{"origin": [1.25, 0.75, -2.5], "size": [2, 0, 1], "pivot": [0, 0, 3], "rotation": [-5.72511, -29.4987, 11.50839], "uv": [8, 17]},
						{"origin": [-0.5, 0, -2.5], "size": [2, 1, 1], "pivot": [0, 0, 3], "rotation": [0, -30, 0], "uv": [35, 33]}
					]
				},
				{
					"name": "LegR2",
					"parent": "Legs",
					"pivot": [0, 0, 0],
					"cubes": [
						{"origin": [-1.5, 0, -5.5], "size": [2, 1, 1], "pivot": [0, 0, 0], "rotation": [0, 30, 0], "uv": [0, 12]},
						{"origin": [-3.25, 0.75, -5.5], "size": [2, 0, 1], "pivot": [0, 0, 0], "rotation": [-5.72511, 29.4987, -11.50839], "uv": [10, 14]}
					]
				},
				{
					"name": "LegR3",
					"parent": "Legs",
					"pivot": [0, 0, 3],
					"cubes": [
						{"origin": [-1.5, 0, -2.5], "size": [2, 1, 1], "pivot": [0, 0, 3], "rotation": [0, 30, 0], "uv": [0, 4]},
						{"origin": [-3.25, 0.75, -2.5], "size": [2, 0, 1], "pivot": [0, 0, 3], "rotation": [-5.72511, 29.4987, -11.50839], "uv": [0, 14]}
					]
				},
				{
					"name": "LegR1",
					"parent": "Legs",
					"pivot": [0, 0, -3],
					"cubes": [
						{"origin": [-1.5, 0, -8.5], "size": [2, 1, 1], "pivot": [0, 0, -3], "rotation": [0, 30, 0], "uv": [11, 12]},
						{"origin": [-3.25, 0.75, -8.5], "size": [2, 0, 1], "pivot": [0, 0, -3], "rotation": [-5.72511, 29.4987, -11.50839], "uv": [15, 12]}
					]
				},
				{
					"name": "Backclaws",
					"parent": "Fullbody",
					"pivot": [0, 0, 0]
				},
				{
					"name": "BackClawL",
					"parent": "Backclaws",
					"pivot": [0, 0, 0],
					"cubes": [
						{"origin": [-4, 0, -11.25], "size": [3, 1, 1], "pivot": [0, 0, 0], "rotation": [0, -30, 0], "uv": [34, 17]},
						{"origin": [-1, 0.25, -11.25], "size": [1, 0, 1], "pivot": [0, 0, 0], "rotation": [0, -30, 0], "uv": [3, 1]},
						{"origin": [-2.25, 0, -12], "size": [1, 1, 1], "pivot": [0, 0, 0], "rotation": [0, -37.5, 0], "uv": [28, 37]},
						{"origin": [-9.25, 0, -7.5], "size": [10, 1, 1], "pivot": [0, 0, 0], "rotation": [0, -82.5, 0], "uv": [11, 10]},
						{"origin": [0, 0.25, -7.5], "size": [1, 1, 1], "pivot": [0, 0, 0], "rotation": [-78.42505, -49.41933, 81.15821], "uv": [37, 30]},
						{"origin": [0.75, 0.5, -7.5], "size": [2, 0, 1], "pivot": [0, 0, 0], "rotation": [52.83218, -77.52294, -53.48927], "uv": [21, 5]}
					]
				},
				{
					"name": "BackclawR",
					"parent": "Backclaws",
					"pivot": [0, 0, 0],
					"cubes": [
						{"origin": [1, 0, -11.25], "size": [3, 1, 1], "pivot": [0, 0, 0], "rotation": [0, 30, 0], "uv": [18, 19]},
						{"origin": [1.25, 0, -12], "size": [1, 1, 1], "pivot": [0, 0, 0], "rotation": [0, 37.5, 0], "uv": [32, 9]},
						{"origin": [0, 0.25, -11.25], "size": [1, 0, 1], "pivot": [0, 0, 0], "rotation": [0, 30, 0], "uv": [3, 0]},
						{"origin": [-0.75, 0, -7.5], "size": [10, 1, 1], "pivot": [0, 0, 0], "rotation": [0, 82.5, 0], "uv": [11, 8]},
						{"origin": [-2.75, 0.5, -7.5], "size": [2, 0, 1], "pivot": [0, 0, 0], "rotation": [52.83218, 77.52294, 53.48927], "uv": [19, 12]},
						{"origin": [-1, 0.25, -7.5], "size": [1, 1, 1], "pivot": [0, 0, 0], "rotation": [-78.42505, 49.41933, -81.15821], "uv": [16, 34]}
					]
				},
				{
					"name": "ClawR",
					"parent": "Fullbody",
					"pivot": [0, 0, 0],
					"cubes": [
						{"origin": [12.25, -0.5, 2.25], "size": [1, 1, 1], "pivot": [0, 0, 0], "rotation": [0, 122.5, 0], "uv": [6, 38]},
						{"origin": [13.25, -0.5, -11], "size": [2, 1, 0], "pivot": [0, 0, 0], "rotation": [0, 60, 0], "uv": [7, 31]},
						{"origin": [17, -0.5, 7.75], "size": [2, 1, 0], "pivot": [0, 0, 0], "rotation": [0, 120, 0], "uv": [25, 19]},
						{"origin": [10.75, -0.5, -8.25], "size": [5, 1, 1], "pivot": [0, 0, 0], "rotation": [0, 75, 0], "uv": [27, 0]},
						{"origin": [9.75, -0.5, -9.75], "size": [1, 1, 1], "pivot": [0, 0, 0], "rotation": [0, 62.5, 0], "uv": [32, 37]},
						{"origin": [6.25, 0, -12], "size": [1, 0, 1], "pivot": [0, 0, 0], "rotation": [0, 42.5, 0], "uv": [3, 8]}
					]
				},
				{
					"name": "frontclawr",
					"parent": "ClawR",
					"pivot": [-8.25, 0, -0.5],
					"cubes": [
						{"origin": [-28.25, -0.5, 7.25], "size": [3, 1, 0], "pivot": [-8.25, 0, -0.5], "rotation": [-180, -55, -180], "uv": [24, 7]},
						{"origin": [-23.5, -0.5, -11.5], "size": [2, 1, 0], "pivot": [-8.25, 0, -0.5], "rotation": [0, -65, 0], "uv": [24, 12]}
					]
				},
				{
					"name": "ClawL",
					"parent": "Fullbody",
					"pivot": [8.25, 0, -0.5],
					"cubes": [
						{"origin": [-7.25, 0, -12], "size": [1, 0, 1], "pivot": [0, 0, 0], "rotation": [0, -42.5, 0], "uv": [3, 9]},
						{"origin": [-10.75, -0.5, -9.75], "size": [1, 1, 1], "pivot": [0, 0, 0], "rotation": [0, -62.5, 0], "uv": [14, 38]},
						{"origin": [-15.75, -0.5, -8.25], "size": [5, 1, 1], "pivot": [0, 0, 0], "rotation": [0, -75, 0], "uv": [32, 7]},
						{"origin": [-13.25, -0.5, 2.25], "size": [1, 1, 1], "pivot": [0, 0, 0], "rotation": [0, -122.5, 0], "uv": [10, 38]},
						{"origin": [-15.25, -0.5, -11], "size": [2, 1, 0], "pivot": [0, 0, 0], "rotation": [0, -60, 0], "uv": [34, 30]},
						{"origin": [-19, -0.5, 7.75], "size": [2, 1, 0], "pivot": [0, 0, 0], "rotation": [0, -120, 0], "uv": [34, 19]}
					]
				},
				{
					"name": "frontclawl",
					"parent": "ClawL",
					"pivot": [8.25, 0, -0.5],
					"cubes": [
						{"origin": [25.25, -0.5, 7.25], "size": [3, 1, 0], "pivot": [8.25, 0, -0.5], "rotation": [-180, 55, 180], "uv": [27, 22]},
						{"origin": [21.5, -0.5, -11.5], "size": [2, 1, 0], "pivot": [8.25, 0, -0.5], "rotation": [0, 65, 0], "uv": [16, 31]}
					]
				},
				{
					"name": "head",
					"parent": "Fullbody",
					"pivot": [-0.25, 0, 0],
					"cubes": [
						{"origin": [-11.25, 0, -8.25], "size": [3, 2, 2], "pivot": [-0.25, 0, 0], "rotation": [0, -45, 0], "uv": [18, 35]},
						{"origin": [-11.25, 0, -11.25], "size": [3, 2, 3], "pivot": [-0.25, 0, 0], "rotation": [0, -45, 0], "uv": [18, 26]},
						{"origin": [-8.25, 0, -11.25], "size": [2, 2, 3], "pivot": [-0.25, 0, 0], "rotation": [0, -45, 0], "uv": [0, 31]}
					]
				},
				{
					"name": "eyel",
					"parent": "head",
					"pivot": [-0.25, 0, 0],
					"cubes": [
						{"origin": [-9, 0.75, -11.5], "size": [2, 1, 1], "pivot": [-0.25, 0, 0], "rotation": [0, -45, 0], "uv": [37, 19]}
					]
				},
				{
					"name": "eyer",
					"parent": "head",
					"pivot": [-0.25, 0, 0],
					"cubes": [
						{"origin": [6.5, 0.75, -11.25], "size": [2, 1, 1], "pivot": [-0.25, 0, 0], "rotation": [0, 45, 0], "uv": [37, 5]}
					]
				},
				{
					"name": "Tail",
					"parent": "Fullbody",
					"pivot": [-0.25, 0, 0],
					"cubes": [
						{"origin": [5.25, -3, 5.75], "size": [3, 2, 3], "pivot": [-0.25, 0, 0], "rotation": [25.11175, -39.26411, -18.47456], "uv": [0, 17]},
						{"origin": [4.75, -10.5, 3.75], "size": [6, 2, 6], "pivot": [-0.25, 0, 0], "rotation": [74.06865, -19.61197, -42.62021], "uv": [0, 0]},
						{"origin": [5.75, -9.75, 4.75], "size": [4, 2, 4], "pivot": [-0.25, 0, 0], "rotation": [74.06865, -19.61197, -42.62021], "uv": [14, 13]},
						{"origin": [6.25, -8.25, 5.25], "size": [3, 1, 3], "pivot": [-0.25, 0, 0], "rotation": [74.06865, -19.61197, -42.62021], "uv": [0, 27]},
						{"origin": [6.75, -8, 5.75], "size": [2, 1, 2], "pivot": [-0.25, 0, 0], "rotation": [74.06865, -19.61197, -42.62021], "uv": [34, 2]}
					]
				}
			]
		}
	]
}