{
	"format_version": "1.8.0",
	"animations": {
		"animation.obstagoon_hoenn.ground_idle": {
			"loop": true,
			"bones": {
				"obstagoon": {
					"rotation": [90, 0, 0],
					"position": [0, 0, 52]
				},
				"torso": {
					"rotation": [2.5, 0, 0],
					"position": [0, "1.1+0.2*math.cos(q.anim_time*90*2-90)", "1.1+0.2*math.cos(q.anim_time*90*2-90)"]
				},
				"neck": {
					"rotation": [-5, 0, 0],
					"position": [0, "0.1+0.2*math.cos(q.anim_time*90*2-90)", "0.1+0.2*math.cos(q.anim_time*90*2-90)"]
				},
				"jaw": {
					"rotation": ["5.5+5*math.cos(q.anim_time*90*2)", 0, 0]
				},
				"tail": {
					"rotation": [2.5, 0, 0],
					"position": [1, "0.1+0.2*math.cos(q.anim_time*90*2-90)", "-0.5+0.2*math.cos(q.anim_time*90*2-90)"]
				},
				"tail_end": {
					"rotation": [18, 0, 0],
					"position": [0, "1.3+0.2*math.cos(q.anim_time*90*2-90)", "-1.2+0.2*math.cos(q.anim_time*90*2-90)"]
				},
				"bone9": {
					"rotation": [18, 0, 0],
					"position": [0, "-1.3+0.2*math.cos(q.anim_time*90*2-90)", "0.1+0.2*math.cos(q.anim_time*90*2-90)"]
				},
				"bone8": {
					"position": [0.4, 0, -1]
				}
			}
		},
		"animation.obstagoon_hoenn.ground_walk": {
			"loop": true,
			"bones": {
				"torso": {
					"rotation": [-5, 0, "4*math.cos(q.anim_time*90*6)"],
					"position": [0, 0, 2]
				},
				"tail": {
					"rotation": ["6.7+5*math.cos(q.anim_time*90*12)", "0.4-15*math.cos(q.anim_time*90*6)", "-4*math.cos(q.anim_time*90*6)"],
					"position": [1.4, "0.1+0.2*math.cos(q.anim_time*90*2-90)", "-0.5+0.2*math.cos(q.anim_time*90*2-90)"]
				},
				"tail_end": {
					"rotation": [18, 0, 0],
					"position": [0, "1.3+0.2*math.cos(q.anim_time*90*2-90)", "-1.2+0.2*math.cos(q.anim_time*90*2-90)"]
				},
				"bone9": {
					"rotation": [18, 0, 0],
					"position": [0, "-1.3+0.2*math.cos(q.anim_time*90*2-90)", "0.1+0.2*math.cos(q.anim_time*90*2-90)"]
				},
				"obstagoon": {
					"rotation": [90, 0, 0],
					"position": [0, 0, 52]
				},
				"left_arm": {
					"rotation": ["-16+30*math.cos(q.anim_time*90*6)", 0, "4*math.cos(q.anim_time*90*6)"],
					"position": [0, "-2.9+1*math.sin(q.anim_time*90*6+20)", "-1.5+0.4*math.cos(q.anim_time*90*6)"]
				},
				"right_arm": {
					"rotation": ["12.5-30*math.cos(q.anim_time*90*6)", 0, "0+4*math.cos(q.anim_time*90*6)"],
					"position": [0, "-2-1*math.sin(q.anim_time*90*6+20)", "-0.3-0.4*math.cos(q.anim_time*90*6)"]
				},
				"neck": {
					"rotation": ["-5-2*math.cos(q.anim_time*90*12)", "-3*math.sin(q.anim_time*90*6)", "4*math.cos(q.anim_time*90*6)"],
					"position": ["-0.1*math.cos(q.anim_time*90*6)", 0, 0]
				},
				"neck3": {
					"rotation": ["-5-2*math.cos(q.anim_time*90*12)", "-3*math.sin(q.anim_time*90*6)", "4*math.cos(q.anim_time*90*6)"],
					"position": ["-0.1*math.cos(q.anim_time*90*6)", 0, 0]
				},
				"jaw": {
					"rotation": ["6.5-2*math.cos(q.anim_time*90*12)", 0, 0]
				},
				"left_leg": {
					"rotation": ["20-30*math.cos(q.anim_time*90*6)", 0, "-4*math.cos(q.anim_time*90*6)"],
					"position": [0, "-0.5-1*math.sin(q.anim_time*90*6+20)", 0]
				},
				"right_leg": {
					"rotation": ["20+30*math.cos(q.anim_time*90*6)", 0, "-4*math.cos(q.anim_time*90*6)"],
					"position": [0, "0.5*math.sin(q.anim_time*90*6+20)", 0]
				},
				"bone8": {
					"rotation": ["6.7+5*math.cos(q.anim_time*90*12)", "0.4-15*math.cos(q.anim_time*90*6)", "-4*math.cos(q.anim_time*90*6)"],
					"position": [0.7, "0.1+0.2*math.cos(q.anim_time*90*2-90)", "-0.5+0.2*math.cos(q.anim_time*90*2-90)"]
				},
				"left_leg2": {
					"rotation": ["20+30*math.cos(q.anim_time*90*6)", 0, "-4*math.cos(q.anim_time*90*6)"],
					"position": [0, "-0.5+1*math.sin(q.anim_time*90*6+20)", 0]
				}
			}
		}
	}
}