{
    "enabled": true,
    "neededInstalledMods": [],
    "neededUninstalledMods": [],
    "spawns": [
        {
            "id": "toucannon-1",
            "pokemon": "toucannon",
            "type": "pokemon",
            "context": "grounded",
            "bucket": "rare",
            "level": "32-45",
            "weight": 4,
            "condition": {
                "canSeeSky": true,
                "biomes": [
                    "#cobblemon:is_forest",
                    "#cobblemon:is_jungle",
                    "#minecraft:is_taiga"
                ]
			}
		}
    ]
}