{
"portraitScale": 1.0,
	"portraitTranslation": [-0.6, 0.63, 0],
	"profileScale": 0.6,
	"profileTranslation": [-0.1, 0.8, 0],
  "poses": {
    "standing": {
      "poseName": "standing",
      "transformTicks": 10,
      "poseTypes": [
        "STAND",
        "NONE",
        "PORTRAIT",
        "PROFILE"
      ],
      "animations": [
        "bedrock(obstagoon_hoenn, ground_idle)"
      ]
    },
    "walking": {
      "poseName": "walking",
      "transformTicks": 10,
      "poseTypes": [ "WALK" ],
      "animations": [ "bedrock(obstagoon_hoenn, ground_walk)" ]
    }
  }
}