{
"portraitScale": 1.3,
	"portraitTranslation": [-0.05, -0.28, 0],
	"profileScale": 0.8,
	"profileTranslation": [-0.1, 0.6, 0],
  "poses": {
    "standing": {
      "poseName": "standing",
      "transformTicks": 10,
      "poseTypes": [
        "STAND",
        "NONE",
        "PORTRAIT",
        "PROFILE"
      ],
      "animations": [
        "bedrock(zigzagoon, ground_idle)"
      ]
    },
    "walking": {
      "poseName": "walking",
      "transformTicks": 10,
      "poseTypes": [ "WALK" ],
      "animations": [ "bedrock(zigzagoon, ground_walk)" ]
    }
  }
}