{
	"format_version": "1.12.0",
	"minecraft:geometry": [
		{
			"description": {
				"identifier": "geometry.jaggedfleece",
				"texture_width": 256,
				"texture_height": 256,
				"visible_bounds_width": 10,
				"visible_bounds_height": 4.5,
				"visible_bounds_offset": [0, 1.75, 0]
			},
			"bones": [
				{
					"name": "Head",
					"pivot": [0, 0, 0],
					"cubes": [
						{"origin": [-2, 16, -11.75], "size": [4, 17, 5], "pivot": [0, 0, 0], "rotation": [5, 0, 0], "uv": [0, 108]}
					]
				},
				{
					"name": "headnoneck",
					"parent": "Head",
					"pivot": [0, 0, 0],
					"cubes": [
						{"origin": [-3, 31.75, -23.75], "size": [6, 7, 16], "pivot": [0, 9.75, 1.75], "rotation": [2.5, 0, 0], "uv": [44, 36]},
						{"origin": [-2.5, 31.25, -22.75], "size": [5, 5, 15], "pivot": [0, 9.75, 1.75], "rotation": [2.5, 0, 0], "uv": [72, 21]},
						{"origin": [-2.5, 34.25, -22.75], "size": [5, 5, 15], "pivot": [0, 9.75, 1.75], "rotation": [2.5, 0, 0], "uv": [0, 69]},
						{"origin": [-2.5, 32.25, -24.5], "size": [5, 6, 7], "pivot": [0, 9.75, 1.75], "rotation": [2.5, 0, 0], "uv": [87, 112]},
						{"origin": [-2, 32.75, -25], "size": [4, 5, 7], "pivot": [0, 9.75, 1.75], "rotation": [2.5, 0, 0], "uv": [115, 18]},
						{"origin": [14.75, 28.05, -13.75], "size": [3, 11, 4.25], "pivot": [0, 9.75, 2.25], "rotation": [-2.62672, 4.67647, -42.08208], "uv": [0, 69]},
						{"origin": [14.5, 31.25, -13.75], "size": [1, 7, 4.25], "pivot": [0, 9.75, 2.25], "rotation": [-2.62672, 4.67647, -42.08208], "uv": [130, 9]},
						{"origin": [17, 31.25, -13.75], "size": [1, 7, 4.25], "pivot": [0, 9.75, 2.25], "rotation": [-2.62672, 4.67647, -42.08208], "uv": [0, 130]},
						{"origin": [14.75, 31.25, -14.25], "size": [3, 7, 3.25], "pivot": [0, 9.75, 2.25], "rotation": [-2.62672, 4.67647, -42.08208], "uv": [126, 72]},
						{"origin": [14.75, 31.25, -12.25], "size": [3, 7, 3.25], "pivot": [0, 9.75, 2.25], "rotation": [-2.62672, 4.67647, -42.08208], "uv": [126, 30]},
						{"origin": [15.75, 34.65, -13.25], "size": [2, 7, 3], "pivot": [0, 9.75, 2.25], "rotation": [-2.62672, 4.67647, -42.08208], "uv": [45, 37]},
						{"origin": [-17.75, 28.05, -13.75], "size": [3, 11, 4.25], "pivot": [0, 9.75, 2.25], "rotation": [-2.62672, -4.67647, 42.08208], "uv": [44, 36]},
						{"origin": [-15.5, 31.25, -13.75], "size": [1, 7, 4.25], "pivot": [0, 9.75, 2.25], "rotation": [-2.62672, -4.67647, 42.08208], "uv": [34, 128]},
						{"origin": [-18, 31.25, -13.75], "size": [1, 7, 4.25], "pivot": [0, 9.75, 2.25], "rotation": [-2.62672, -4.67647, 42.08208], "uv": [106, 93]},
						{"origin": [-17.75, 31.25, -14.25], "size": [3, 7, 3.25], "pivot": [0, 9.75, 2.25], "rotation": [-2.62672, -4.67647, 42.08208], "uv": [97, 18]},
						{"origin": [-17.75, 31.25, -12.25], "size": [3, 7, 3.25], "pivot": [0, 9.75, 2.25], "rotation": [-2.62672, -4.67647, 42.08208], "uv": [50, 0]},
						{"origin": [-17.75, 34.65, -13.25], "size": [2, 7, 3], "pivot": [0, 9.75, 2.25], "rotation": [-2.62672, -4.67647, 42.08208], "uv": [45, 37]},
						{"origin": [-17.75, 41.65, -12.25], "size": [2, 3, 1.25], "pivot": [0, 9.75, 2.25], "rotation": [-2.62672, -4.67647, 42.08208], "uv": [0, 69]},
						{"origin": [15.75, 41.65, -12.25], "size": [2, 3, 1.25], "pivot": [0, 9.75, 2.25], "rotation": [-2.62672, 4.67647, -42.08208], "uv": [0, 69]},
						{"origin": [-2.5, 32.5, -7.75], "size": [5, 6, 1], "pivot": [0, 9.75, 1.75], "rotation": [2.5, 0, 0], "uv": [58, 132]},
						{"origin": [-1.5, 33.25, -25.75], "size": [3, 4, 1], "pivot": [0, 9.75, 1.75], "rotation": [2.5, 0, 0], "uv": [135, 68]},
						{"origin": [-1, 33.75, -26.25], "size": [2, 3, 1], "pivot": [0, 9.75, 1.75], "rotation": [2.5, 0, 0], "uv": [74, 70]},
						{"origin": [-1.5, 26.25, -23.5], "size": [3, 2, 10], "pivot": [0, 9.75, 1.75], "rotation": [-10, 0, 0], "uv": [108, 45]},
						{"origin": [-1, 37.5, -22], "size": [2, 2, 4], "uv": [91, 125]},
						{"origin": [-1, 41.75, 2.5], "size": [2, 2, 2], "pivot": [0, -0.5, -1.75], "rotation": [35, 0, 0], "uv": [106, 114]},
						{"origin": [-1, 21, -38], "size": [2, 2, 4], "pivot": [0, -0.5, -1.75], "rotation": [-35, 0, 0], "uv": [46, 102]},
						{"origin": [18.75, 31.75, -22], "size": [2, 2, 4], "pivot": [0, -0.5, -1.75], "rotation": [0, 0, -32.5], "uv": [88, 41]},
						{"origin": [-20.75, 31.75, -22], "size": [2, 2, 4], "pivot": [0, -0.5, -1.75], "rotation": [0, 0, 32.5], "uv": [88, 41]},
						{"origin": [20.25, 30.5, -16.75], "size": [0, 3, 3], "pivot": [0, 0, 0], "rotation": [0, 0, -27.5], "uv": [18, 0]},
						{"origin": [17.25, 32, -14.75], "size": [3, 3, 8], "pivot": [0, 0, 0], "rotation": [0, 0, -27.5], "uv": [103, 124]},
						{"origin": [7.5, 37, -14.75], "size": [3, 4, 9], "pivot": [0, 0, 0], "rotation": [0, 0, -12.5], "uv": [109, 59]},
						{"origin": [-20.25, 30.5, -16.75], "size": [0, 3, 3], "pivot": [0, 0, 0], "rotation": [0, 0, 27.5], "uv": [0, 0]},
						{"origin": [-10.5, 37, -14.75], "size": [3, 4, 9], "pivot": [0, 0, 0], "rotation": [0, 0, 12.5], "uv": [63, 108]},
						{"origin": [-20.25, 32, -14.75], "size": [3, 3, 8], "pivot": [0, 0, 0], "rotation": [0, 0, 27.5], "uv": [124, 57]},
						{"origin": [-1.5, 41, -7.5], "size": [3, 5, 4], "pivot": [0, 0, 0], "rotation": [12.5, 0, 0], "uv": [25, 69]},
						{"origin": [-1.5, 30.25, -30.75], "size": [3, 4, 5], "pivot": [0, 0, 0], "rotation": [-25, 0, 0], "uv": [0, 89]},
						{"origin": [-1, 39.5, 11.75], "size": [2, 2, 9], "pivot": [0, 0, 0], "rotation": [30, 0, 0], "uv": [61, 121]},
						{"origin": [0.5, 36.5, -21.75], "size": [2, 2, 2], "pivot": [0, 0, 0], "rotation": [-7.5, 0, 0], "uv": [46, 93]},
						{"origin": [-2.5, 36.5, -21.75], "size": [2, 2, 2], "pivot": [0, 0, 0], "rotation": [-7.5, 0, 0], "uv": [35, 69]},
						{"origin": [-1.5, 35.25, -16.5], "size": [3, 4, 16], "pivot": [0, 0, 0], "rotation": [-15, 0, 0], "uv": [24, 73]},
						{"origin": [-1, 32.25, 14.5], "size": [2, 4, 14], "pivot": [0, 0, 0], "rotation": [10, 0, 0], "uv": [96, 75]},
						{"origin": [-1.5, 29.75, -26], "size": [3, 6, 16], "pivot": [0, -5.5, -9.5], "rotation": [-25, 0, 0], "uv": [52, 59]},
						{"origin": [-1, 27.5, 7.75], "size": [2, 4, 14], "pivot": [0, -5.5, -9.5], "rotation": [5, 0, 0], "uv": [88, 94]},
						{"origin": [-1, 25.5, 7.75], "size": [2, 2, 8], "pivot": [0, -5.5, -9.5], "rotation": [5, 0, 0], "uv": [124, 45]},
						{"origin": [-1.5, 28, -35], "size": [3, 3, 12], "pivot": [0, -10.25, -18.5], "rotation": [-35, 0, 0], "uv": [97, 18]},
						{"origin": [-1, 27, -2.5], "size": [2, 1, 7], "pivot": [0, -10.25, -18.5], "rotation": [-5, 0, 0], "uv": [94, 41]},
						{"origin": [-1, 26, -4], "size": [2, 1, 6], "pivot": [0, -10.25, -18.5], "rotation": [-5, 0, 0], "uv": [74, 68]},
						{"origin": [-3.5, 34.5, -19], "size": [2, 3, 16], "pivot": [-3, -0.75, -2.5], "rotation": [-17.53852, -9.99038, 0.44067], "uv": [66, 89]},
						{"origin": [-3, 31.5, 12], "size": [1, 3, 11], "pivot": [-3, -0.75, -2.5], "rotation": [7.46148, -9.99038, 0.44067], "uv": [106, 93]},
						{"origin": [-2, 29, -28.5], "size": [2, 5, 16], "pivot": [-1.5, -6.25, -12], "rotation": [-27.53852, -9.99038, 0.44067], "uv": [46, 81]},
						{"origin": [-1.5, 26.75, 5.25], "size": [1, 3, 10], "pivot": [-1.5, -6.25, -12], "rotation": [2.46148, -9.99038, 0.44067], "uv": [32, 115]},
						{"origin": [-1.5, 25.75, 5.25], "size": [1, 1, 8], "pivot": [-1.5, -6.25, -12], "rotation": [2.46148, -9.99038, 0.44067], "uv": [122, 103]},
						{"origin": [2, 31.5, 12], "size": [1, 3, 11], "pivot": [3, -0.75, -2.5], "rotation": [7.46148, 9.99038, -0.44067], "uv": [48, 102]},
						{"origin": [1.5, 34.5, -19], "size": [2, 3, 16], "pivot": [3, -0.75, -2.5], "rotation": [-17.53852, 9.99038, -0.44067], "uv": [0, 89]},
						{"origin": [0.5, 26.75, 5.25], "size": [1, 3, 10], "pivot": [1.5, -6.25, -12], "rotation": [2.46148, 9.99038, -0.44067], "uv": [114, 72]},
						{"origin": [0.5, 25.75, 5.25], "size": [1, 1, 8], "pivot": [1.5, -6.25, -12], "rotation": [2.46148, 9.99038, -0.44067], "uv": [119, 0]},
						{"origin": [0, 29, -28.5], "size": [2, 5, 16], "pivot": [1.5, -6.25, -12], "rotation": [-27.53852, 9.99038, -0.44067], "uv": [74, 68]}
					]
				},
				{
					"name": "EyeR",
					"parent": "headnoneck",
					"pivot": [0, 0, 0],
					"cubes": [
						{"origin": [3.1, 34, -18.25], "size": [0, 4, 2], "uv": [0, 150]}
					]
				},
				{
					"name": "EyeL",
					"parent": "headnoneck",
					"pivot": [0, 0, 0],
					"cubes": [
						{"origin": [-3.1, 34, -18.25], "size": [0, 4, 2], "uv": [0, 150], "mirror": true}
					]
				},
				{
					"name": "tail",
					"pivot": [-0.25, 0, 0],
					"cubes": [
						{"origin": [-5, 9, 18], "size": [10, 9, 24], "pivot": [-0.25, 0, 0], "rotation": [12.5, 0, 0], "uv": [0, 36]},
						{"origin": [-3.25, 20.25, 26.5], "size": [7, 4, 7], "pivot": [-0.25, 0, 0], "rotation": [5, 0, 0], "uv": [105, 34]},
						{"origin": [-3.25, 20.25, 24.5], "size": [2, 4, 2], "pivot": [-0.25, 0, 0], "rotation": [5, 0, 0], "uv": [119, 93]},
						{"origin": [-1.25, 20.25, 24.5], "size": [2, 2, 2], "pivot": [-0.25, 0, 0], "rotation": [5, 0, 0], "uv": [60, 20]},
						{"origin": [3.25, 19.75, 30], "size": [2, 4, 2], "pivot": [-0.25, 0, 0], "rotation": [5, 0, 0], "uv": [8, 98]},
						{"origin": [-5.25, 18.75, 26.5], "size": [2, 4, 4.25], "pivot": [-0.25, 0, 0], "rotation": [5, 0, 0], "uv": [121, 131]},
						{"origin": [-5.25, 19.75, 25.25], "size": [2, 3, 1.25], "pivot": [-0.25, 0, 0], "rotation": [5, 0, 0], "uv": [72, 41]},
						{"origin": [-5.25, 21.75, 30.75], "size": [2, 1, 1.25], "pivot": [-0.25, 0, 0], "rotation": [5, 0, 0], "uv": [0, 40]},
						{"origin": [-2.75, 21.75, 33.5], "size": [2, 1, 4.25], "pivot": [-0.25, 0, 0], "rotation": [5, 0, 0], "uv": [56, 70]},
						{"origin": [-3.25, 24.25, 26.5], "size": [4, 2, 2], "pivot": [-0.25, 0, 0], "rotation": [5, 0, 0], "uv": [12, 18]},
						{"origin": [-3.25, 24.25, 28.5], "size": [6, 3, 4], "pivot": [-0.25, 0, 0], "rotation": [5, 0, 0], "uv": [79, 0]},
						{"origin": [-3.25, 27.25, 28.5], "size": [2, 3, 3], "pivot": [-0.25, 0, 0], "rotation": [5, 0, 0], "uv": [108, 49]},
						{"origin": [-1.25, 27.25, 28.5], "size": [1, 1, 2], "pivot": [-0.25, 0, 0], "rotation": [5, 0, 0], "uv": [12, 54]},
						{"origin": [-2.25, 24.25, 32.25], "size": [2, 1, 1], "pivot": [-0.25, 0, 0], "rotation": [5, 0, 0], "uv": [16, 22]},
						{"origin": [-4.25, 22.75, 27.75], "size": [1, 3, 3], "pivot": [-0.25, 0, 0], "rotation": [5, 0, 0], "uv": [16, 54]},
						{"origin": [-3.25, 30.25, 28.5], "size": [1, 2, 1], "pivot": [-0.25, 0, 0], "rotation": [5, 0, 0], "uv": [72, 49]}
					]
				},
				{
					"name": "tailsegment2",
					"parent": "tail",
					"pivot": [-0.25, 0, 0],
					"cubes": [
						{"origin": [-4, 23.5, 33.25], "size": [8, 7, 13], "pivot": [-1.25, 0, 0], "rotation": [-7.5, 0, 0], "uv": [50, 0]},
						{"origin": [-2.5, 0.25, 52], "size": [5, 5, 13], "pivot": [-1.25, 0, 0], "rotation": [20, 0, 0], "uv": [23, 95]},
						{"origin": [-1.75, 28, 38.75], "size": [5, 2, 6], "pivot": [-0.25, 0, 0], "rotation": [-5, 0, 0], "uv": [72, 41]},
						{"origin": [-0.75, 30, 38.75], "size": [4, 2, 3], "pivot": [-0.25, 0, 0], "rotation": [-5, 0, 0], "uv": [25, 78]},
						{"origin": [0.25, 32, 38.75], "size": [3, 3, 2], "pivot": [-0.25, 0, 0], "rotation": [-5, 0, 0], "uv": [132, 103]},
						{"origin": [0.75, 35, 39.25], "size": [2, 3, 1], "pivot": [-0.25, 0, 0], "rotation": [-5, 0, 0], "uv": [8, 69]},
						{"origin": [1.25, 35, 39.5], "size": [1, 2, 1], "pivot": [-0.25, 0, 0], "rotation": [-5, 0, 0], "uv": [64, 69]},
						{"origin": [0.75, 29, 37.75], "size": [2, 3, 1], "pivot": [-0.25, 0, 0], "rotation": [-5, 0, 0], "uv": [68, 20]},
						{"origin": [-0.75, 28.5, 43.5], "size": [4, 2, 3], "pivot": [-0.25, 0, 0], "rotation": [-5, 0, 0], "uv": [46, 69]},
						{"origin": [0.25, 30.5, 43.5], "size": [3, 3, 2], "pivot": [-0.25, 0, 0], "rotation": [-5, 0, 0], "uv": [13, 108]},
						{"origin": [0.75, 33.5, 44], "size": [2, 3, 1], "pivot": [-0.25, 0, 0], "rotation": [-5, 0, 0], "uv": [18, 36]},
						{"origin": [1.25, 33.5, 43.75], "size": [1, 2, 1], "pivot": [-0.25, 0, 0], "rotation": [-5, 0, 0], "uv": [59, 0]},
						{"origin": [0.75, 27.5, 42.5], "size": [2, 3, 1], "pivot": [-0.25, 0, 0], "rotation": [-5, 0, 0], "uv": [0, 36]},
						{"origin": [-4, 59.75, 17], "size": [9, 9, 9], "pivot": [-0.25, 0, 0], "rotation": [-47.5, 0, 0], "uv": [92, 0]},
						{"origin": [-2.5, 62.75, 16.25], "size": [3, 4, 1], "pivot": [-0.25, 0, 0], "rotation": [-47.5, 0, 0], "uv": [133, 40]},
						{"origin": [1.5, 60.5, 16.25], "size": [3, 4, 1], "pivot": [-0.25, 0, 0], "rotation": [-47.5, 0, 0], "uv": [124, 57]},
						{"origin": [1.5, 65.5, 16.25], "size": [2, 2, 1], "pivot": [-0.25, 0, 0], "rotation": [-47.5, 0, 0], "uv": [18, 0]},
						{"origin": [5, 60.5, 19], "size": [1, 4, 3], "pivot": [-0.25, 0, 0], "rotation": [-47.5, 0, 0], "uv": [119, 0]},
						{"origin": [5, 60.5, 23.5], "size": [1, 7, 2], "pivot": [-0.25, 0, 0], "rotation": [-47.5, 0, 0], "uv": [44, 114]},
						{"origin": [1.5, 60.5, 25.75], "size": [3, 4, 1], "pivot": [-0.25, 0, 0], "rotation": [-47.5, 0, 0], "uv": [124, 45]},
						{"origin": [1.5, 65.5, 25.75], "size": [2, 2, 1], "pivot": [-0.25, 0, 0], "rotation": [-47.5, 0, 0], "uv": [0, 0]},
						{"origin": [-2.5, 62.75, 25.75], "size": [3, 4, 1], "pivot": [-0.25, 0, 0], "rotation": [-47.5, 0, 0], "uv": [62, 121]},
						{"origin": [-5, 60.5, 23.5], "size": [1, 7, 2], "pivot": [-0.25, 0, 0], "rotation": [-47.5, 0, 0], "uv": [96, 93]},
						{"origin": [-5, 60.5, 19], "size": [1, 4, 3], "pivot": [-0.25, 0, 0], "rotation": [-47.5, 0, 0], "uv": [61, 105]},
						{"origin": [21.75, 61.5, -25], "size": [3, 4, 4], "pivot": [-0.25, 0, 0], "rotation": [-82.02468, -19.82169, -2.71994], "uv": [74, 121]},
						{"origin": [19.75, 61.5, -18.5], "size": [3, 4, 4], "pivot": [-0.25, 0, 0], "rotation": [-82.02468, -19.82169, -2.71994], "uv": [78, 108]},
						{"origin": [-24.5, 61.5, -12.75], "size": [3, 4, 4], "pivot": [-0.25, 0, 0], "rotation": [-75.63326, 15.90253, 23.34131], "uv": [94, 75]},
						{"origin": [-19.25, 63.25, -11.25], "size": [3, 4, 4], "pivot": [-0.25, 0, 0], "rotation": [-76.16358, 3.77623, 20.25608], "uv": [20, 93]},
						{"origin": [19, 56, -25], "size": [3, 4, 4], "pivot": [-0.25, 0, 0], "rotation": [-82.02468, -19.82169, -2.71994], "uv": [46, 81]}
					]
				},
				{
					"name": "ArmR",
					"pivot": [0, 0, 0],
					"cubes": [
						{"origin": [12.25, 3.25, -3.75], "size": [1, 5, 2], "pivot": [0, 0, 0], "rotation": [0.10915, 18.38109, -17.28683], "uv": [76, 89]},
						{"origin": [12.25, 3.75, -7.25], "size": [1, 13, 6], "pivot": [0, 0, 0], "rotation": [0.10915, 18.38109, -17.28683], "uv": [12, 125]},
						{"origin": [12.25, 4.25, -7.75], "size": [1, 12, 3], "pivot": [0, 0, 0], "rotation": [0.10915, 18.38109, -17.28683], "uv": [66, 81]},
						{"origin": [12.25, 4.25, -3.75], "size": [1, 12, 3], "pivot": [0, 0, 0], "rotation": [0.10915, 18.38109, -17.28683], "uv": [74, 20]},
						{"origin": [12.25, 3.25, -6.75], "size": [1, 5, 2], "pivot": [0, 0, 0], "rotation": [0.10915, 18.38109, -17.28683], "uv": [115, 18]},
						{"origin": [12.25, 2.75, -3.25], "size": [1, 5, 1], "pivot": [0, 0, 0], "rotation": [0.10915, 18.38109, -17.28683], "uv": [20, 89]},
						{"origin": [12.25, 1, -3.75], "size": [1, 3, 1], "pivot": [0, 0, 0], "rotation": [0.10915, 18.38109, -17.28683], "uv": [44, 36]},
						{"origin": [12.25, 1, -5.75], "size": [1, 3, 1], "pivot": [0, 0, 0], "rotation": [0.10915, 18.38109, -17.28683], "uv": [0, 18]},
						{"origin": [12.25, 5.25, -1], "size": [1, 10, 1], "pivot": [0, 0, 0], "rotation": [0.10915, 18.38109, -17.28683], "uv": [46, 74]},
						{"origin": [12.25, 5.25, -8.25], "size": [1, 10, 1], "pivot": [0, 0, 0], "rotation": [0.10915, 18.38109, -17.28683], "uv": [56, 36]},
						{"origin": [12.25, 2.75, -6.25], "size": [1, 5, 1], "pivot": [0, 0, 0], "rotation": [0.10915, 18.38109, -17.28683], "uv": [84, 68]}
					]
				},
				{
					"name": "ArmL",
					"pivot": [0, 0, 0],
					"cubes": [
						{"origin": [-13.25, 3.25, -3.75], "size": [1, 5, 2], "pivot": [0, 0, 0], "rotation": [0.10915, -18.38109, 17.28683], "uv": [97, 132]},
						{"origin": [-13.25, 3.75, -7.25], "size": [1, 13, 6], "pivot": [0, 0, 0], "rotation": [0.10915, -18.38109, 17.28683], "uv": [83, 125]},
						{"origin": [-13.25, 4.25, -7.75], "size": [1, 12, 3], "pivot": [0, 0, 0], "rotation": [0.10915, -18.38109, 17.28683], "uv": [26, 125]},
						{"origin": [-13.25, 4.25, -3.75], "size": [1, 12, 3], "pivot": [0, 0, 0], "rotation": [0.10915, -18.38109, 17.28683], "uv": [86, 89]},
						{"origin": [-13.25, 3.25, -6.75], "size": [1, 5, 2], "pivot": [0, 0, 0], "rotation": [0.10915, -18.38109, 17.28683], "uv": [133, 132]},
						{"origin": [-13.25, 2.75, -3.25], "size": [1, 5, 1], "pivot": [0, 0, 0], "rotation": [0.10915, -18.38109, 17.28683], "uv": [18, 113]},
						{"origin": [-13.25, 1, -3.75], "size": [1, 3, 1], "pivot": [0, 0, 0], "rotation": [0.10915, -18.38109, 17.28683], "uv": [0, 54]},
						{"origin": [-13.25, 1, -5.75], "size": [1, 3, 1], "pivot": [0, 0, 0], "rotation": [0.10915, -18.38109, 17.28683], "uv": [52, 36]},
						{"origin": [-13.25, 5.25, -1], "size": [1, 10, 1], "pivot": [0, 0, 0], "rotation": [0.10915, -18.38109, 17.28683], "uv": [82, 20]},
						{"origin": [-13.25, 5.25, -8.25], "size": [1, 10, 1], "pivot": [0, 0, 0], "rotation": [0.10915, -18.38109, 17.28683], "uv": [74, 59]},
						{"origin": [-13.25, 2.75, -6.25], "size": [1, 5, 1], "pivot": [0, 0, 0], "rotation": [0.10915, -18.38109, 17.28683], "uv": [0, 98]}
					]
				},
				{
					"name": "LegL",
					"pivot": [0, 0, 5.5],
					"cubes": [
						{"origin": [-11.75, 6.25, 6.25], "size": [6, 6, 6], "uv": [111, 112]},
						{"origin": [-15.75, 6, 6.25], "size": [6, 12, 6], "pivot": [0, 0, 5.5], "rotation": [0, 0, 25], "uv": [0, 0]}
					]
				},
				{
					"name": "LegLSegment",
					"parent": "LegL",
					"pivot": [0.25, 0, 5.5],
					"cubes": [
						{"origin": [-10.75, 0, 4.25], "size": [4, 2, 8], "uv": [119, 93]},
						{"origin": [-10.75, 0.25, 5.75], "size": [4, 2, 5], "pivot": [-2, 0, 5.5], "rotation": [35, 0, 0], "uv": [94, 68]},
						{"origin": [-10.75, 1.75, 8.25], "size": [4, 3, 2], "uv": [129, 112]},
						{"origin": [-10.75, 1.75, 7.25], "size": [4, 2, 1], "uv": [50, 10]},
						{"origin": [-8.5, 0, -0.5], "size": [1, 1, 6], "pivot": [-2, 0, 7], "rotation": [0, 5, 0], "uv": [97, 125]},
						{"origin": [-10, 0, 0.75], "size": [1, 1, 6], "pivot": [-2, 0, 7], "rotation": [0, -5, 0], "uv": [88, 98]},
						{"origin": [-10.75, 4.5, 5], "size": [4, 2, 4], "pivot": [-2, 0, 5.5], "rotation": [-50, 0, 0], "uv": [0, 18]},
						{"origin": [-10, 1.5, 1.5], "size": [1, 1, 6], "pivot": [-2, 0, 7], "rotation": [15, -5, 0], "uv": [0, 98]},
						{"origin": [-8.5, 1.75, 0.5], "size": [1, 1, 6], "pivot": [-2, 0, 7], "rotation": [15, 5, 0], "uv": [68, 90]},
						{"origin": [-11.5, 0, 8.25], "size": [2, 2, 2], "pivot": [0, 0, 5.5], "rotation": [0, 0, 22.5], "uv": [20, 101]},
						{"origin": [-6.75, 6.75, 8.25], "size": [2, 2, 2], "pivot": [0.25, 0, 5.5], "rotation": [0, 0, -22.5], "uv": [54, 93]},
						{"origin": [-9.75, 4.25, 8.25], "size": [2, 2, 2], "uv": [28, 101]}
					]
				},
				{
					"name": "Body",
					"pivot": [0, 0, 0],
					"cubes": [
						{"origin": [-6.5, 11, -5.75], "size": [13, 12, 24], "pivot": [0, 0, 0], "rotation": [2.5, 0, 0], "uv": [0, 0]},
						{"origin": [-5, 9.5, 7.25], "size": [10, 9, 10], "pivot": [0, 0, 0], "rotation": [62.5, 0, 0], "uv": [78, 49]}
					]
				},
				{
					"name": "LegR",
					"pivot": [0, 0, 5.5],
					"cubes": [
						{"origin": [5.75, 6.25, 6.25], "size": [6, 6, 6], "uv": [18, 113]},
						{"origin": [9.75, 6, 6.25], "size": [6, 12, 6], "pivot": [0, 0, 5.5], "rotation": [0, 0, -25], "uv": [0, 36]}
					]
				},
				{
					"name": "LegRSegment",
					"parent": "LegR",
					"pivot": [-0.25, 0, 5.5],
					"cubes": [
						{"origin": [6.75, 0, 4.25], "size": [4, 2, 8], "uv": [46, 120]},
						{"origin": [6.75, 0.25, 5.75], "size": [4, 2, 5], "pivot": [2, 0, 5.5], "rotation": [35, 0, 0], "uv": [117, 124]},
						{"origin": [6.75, 1.75, 8.25], "size": [4, 3, 2], "uv": [130, 20]},
						{"origin": [6.75, 1.75, 7.25], "size": [4, 2, 1], "uv": [50, 20]},
						{"origin": [7.5, 0, -0.5], "size": [1, 1, 6], "pivot": [2, 0, 7], "rotation": [0, -5, 0], "uv": [44, 130]},
						{"origin": [9, 0, 0.75], "size": [1, 1, 6], "pivot": [2, 0, 7], "rotation": [0, 5, 0], "uv": [129, 125]},
						{"origin": [6.75, 4.5, 5], "size": [4, 2, 4], "pivot": [2, 0, 5.5], "rotation": [-50, 0, 0], "uv": [0, 54]},
						{"origin": [9, 1.5, 1.5], "size": [1, 1, 6], "pivot": [2, 0, 7], "rotation": [15, 5, 0], "uv": [129, 0]},
						{"origin": [7.5, 1.75, 0.5], "size": [1, 1, 6], "pivot": [2, 0, 7], "rotation": [15, -5, 0], "uv": [128, 85]},
						{"origin": [7.75, 4.25, 8.25], "size": [2, 2, 2], "uv": [120, 107]},
						{"origin": [9.5, 0, 8.25], "size": [2, 2, 2], "pivot": [0, 0, 5.5], "rotation": [0, 0, -22.5], "uv": [50, 116]},
						{"origin": [4.75, 6.75, 8.25], "size": [2, 2, 2], "pivot": [-0.25, 0, 5.5], "rotation": [0, 0, 22.5], "uv": [114, 85]}
					]
				}
			]
		}
	]
}