{
  "format_version": "1.8.0",
  "animations": {
    "animation.endeon.ground_idle": {
      "loop": true,
      "bones": {
        "torso": {
          "rotation": ["math.sin(q.anim_time*90*4)*0.2", 0, 0],
          "position": [0, "(math.clamp(math.sin(q.anim_time*90*4+180)*0.1,-0.03,0.03)+math.clamp(math.sin(q.anim_time*90*2+180)*0.15,-0.5,0.5))*0.5", 0]
        },
        "head": {
          "rotation": ["-math.sin(q.anim_time*90*4)*0.2", 0, "math.clamp(math.sin(q.anim_time*90*4+45)*0.2,-1.2,1.2)"],
          "position": [0, 0, 0]
        },
        "ear_right": {
          "rotation": ["2*math.sin(q.anim_time*90*2+90)-math.clamp(math.sin(q.anim_time*90*2-90),-1,1)", 0, 0]
        },
        "ear_left": {
          "rotation": ["2*math.sin(q.anim_time*90*2+90)-math.clamp(math.sin(q.anim_time*90*2-90),-1,1)", 0, 0]
        },
        "tail": {
          "rotation": ["20+6*(math.sin(q.anim_time*90*2)*1)+6*(math.sin(q.anim_time*90*2/2)*1)", 0, 0]
        },
        "tail2": {
          "rotation": ["5+6*(math.sin(q.anim_time*90*2-90)*1)+6*(math.sin(q.anim_time*90*2/2-90)*1)", 0, 0]
        },
        "tail3": {
          "rotation": ["5+6*(math.sin(q.anim_time*90*2-90)*1)+6*(math.sin(q.anim_time*90*2/2-90)*1)", 0, 0],
          "position": [0, 0.03, -0.75]
        }
      }
    },
    "animation.endeon.ground_walk": {
      "loop": true,
      "override_previous_animation": true,
      "bones": {
        "body": {
          "rotation": [0, 0, "math.clamp(math.sin(q.anim_time*90*4-90)*1,-0.8,0.8)+math.sin(q.anim_time*90*4-180)*1"],
          "position": [0, "-1.5+math.clamp(math.sin(q.anim_time*90*4)*1.1,0.5,1)+math.clamp(math.sin(q.anim_time*90*4+180)*1.1,0.5,1)", 0]
        },
        "head": {
          "rotation": [0, 0, "-math.clamp(math.sin(q.anim_time*90*4-90)*1,-0.8,0.8)-math.sin(q.anim_time*90*4-180)*1"],
          "position": [
            "math.sin(q.anim_time*90*4-45)*0.1",
            "math.clamp(math.sin(q.anim_time*90*4+30)*0.05,0.5,1)+math.clamp(math.sin(-q.anim_time*90*4+30)*0.05,0.5,1)+math.sin(-q.anim_time*90*8+30)*0.2-1",
            0
          ]
        },
        "ear_right": {
          "rotation": [
            "math.sin(q.anim_time*90*8+45)+math.clamp(math.sin(q.anim_time*90*8+90),-1,1)",
            "0.5*math.sin(q.anim_time*90*8+45)+0.5*math.clamp(math.sin(q.anim_time*90*8+90),-2,2)",
            0
          ]
        },
        "ear_left": {
          "rotation": [
            "math.sin(q.anim_time*90*8+45)+math.clamp(math.sin(q.anim_time*90*8+90),-1,1)",
            "-0.5*math.sin(q.anim_time*90*8+45)-0.5*math.clamp(math.sin(q.anim_time*90*8+90),-2,2)",
            0
          ]
        },
        "leg_front_right": {
          "rotation": [
            "30-math.clamp(20*(math.sin(q.anim_time*90*4-90+180)*1+1),-0,60)",
            0,
            "math.clamp(math.sin(q.anim_time*90*4-90+180)*1,-0.8,0.8)+math.sin(q.anim_time*90*4-180+180)*1"
          ],
          "position": [
            0,
            "-0.5+0.8*(math.clamp(math.sin(q.anim_time*90*4-155+180)*1.6,1,1.6)-0.2)+0.5*(math.clamp(math.sin(q.anim_time*90*4-75+180)*1.8,1,1.8)-1)-0.2*(math.clamp(math.sin(q.anim_time*90*4+180)*1.4,1,1.4)+1)",
            0
          ]
        },
        "leg_front_right2": {
          "rotation": [
            "math.clamp(math.sin(q.anim_time*90*4-180+10+180)*20,0,10)+math.clamp(math.sin(q.anim_time*90*4-180+10+180)*20,-50,50)-math.clamp(math.sin(q.anim_time*90*4+10+180)*70,50,60)+25",
            0,
            0
          ]
        },
        "leg_front_right3": {
          "rotation": [
            "-45+math.clamp(20*(math.sin(q.anim_time*90*4-90+180)*1+1),-0,60)-math.clamp(math.sin(q.anim_time*90*4-180+10+180)*20,0,10)-math.clamp(math.sin(q.anim_time*90*4-180+10+180)*20,-50,50)+math.clamp(math.sin(q.anim_time*90*4+10+180)*70,50,60)+math.clamp(math.sin(q.anim_time*90*4+40+180)*80,50,80)-60",
            0,
            0
          ],
          "position": [0, "math.clamp(math.sin(q.anim_time*90*4-120+180)*1.1,0.9,1)-0.9+math.clamp(math.sin(q.anim_time*90*2-130+180)*1.3,0.9,1)-0.9", 0]
        },
        "leg_front_left": {
          "rotation": [
            "30-math.clamp(20*(math.sin(q.anim_time*90*4-90)*1+1),-0,60)",
            0,
            "-math.clamp(math.sin(q.anim_time*90*4-90)*1,-0.8,0.8)-math.sin(q.anim_time*90*4-180)*1"
          ],
          "position": [
            0,
            "-0.5+0.8*(math.clamp(math.sin(q.anim_time*90*4-155)*1.6,1,1.6)-0.2)+0.5*(math.clamp(math.sin(q.anim_time*90*4-75)*1.8,1,1.8)-1)-0.2*(math.clamp(math.sin(q.anim_time*90*4)*1.4,1,1.4)+1)",
            0
          ]
        },
        "leg_front_left2": {
          "rotation": [
            "math.clamp(math.sin(q.anim_time*90*4-180+10)*20,0,10)+math.clamp(math.sin(q.anim_time*90*4-180+10)*20,-50,50)-math.clamp(math.sin(q.anim_time*90*4+10)*70,50,60)+25",
            0,
            0
          ]
        },
        "leg_front_left3": {
          "rotation": [
            "-45+math.clamp(20*(math.sin(q.anim_time*90*4-90)*1+1),-0,60)-math.clamp(math.sin(q.anim_time*90*4-180+10)*20,0,10)-math.clamp(math.sin(q.anim_time*90*4-180+10)*20,-50,50)+math.clamp(math.sin(q.anim_time*90*4+10)*70,50,60)+math.clamp(math.sin(q.anim_time*90*4+40)*80,50,80)-60",
            0,
            0
          ],
          "position": [0, "math.clamp(math.sin(q.anim_time*90*4-120)*1.1,0.9,1)-0.9+math.clamp(math.sin(q.anim_time*90*2-130)*1.3,0.9,1)-0.9", 0]
        },
        "leg_back_right": {
          "rotation": [
            "-20+math.clamp(15*(math.sin(q.anim_time*90*4-90+180)*1+1),-0,60)",
            0,
            "math.clamp(math.sin(q.anim_time*90*4-90+180)*1,-0.8,0.8)+math.sin(q.anim_time*90*4-180+180)*1"
          ],
          "position": [
            0,
            "-math.clamp(-math.sin(q.anim_time*90*4+90+180)*0.01,0,0.01)+math.clamp(-math.sin(q.anim_time*90*4+20+180)*1,0.4,1)-0.4+math.clamp(math.sin(q.anim_time*90*4-130+180)*1.5,0.4,0.6)-0.3",
            -0.1
          ]
        },
        "leg_back_right2": {
          "rotation": [
            "math.clamp(math.sin(q.anim_time*90*4+180)*10,0,10)+math.clamp(math.sin(q.anim_time*90*4-95+180)*25,0,45)-math.clamp(math.sin(q.anim_time*90*4+180+180)*10,0,45)",
            0,
            0
          ],
          "position": [0, "math.clamp(math.sin(q.anim_time*90*4-130+180)*1.5,0.5,0.8)-0.5", 0]
        },
        "leg_back_right3": {
          "rotation": [
            "-math.clamp(math.sin(q.anim_time*90*4+180)*10,0,10)-math.clamp(math.sin(q.anim_time*90*4-95+180)*25,0,45)+math.clamp(math.sin(q.anim_time*90*4+180+180)*15,0,45)-(-20+math.clamp(15*(math.sin(q.anim_time*90*4-90+180)*1+1),-0,60))+math.clamp(math.sin(q.anim_time*90*4-100+180)*100,60,100)-60",
            0,
            0
          ],
          "position": [0, "math.clamp(math.sin(q.anim_time*90*4-110)*1,0.8,1)-0.8", 0]
        },
        "leg_back_left": {
          "rotation": [
            "-20+math.clamp(15*(math.sin(q.anim_time*90*4-90)*1+1),-0,60)",
            0,
            "-math.clamp(math.sin(q.anim_time*90*4-90)*1,-0.8,0.8)-math.sin(q.anim_time*90*4-180)*1"
          ],
          "position": [
            0,
            "-math.clamp(-math.sin(q.anim_time*90*4+90)*0.01,0,0.01)+math.clamp(-math.sin(q.anim_time*90*4+20)*1,0.4,1)-0.4+math.clamp(math.sin(q.anim_time*90*4-130)*1.5,0.4,0.6)-0.3",
            -0.1
          ]
        },
        "leg_back_left2": {
          "rotation": [
            "math.clamp(math.sin(q.anim_time*90*4)*10,0,10)+math.clamp(math.sin(q.anim_time*90*4-95)*25,0,45)-math.clamp(math.sin(q.anim_time*90*4+180)*10,0,45)",
            0,
            0
          ],
          "position": [0, "math.clamp(math.sin(q.anim_time*90*4-130)*1.5,0.5,0.8)-0.5", 0]
        },
        "leg_back_left3": {
          "rotation": [
            "-math.clamp(math.sin(q.anim_time*90*4)*10,0,10)-math.clamp(math.sin(q.anim_time*90*4-95)*25,0,45)+math.clamp(math.sin(q.anim_time*90*4+180)*15,0,45)-(-20+math.clamp(15*(math.sin(q.anim_time*90*4-90)*1+1),-0,60))+math.clamp(math.sin(q.anim_time*90*4-100)*100,60,100)-60",
            0,
            0
          ],
          "position": [0, "math.clamp(math.sin(q.anim_time*90*4-110+180)*1,0.8,1)-0.8", 0]
        }
      }
    },
    "animation.endeon.ground_run": {
      "loop": true,
      "override_previous_animation": true,
      "bones": {
        "body": {
          "rotation": ["5*(math.sin(q.anim_time*90*4*2-90)*1+1)-math.clamp(10*(math.sin(q.anim_time*90*4*2+45)*1+1),15,20)+15", 0, 0],
          "position": [
            0,
            "math.clamp(math.sin(q.anim_time*90*4*2+45)*1,0.5,2)-0.5+math.clamp(math.sin(q.anim_time*90*4*2)*1,0,2)",
            "-math.clamp(math.sin(q.anim_time*90*4*2-30)*2,0,2)+math.clamp(math.sin(-q.anim_time*90*4*2-30)*1,0,2)"
          ]
        },
        "head": {
          "rotation": ["-5*(math.sin(q.anim_time*90*4*2-90)*1+1)+math.clamp(10*(math.sin(q.anim_time*90*4*2+45)*1+1),15,20)-15", 0, 0],
          "position": [0, -1, -1]
        },
        "ear_right": {
          "rotation": ["-10-4*math.sin(q.anim_time*90*4*2+45)-math.clamp(4*math.sin(q.anim_time*90*4*2+90),-4,4)", 0, 0]
        },
        "ear_left": {
          "rotation": ["-10-4*math.sin(q.anim_time*90*4*2+45)-math.clamp(4*math.sin(q.anim_time*90*4*2+90),-4,4)", 0, 0]
        },
        "leg_front_right": {
          "rotation": [
            "5+math.clamp(math.sin(-q.anim_time*90*4*1-20)*30,-40,0)+math.clamp(math.sin(q.anim_time*90*4*1+20)*30,-40,0)+math.clamp(math.sin(-q.anim_time*90*4*2-40)*50,0,70)-math.clamp(math.sin(-q.anim_time*90*4*2-30+180)*20,5,70)+5",
            0,
            0
          ]
        },
        "leg_front_right2": {
          "rotation": ["-math.clamp(math.sin(-q.anim_time*90*4*2-90)*20,5,70)+5-math.clamp(math.sin(-q.anim_time*90*4*2+180)*10,5,70)+5", 0, 0]
        },
        "leg_front_right3": {
          "rotation": ["12*math.sin(q.anim_time*90*8+30)-math.clamp(math.sin(q.anim_time*90*8),1,1)", 0, 0]
        },
        "leg_front_left": {
          "rotation": [
            "5+math.clamp(math.sin(-q.anim_time*90*4*1-20+30)*30,-40,0)+math.clamp(math.sin(q.anim_time*90*4*1+20-30)*30,-40,0)+math.clamp(math.sin(-q.anim_time*90*4*2-40+30)*50,0,70)-math.clamp(math.sin(-q.anim_time*90*4*2-30+180+30)*20,5,70)+5",
            0,
            0
          ]
        },
        "leg_front_left2": {
          "rotation": ["-math.clamp(math.sin(-q.anim_time*90*8-90+30)*20,5,70)+5-math.clamp(math.sin(-q.anim_time*90*8+180+30)*10,5,70)+5", 0, 0]
        },
        "leg_front_left3": {
          "rotation": ["8*math.sin(q.anim_time*90*8+30-90)-math.clamp(math.sin(q.anim_time*90*8-90),1,1)", 0, 0]
        },
        "leg_back_right": {
          "rotation": ["math.clamp(math.sin(q.anim_time*90*4*2)*40,0,50)-math.clamp(math.sin(-q.anim_time*90*4*2)*40,0,50)", 0, 0],
          "position": [
            0,
            "-math.clamp(math.sin(q.anim_time*90*4*2)*0.3,-1,2)-math.clamp(math.sin(-q.anim_time*90*4*2)*0.8,-1,2)",
            "-0.3+math.clamp(math.sin(q.anim_time*90*4*2-30)*0.5,0,2)-math.clamp(math.sin(q.anim_time*90*4*2-30+180)*0.5,0,2)"
          ]
        },
        "leg_back_right2": {
          "rotation": ["math.clamp(math.sin(q.anim_time*90*8-180-30)*5,0,5)-math.clamp(math.sin(-q.anim_time*90*8-90)*10,0,50)", 0, 0]
        },
        "leg_back_right3": {
          "rotation": ["20+20*math.sin(q.anim_time*90*8+45-30)-math.clamp(math.sin(q.anim_time*90*8+90-30),1,1)", 0, 0]
        },
        "leg_back_left": {
          "rotation": ["math.clamp(math.sin(q.anim_time*90*4*2+20)*40,0,50)-math.clamp(math.sin(-q.anim_time*90*4*2-20)*40,0,50)", 0, 0],
          "position": [
            0,
            "-math.clamp(math.sin(q.anim_time*90*4*2)*0.3,-1,2)-math.clamp(math.sin(-q.anim_time*90*4*2)*0.8,0,2)",
            "-0.3+math.clamp(math.sin(q.anim_time*90*4*2-30)*0.5,0,2)-math.clamp(math.sin(q.anim_time*90*4*2-30+180)*0.5,0,2)"
          ]
        },
        "leg_back_left2": {
          "rotation": ["math.clamp(math.sin(q.anim_time*90*8-90)*5,0,5)-math.clamp(math.sin(-q.anim_time*90*8-90)*10,0,10)", 0, 0]
        },
        "leg_back_left3": {
          "rotation": ["20+20*math.sin(q.anim_time*90*8+15)-math.clamp(math.sin(q.anim_time*90*8+90),1,1)", 0, 0]
        },
        "tail": {
          "rotation": ["10-math.sin(q.anim_time*90*4*2+60)*12", 0, 0]
        },
        "tail2": {
          "rotation": ["-math.sin(q.anim_time*90*4*2-30)*14", 0, 0]
        },
        "tail3": {
          "rotation": ["-math.sin(q.anim_time*90*4*2)*16", 0, 0]
        }
      }
    },
    "animation.endeon.air_idle": {
      "loop": true,
      "bones": {
        "torso": {
          "rotation": ["math.sin(q.anim_time*90*4)*0.2", 0, "math.sin(q.anim_time*20*8)*0.8"],
          "position": [0, "8+(math.clamp(math.sin(q.anim_time*90*4+180)*0.1,-0.03,0.03)+math.clamp(math.sin(q.anim_time*90*4+180)*0.15,2,0.5))*0.5", 0]
        },
        "head": {
          "rotation": ["-math.sin(q.anim_time*90*4)*0.2", 0, "math.clamp(math.sin(q.anim_time*90*4+45)*0.2,-1.2,1.2)"],
          "position": [0, 0, 0]
        },
        "ear_right": {
          "rotation": ["2*math.sin(q.anim_time*90*2+90)-math.clamp(math.sin(q.anim_time*90*2-90),-1,1)", 0, 0]
        },
        "ear_left": {
          "rotation": ["2*math.sin(q.anim_time*90*2+90)-math.clamp(math.sin(q.anim_time*90*2-90),-1,1)", 0, 0]
        },
        "leg_front_right": {
          "rotation": [30, 0, 0]
        },
        "leg_front_left": {
          "rotation": [32.5, 0, 0]
        },
        "wing_left": {
          "rotation": [0, 0, "-15-30*(math.sin(q.anim_time*90*0.5*6-22.5)*1)"]
        },
        "wing_right": {
          "rotation": [0, 0, "15+30*(math.sin(q.anim_time*90*0.5*6-22.5)*1)"]
        },
        "leg_back_right": {
          "rotation": [47.5, 0, 0]
        },
        "leg_back_left": {
          "rotation": [47.5, 0, 0]
        },
        "tail": {
          "rotation": ["20+6*(math.sin(q.anim_time*90*2)*1)+6*(math.sin(q.anim_time*90*2/2)*1)", 0, 0]
        },
        "tail2": {
          "rotation": ["5+6*(math.sin(q.anim_time*90*2-90)*1)+6*(math.sin(q.anim_time*90*2/2-90)*1)", 0, 0]
        },
        "tail3": {
          "rotation": ["5+6*(math.sin(q.anim_time*90*2-90)*1)+6*(math.sin(q.anim_time*90*2/2-90)*1)", 0, 0],
          "position": [0, 0, -0.68]
        }
      }
    },
    "animation.endeon.air_fly": {
      "loop": true,
      "override_previous_animation": true,
      "bones": {
        "body": {
          "position": [0, 6, 0]
        },
        "torso": {
          "rotation": ["math.sin(q.anim_time*90*4)*0.8", 0, "math.sin(q.anim_time*20*8)*0.8"],
          "position": [0, 7, 0]
        },
        "head": {
          "rotation": ["-2*(math.sin(q.anim_time*45*4*2-90)*1+1)+math.clamp(10*(math.sin(q.anim_time*20*4*2+45)*1+1),15,20)-15", 0, 0],
          "position": [0, -1, -1]
        },
        "ear_right": {
          "rotation": ["-10-4*math.sin(q.anim_time*90*4*2+45)-math.clamp(4*math.sin(q.anim_time*90*4*2+90),-4,4)", 0, 0]
        },
        "ear_left": {
          "rotation": ["-10-4*math.sin(q.anim_time*90*4*2+45)-math.clamp(4*math.sin(q.anim_time*90*4*2+90),-4,4)", 0, 0]
        },
        "leg_front_right": {
          "rotation": [-65, 0, 0]
        },
        "leg_front_right3": {
          "rotation": [-10, 0, 0]
        },
        "leg_front_left": {
          "rotation": [-65, 0, 0]
        },
        "leg_front_left3": {
          "rotation": [-10, 0, 0]
        },
        "wing_left": {
          "rotation": [0, 0, "-15-30*(math.sin(q.anim_time*90*0.5*16-22.5)*1)"]
        },
        "wing_right": {
          "rotation": [0, 0, "15+30*(math.sin(q.anim_time*90*0.5*16-22.5)*1)"]
        },
        "leg_back_right": {
          "rotation": [62.5, 0, 0],
          "position": [0, 0, 0]
        },
        "leg_back_left": {
          "rotation": [60, 0, 0]
        },
        "tail": {
          "rotation": ["10-math.sin(q.anim_time*90*4*2+60)*6", 0, 0]
        },
        "tail2": {
          "rotation": ["-math.sin(q.anim_time*90*4*2-30)*7", 0, 0]
        },
        "tail3": {
          "rotation": ["-math.sin(q.anim_time*90*4*2)*8", 0, 0]
        }
      }
    },
    "animation.endeon.blink": {
      "animation_length": 0.1667,
      "bones": {
        "eyelid_right": {
          "position": {
            "0.0": [-0.1, 0, -0.1],
            "0.125": [-0.1, 0, -0.1],
            "0.1667": [0, 0, 0]
          }
        },
        "eyelid_left": {
          "position": {
            "0.0": [0.1, 0, -0.1],
            "0.125": [0.1, 0, -0.1],
            "0.1667": [0, 0, 0]
          }
        }
      }
    },
    "animation.endeon.faint": {
      "animation_length": 2.96,
      "bones": {
        "body": {
          "rotation": {
            "0.0": {
              "post": [0, 0, 0],
              "lerp_mode": "catmullrom"
            }
          },
          "position": {
            "0.0": {
              "post": [0, 0, 0],
              "lerp_mode": "catmullrom"
            },
            "0.68": {
              "post": [0, 0, 0],
              "lerp_mode": "catmullrom"
            },
            "0.96": {
              "post": [0, -6, 0],
              "lerp_mode": "catmullrom"
            },
            "1.08": {
              "post": [0, -5, 0],
              "lerp_mode": "catmullrom"
            },
            "1.2": {
              "post": [0, -6, 0],
              "lerp_mode": "catmullrom"
            }
          }
        },
        "torso": {
          "rotation": {
            "0.0": {
              "post": [0, 0, 0],
              "lerp_mode": "catmullrom"
            },
            "0.16": {
              "post": [-25, 0, 0],
              "lerp_mode": "catmullrom"
            },
            "0.68": {
              "post": [-10, 0, 0],
              "lerp_mode": "catmullrom"
            },
            "0.96": {
              "post": [0, 0, 0],
              "lerp_mode": "catmullrom"
            }
          },
          "position": {
            "0.0": {
              "post": [0, 0, 0],
              "lerp_mode": "catmullrom"
            },
            "0.4": {
              "post": [0, 4, 0],
              "lerp_mode": "catmullrom"
            },
            "0.96": {
              "post": [0, 0, 0],
              "lerp_mode": "catmullrom"
            }
          }
        },
        "head": {
          "rotation": {
            "0.0": {
              "post": [0, 0, 0],
              "lerp_mode": "catmullrom"
            },
            "0.16": {
              "post": [-17.5, 0, 0],
              "lerp_mode": "catmullrom"
            },
            "0.64": {
              "post": [-17.5, 0, 0],
              "lerp_mode": "catmullrom"
            },
            "0.96": {
              "post": [32.5, 0, 0],
              "lerp_mode": "catmullrom"
            },
            "1.28": {
              "post": [18.07779, -14.2906, -4.60659],
              "lerp_mode": "catmullrom"
            },
            "1.56": {
              "post": [62.143, 1.24285, 3.53191],
              "lerp_mode": "catmullrom"
            }
          },
          "position": {
            "0.0": {
              "post": [0, 0, 0],
              "lerp_mode": "catmullrom"
            }
          }
        },
        "ear_right": {
          "rotation": {
            "0.0": {
              "post": [0, 0, 0],
              "lerp_mode": "catmullrom"
            },
            "0.16": {
              "post": [-22.1171, -4.50787, -11.85184],
              "lerp_mode": "catmullrom"
            },
            "0.68": {
              "post": [-22.1171, -4.50787, -11.85184],
              "lerp_mode": "catmullrom"
            },
            "1.04": {
              "post": [-22.68824, -6.41448, -16.50938],
              "lerp_mode": "catmullrom"
            },
            "1.56": {
              "post": [17.31176, -6.41448, -16.50938],
              "lerp_mode": "catmullrom"
            }
          },
          "position": {
            "0.0": {
              "post": [0, 0, 0],
              "lerp_mode": "catmullrom"
            },
            "1.04": {
              "post": [1.25, 0.2, 0],
              "lerp_mode": "catmullrom"
            }
          }
        },
        "ear_left": {
          "rotation": {
            "0.0": {
              "post": [0, 0, 0],
              "lerp_mode": "catmullrom"
            },
            "0.16": {
              "post": [-25.96061, 2.67144, 4.57127],
              "lerp_mode": "catmullrom"
            },
            "0.68": {
              "post": [-25.96061, 2.67144, 4.57127],
              "lerp_mode": "catmullrom"
            },
            "1.04": {
              "post": [-27.57759, 10.60333, 20.26598],
              "lerp_mode": "catmullrom"
            },
            "1.56": {
              "post": [17.42241, 10.60333, 20.26598],
              "lerp_mode": "catmullrom"
            }
          },
          "position": {
            "0.0": {
              "post": [0, 0, 0],
              "lerp_mode": "catmullrom"
            },
            "1.04": {
              "post": [-1.25, 0.4, 0],
              "lerp_mode": "catmullrom"
            }
          }
        },
        "eyelid_right": {
          "position": {
            "0.0": {
              "post": [0, 0, 0],
              "lerp_mode": "catmullrom"
            },
            "0.16": {
              "post": [0, 0, 0],
              "lerp_mode": "catmullrom"
            },
            "0.76": {
              "post": [-0.1, 0, -0.1],
              "lerp_mode": "catmullrom"
            },
            "1.0": {
              "post": [0, 0, 0],
              "lerp_mode": "catmullrom"
            }
          }
        },
        "eyelid_left": {
          "position": {
            "0.0": {
              "post": [0, 0, 0],
              "lerp_mode": "catmullrom"
            },
            "0.16": {
              "post": [0, 0, 0],
              "lerp_mode": "catmullrom"
            },
            "0.76": {
              "post": [0.1, 0, -0.1],
              "lerp_mode": "catmullrom"
            },
            "1.0": {
              "post": [0, 0, 0],
              "lerp_mode": "catmullrom"
            }
          }
        },
        "leg_front_right": {
          "rotation": {
            "0.0": {
              "post": [0, 0, 0],
              "lerp_mode": "catmullrom"
            },
            "0.16": {
              "post": [-35, 0, 0],
              "lerp_mode": "catmullrom"
            },
            "0.68": {
              "post": [26.5724, -8.53726, 12.37961],
              "lerp_mode": "catmullrom"
            },
            "0.96": {
              "post": [-53.97721, 33.60134, 27.72579],
              "lerp_mode": "catmullrom"
            },
            "1.56": {
              "post": [-66.47721, 33.60134, 27.72579],
              "lerp_mode": "catmullrom"
            }
          },
          "position": {
            "0.0": {
              "post": [0, 0, 0],
              "lerp_mode": "catmullrom"
            }
          }
        },
        "leg_front_right2": {
          "rotation": {
            "0.0": {
              "post": [0, 0, 0],
              "lerp_mode": "catmullrom"
            },
            "0.68": {
              "post": [12.5, 0, 0],
              "lerp_mode": "catmullrom"
            },
            "1.56": {
              "post": [13.09196, -3.40487, -19.71975],
              "lerp_mode": "catmullrom"
            }
          },
          "position": {
            "0.0": {
              "post": [0, 0, 0],
              "lerp_mode": "catmullrom"
            }
          }
        },
        "leg_front_left": {
          "rotation": {
            "0.0": {
              "post": [0, 0, 0],
              "lerp_mode": "catmullrom"
            },
            "0.16": {
              "post": [-37.5, 0, 0],
              "lerp_mode": "catmullrom"
            },
            "0.68": {
              "post": [27.08897, 5.71617, -8.21888],
              "lerp_mode": "catmullrom"
            },
            "0.96": {
              "post": [-56.6702, -34.73537, -26.21307],
              "lerp_mode": "catmullrom"
            },
            "1.56": {
              "post": [-76.16086, -24.94169, -17.23442],
              "lerp_mode": "catmullrom"
            }
          },
          "position": {
            "0.0": {
              "post": [0, 0, 0],
              "lerp_mode": "catmullrom"
            }
          }
        },
        "leg_front_left2": {
          "rotation": {
            "0.0": {
              "post": [0, 0, 0],
              "lerp_mode": "catmullrom"
            },
            "0.16": {
              "post": [12.5, 0, 0],
              "lerp_mode": "catmullrom"
            },
            "0.68": {
              "post": [12.5, 0, 0],
              "lerp_mode": "catmullrom"
            },
            "1.56": {
              "post": [20, 0, 0],
              "lerp_mode": "catmullrom"
            }
          },
          "position": {
            "0.0": {
              "post": [0, 0, 0],
              "lerp_mode": "catmullrom"
            }
          }
        },
        "wing_left": {
          "rotation": {
            "0.4": {
              "pre": [0, 0, 12.5],
              "post": [0, 0, 12.5],
              "lerp_mode": "catmullrom"
            },
            "0.96": {
              "post": [0, 0, -17.5],
              "lerp_mode": "catmullrom"
            },
            "1.92": {
              "post": [7.05239, -2.55868, -40.1577],
              "lerp_mode": "catmullrom"
            }
          }
        },
        "wing_right": {
          "rotation": {
            "0.4": {
              "pre": [0, 0, -12.5],
              "post": [0, 0, -12.5],
              "lerp_mode": "catmullrom"
            },
            "0.96": {
              "post": [0, 0, 17.5],
              "lerp_mode": "catmullrom"
            },
            "1.92": {
              "post": [7.05239, 2.55868, 40.1577],
              "lerp_mode": "catmullrom"
            }
          }
        },
        "leg_back_right": {
          "rotation": {
            "0.0": {
              "post": [0, 0, 0],
              "lerp_mode": "catmullrom"
            },
            "0.68": {
              "post": [29.26, 0, 0],
              "lerp_mode": "catmullrom"
            },
            "0.96": {
              "post": [61.76, 0, 0],
              "lerp_mode": "catmullrom"
            },
            "1.56": {
              "post": [60.44022, -18.31667, 8.17274],
              "lerp_mode": "catmullrom"
            }
          },
          "position": {
            "0.0": {
              "post": [0, 0, 0],
              "lerp_mode": "catmullrom"
            }
          }
        },
        "leg_back_right2": {
          "rotation": {
            "0.0": {
              "post": [0, 0, 0],
              "lerp_mode": "catmullrom"
            },
            "0.16": {
              "post": [12.5, 0, 0],
              "lerp_mode": "catmullrom"
            }
          },
          "position": {
            "0.0": {
              "post": [0, 0, 0],
              "lerp_mode": "catmullrom"
            },
            "0.16": {
              "post": [0, 2, 0],
              "lerp_mode": "catmullrom"
            },
            "0.68": {
              "post": [0, 0, 0],
              "lerp_mode": "catmullrom"
            }
          }
        },
        "leg_back_left": {
          "rotation": {
            "0.0": {
              "post": [0, 0, 0],
              "lerp_mode": "catmullrom"
            },
            "0.68": {
              "post": [29.26, 0, 0],
              "lerp_mode": "catmullrom"
            },
            "0.96": {
              "post": [61.76, 0, 0],
              "lerp_mode": "catmullrom"
            },
            "1.56": {
              "post": [57.33495, 31.80544, -15.44496],
              "lerp_mode": "catmullrom"
            }
          },
          "position": {
            "0.0": {
              "post": [0, 0, 0],
              "lerp_mode": "catmullrom"
            }
          }
        },
        "leg_back_left2": {
          "rotation": {
            "0.0": {
              "post": [0, 0, 0],
              "lerp_mode": "catmullrom"
            },
            "0.16": {
              "post": [12.5, 0, 0],
              "lerp_mode": "catmullrom"
            }
          },
          "position": {
            "0.0": {
              "post": [0, 0, 0],
              "lerp_mode": "catmullrom"
            },
            "0.16": {
              "post": [0, 2, 0],
              "lerp_mode": "catmullrom"
            },
            "0.68": {
              "post": [0, 0, 0],
              "lerp_mode": "catmullrom"
            }
          }
        },
        "tail": {
          "rotation": {
            "0.0": {
              "post": [0, 0, 0],
              "lerp_mode": "catmullrom"
            },
            "0.16": {
              "post": [-17.5, 0, 0],
              "lerp_mode": "catmullrom"
            },
            "0.64": {
              "post": [20, 0, 0],
              "lerp_mode": "catmullrom"
            },
            "0.96": {
              "post": [35, 0, 0],
              "lerp_mode": "catmullrom"
            },
            "1.28": {
              "post": [-2.5, 0, 0],
              "lerp_mode": "catmullrom"
            },
            "1.56": {
              "post": [-7.5, 0, 0],
              "lerp_mode": "catmullrom"
            }
          },
          "position": {
            "0.0": {
              "post": [0, 0, 0],
              "lerp_mode": "catmullrom"
            },
            "1.56": {
              "post": [0, 0, -2],
              "lerp_mode": "catmullrom"
            }
          }
        },
        "tail2": {
          "rotation": {
            "0.0": {
              "post": [0, 0, 0],
              "lerp_mode": "catmullrom"
            },
            "0.16": {
              "post": [17.5, 1.53846, 0],
              "lerp_mode": "catmullrom"
            },
            "0.96": {
              "post": [17.5, 9.23077, 0],
              "lerp_mode": "catmullrom"
            },
            "1.28": {
              "post": [-4.33333, 12.30769, 0],
              "lerp_mode": "catmullrom"
            },
            "1.92": {
              "post": [0, -22.5, 0],
              "lerp_mode": "catmullrom"
            }
          },
          "position": {
            "0.0": {
              "post": [0, 0, 0],
              "lerp_mode": "catmullrom"
            }
          }
        },
        "tail3": {
          "rotation": {
            "0.0": {
              "post": [0, 0, 0],
              "lerp_mode": "catmullrom"
            },
            "0.16": {
              "post": [22.5, -2.5641, 0],
              "lerp_mode": "catmullrom"
            },
            "0.96": {
              "post": [32.14286, -15.38462, 0],
              "lerp_mode": "catmullrom"
            },
            "1.28": {
              "post": [-7.5, -20.51282, 0],
              "lerp_mode": "catmullrom"
            },
            "1.92": {
              "post": [0, 45, 0],
              "lerp_mode": "catmullrom"
            }
          },
          "position": {
            "0.0": {
              "post": [0, 0, 0],
              "lerp_mode": "catmullrom"
            },
            "0.16": {
              "post": [0, 0, -1.32],
              "lerp_mode": "catmullrom"
            }
          }
        }
      }
    }
  },
  "geckolib_format_version": 2
}