{
	"format_version": "1.8.0",
	"animations": {
		"animation.booneary.faint": {
			"loop": true,
			"animation_length": 0.79167,
			"bones": {
				"booneary": {
					"rotation": {
						"0.25": [0, 0, 0],
						"0.75": [75, 0, 0]
					},
					"position": [0, 0, 0],
					"scale": [1, 1, 1]
				},
				"ruff": {
					"rotation": {
						"0.0": [0, 0, 0],
						"0.25": [10.75, 0, 0],
						"0.5": [15.5, 0, 0]
					}
				},
				"head": {
					"rotation": {
						"0.0": [0, 0, 0],
						"0.25": [8, 0, 0],
						"0.5": [8, 0, 0],
						"0.7917": [0.5, 0, 0]
					},
					"position": [0, 0, 0],
					"scale": [1, 1, 1]
				},
				"eyelid_left": {
					"rotation": {
						"0.0": [0, 0, 0],
						"0.25": [0, 0, 0],
						"0.5": [0, 0, 0]
					},
					"position": {
						"0.0": [0, 1, 0],
						"0.25": [0, 1.3, -0.1],
						"0.5": [0, 1, -0.1]
					},
					"scale": {
						"0.25": [1, 0.2, 1],
						"0.5": [1, 0.5, 1]
					}
				},
				"eyelid_right": {
					"rotation": {
						"0.0": [0, 0, 0],
						"0.25": [0, 0, 0],
						"0.5": [0, 0, 0]
					},
					"position": {
						"0.0": [0, 1, 0],
						"0.25": [0, 1.3, -0.1],
						"0.5": [0, 1, -0.1]
					},
					"scale": {
						"0.25": [1, 0.2, 1],
						"0.5": [1, 0.5, 1]
					}
				},
				"ear_right": {
					"rotation": {
						"0.25": [17, 0, 0],
						"0.75": [0, -6.03983, -0.75983]
					}
				},
				"ear_right2": {
					"rotation": {
						"0.25": [13, 0, 0],
						"0.75": [0, -3.25061, 0.25349]
					}
				},
				"ear_left": {
					"rotation": {
						"0.0": [0, 0, 0],
						"0.25": [10.2635, -8.86024, -1.6033],
						"0.75": [0, -0.93263, 0.09242]
					},
					"position": [0, 0, 0],
					"scale": [1, 1, 1]
				},
				"ear_left_ruff": {
					"rotation": [-1.4595, 1.36564, 0.13082],
					"position": [0.02019, -0.00526, 0.29927]
				},
				"ear_left2": {
					"rotation": {
						"0.25": [9.86837, -3.42402, -2.94316],
						"0.75": [0, 2.68483, -2.09947]
					},
					"position": {
						"0.25": [0, 0, -0.3],
						"0.75": [0.03436, -0.00401, -0.002]
					}
				},
				"ear_left_flame": {
					"position": {
						"0.25": [0.3, -0.8, 0],
						"0.5": [0.60924, -1.15108, -0.8253]
					},
					"scale": {
						"0.25": [0.8, 0.8, 0.8],
						"0.5": [0.6, 0.6, 0.6],
						"0.75": [0, 0, 0]
					}
				},
				"ear_right_flame": {
					"scale": {
						"0.25": [0.8, 0.8, 0.8],
						"0.5": [0.6, 0.6, 0.6],
						"0.75": [0, 0, 0]
					}
				}
			}
		},
		"animation.booneary.ground_idle": {
			"loop": true,
			"animation_length": 0.875,
			"bones": {
				"arm_left": {
					"rotation": [2.5, 10, 10]
				},
				"arm_left2": {
					"rotation": [0, 0, -5]
				},
				"arm_left3": {
					"rotation": [0, 0, -5],
					"position": [0, 0, 0]
				},
				"arm_right": {
					"rotation": [2.5, -10, -10]
				},
				"arm_right2": {
					"rotation": [0, 0, 5],
					"position": [0, 0, 0]
				},
				"arm_right3": {
					"rotation": [0, 0, 5]
				},
				"buneary": {
					"rotation": [0, 0, 0],
					"position": [0, 0, 0]
				},
				"head": {
					"rotation": [0, 0, 0],
					"position": [0, 0, 0]
				},
				"ear_right": {
					"rotation": [0, 0, 0],
					"position": [0, 0, 0]
				},
				"ear_right_ruff": {
					"rotation": [0, 0, 0],
					"position": [0, 0, 0]
				},
				"ear_left": {
					"rotation": [1.92765, -1.60386, -0.1949],
					"position": [0, 0, 0]
				},
				"ear_left_ruff": {
					"rotation": [0, 0, 0],
					"position": [0, 0, 0]
				},
				"ear_left2": {
					"rotation": [0, 0, 0],
					"position": [0, 0, 0]
				},
				"booneary": {
					"rotation": [0, 0, 0],
					"position": {
						"0.0": [0, 0, 0],
						"0.25": [0, 1, 0],
						"0.5417": [0, 2, 0],
						"0.75": [0, 1, 0],
						"0.875": [0, 0, 0]
					},
					"scale": [1, 1, 1]
				}
			}
		},
		"animation.booneary.air_idle": {
			"loop": true,
			"animation_length": 0.875,
			"bones": {
				"arm_left": {
					"rotation": [2.5, 10, 10]
				},
				"arm_left2": {
					"rotation": [0, 0, -5]
				},
				"arm_left3": {
					"rotation": [0, 0, -5],
					"position": [0, 0, 0]
				},
				"arm_right": {
					"rotation": [2.5, -10, -10]
				},
				"arm_right2": {
					"rotation": [0, 0, 5],
					"position": [0, 0, 0]
				},
				"arm_right3": {
					"rotation": [0, 0, 5]
				},
				"buneary": {
					"rotation": [0, 0, 0],
					"position": [0, 0, 0]
				},
				"head": {
					"rotation": [0, 0, 0],
					"position": [0, 0, 0]
				},
				"ear_right": {
					"rotation": [0, 0, 0],
					"position": [0, 0, 0]
				},
				"ear_right_ruff": {
					"rotation": [0, 0, 0],
					"position": [0, 0, 0]
				},
				"ear_left": {
					"rotation": [1.92765, -1.60386, -0.1949],
					"position": [0, 0, 0]
				},
				"ear_left_ruff": {
					"rotation": [0, 0, 0],
					"position": [0, 0, 0]
				},
				"ear_left2": {
					"rotation": [0, 0, 0],
					"position": [0, 0, 0]
				},
				"booneary": {
					"rotation": [0, 0, 0],
					"position": {
						"0.0": [0, 0, 0],
						"0.25": [0, 1, 0],
						"0.5417": [0, 2, 0],
						"0.75": [0, 1, 0],
						"0.875": [0, 0, 0]
					},
					"scale": [1, 1, 1]
				}
			}
		},
		"animation.booneary.blink": {
			"animation_length": 0.16667,
			"bones": {
				"eyelid_left": {
					"position": {
						"0.0": [0, 0, -0.1],
						"0.125": [0, 0, -0.1],
						"0.1667": [0, 0, 0]
					}
				},
				"eyelid_right": {
					"position": {
						"0.0": [0, 0, -0.1],
						"0.125": [0, 0, -0.1],
						"0.1667": [0, 0, 0]
					}
				}
			}
		}
	}
}