{
    "enabled": true,
    "neededInstalledMods": [],
    "neededUninstalledMods": [],
    "spawns": [
        {
            "id": "linoone-1",
            "pokemon": "linoone",
            "presets": [
                "natural"
            ],
            "type": "pokemon",
            "context": "grounded",
            "bucket": "common",
            "level": "17-26",
            "weight": 1,
            "condition": {
                "canSeeSky": true,
                "biomes": [
                    "#cobblemon:is_forest"
                ],
                "timeRange": "day"
            },
            "anticondition": {
                "biomes": [
                    "#cobblemon:is_spooky"
                ]
            }
        }
    ]
}