{
    "enabled": true,
    "neededInstalledMods": [],
    "neededUninstalledMods": [],
    "spawns": [
        {
            "id": "zigzagoon-1",
            "pokemon": "zigzagoon",
            "presets": [
                "natural"
            ],
            "type": "pokemon",
            "context": "grounded",
            "bucket": "common",
            "level": "5-12",
            "weight": 10,
            "condition": {
                "canSeeSky": true,
                "biomes": [
                    "#cobblemon:is_forest"
                ],
                "timeRange": "day"
            },
            "anticondition": {
                "biomes": [
                    "#cobblemon:is_spooky"
                ]
            }
        }
    ]
}