{
    "implemented": true,
    "name": "rowlet",
    "nationalPokedexNumber": 0723,
    "primaryType": "grass",
    "secondaryType": "flying",
    "abilities": [
        "overgrow",
        
        "h:longreach"
    ],
    "baseStats": {
        "hp": 68,
        "attack": 55,
        "defence": 55,
        "special_attack": 50,
        "special_defence": 50,
        "speed": 42
    },
    "behaviour": {
        "resting": {
            "canSleep": true,
            "depth": "normal",
            "light": "4-15"
        },
        "moving": {
            "canLook": false,
            "walk": {
                "canWalk": true,
                "avoidsLand": false
            },
            "swim": {
                "swimSpeed": 0.1,
                "canSwimInWater": true,
                "canBreatheUnderwater": false
            },
			"fly": {
			"canFly": true
			}
        }
    },
    "catchRate": 48,
    "maleRatio": 0.5,
    "shoulderMountable": false,
    
    "baseExperienceYield": 200,
    "experienceGroup": "erratic",
    "eggCycles": 25,
    "eggGroups": [
        "flying",
        "grass"
    ],
    "drops": {
        "amount": "1",
        "entries": [
        {"item": "minecraft:cooked_chicken", "quantityRange": "1-2", "percentage": 50}
        ]
    },
    "moves": [
        "1:astonish",
        "1:growl",
        "1:leafstorm",
        "1:leafage",
        "1:phantomforce",
        "1:spite",
        "1:tackle",
        "1:uturn",
        "9:peck",
        "12:shadowsneak",
        "15:razorleaf",
        "20:synthesis",
        "25:pluck",
        "30:nastyplot",
        "37:suckerpunch",
        "44:leafblade",
        "51:featherdance",
        "58:bravebird",
        "66:gigaimpact",
        "68:solarbeam"
    ],
    "labels": [
        "gen7"
    ],
    "pokedex": [
        "cobblemon.species.rowlet.desc1",
        "cobblemon.species.rowlet.desc2"
    ],
    "evolutions": [
        {
            "id": "rowlet_dartrix",
            "variant": "level_up",
            "result": "dartrix",
            "consumeHeldItem": false,
            "learnableMoves": [],
            "requirements": [
                {
                    "variant": "level",
                    "minLevel": 17
                }
            ]
        },
    {
      "id": "rowlet_ashrowlet",
      "variant": "level_up",
      "consumeHeldItem": true,
      "result": "ashrowlet",
      "requirements": [
        {
          "variant": "held_item",
          "itemCondition": "cobblemon:leaf_stone"
        },
        {
          "variant": "level",
          "minLevel": 34
        }
      ]
    }
  ],
    "baseScale": 0.7,
    "hitbox": {
        "width": 0.5,
        "height": 1.0,
        "fixed": false
    },
    "baseFriendship": 50,
    "evYield": {
        "hp": 1,
        "attack": 0,
        "defence": 0,
        "special_attack": 0,
        "special_defence": 0,
        "speed": 0
    },
    "height": 1,
    "weight": 1
}