{
    "implemented": true,
    "name": "squirtle",
    "nationalPokedexNumber": 9999,
    "primaryType": "water",
    
    "abilities": [
        "torrent",
        
        "h:raindish"
    ],
    "baseStats": {
        "hp": 44,
        "attack": 48,
        "defence": 65,
        "special_attack": 50,
        "special_defence": 64,
        "speed": 43
    },
    "behaviour": {
        "resting": {
            "canSleep": true,
            "depth": "normal",
            "light": "0-4"
        },
        "moving": {
            "canLook": false,
            "walk": {
                "canWalk": true,
                "avoidsLand": false
            },
            "swim": {
                "swimSpeed": 0.1,
                "canSwimInWater": true,
                "canBreatheUnderwater": true
            },
            "wanderChance": 1
        }
    },
    "catchRate": 150,
    "maleRatio": 0.5,
    "shoulderMountable": false,
    
    "baseExperienceYield": 100,
    "experienceGroup": "erratic",
    "eggCycles": 25,
    "eggGroups": [
        "monster",
        "water_1"
    ],
    
    "moves": [
        "1:tackle",
        "1:tailwhip",
        "3:watergun",
        "6:withdraw",
        "9:rapidspin",
        "12:bite",
        "15:waterpulse",
        "18:protect",
        "21:raindance",
        "24:aquatail",
        "27:shellsmash",
        "30:irondefense",
        "33:hydropump",
        "36:skullbash"
    ],
    "labels": [
        "custom"
    ],
    "pokedex": [
        "cobblemon.species.squirtle.desc1",
        "cobblemon.species.squirtle.desc2"
    ],
      "evolutions": [
    {
      "id": "squirtle_wartortle",
      "variant": "level_up",
      "result": "wartortle",
      "consumeHeldItem": false,
      "learnableMoves": [],
      "requirements": [
        {
          "variant": "level",
          "minLevel": 16
        }
      ]
    },
    {
      "id": "squirtle_swagtle",
      "variant": "level_up",
      "consumeHeldItem": true,
      "result": "swagtle",
      "requirements": [
        {
          "variant": "held_item",
          "itemCondition": "cobblemon:black_glasses"
        },
        {
          "variant": "level",
          "minLevel": 36
        }
      ]
    }
  ],
    "baseScale": 0.7,
    "hitbox": {
        "width": 1.0,
        "height": 1.0,
        "fixed": false
    },
    "baseFriendship": 50,
    "evYield": {
        "hp": 0,
        "attack": 0,
        "defence": 1,
        "special_attack": 0,
        "special_defence": 0,
        "speed": 0
    },
    "height": 1,
    "weight": 1
}