{
    "implemented": true,
    "name": "swagtle",
    "nationalPokedexNumber": 9999,
    "primaryType": "water",
    
    "abilities": [
        "torrent",
        
        "h:raindish"
    ],
    "baseStats": {
        "hp": 79,
        "attack": 83,
        "defence": 100,
        "special_attack": 85,
        "special_defence": 105,
        "speed": 78
    },
    "behaviour": {
        "resting": {
            "canSleep": true,
            "depth": "normal",
            "light": "0-4"
        },
        "moving": {
            "canLook": false,
            "walk": {
                "canWalk": true,
                "avoidsLand": false
            },
            "swim": {
                "swimSpeed": 0.1,
                "canSwimInWater": true,
                "canBreatheUnderwater": true
            },
            "wanderChance": 1
        }
    },
    "catchRate": 83,
    "maleRatio": 0.5,
    "shoulderMountable": false,
    
    "baseExperienceYield": 100,
    "experienceGroup": "erratic",
    "eggCycles": 25,
    "eggGroups": [
        "monster",
        "water_1"
    ],
    
    "moves": [
        "1:flashcannon",
        "1:tackle",
        "3:tailwhip",
        "6:watergun",
        "9:rapidspin",
        "12:bite",
        "15:waterpulse",
        "20:protect",
        "25:raindance",
        "30:aquatail",
        "35:shellsmash",
        "42:irondefense",
        "49:hydropump",
        "56:skullbash"
    ],
    "labels": [
        "custom"
    ],
    "pokedex": [
        "cobblemon.species.swagtle.desc1",
        "cobblemon.species.swagtle.desc2"
    ],
    "preEvolution": "squirtle",
	"evolutions": [],  
    "baseScale": 0.7,
    "hitbox": {
        "width": 1.0,
        "height": 1.0,
        "fixed": false
    },
    "baseFriendship": 50,
    "evYield": {
        "hp": 0,
        "attack": 0,
        "defence": 0,
        "special_attack": 0,
        "special_defence": 1,
        "speed": 0
    },
    "height": 1,
    "weight": 1
}