{
    "implemented": true,
    "name": "sylveonz",
    "nationalPokedexNumber": 7000,
    "primaryType": "fairy",
    
    "abilities": [
        "cutecharm",
        
        "h:pixilate"
    ],
    "baseStats": {
        "hp": 95,
        "attack": 65,
        "defence": 65,
        "special_attack": 120,
        "special_defence": 130,
        "speed": 70
    },
    "behaviour": {
        "resting": {
            "canSleep": true,
            "depth": "normal",
            "light": "0-4"
        },
        "moving": {
            "canLook": false,
            "walk": {
                "canWalk": true,
                "avoidsLand": false
            },
            "swim": {
                "swimSpeed": 0.1,
                "canSwimInWater": true,
                "canBreatheUnderwater": false
            },
            "wanderChance": 1
        }
    },
    "catchRate": 150,
    "maleRatio": 0.08,
    "shoulderMountable": false,
    
    "baseExperienceYield": 100,
    "experienceGroup": "erratic",
    "eggCycles": 25,
    "eggGroups": [
        "field"
        
    ],
    
    "moves": [
        "1:batonpass",
        "1:bite",
        "1:charm",
        "1:copycat",
        "1:covet",
        "1:doubleedge",
        "1:growl",
        "1:helpinghand",
        "1:tackle",
        "1:tailwhip",
        "1:takedown",
        "5:sandattack",
        "10:quickattack",
        "15:babydolleyes",
        "20:swift",
        "25:lightscreen",
        "30:drainingkiss",
        "35:mistyterrain",
        "40:skillswap",
        "45:psychup",
        "50:moonblast",
        "55:lastresort"
    ],
    "labels": [
        "gen7"
    ],
    "pokedex": [
        "cobblemon.species.sylveonz.desc1",
        "cobblemon.species.sylveonz.desc2"
    ],
    "preEvolution": "sylveon",
	"evolutions": [
        {
            "id": "sylveonz_sylveon",
            "variant": "level_up",
            "result": "sylveon",
            "consumeHeldItem": false,
            "learnableMoves": [],
            "requirements": [
			{
			"variant": "held_item",
			"itemCondition": "minecraft:white_dye"
			},
                {
                    "variant": "level",
                    "minLevel": 1
                }
            ]
        }
    ],
    
    "baseScale": 0.7,
    "hitbox": {
        "width": 0.5,
        "height": 1.0,
        "fixed": false
    },
    "baseFriendship": 50,
    "evYield": {
        "hp": 0,
        "attack": 0,
        "defence": 0,
        "special_attack": 0,
        "special_defence": 2,
        "speed": 0
    },
    "height": 1,
    "weight": 1
}