{
    "implemented": true,
    "name": "magneton",
    "nationalPokedexNumber": 82,
    "primaryType": "electric",
    "secondaryType": "steel",
    "abilities": [
        "magnetpull",
        "sturdy",
        "h:analytic"
    ],
    "baseStats": {
        "hp": 50,
        "attack": 60,
        "defence": 95,
        "special_attack": 120,
        "special_defence": 70,
        "speed": 70
    },
    "catchRate": 60,
    "maleRatio": -1,
    "shoulderMountable": false,
    "forms": [
		{
            "name": "normal"
        },
		{
			"name": "craftian",
			"aspects": ["craftian"],
			"primaryType": "psychic",
			"abilities": ["levitate", "synchronize", "h:analytic"],
			"moves": [
				"0:triattack",
				"1:tackle",
				"1:supersonic",
				"1:psybeam",
				"1:thunderwave",
				"1:triattack",
				"1:psychicterrain",
				"1:teleport",
				"11:ember",
				"12:electroball",
				"15:sonicboom",
				"16:gyroball",
				"19:flatter",
				"20:psychic",
				"23:dazzlinggleam",
				"24:screech",
				"28:calmmind",
				"34:flashcannon",
				"40:synchronoise",
				"46:mysticalfire",
				"52:lightscreen",
				"58:lockon",
				"64:burnup",
				"tm:bide",
				"tm:chargebeam",
				"tm:confide",
				"tm:curse",
				"tm:doubleteam",
				"tm:electricterrain",
				"tm:psychicterrain",
				"tm:electroball",
				"tm:incinerate",
				"tm:endure",
				"tm:explosion",
				"tm:facade",
				"tm:flash",
				"tm:flashcannon",
				"tm:frustration",
				"tm:gigaimpact",
				"tm:gyroball",
				"tm:headbutt",
				"tm:hiddenpower",
				"tm:hyperbeam",
				"tm:irondefense",
				"tm:lightscreen",
				"tm:naturalgift",
				"tm:protect",
				"tm:psychup",
				"tm:rage",
				"tm:raindance",
				"tm:reflect",
				"tm:rest",
				"tm:return",
				"tm:round",
				"tm:screech",
				"tm:secretpower",
				"tm:sleeptalk",
				"tm:snore",
				"tm:substitute",
				"tm:sunnyday",
				"tm:swagger",
				"tm:swift",
				"tm:takedown",
				"tm:teleport",
				"tm:thunder",
				"tm:thunderbolt",
				"tm:thunderwave",
				"tm:toxic",
				"tm:triattack",
				"tm:voltswitch",
				"tm:wildcharge",
				"tutor:doubleedge",
				"tutor:gravity",
				"tutor:magiccoat",
				"tutor:mimic",
				"tutor:recycle",
				"tutor:risingvoltage",
				"tutor:rollout",
				"tutor:shockwave",
				"tutor:signalbeam",
				"tutor:steelbeam"
      ],
      "pokedex": [
        "cobblemon.form.magneton-craftian.desc1",
        "cobblemon.form.magneton-craftian.desc2"
      ],
      "weight": 87,
      "evolutions": [
		{
            "id": "magneton_magnegate",
            "variant": "item_interact",
            "result": "magnegate",
            "consumeHeldItem": false,
            "learnableMoves": [],
            "requirements": [],
            "requiredContext": "cobblemon:fire_stone"
        }
	  ],
      "labels": ["gen1", "customized_official", "custom", "custom_regional"]
		}
	],
    "baseExperienceYield": 163,
    "experienceGroup": "mediumfast",
    "eggCycles": 20,
    "eggGroups": [
        "mineral"
    ],
    "behaviour": {
        "moving": {
            "fly": {
                "canFly": true
            },
            "walk": {
                "canWalk": false
            }
        }
    },
    "moves": [
        "0:triattack",
        "1:tackle",
        "1:supersonic",
        "1:thundershock",
        "1:thunderwave",
        "1:triattack",
        "1:electricterrain",
        "11:magnetbomb",
        "12:electroball",
        "15:sonicboom",
        "16:gyroball",
        "20:spark",
        "23:mirrorshot",
        "24:screech",
        "28:magnetrise",
        "34:flashcannon",
        "40:discharge",
        "46:metalsound",
        "52:lightscreen",
        "58:lockon",
        "64:zapcannon",
        "tm:bide",
        "tm:chargebeam",
        "tm:confide",
        "tm:curse",
        "tm:doubleteam",
        "tm:electricterrain",
        "tm:electroball",
        "tm:electroweb",
        "tm:endure",
        "tm:explosion",
        "tm:facade",
        "tm:flash",
        "tm:flashcannon",
        "tm:frustration",
        "tm:gigaimpact",
        "tm:gyroball",
        "tm:headbutt",
        "tm:hiddenpower",
        "tm:hyperbeam",
        "tm:irondefense",
        "tm:lightscreen",
        "tm:naturalgift",
        "tm:protect",
        "tm:psychup",
        "tm:rage",
        "tm:raindance",
        "tm:reflect",
        "tm:rest",
        "tm:return",
        "tm:round",
        "tm:screech",
        "tm:secretpower",
        "tm:sleeptalk",
        "tm:snore",
        "tm:substitute",
        "tm:sunnyday",
        "tm:swagger",
        "tm:swift",
        "tm:takedown",
        "tm:teleport",
        "tm:thunder",
        "tm:thunderbolt",
        "tm:thunderwave",
        "tm:toxic",
        "tm:triattack",
        "tm:voltswitch",
        "tm:wildcharge",
        "tutor:doubleedge",
        "tutor:gravity",
        "tutor:magiccoat",
        "tutor:mimic",
        "tutor:recycle",
        "tutor:risingvoltage",
        "tutor:rollout",
        "tutor:shockwave",
        "tutor:signalbeam",
        "tutor:steelbeam"
    ],
    "labels": [
        "gen1"
    ],
    "pokedex": [
        "cobblemon.species.magneton.desc1",
        "cobblemon.species.magneton.desc2"
    ],
    "preEvolution": "magnemite",
    "evolutions": [
        {
            "id": "magneton_magnezone",
            "variant": "item_interact",
            "result": "magnezone",
            "consumeHeldItem": false,
            "learnableMoves": [],
            "requirements": [],
            "requiredContext": "cobblemon:thunder_stone"
        }
    ],
    "baseScale": 0.9,
    "hitbox": {
        "width": 1.1,
        "height": 1.4,
        "fixed": false
    },
    "baseFriendship": 50,
    "evYield": {
        "special_attack": 2
    },
    "height": 10,
    "weight": 600
}