{
    "implemented": true,
    "name": "magnemite",
    "nationalPokedexNumber": 81,
    "primaryType": "electric",
	"secondaryType": "steel",
    "abilities": [
        "magnetpull",
        "sturdy",
        "h:analytic"
    ],
    "baseStats": {
        "hp": 25,
        "attack": 35,
        "defence": 70,
        "special_attack": 95,
        "special_defence": 55,
        "speed": 45
    },
    "catchRate": 190,
    "maleRatio": -1,
    "shoulderMountable": false,
    "forms": [
		{
            "name": "normal"
        },
		{
			"name": "craftian",
			"aspects": ["craftian"],
			"primaryType": "psychic",
			"abilities": ["levitate", "synchronize", "h:analytic"],
			"moves": [
				"1:tackle",
				"1:teleport",
				"1:psybeam",
				"4:confuseray",
				"8:thunderwave",
				"11:ember",
				"12:electroball",
				"15:sonicboom",
				"16:gyroball",
				"19:flatter",
				"20:psychic",
				"23:dazzlinggleam",
				"24:screech",
				"28:calmmind",
				"32:flashcannon",
				"36:synchronoise",
				"40:mysticalfire",
				"44:lightscreen",
				"48:lockon",
				"52:burnup",
				"tm:bide",
				"tm:chargebeam",
				"tm:confide",
				"tm:curse",
				"tm:futuresight",
				"tm:doubleteam",
				"tm:electroball",
				"tm:incinerate",
				"tm:endure",
				"tm:explosion",
				"tm:facade",
				"tm:flash",
				"tm:flashcannon",
				"tm:frustration",
				"tm:gyroball",
				"tm:headbutt",
				"tm:hiddenpower",
				"tm:calmmind",
				"tm:lightscreen",
				"tm:naturalgift",
				"tm:protect",
				"tm:psychup",
				"tm:rage",
				"tm:raindance",
				"tm:reflect",
				"tm:rest",
				"tm:return",
				"tm:round",
				"tm:screech",
				"tm:secretpower",
				"tm:sleeptalk",
				"tm:snore",
				"tm:substitute",
				"tm:sunnyday",
				"tm:swagger",
				"tm:swift",
				"tm:takedown",
				"tm:teleport",
				"tm:thunder",
				"tm:thunderbolt",
				"tm:thunderwave",
				"tm:toxic",
				"tm:voltswitch",
				"tm:wildcharge",
				"tutor:doubleedge",
				"tutor:gravity",
				"tutor:magiccoat",
				"tutor:mimic",
				"tutor:recycle",
				"tutor:risingvoltage",
				"tutor:rollout",
				"tutor:shockwave",
				"tutor:signalbeam",
				"tutor:steelbeam"
      ],
      "pokedex": [
        "cobblemon.form.magneton-craftian.desc1",
        "cobblemon.form.magneton-craftian.desc2"
      ],
      "weight": 87,
      "evolutions": [{
            "id": "magnemite_magneton_craftian",
            "variant": "level_up",
            "result": "magneton craftian",
            "consumeHeldItem": false,
            "learnableMoves": [],
            "requirements": [
                {
                    "variant": "level",
                    "minLevel": 30
                }
            ]
        }],
      "labels": ["gen1", "customized_official", "custom", "custom_regional"]
		}
	],
    "baseExperienceYield": 65,
    "experienceGroup": "mediumfast",
    "eggCycles": 20,
    "eggGroups": [
        "mineral"
    ],
    "behaviour": {
        "moving": {
            "swim": {
                "canWalkOnWater": true
            },
            "fly": {
                "canFly": true
            },
            "walk": {
                "canWalk": false
            }
        }
    },
    "moves": [
        "1:tackle",
        "1:thundershock",
        "4:supersonic",
        "8:thunderwave",
        "11:magnetbomb",
        "12:electroball",
        "15:sonicboom",
        "16:gyroball",
        "20:spark",
        "23:mirrorshot",
        "24:screech",
        "28:magnetrise",
        "32:flashcannon",
        "36:discharge",
        "40:metalsound",
        "44:lightscreen",
        "48:lockon",
        "52:zapcannon",
        "tm:bide",
        "tm:chargebeam",
        "tm:confide",
        "tm:curse",
        "tm:doubleteam",
        "tm:electroball",
        "tm:electroweb",
        "tm:endure",
        "tm:explosion",
        "tm:facade",
        "tm:flash",
        "tm:flashcannon",
        "tm:frustration",
        "tm:gyroball",
        "tm:headbutt",
        "tm:hiddenpower",
        "tm:irondefense",
        "tm:lightscreen",
        "tm:naturalgift",
        "tm:protect",
        "tm:psychup",
        "tm:rage",
        "tm:raindance",
        "tm:reflect",
        "tm:rest",
        "tm:return",
        "tm:round",
        "tm:screech",
        "tm:secretpower",
        "tm:sleeptalk",
        "tm:snore",
        "tm:substitute",
        "tm:sunnyday",
        "tm:swagger",
        "tm:swift",
        "tm:takedown",
        "tm:teleport",
        "tm:thunder",
        "tm:thunderbolt",
        "tm:thunderwave",
        "tm:toxic",
        "tm:voltswitch",
        "tm:wildcharge",
        "tutor:doubleedge",
        "tutor:gravity",
        "tutor:magiccoat",
        "tutor:mimic",
        "tutor:recycle",
        "tutor:risingvoltage",
        "tutor:rollout",
        "tutor:shockwave",
        "tutor:signalbeam",
        "tutor:steelbeam"
    ],
    "labels": [
        "gen1"
    ],
    "pokedex": [
        "cobblemon.species.magnemite.desc1",
        "cobblemon.species.magnemite.desc2"
    ],
    "evolutions": [
        {
            "id": "magnemite_magneton",
            "variant": "level_up",
            "result": "magneton",
            "consumeHeldItem": false,
            "learnableMoves": [],
            "requirements": [
                {
                    "variant": "level",
                    "minLevel": 30
                }
            ]
        }
    ],
    "baseScale": 0.9,
    "hitbox": {
        "width": 0.9,
        "height": 0.6,
        "fixed": false
    },
    "baseFriendship": 50,
    "evYield": {
        "special_attack": 1
    },
    "height": 3,
    "weight": 60
}