{
	"format_version": "1.8.0",
	"animations": {
		"animation.mareep.ground_idle": {
			"loop": true,
			"bones": {
				"torso": {
					"rotation": ["0+math.sin(q.anim_time*90*4+60)*0.25", 0, "0+math.sin(q.anim_time*90*2)*0.75"],
					"position": ["0+math.sin(q.anim_time*90*2)*0.3", "0-math.sin(q.anim_time*90*4+90)*0.1", 0]
				},
				"head": {
					"rotation": ["0+math.sin(q.anim_time*90*4+30)*1.5", 0, "0+math.sin(q.anim_time*90*2)*1.5"]
				},
				"tuff": {
					"position": [0.001, "-0.1-math.sin(q.anim_time*90*4+60)*0.1", 0]
				},
				"tail": {
					"rotation": ["0+math.sin(q.anim_time*90*4+60)*1", 0, "0+math.sin(q.anim_time*90*2-90)*3"],
					"position": [0, 0, 0]
				},
				"leg_left_back": {
					"rotation": [0, 0, "0+math.sin(q.anim_time*90*2)*1"],
					"position": ["0+math.sin(q.anim_time*90*2)*0.1", 0, 0]
				},
				"leg_right_back": {
					"rotation": [0, 0, "0+math.sin(q.anim_time*90*2)*1"],
					"position": ["0+math.sin(q.anim_time*90*2)*0.1", 0, 0]
				},
				"leg_right_front": {
					"rotation": [0, 0, "0+math.sin(q.anim_time*90*2)*1"],
					"position": ["0+math.sin(q.anim_time*90*2)*0.1", 0, 0]
				},
				"leg_left_front": {
					"rotation": [0, 0, "0+math.sin(q.anim_time*90*2)*1"],
					"position": ["0+math.sin(q.anim_time*90*2)*0.1", 0, 0]
				},
				"tail2": {
					"rotation": [0, 0, "0+math.sin(q.anim_time*90*2-150)*3"]
				}
			}
		},
		"animation.mareep.ground_walk": {
			"loop": true,
			"bones": {
				"body": {
					"rotation": ["-2.5+math.sin(q.anim_time*90*6)*5", 0, 0],
					"position": [0, "2-math.clamp(math.sin(q.anim_time*90*6-90)*2.5,-5,2)", 0]
				},
				"torso": {
					"rotation": ["0+math.sin(q.anim_time*90*6+60)*0.5", 0, "0+math.sin(q.anim_time*90*3)*1.5"],
					"position": ["0+math.sin(q.anim_time*90*3)*0.4", "0-math.sin(q.anim_time*90*6+90)*0.2", 0]
				},
				"head": {
					"rotation": ["0+math.sin(q.anim_time*90*6-60)*4", 0, "0+math.sin(q.anim_time*90*3)*2"]
				},
				"tuff": {
					"position": [0.001, "-0.1-math.sin(q.anim_time*90*6-60)*0.1", 0]
				},
				"tail": {
					"rotation": ["-27.4107+math.sin(q.anim_time*90*6+60)*10", -2.30646, "0.5624+math.sin(q.anim_time*90*3-90)*5"]
				},
				"leg_left_back": {
					"rotation": ["0-math.sin(q.anim_time*90*6+290)*20", 0, "0+math.sin(q.anim_time*90*3)*1"],
					"position": ["0+math.sin(q.anim_time*90*3)*0.1", "-0.25+math.clamp(math.cos(q.anim_time*90*6+230)*0.5,0,1)", "0.75-math.sin(q.anim_time*90*6+230)*0.5"]
				},
				"leg_right_back": {
					"rotation": ["0-math.sin(q.anim_time*90*6+290)*20", 0, "0+math.sin(q.anim_time*90*3)*1"],
					"position": ["0+math.sin(q.anim_time*90*3)*0.1", "-0.25+math.clamp(math.cos(q.anim_time*90*6+230)*0.5,0,1)", "0.75-math.sin(q.anim_time*90*6+230)*0.5"]
				},
				"leg_right_front": {
					"rotation": ["-20+math.sin(q.anim_time*90*6+230)*20", 0, "0+math.sin(q.anim_time*90*3)*1"],
					"position": ["0+math.sin(q.anim_time*90*3)*0.1", "0-math.clamp(math.cos(q.anim_time*90*6+230)*0.5,0,1)", "0.75+math.sin(q.anim_time*90*6+230)*0.5"]
				},
				"leg_left_front": {
					"rotation": ["-20+math.sin(q.anim_time*90*6+230)*20", 0, "0+math.sin(q.anim_time*90*3)*1"],
					"position": ["0+math.sin(q.anim_time*90*3)*0.1", "0-math.clamp(math.cos(q.anim_time*90*6+230)*0.5,0,1)", "0.75+math.sin(q.anim_time*90*6+230)*0.5"]
				},
				"tail2": {
					"rotation": [0, 0, "0+math.sin(q.anim_time*90*3-150)*5"]
				}
			}
		},
		"animation.mareep.sleep": {
			"loop": true,
			"bones": {
				"torso": {
					"rotation": ["0+math.sin(q.anim_time*90*1.5+60)*0.25", 0, "0+math.sin(q.anim_time*90*0.75)*0.75"],
					"position": ["0+math.sin(q.anim_time*90*0.75)*0.3", "0-math.sin(q.anim_time*90*1.5+90)*0.1", 0]
				},
				"head": {
					"rotation": ["0+math.sin(q.anim_time*90*1.5+30)*1.5", 0, "0+math.sin(q.anim_time*90*0.75)*1.5"]
				},
				"tuff": {
					"position": [0.001, "-0.1-math.sin(q.anim_time*90*1.5+60)*0.1", 0]
				},
				"tail": {
					"rotation": ["0+math.sin(q.anim_time*90*1.5+60)*1", 0, "0+math.sin(q.anim_time*90*0.75-90)*3"],
					"position": [0, 0, 0]
				},
				"leg_left_back": {
					"rotation": [0, 0, "0+math.sin(q.anim_time*90*0.75)*1"],
					"position": ["0+math.sin(q.anim_time*90*0.75)*0.1", 0, 0]
				},
				"leg_right_back": {
					"rotation": [0, 0, "0+math.sin(q.anim_time*90*0.75)*1"],
					"position": ["0+math.sin(q.anim_time*90*0.75)*0.1", 0, 0]
				},
				"leg_right_front": {
					"rotation": [0, 0, "0+math.sin(q.anim_time*90*0.75)*1"],
					"position": ["0+math.sin(q.anim_time*90*0.75)*0.1", 0, 0]
				},
				"leg_left_front": {
					"rotation": [0, 0, "0+math.sin(q.anim_time*90*0.75)*1"],
					"position": ["0+math.sin(q.anim_time*90*0.75)*0.1", 0, 0]
				},
				"tail2": {
					"rotation": [0, 0, "0+math.sin(q.anim_time*90*0.75-150)*3"]
				},
				"eyelid_right": {
					"position": [0.1, 0, 0]
				},
				"eyelid_left": {
					"position": [-0.1, 0, 0]
				}
			}
		},
		"animation.mareep.blink": {
			"animation_length": 0.16667,
			"bones": {
				"eyelid_right": {
					"position": {
						"0.0": [0.1, 0, 0],
						"0.125": [0.1, 0, 0],
						"0.1667": [0, 0, 0]
					}
				},
				"eyelid_left": {
					"position": {
						"0.0": [-0.1, 0, 0],
						"0.125": [-0.1, 0, 0],
						"0.1667": [0, 0, 0]
					}
				}
			}
		}
	}
}