{
	"format_version": "1.8.0",
	"animations": {
		"animation.basculin_craftian.ground_idle": {
			"loop": true,
			"bones": {
				"body": {
					"rotation": [-90, 0, 0],
					"position": [0, 9.5, -4.5]
				}
			}
		},
		"animation.basculin_craftian.ground_walk": {
			"loop": true,
			"bones": {
				"body": {
					"rotation": ["-90 + 5 * math.sin(q.anim_time*90*5+ 140)", 0, 0],
					"position": [0, "9 + 1.5 * math.sin(q.anim_time*90*5 + 280) + 1.5", -4.5]
				}
			}
		},
		"animation.basculin_craftian.water_idle": {
			"loop": true,
			"bones": {
				"body": {
					"rotation": [0, 0, 0],
					"position": [0, 0, 0]
				}
			}
		},
		"animation.basculin_craftian.sleep": {
			"loop": true,
			"bones": {
				"body": {
					"rotation": [-90, 0, 0],
					"position": [0, 9.5, -4.5]
				},
				"head": {
					"position": [0, 0, 7]
				}
			}
		}
	},
	"geckolib_format_version": 2
}