{
	"format_version": "1.8.0",
	"animations": {
		"animation.glacire.ground_idle": {
			"loop": true,
			"bones": {
				"body": {
					"rotation": [5, 0, 0]
				},
				"head": {
					"rotation": [-2.5, 0, 0]
				},
				"left_arm": {
					"rotation": [84.80951, 39.29484, 78.29689]
				},
				"left_arm2": {
					"rotation": [28.69425, 38.75816, 19.53524]
				},
				"right_arm": {
					"rotation": [84.80951, -39.2948, -78.2969]
				},
				"right_arm2": {
					"rotation": [28.69425, -38.7582, -19.5352]
				},
				"right_leg": {
					"rotation": [-5, 0, 0]
				},
				"left_leg": {
					"rotation": [-5, 0, 0]
				},
				"tail": {
					"rotation": [-7.5, "Math.cos(query.anim_time * 90 * 1) * 4", 0]
				},
				"tail2": {
					"rotation": [-2.5, "Math.cos(query.anim_time * 90 * 1) * 6", 0]
				},
				"tail3": {
					"rotation": [0, "Math.cos(query.anim_time * 90 * 1) * 8", 0]
				},
				"tail4": {
					"rotation": [0, "Math.cos(query.anim_time * 90 * 1) * 12", 0]
				}
			}
		},
		"animation.glacire.ground_walk": {
			"loop": true,
			"bones": {
				"right_leg": {
					"rotation": ["-Math.cos(query.anim_time * 90 * 3) * 12", 0, 0]
				},
				"left_leg": {
					"rotation": ["Math.cos(query.anim_time * 90 * 3) * 12", 0, 0]
				}
			}
		},
		"animation.glacire.water_idle": {
			"loop": true,
			"bones": {
				"body": {
					"rotation": [85, 0, 0],
					"position": [0, 4, 12]
				},
				"head": {
					"rotation": [-70, 0, 0]
				},
				"left_arm": {
					"rotation": [-1.30962, 7.3854, -10.0845]
				},
				"right_arm": {
					"rotation": [-1.30962, -7.38542, 10.08453]
				},
				"right_leg": {
					"rotation": [12.5, 0, 0]
				},
				"left_leg": {
					"rotation": [12.5, 0, 0]
				},
				"tail": {
					"rotation": [-80, 0, "Math.cos(query.anim_time * 90 * 1) * 4"],
					"position": [0, 0, -2]
				},
				"tail2": {
					"rotation": [0, "-Math.cos(query.anim_time * 90 * 1) * 4", 0]
				},
				"tail3": {
					"rotation": [0, "-Math.cos(query.anim_time * 90 * 1) * 4", 0]
				},
				"tail4": {
					"rotation": [0, "-Math.cos(query.anim_time * 90 * 1) * 4", 0]
				}
			}
		}
	},
	"geckolib_format_version": 2
}