{
	"format_version": "1.8.0",
	"animations": {
		"animation.magnegate.air_idle": {
			"loop": true,
			"bones": {
				"ring": {
					"rotation": [0, 0, "query.anim_time * 12"]
				},
				"body_top_left": {
					"position": ["1 + Math.cos(query.anim_time * 90 * 1) * 1", "1 + Math.cos(query.anim_time * 90 * 1) * 1", 0]
				},
				"rod_top_left": {
					"position": ["Math.cos(query.anim_time * 90 * 2 + 45) * 1 -1", 0, 0]
				},
				"body_left": {
					"position": ["1 + Math.cos(query.anim_time * 90 * 1) * 1", 0, 0]
				},
				"rod_left": {
					"position": ["Math.cos(query.anim_time * 90 * 2 + 90) * 1 -1", 0, 0]
				},
				"body_bottom_left": {
					"position": ["1 + Math.cos(query.anim_time * 90 * 1) * 1", "-1 + Math.cos(query.anim_time * 90 * 1) * -1", 0]
				},
				"rod_bottom_left": {
					"position": ["Math.cos(query.anim_time * 90 * 2 + 135) * 1 -1", 0, 0]
				},
				"body_top_right": {
					"position": ["-1 + Math.cos(query.anim_time * 90 * 1) * -1", "1 + Math.cos(query.anim_time * 90 * 1) * 1", 0]
				},
				"rod_top_right": {
					"position": ["Math.cos(query.anim_time * 90 * 2 + 135) * 1 +1", 0, 0]
				},
				"body_right": {
					"position": ["-1 + Math.cos(query.anim_time * 90 * 1) * -1", 0, 0]
				},
				"rod_right": {
					"position": ["Math.cos(query.anim_time * 90 * 2 + 90) * 1 + 1", 0, 0]
				},
				"body_bottom_right": {
					"position": ["-1 + Math.cos(query.anim_time * 90 * 1) * -1", "-1 + Math.cos(query.anim_time * 90 * 1) * -1", 0]
				},
				"rod_bottom_right": {
					"position": ["Math.cos(query.anim_time * 90 * 2 + 45) * 1 + 1", 0, 0]
				},
				"body": {
					"rotation": [-37.5, 0, 0]
				}
			}
		}
	},
	"geckolib_format_version": 2
}