{
  "implemented": true,
  "name": "aegislashx",
  "nationalPokedexNumber": 681,
  "primaryType": "fairy",
  "secondaryType": "ghost",
  "abilities": [
    "defiant",
    "noguard",
    "h:moxie"
  ],
  "baseStats": {
    "hp": 90,
    "attack": 140,
    "defence": 75,
    "special_attack": 60,
    "special_defence": 79,
    "speed": 103
  },
  "behaviour": {
    "resting": {
        "canSleep": true,
        "willSleepOnBed": false,        "depth": "normal",
        "light": "0-6"
    },
    "moving": {
        "fly": {
            "canFly": false
        },
        "canLook": true,
        "walk": {
            "canWalk": true,
            "avoidsLand": false
        },
        "swim": {
            "swimSpeed": 0.1,
            "canSwimInWater": true,
            "canBreatheUnderwater": false
        },
        "wanderChance": 1.0
    }
  },
  "catchRate": 45,
  "maleRatio": -1.0,
  "shoulderMountable": false,
  "baseExperienceYield": 234,
  "experienceGroup": "medium_fast",
  "eggCycles": 50,
  "eggGroups": [
    "undiscovered"
  ],
  "moves": [
    "1:playrough",
    "1:phantomforce",
    "1:shadowsneak",
    "1:rocksmash",
    "1:ironhead",
    "1:fairywind",
    "1:shadowball",
    "1:shadowclaw",
    "1:pound",
    "1:smackdown",
    "1:rocktomb",
    "13:bulldoze",
    "16:rockblast",
    "20:protect",
    "24:rockslide",
    "28:brickbreak",
    "32:poltergeist",
    "36:dazzlinggleam",
    "39:powergem",
    "42:focusblast",
    "45:shiftgear",
    "48:gyroball",
    "52:irontail",
    "55:bodyslam",
    "60:gigaimpact",
    "tm:bulkup",
    "tm:hiddenpower",
    "tm:taunt",
    "tm:hyperbeam",
    "tm:lightscreen",
    "tm:protect",
    "tm:safeguard",
    "tm:smackdown",
    "tm:thunderbolt",
    "tm:thunder",
    "tm:return",
    "tm:dig",
    "tm:shadowball",
    "tm:brickbreak",
    "tm:rocktomb",
    "tm:torment",
    "tm:facade",
    "tm:rest",
    "tm:thief",
    "tm:focusblast",
    "tm:falseswipe",
    "tm:fling",
    "tm:brutalswing",
    "tm:shadowclaw",
    "tm:gigaimpact",
    "tm:gyroball",
    "tm:swordsdance",
    "tm:bulldoze",
    "tm:rockslide",
    "tm:substitute",
    "tm:flashcannon",
    "tm:trickroom",
    "tm:dazzlinggleam",
    "tutor:flash",
    "tutor:strength"  ],
  "labels": [
    "xenoverse",
    "gen6"
  ],
  "pokedex": [
    "cobblemon.species.aegislashx.desc"
  ],
  "baseScale": 0.9,
  "hitbox": {
    "width": 1.9,
    "height": 1.9,
    "fixed": false
  },
  "baseFriendship": 70,
  "evYield": {
    "hp": 0,
    "attack": 0,
    "defence": 0,
    "special_attack": 0,
    "special_defence": 0,
    "speed": 1
  },
  "height": 19,
  "weight": 530,
  "aspects": [],
"features": [

  ],  "cannotDynamax": false
}