{
	
	"head": "",
	"portraitScale": 1.55,
	"portraitTranslation": [0.25, 0, 0],
	"profileScale": 0.85,
	"profileTranslation": [0, 0.55, 0],
	"poses": {
		"standing": {
			"poseName": "standing",
			"transformTicks": 10,
			"poseTypes": [
				"STAND",
				"NONE",
				"PORTRAIT",
				"PROFILE"
			],
			"animations": [
				"bedrock(basculin_craftian, ground_idle)"
			]
		},
		"walking": {
			"poseName": "walking",
			"transformTicks": 10,
			"poseTypes": [
				"WALK"
			],
			"animations": [
				"bedrock(basculin_craftian, ground_walk)"
			]
		},
		"swimming": {
			"poseName": "swimming",
			"transformTicks": 10,
			"poseTypes": [
				"FLOAT",
				"SWIM"
			],
			"animations": [
				"bedrock(basculin_craftian, water_idle)"
			]
		},
		"sleeping": {
			"poseName": "sleeping",
			"transformTicks": 10,
			"poseTypes": [
			"SLEEP"
			],
			"animations": [
				"bedrock(basculin_craftian, sleep)"
			]
		}
	}
}