{
	
	"head": "head",
	"portraitScale": 1.45,
	"portraitTranslation": [-0.1, 1.1, 0],
	"profileScale": 0.85,
	"profileTranslation": [0, 0.55, 0],
	"poses": {
		"standing": {
			"poseName": "standing",
			"transformTicks": 10,
			"poseTypes": [
				"STAND",
				"NONE",
				"PORTRAIT",
				"PROFILE"
			],
			"animations": [
				"look",
				"bedrock(glacire, ground_idle)"
			]
		},
		"walking": {
			"poseName": "walking",
			"transformTicks": 10,
			"poseTypes": [ "WALK" ],
			"animations": [
				"look",
				"bedrock(glacire, ground_idle)",
				"bedrock(glacire, ground_walk)"
			]
		},
		"floating": {
			"poseName": "floating",
			"transformTicks": 10,
			"poseTypes": [ "FLOAT", "SWIM" ],
			"animations": [
				"look",
				"bedrock(glacire, water_idle)"
			]
		}
	}
}