{
	"format_version": "1.12.0",
	"minecraft:geometry": [
		{
			"description": {
				"identifier": "geometry.basculin_bluestripe",
				"texture_width": 128,
				"texture_height": 128,
				"visible_bounds_width": 4,
				"visible_bounds_height": 2.5,
				"visible_bounds_offset": [0, 0.75, 0]
			},
			"bones": [
				{
					"name": "basculin",
					"pivot": [0, 0, 0]
				},
				{
					"name": "body",
					"parent": "basculin",
					"pivot": [0, 1.5, -2]
				},
				{
					"name": "head",
					"parent": "body",
					"pivot": [0, 8, -5.5],
					"cubes": [
						{"origin": [-4, 6.5, -11.5], "size": [8, 7, 6], "uv": [62, 34]},
						{"origin": [-3.65, 6, -9.75], "size": [0, 1, 1], "pivot": [-3.65, 6.5, -9.25], "rotation": [45, -10, 0], "uv": [8, 2]},
						{"origin": [-2.8, 6, -11.15], "size": [0, 1, 1], "pivot": [-2.8, 6.5, -10.65], "rotation": [45, -45, 0], "uv": [8, 1]},
						{"origin": [-1.2, 6, -11.75], "size": [0, 1, 1], "pivot": [-1.2, 6.5, -11.25], "rotation": [0, -85, 45], "uv": [8, 0]},
						{"origin": [3.65, 6, -9.75], "size": [0, 1, 1], "pivot": [3.65, 6.5, -9.25], "rotation": [45, 10, 0], "uv": [6, 2]},
						{"origin": [2.8, 6, -11.15], "size": [0, 1, 1], "pivot": [2.8, 6.5, -10.65], "rotation": [45, 45, 0], "uv": [6, 1]},
						{"origin": [1.2, 6, -11.75], "size": [0, 1, 1], "pivot": [1.2, 6.5, -11.25], "rotation": [0, 85, -45], "uv": [6, 0]}
					]
				},
				{
					"name": "jaw",
					"parent": "head",
					"pivot": [0, 6.5, -5.25],
					"rotation": [-7.5, 0, 0],
					"cubes": [
						{"origin": [4, 5.85, -8.25], "size": [0, 2, 3], "pivot": [4, 5.85, -6.75], "rotation": [0, 0, 5], "uv": [0, 7]},
						{"origin": [-4, 5.85, -8.25], "size": [0, 2, 3], "pivot": [-4, 5.85, -6.75], "rotation": [0, 0, -5], "uv": [0, 5]},
						{"origin": [-4, 2.5, -12.25], "size": [8, 4, 7], "inflate": 0.01, "uv": [50, 0]},
						{"origin": [-1.95, 6, -11.7], "size": [0, 1, 1], "pivot": [-1.95, 6.5, -11.2], "rotation": [-45, -75, 0], "uv": [2, 2]},
						{"origin": [-3.35, 6, -10.55], "size": [0, 1, 1], "pivot": [-3.35, 6.5, -10.05], "rotation": [-45, -35, 0], "uv": [2, 1]},
						{"origin": [-3.8, 6, -8.5], "size": [0, 1, 1], "pivot": [-3.8, 6.5, -8], "rotation": [-45, 0, 0], "uv": [2, 0]},
						{"origin": [3.8, 6, -8.5], "size": [0, 1, 1], "pivot": [3.8, 6.5, -8], "rotation": [-45, 0, 0], "uv": [0, 2]},
						{"origin": [3.35, 6, -10.55], "size": [0, 1, 1], "pivot": [3.35, 6.5, -10.05], "rotation": [-45, 35, 0], "uv": [0, 1]},
						{"origin": [1.95, 6, -11.7], "size": [0, 1, 1], "pivot": [1.95, 6.5, -11.2], "rotation": [-45, 75, 0], "uv": [0, 0]}
					]
				},
				{
					"name": "eye_right",
					"parent": "head",
					"pivot": [-4, 10, -7.75],
					"rotation": [5, 0, 0],
					"cubes": [
						{"origin": [-4, 8, -10.75], "size": [0, 4, 4], "inflate": 0.01, "uv": [8, 8]}
					]
				},
				{
					"name": "eyelid_right",
					"parent": "eye_right",
					"pivot": [-3.4, 10, -8.75],
					"cubes": [
						{"origin": [-3.9, 8, -10.75], "size": [1, 4, 4], "inflate": 0.02, "uv": [6, 4]}
					]
				},
				{
					"name": "eye_left",
					"parent": "head",
					"pivot": [4, 10, -7.75],
					"rotation": [5, 0, 0],
					"cubes": [
						{"origin": [4, 8, -10.75], "size": [0, 4, 4], "inflate": 0.01, "uv": [0, 8]}
					]
				},
				{
					"name": "eyelid_left",
					"parent": "eye_left",
					"pivot": [3.4, 10, -8.75],
					"cubes": [
						{"origin": [2.9, 8, -10.75], "size": [1, 4, 4], "inflate": 0.02, "uv": [0, 0]}
					]
				},
				{
					"name": "torso",
					"parent": "body",
					"pivot": [0, 8, -5.5],
					"cubes": [
						{"origin": [-4, 2.5, -5.5], "size": [8, 11, 8], "uv": [60, 12]}
					]
				},
				{
					"name": "fin_right",
					"parent": "torso",
					"pivot": [-4, 7.5, -5],
					"rotation": [0, 72.5, 0],
					"cubes": [
						{"origin": [-15, 4.5, -5], "size": [11, 6, 0], "uv": [44, 70]}
					]
				},
				{
					"name": "fin_left",
					"parent": "torso",
					"pivot": [4, 7.5, -5],
					"rotation": [0, -72.5, 0],
					"cubes": [
						{"origin": [4, 4.5, -5], "size": [11, 6, 0], "uv": [62, 47]}
					]
				},
				{
					"name": "tail",
					"parent": "torso",
					"pivot": [0, 7.25, 2.5],
					"cubes": [
						{"origin": [-2.5, 3.25, 1.5], "size": [5, 8, 5], "uv": [24, 70]}
					]
				},
				{
					"name": "tail_fin",
					"parent": "tail",
					"pivot": [0, 6.75, 6.5]
				},
				{
					"name": "bucket",
					"parent": "body",
					"pivot": [0, 7.5, 1],
					"cubes": [
						{"origin": [-8, 0, -9], "size": [16, 2, 18], "uv": [0, 20]},
						{"origin": [-8, 14, -9], "size": [16, 2, 18], "uv": [0, 0]},
						{"origin": [6, 2, -9], "size": [2, 12, 18], "uv": [40, 40]},
						{"origin": [-8, 2, -9], "size": [2, 12, 18], "uv": [0, 40]},
						{"origin": [-6, 2, 7], "size": [12, 12, 2], "uv": [22, 40]},
						{"origin": [-6, 2, -6], "size": [12, 12, 0], "uv": [0, 70]}
					]
				},
				{
					"name": "handle",
					"parent": "bucket",
					"pivot": [0, 8.5, -8],
					"rotation": [52.5, 0, 0],
					"cubes": [
						{"origin": [-8.01, 7.5, -9], "size": [0, 2, 12], "uv": [22, 44]},
						{"origin": [8.01, 7.5, -9], "size": [0, 2, 12], "uv": [22, 42]},
						{"origin": [-8, 7.5, 3], "size": [16, 2, 0], "uv": [50, 31]}
					]
				}
			]
		}
	]
}