{
	"format_version": "1.12.0",
	"minecraft:geometry": [
		{
			"description": {
				"identifier": "geometry.glacire",
				"texture_width": 128,
				"texture_height": 128,
				"visible_bounds_width": 7,
				"visible_bounds_height": 3.5,
				"visible_bounds_offset": [0, 1.25, 0]
			},
			"bones": [
				{
					"name": "glacire",
					"pivot": [0, 0, 0]
				},
				{
					"name": "body",
					"parent": "glacire",
					"pivot": [0, -1, 0],
					"cubes": [
						{"origin": [-8, 3, -4], "size": [16, 19, 2], "uv": [0, 27]},
						{"origin": [-9, 2, -2], "size": [18, 21, 6], "uv": [0, 0]},
						{"origin": [9, 3, 1], "size": [2, 18, 0], "uv": [26, 70]},
						{"origin": [-11, 3, 1], "size": [2, 18, 0], "uv": [22, 70]}
					]
				},
				{
					"name": "head",
					"parent": "body",
					"pivot": [0, 22, 1],
					"cubes": [
						{"origin": [-5, 22, -6], "size": [10, 8, 9], "uv": [36, 27]}
					]
				},
				{
					"name": "left_arm",
					"parent": "body",
					"pivot": [9, 20, 1],
					"cubes": [
						{"origin": [8, 19, -0.5], "size": [14, 3, 3], "uv": [56, 15]}
					]
				},
				{
					"name": "left_arm2",
					"parent": "left_arm",
					"pivot": [21, 20, 1],
					"cubes": [
						{"origin": [20, 16.5, 0], "size": [9, 8, 2], "uv": [0, 65]}
					]
				},
				{
					"name": "right_arm",
					"parent": "body",
					"pivot": [-9, 20, 1],
					"cubes": [
						{"origin": [-22, 19, -0.5], "size": [14, 3, 3], "uv": [50, 44]}
					]
				},
				{
					"name": "right_arm2",
					"parent": "right_arm",
					"pivot": [-21, 20, 1],
					"cubes": [
						{"origin": [-29, 16.5, 0], "size": [9, 8, 2], "uv": [60, 63]}
					]
				},
				{
					"name": "right_leg",
					"parent": "body",
					"pivot": [-4.5, 2, 1],
					"cubes": [
						{"origin": [-7, 0, -5], "size": [5, 2, 8], "uv": [22, 60]}
					]
				},
				{
					"name": "left_leg",
					"parent": "body",
					"pivot": [4.5, 2, 1],
					"cubes": [
						{"origin": [2, 0, -5], "size": [5, 2, 8], "uv": [56, 53]}
					]
				},
				{
					"name": "tail",
					"parent": "body",
					"pivot": [0, 5, 2],
					"cubes": [
						{"origin": [-4, 2, 3], "size": [8, 7, 8], "uv": [48, 0]},
						{"origin": [4, 4, 3], "size": [2, 0, 9], "uv": [31, 27]},
						{"origin": [-6, 4, 3], "size": [2, 0, 9], "uv": [27, 27]}
					]
				},
				{
					"name": "tail2",
					"parent": "tail",
					"pivot": [0, 5, 10],
					"cubes": [
						{"origin": [-3.5, 2, 10], "size": [7, 6, 10], "inflate": 0.01, "uv": [26, 44]},
						{"origin": [3, 4.01, 10], "size": [2, 0, 12], "uv": [40, 15]},
						{"origin": [-5, 4.01, 10], "size": [2, 0, 12], "uv": [36, 15]}
					]
				},
				{
					"name": "tail3",
					"parent": "tail2",
					"pivot": [0, 4, 19],
					"cubes": [
						{"origin": [-2.5, 2, 19], "size": [5, 5, 10], "uv": [0, 50]},
						{"origin": [2, 4, 19], "size": [2, 0, 11], "uv": [49, 50]},
						{"origin": [-4, 4, 19], "size": [2, 0, 11], "uv": [9, 48]}
					]
				},
				{
					"name": "tail4",
					"parent": "tail3",
					"pivot": [0, 4, 28],
					"cubes": [
						{"origin": [-1, 2, 28], "size": [2, 4, 8], "inflate": 0.01, "uv": [40, 62]},
						{"origin": [1, 4.01, 28], "size": [2, 0, 10], "uv": [59, 21]},
						{"origin": [-3, 4.01, 28], "size": [2, 0, 10], "uv": [55, 21]},
						{"origin": [-1, 4, 36], "size": [2, 0, 6], "uv": [36, 0]}
					]
				}
			]
		}
	]
}