{
	"format_version": "1.12.0",
	"minecraft:geometry": [
		{
			"description": {
				"identifier": "geometry.magneton",
				"texture_width": 64,
				"texture_height": 64,
				"visible_bounds_width": 4,
				"visible_bounds_height": 3.5,
				"visible_bounds_offset": [0, 1.25, 0]
			},
			"bones": [
				{
					"name": "magneton",
					"pivot": [0, 0, 0]
				},
				{
					"name": "body",
					"parent": "magneton",
					"pivot": [0, 15.5, 0],
					"cubes": [
						{"origin": [-3.5, 12, -3.5], "size": [7, 7, 7], "uv": [21, 7]},
						{"origin": [-2.5, 13, -3.575], "size": [5, 5, 0], "inflate": 0.02, "uv": [24, 42]}
					]
				},
				{
					"name": "pupil",
					"parent": "body",
					"pivot": [0, 15.75, -3.6],
					"cubes": [
						{"origin": [-0.5, 15, -3.6], "size": [1, 1, 0], "inflate": 0.02, "uv": [0, 3]}
					]
				},
				{
					"name": "headnail",
					"parent": "body",
					"pivot": [0, 19, 0],
					"cubes": [
						{"origin": [-1, 20, -1], "size": [2, 5, 2], "inflate": 0.02, "uv": [28, 21]},
						{"origin": [-1.5, 19, -1.5], "size": [3, 1, 3], "uv": [36, 21]}
					]
				},
				{
					"name": "leftmagnet",
					"parent": "body",
					"pivot": [3.5, 17.5, -0.5]
				},
				{
					"name": "rightmagnet",
					"parent": "body",
					"pivot": [-3.5, 17.5, -0.5]
				},
				{
					"name": "leftnail",
					"parent": "body",
					"pivot": [2.75, 12.5, -3.5],
					"cubes": [
						{"origin": [2.25, 12, -5.5], "size": [1, 1, 2], "inflate": 0.02, "uv": [31, 4]}
					]
				},
				{
					"name": "rightnail",
					"parent": "body",
					"pivot": [-2.75, 12.5, -3.5],
					"cubes": [
						{"origin": [-3.25, 12, -5.5], "size": [1, 1, 2], "inflate": 0.02, "uv": [21, 4]}
					]
				},
				{
					"name": "body3",
					"parent": "magneton",
					"pivot": [-5, 9.5, 0],
					"rotation": [0, 0, 35],
					"cubes": [
						{"origin": [-8.5, 6, -3.5], "size": [7, 7, 7], "uv": [0, 14]},
						{"origin": [-7.5, 7, -3.575], "size": [5, 5, 0], "inflate": 0.02, "uv": [42, 5]}
					]
				},
				{
					"name": "pupil3",
					"parent": "body3",
					"pivot": [-5, 9.75, -3.6],
					"cubes": [
						{"origin": [-5.5, 9, -3.6], "size": [1, 1, 0], "inflate": 0.02, "uv": [0, 1]}
					]
				},
				{
					"name": "leftmagnet3",
					"parent": "body3",
					"pivot": [-8.5, 7.5, -0.5],
					"cubes": [
						{"origin": [-9.5, 8, -1.5], "size": [1, 3, 3], "uv": [25, 0]},
						{"origin": [-14.5, 8.5, -1], "size": [5, 2, 2], "uv": [50, 8]}
					]
				},
				{
					"name": "rightmagnet3",
					"parent": "body3",
					"pivot": [-1.5, 7.5, -0.5]
				},
				{
					"name": "leftnail3",
					"parent": "body3",
					"pivot": [-7.75, 6.5, -3.5],
					"cubes": [
						{"origin": [-8.25, 6, -5.5], "size": [1, 1, 2], "inflate": 0.02, "uv": [0, 17]}
					]
				},
				{
					"name": "rightnail3",
					"parent": "body3",
					"pivot": [-2.25, 6.5, -3.5],
					"cubes": [
						{"origin": [-2.75, 6, -5.5], "size": [1, 1, 2], "inflate": 0.02, "uv": [0, 14]}
					]
				},
				{
					"name": "body2",
					"parent": "magneton",
					"pivot": [5, 9.5, 0],
					"rotation": [0, 0, -35],
					"cubes": [
						{"origin": [1.5, 6, -3.5], "size": [7, 7, 7], "uv": [0, 0]},
						{"origin": [2.5, 7, -3.575], "size": [5, 5, 0], "inflate": 0.02, "uv": [41, 0]}
					]
				},
				{
					"name": "pupil2",
					"parent": "body2",
					"pivot": [5, 9.75, -3.6],
					"cubes": [
						{"origin": [4.5, 9, -3.6], "size": [1, 1, 0], "inflate": 0.02, "uv": [0, 0]}
					]
				},
				{
					"name": "leftmagnet2",
					"parent": "body2",
					"pivot": [8.5, 7.5, -0.5],
					"cubes": [
						{"origin": [8.5, 8, -1.5], "size": [1, 3, 3], "uv": [0, 28]},
						{"origin": [9.5, 8.5, -1], "size": [5, 2, 2], "uv": [0, 34]}
					]
				},
				{
					"name": "rightmagnet2",
					"parent": "body2",
					"pivot": [1.5, 7.5, -0.5]
				},
				{
					"name": "leftnail2",
					"parent": "body2",
					"pivot": [7.75, 6.5, -3.5],
					"cubes": [
						{"origin": [7.25, 6, -5.5], "size": [1, 1, 2], "inflate": 0.02, "uv": [0, 3]}
					]
				},
				{
					"name": "rightnail2",
					"parent": "body2",
					"pivot": [2.25, 6.5, -3.5],
					"cubes": [
						{"origin": [1.75, 6, -5.5], "size": [1, 1, 2], "inflate": 0.02, "uv": [0, 0]}
					]
				}
			]
		}
	]
}