{
	"format_version": "1.12.0",
	"minecraft:geometry": [
		{
			"description": {
				"identifier": "geometry.magnegate",
				"texture_width": 64,
				"texture_height": 64,
				"visible_bounds_width": 4,
				"visible_bounds_height": 3.5,
				"visible_bounds_offset": [0, 1.25, 0]
			},
			"bones": [
				{
					"name": "magnegate",
					"pivot": [0, 0, 0]
				},
				{
					"name": "body",
					"parent": "magnegate",
					"pivot": [0, 13, 0]
				},
				{
					"name": "ring",
					"parent": "body",
					"pivot": [0, 13, 0]
				},
				{
					"name": "ring_left",
					"parent": "ring",
					"pivot": [0, 13, 0]
				},
				{
					"name": "body_top_left",
					"parent": "ring_left",
					"pivot": [0, 13, 0],
					"rotation": [0, 0, -60],
					"cubes": [
						{"origin": [6, 9.5, -3.5], "size": [7, 7, 7], "uv": [21, 21]},
						{"origin": [13, 11.5, -1.5], "size": [1, 3, 3], "uv": [49, 14]}
					]
				},
				{
					"name": "rod_top_left",
					"parent": "body_top_left",
					"pivot": [13, 13, 0],
					"cubes": [
						{"origin": [14, 12, -1], "size": [5, 2, 2], "uv": [42, 10], "mirror": true}
					]
				},
				{
					"name": "body_left",
					"parent": "ring_left",
					"pivot": [0, 13, 0],
					"cubes": [
						{"origin": [6, 9.5, -3.5], "size": [7, 7, 7], "uv": [21, 35]},
						{"origin": [13, 11.5, -1.5], "size": [1, 3, 3], "uv": [49, 25]}
					]
				},
				{
					"name": "rod_left",
					"parent": "body_left",
					"pivot": [13, 13, 0],
					"cubes": [
						{"origin": [14, 12, -1], "size": [5, 2, 2], "uv": [42, 35], "mirror": true}
					]
				},
				{
					"name": "body_bottom_left",
					"parent": "ring_left",
					"pivot": [0, 13, 0],
					"rotation": [0, 0, 60],
					"cubes": [
						{"origin": [6, 9.5, -3.5], "size": [7, 7, 7], "uv": [0, 28]},
						{"origin": [13, 11.5, -1.5], "size": [1, 3, 3], "uv": [23, 49]}
					]
				},
				{
					"name": "rod_bottom_left",
					"parent": "body_bottom_left",
					"pivot": [13, 13, 0],
					"cubes": [
						{"origin": [14, 12, -1], "size": [5, 2, 2], "uv": [42, 21], "mirror": true}
					]
				},
				{
					"name": "ring_right",
					"parent": "ring",
					"pivot": [0, 13, 0]
				},
				{
					"name": "body_top_right",
					"parent": "ring_right",
					"pivot": [0, 13, 0],
					"rotation": [0, 0, 60],
					"cubes": [
						{"origin": [-13, 9.5, -3.5], "size": [7, 7, 7], "uv": [21, 7]},
						{"origin": [-14, 11.5, -1.5], "size": [1, 3, 3], "uv": [15, 48]}
					]
				},
				{
					"name": "rod_top_right",
					"parent": "body_top_right",
					"pivot": [-13, 13, 0],
					"cubes": [
						{"origin": [-19, 12, -1], "size": [5, 2, 2], "uv": [42, 6]}
					]
				},
				{
					"name": "body_right",
					"parent": "ring_right",
					"pivot": [0, 13, 0],
					"cubes": [
						{"origin": [-13, 9.5, -3.5], "size": [7, 7, 7], "uv": [0, 14]},
						{"origin": [-14, 11.5, -1.5], "size": [1, 3, 3], "uv": [47, 0]}
					]
				},
				{
					"name": "rod_right",
					"parent": "body_right",
					"pivot": [-13, 13, 0],
					"cubes": [
						{"origin": [-19, 12, -1], "size": [5, 2, 2], "uv": [33, 2]}
					]
				},
				{
					"name": "body_bottom_right",
					"parent": "ring_right",
					"pivot": [0, 13, 0],
					"rotation": [0, 0, -60],
					"cubes": [
						{"origin": [-13, 9.5, -3.5], "size": [7, 7, 7], "uv": [0, 0]},
						{"origin": [-14, 11.5, -1.5], "size": [1, 3, 3], "uv": [46, 46]}
					]
				},
				{
					"name": "rod_bottom_right",
					"parent": "body_bottom_right",
					"pivot": [-13, 13, 0],
					"cubes": [
						{"origin": [-19, 12, -1], "size": [5, 2, 2], "uv": [21, 0]}
					]
				},
				{
					"name": "eye",
					"parent": "magnegate",
					"pivot": [0, 13, 0],
					"cubes": [
						{"origin": [-4.5, 8.5, 0], "size": [9, 9, 0], "uv": [0, 42]}
					]
				}
			]
		}
	]
}