{
	"format_version": "1.12.0",
	"minecraft:geometry": [
		{
			"description": {
				"identifier": "geometry.magnemite",
				"texture_width": 64,
				"texture_height": 64,
				"visible_bounds_width": 3,
				"visible_bounds_height": 2.5,
				"visible_bounds_offset": [0, 0.75, 0]
			},
			"bones": [
				{
					"name": "magnemite",
					"pivot": [0, 0, 0]
				},
				{
					"name": "body",
					"parent": "magnemite",
					"pivot": [0, 4.5, 0],
					"cubes": [
						{"origin": [-3.5, 1, -3.5], "size": [7, 7, 7], "uv": [0, 0]},
						{"origin": [-2.5, 2, -3.575], "size": [5, 5, 0], "inflate": 0.02, "uv": [54, 0]}
					]
				},
				{
					"name": "pupil",
					"parent": "body",
					"pivot": [0, 4.75, -3.6],
					"cubes": [
						{"origin": [-0.5, 4, -3.6], "size": [1, 1, 0], "inflate": 0.02, "uv": [62, 10]}
					]
				},
				{
					"name": "headnail",
					"parent": "body",
					"pivot": [0, 8, 0]
				},
				{
					"name": "leftmagnet",
					"parent": "body",
					"pivot": [3.5, 4.5, -0.5],
					"rotation": [0, 0, 2.5],
					"cubes": [
						{"origin": [3.5, 3, -1.5], "size": [1, 3, 3], "uv": [8, 22]},
						{"origin": [4.5, 3.5, -1], "size": [5, 2, 2], "uv": [14, 26]}
					]
				},
				{
					"name": "rightmagnet",
					"parent": "body",
					"pivot": [-3.5, 4.5, -0.5],
					"rotation": [0, 0, 2.5],
					"cubes": [
						{"origin": [-4.5, 3, -1.5], "size": [1, 3, 3], "uv": [0, 22]},
						{"origin": [-9.5, 3.5, -1], "size": [5, 2, 2], "uv": [0, 28]}
					]
				},
				{
					"name": "leftnail",
					"parent": "body",
					"pivot": [2.75, 1.5, -3.5],
					"cubes": [
						{"origin": [2.25, 1, -5.5], "size": [1, 1, 2], "inflate": 0.02, "uv": [0, 3]}
					]
				},
				{
					"name": "rightnail",
					"parent": "body",
					"pivot": [-2.75, 1.5, -3.5],
					"cubes": [
						{"origin": [-3.25, 1, -5.5], "size": [1, 1, 2], "inflate": 0.02, "uv": [0, 0]}
					]
				}
			]
		}
	]
}