{
	"format_version": "1.12.0",
	"minecraft:geometry": [
		{
			"description": {
				"identifier": "geometry.irondreamer",
				"texture_width": 64,
				"texture_height": 64,
				"visible_bounds_width": 2,
				"visible_bounds_height": 3.5,
				"visible_bounds_offset": [0, 1.25, 0]
			},
			"bones": [
				{
					"name": "root",
					"pivot": [0, 0, 0]
				},
				{
					"name": "head",
					"parent": "root",
					"pivot": [0, 0, 0],
					"cubes": [
						{"origin": [-3, 22, -3], "size": [4, 4, 5], "pivot": [7, 19, -2], "rotation": [0, 0, 2.5], "uv": [12, 0]},
						{"origin": [-4, 15, 5], "size": [5, 5, 2], "pivot": [7, 19, -2], "rotation": [90, 0, 2.5], "uv": [24, 16]},
						{"origin": [-6, 18, 2], "size": [2, 5, 1], "pivot": [7, 19, -2], "rotation": [0, 0, 22.5], "uv": [12, 43]},
						{"origin": [-4, 22, 2], "size": [5, 5, 2], "pivot": [7, 19, -2], "rotation": [0, 0, 2.5], "uv": [26, 28]},
						{"origin": [-3, 24, 5], "size": [3, 1, 1], "pivot": [7, 19, -2], "rotation": [0, 0, 2.5], "uv": [47, 15]},
						{"origin": [-4, 14, 5], "size": [5, 5, 2], "pivot": [7, 19, -2], "rotation": [90, 0, 2.5], "uv": [0, 23]},
						{"origin": [-4, 15, 7], "size": [4, 1, 1], "pivot": [7, 19, -2], "rotation": [90, 0, 2.5], "uv": [38, 16]},
						{"origin": [-4, 17, 7], "size": [4, 3, 1], "pivot": [7, 19, -2], "rotation": [90, 0, 2.5], "uv": [6, 39]},
						{"origin": [-4, 16, 7], "size": [3, 1, 1], "pivot": [7, 19, -2], "rotation": [90, 0, 2.5], "uv": [26, 43]},
						{"origin": [-4, 16, 8], "size": [4, 3, 1], "pivot": [7, 19, -2], "rotation": [90, 0, 2.5], "uv": [16, 39]},
						{"origin": [-4, 17, 9], "size": [3, 1, 1], "pivot": [7, 19, -2], "rotation": [90, 0, 2.5], "uv": [44, 0]},
						{"origin": [-4, 16, 5], "size": [5, 5, 2], "pivot": [7, 19, -2], "rotation": [90, 0, 2.5], "uv": [22, 9]},
						{"origin": [-6, 18, -4], "size": [2, 5, 1], "pivot": [7, 19, -2], "rotation": [0, 0, 22.5], "uv": [6, 43]},
						{"origin": [13, 22, -1], "size": [5, 5, 2], "pivot": [7, 19, -2], "rotation": [0, 180, 2.5], "uv": [12, 28]},
						{"origin": [14, 23, 1], "size": [3, 3, 1], "pivot": [7, 19, -2], "rotation": [0, 180, 2.5], "uv": [42, 43]},
						{"origin": [14, 24, 2], "size": [3, 1, 1], "pivot": [7, 19, -2], "rotation": [0, 180, 2.5], "uv": [47, 2]},
						{"origin": [-3, 23, 4], "size": [3, 3, 1], "pivot": [7, 19, -2], "rotation": [0, 0, 2.5], "uv": [44, 7]},
						{"origin": [1, 22, -4], "size": [1, 5, 7], "pivot": [7, 19, -2], "rotation": [0, 0, 2.5], "uv": [15, 16]},
						{"origin": [-2, 16, 7], "size": [3, 3, 1], "pivot": [7, 19, -2], "rotation": [90, 0, 2.5], "uv": [18, 43]},
						{"origin": [-3, 16, 7], "size": [3, 3, 1], "pivot": [7, 19, -2], "rotation": [90, 0, 2.5], "uv": [34, 43]}
					]
				},
				{
					"name": "body",
					"parent": "root",
					"pivot": [0, 0, 0],
					"cubes": [
						{"origin": [-2, 19, -2], "size": [2, 3, 3], "pivot": [7, 19, -2], "rotation": [0, 0, 2.5], "uv": [34, 5]}
					]
				},
				{
					"name": "eye",
					"parent": "root",
					"pivot": [0, 0, 0],
					"cubes": [
						{"origin": [-1, 6, -1], "size": [1, 6, 3], "uv": [0, 0]},
						{"origin": [-1, 2, 1], "size": [1, 4, 1], "uv": [12, 0]},
						{"origin": [-1, 4, 0], "size": [1, 2, 1], "uv": [5, 0]},
						{"origin": [-1, 12, 0], "size": [1, 1, 1], "uv": [24, 28]},
						{"origin": [-1, 13, -2], "size": [1, 3, 5], "uv": [0, 30]},
						{"origin": [-1, 14, -3], "size": [1, 1, 1], "uv": [31, 23]},
						{"origin": [-1, 14, 3], "size": [1, 1, 1], "uv": [7, 30]},
						{"origin": [-1, 16, 0], "size": [1, 2, 1], "uv": [30, 5]}
					]
				},
				{
					"name": "moon",
					"parent": "root",
					"pivot": [0, 0, 0],
					"cubes": [
						{"origin": [-2, 19, -3], "size": [3, 3, 1], "pivot": [0, 15, 0], "rotation": [15, 0, 12.5], "uv": [46, 11]},
						{"origin": [-2, 18, -4], "size": [3, 1, 3], "pivot": [0, 15, 0], "rotation": [0, 0, 12.5], "uv": [33, 35]},
						{"origin": [-2, 17, -2], "size": [3, 1, 4], "pivot": [0, 15, 0], "rotation": [0, 0, 12.5], "uv": [31, 23]},
						{"origin": [-2, 18, 1], "size": [3, 1, 3], "pivot": [0, 15, 0], "rotation": [0, 0, 12.5], "uv": [21, 35]},
						{"origin": [-3, 18, -4], "size": [1, 13, 10], "pivot": [0, 7, 0], "rotation": [0, 0, 12.5], "uv": [0, 0]},
						{"origin": [-2, 23, 6], "size": [3, 3, 2], "pivot": [0, 15, 0], "rotation": [0, 0, 12.5], "uv": [36, 11]},
						{"origin": [-2, 21, 5], "size": [3, 2, 2], "pivot": [0, 15, 0], "rotation": [0, 0, 12.5], "uv": [36, 39]},
						{"origin": [-2, 20, 4], "size": [3, 1, 2], "pivot": [0, 15, 0], "rotation": [0, 0, 12.5], "uv": [41, 23]},
						{"origin": [-2, 19, 3], "size": [3, 1, 2], "pivot": [0, 15, 0], "rotation": [0, 0, 12.5], "uv": [42, 35]},
						{"origin": [-2, 31, -2], "size": [3, 1, 4], "pivot": [0, 15, 0], "rotation": [0, 0, 12.5], "uv": [25, 0]},
						{"origin": [-2, 30, -4], "size": [3, 1, 3], "pivot": [0, 15, 0], "rotation": [0, 0, 12.5], "uv": [35, 0]},
						{"origin": [-2, 26, -8], "size": [3, 3, 1], "pivot": [0, 15, 0], "rotation": [-15, 0, 12.5], "uv": [45, 26]},
						{"origin": [-2, 30, 1], "size": [3, 1, 3], "pivot": [0, 15, 0], "rotation": [0, 0, 12.5], "uv": [9, 35]},
						{"origin": [-2, 29, 3], "size": [3, 1, 2], "pivot": [0, 15, 0], "rotation": [0, 0, 12.5], "uv": [38, 20]},
						{"origin": [-2, 28, 4], "size": [3, 1, 2], "pivot": [0, 15, 0], "rotation": [0, 0, 12.5], "uv": [41, 4]},
						{"origin": [-2, 26, 5], "size": [3, 2, 2], "pivot": [0, 15, 0], "rotation": [0, 0, 12.5], "uv": [26, 39]}
					]
				},
				{
					"name": "rightfabric",
					"parent": "root",
					"pivot": [0, 0, 0],
					"cubes": [
						{"origin": [-2, 5, 3], "size": [1, 3, 1], "uv": [0, 30]},
						{"origin": [-2, 8, 2], "size": [1, 7, 2], "uv": [0, 38]},
						{"origin": [-2, 15, 1], "size": [1, 3, 2], "uv": [46, 38]},
						{"origin": [-5, 17, 1], "size": [1, 2, 2], "pivot": [0, 0, 0], "rotation": [0, 0, 10], "uv": [0, 47]}
					]
				},
				{
					"name": "leftfabric",
					"parent": "root",
					"pivot": [0, 0, 0],
					"cubes": [
						{"origin": [1, 7, -5], "size": [1, 3, 1], "uv": [25, 0]},
						{"origin": [1, 10, -5], "size": [1, 5, 2], "uv": [40, 28]},
						{"origin": [0, 15, -4], "size": [1, 3, 2], "uv": [46, 30]},
						{"origin": [3, 18, -4], "size": [1, 2, 2], "pivot": [0, 0, 0], "rotation": [0, 0, -10], "uv": [46, 18]}
					]
				}
			]
		}
	]
}