{
	"format_version": "1.12.0",
	"minecraft:geometry": [
		{
			"description": {
				"identifier": "geometry.combustingtemper",
				"texture_width": 128,
				"texture_height": 128,
				"visible_bounds_width": 4,
				"visible_bounds_height": 3.5,
				"visible_bounds_offset": [0, 1.25, 0]
			},
			"bones": [
				{
					"name": "body",
					"pivot": [-3, 1, 0.5]
				},
				{
					"name": "Rightarm",
					"parent": "body",
					"pivot": [-9.25, 0, -3],
					"cubes": [
						{"origin": [-6.75, 0, -13.25], "size": [2, 2, 4], "uv": [88, 65]},
						{"origin": [-7.25, -0.5, -12.25], "size": [3, 4, 4], "pivot": [-9.25, 0, -5.5], "rotation": [-10, 0, 0], "uv": [85, 71]},
						{"origin": [-6.25, 0, -11], "size": [1, 1, 4], "uv": [94, 29]},
						{"origin": [-6.25, -0.25, -9.5], "size": [1, 1, 4], "pivot": [-9.5, 0, -3.75], "rotation": [-12.5, 0, 0], "uv": [49, 94]},
						{"origin": [-7.25, 4.5, -10.75], "size": [3, 7, 5], "pivot": [-9.25, 0, -3], "rotation": [10, 0, 0], "uv": [46, 77]}
					]
				},
				{
					"name": "LeftLeg",
					"parent": "body",
					"pivot": [1.25, 0, 14.75],
					"cubes": [
						{"origin": [3.25, 2, 4.5], "size": [3, 7, 5], "pivot": [1.25, 0, 16], "rotation": [-12.5, 0, 0], "uv": [76, 21]},
						{"origin": [3.25, 3.25, 7.75], "size": [3, 4, 4], "pivot": [1.25, 0, 14.75], "rotation": [22.5, 0, 0], "uv": [83, 57]},
						{"origin": [4, -0.25, 9], "size": [1, 1, 3], "pivot": [0.75, 0, 14.75], "rotation": [-12.5, 0, 0], "uv": [85, 79]},
						{"origin": [4, 0, 9.25], "size": [1, 1, 3], "uv": [38, 43]},
						{"origin": [3.75, 0, 5.75], "size": [2, 2, 4], "uv": [104, 0]}
					]
				},
				{
					"name": "LeftArm",
					"parent": "body",
					"pivot": [1.5, 0, -3.75],
					"cubes": [
						{"origin": [4.25, 0, -13.25], "size": [2, 2, 4], "uv": [39, 89]},
						{"origin": [3.75, -0.5, -12.25], "size": [3, 4, 4], "pivot": [1.75, 0, -5.5], "rotation": [-10, 0, 0], "uv": [12, 88]},
						{"origin": [3.75, 4.5, -10.75], "size": [3, 7, 5], "pivot": [1.75, 0, -3], "rotation": [10, 0, 0], "uv": [0, 78]},
						{"origin": [4.75, -0.25, -11.25], "size": [1, 1, 4], "pivot": [1.5, 0, -5.5], "rotation": [-12.5, 0, 0], "uv": [84, 94]},
						{"origin": [4.75, 0, -9.25], "size": [1, 1, 4], "uv": [94, 55]}
					]
				},
				{
					"name": "torso",
					"parent": "body",
					"pivot": [1.75, 0.25, -1.5],
					"cubes": [
						{"origin": [-6.25, 8.5, -14], "size": [13, 12, 8], "uv": [0, 108]},
						{"origin": [-7.25, 7.75, -6], "size": [14, 13, 15], "uv": [9, 8]},
						{"origin": [5.25, 4.75, -15.25], "size": [0, 2, 5], "pivot": [-2, 0.25, -1.5], "rotation": [-14.19476, -22.13991, -4.11405], "uv": [13, 4]},
						{"origin": [5.25, 2.75, -14.5], "size": [0, 1, 2], "pivot": [-2, 0.25, -1.5], "rotation": [-34.19476, -22.13991, -4.11405], "uv": [7, 12]},
						{"origin": [5.25, -1.25, -17.5], "size": [0, 1, 3], "pivot": [-2, 0.25, -1.5], "rotation": [-51.69476, -22.13991, -4.11405], "uv": [36, 64]},
						{"origin": [-5.5, 11.5, 9], "size": [0, 3, 6], "pivot": [-14, 18, 2.75], "rotation": [-25.53051, -11.31255, 5.35254], "uv": [64, 15]},
						{"origin": [-6, 13.5, 12.5], "size": [0, 2, 4], "pivot": [0, 18, 2.75], "rotation": [-45.10922, -3.53329, 3.54002], "uv": [13, 17]},
						{"origin": [7, 13.5, 12.75], "size": [0, 2, 4], "pivot": [14, 18, 2.75], "rotation": [-45, 0, 0], "uv": [0, 17]},
						{"origin": [-7.25, 16.75, -2.25], "size": [14, 5.5, 10], "pivot": [0, 0, 0], "rotation": [-27.5, 0, 0], "uv": [52, 0]},
						{"origin": [-2, -4.25, 19.75], "size": [4, 4, 4], "pivot": [0, 0, 0], "rotation": [50, 0, 0], "uv": [62, 81]},
						{"origin": [5.25, 11.5, 9], "size": [0, 3, 6], "pivot": [14, 18, 2.75], "rotation": [-25.53051, 11.31255, -5.35254], "uv": [52, 15]},
						{"origin": [-7.25, 5.75, 7.75], "size": [14, 6.5, 10], "pivot": [0, 0, 0], "rotation": [20, 0, 0], "uv": [0, 37]},
						{"origin": [-5.5, 4.75, -15.25], "size": [0, 2, 5], "pivot": [1.75, 0.25, -1.5], "rotation": [-14.19476, 22.13991, 4.11405], "uv": [0, 4]},
						{"origin": [-5.5, -1.25, -17.5], "size": [0, 1, 3], "pivot": [1.75, 0.25, -1.5], "rotation": [-51.69476, 22.13991, 4.11405], "uv": [31, 50]},
						{"origin": [-5.5, 2.75, -14.5], "size": [0, 1, 2], "pivot": [1.75, 0.25, -1.5], "rotation": [-34.19476, 22.13991, 4.11405], "uv": [7, 0]}
					]
				},
				{
					"name": "tail",
					"parent": "torso",
					"pivot": [0, 0, 0],
					"cubes": [
						{"origin": [-0.5, -6, 22.25], "size": [1, 1, 10], "pivot": [0, 0, 0], "rotation": [57.5, 0, 0], "uv": [72, 33]},
						{"origin": [-0.5, -19, 26.75], "size": [1, 1, 11], "pivot": [0, 0, 0], "rotation": [82.5, 0, 0], "uv": [0, 0]},
						{"origin": [17.25, -19, 21.5], "size": [1, 1, 4], "pivot": [0, 0, 0], "rotation": [84.2411, -4.81281, -39.75778], "uv": [90, 5]},
						{"origin": [13.25, -19, 29.75], "size": [1, 1, 4], "pivot": [0, 0, 0], "rotation": [83.19577, -3.1622, -24.81197], "uv": [25, 78]},
						{"origin": [10, -19, 33.25], "size": [1, 1, 4], "pivot": [0, 0, 0], "rotation": [82.84344, -2.24944, -17.35932], "uv": [11, 78]},
						{"origin": [23, -19, 21.5], "size": [1, 1, 4], "pivot": [0, 0, 0], "rotation": [84.91731, -5.52235, -47.25471], "uv": [38, 77]},
						{"origin": [-18.25, -19, 21.5], "size": [1, 1, 4], "pivot": [0, 0, 0], "rotation": [84.2411, 4.81281, 39.75778], "uv": [52, 5]},
						{"origin": [-14.25, -19, 29.75], "size": [1, 1, 4], "pivot": [0, 0, 0], "rotation": [83.19577, 3.1622, 24.81197], "uv": [52, 0]},
						{"origin": [-11, -19, 33.25], "size": [1, 1, 4], "pivot": [0, 0, 0], "rotation": [82.84344, 2.24944, 17.35932], "uv": [0, 42]},
						{"origin": [-24, -19, 21.5], "size": [1, 1, 4], "pivot": [0, 0, 0], "rotation": [84.91731, 5.52235, 47.25471], "uv": [0, 37]}
					]
				},
				{
					"name": "RightLeg",
					"parent": "torso",
					"pivot": [-8.25, 0, 16],
					"cubes": [
						{"origin": [-5.75, 0, 5.75], "size": [2, 2, 4], "uv": [52, 101]},
						{"origin": [-5, -0.25, 9], "size": [1, 1, 3], "pivot": [-8.25, 0, 14.75], "rotation": [-12.5, 0, 0], "uv": [55, 94]},
						{"origin": [-5, 0, 9.25], "size": [1, 1, 3], "uv": [49, 89]},
						{"origin": [-6.25, 3.5, 7.75], "size": [3, 4, 4], "pivot": [-8.25, 0, 14.75], "rotation": [22.5, 0, 0], "uv": [83, 57]},
						{"origin": [-6.25, 2, 4.5], "size": [3, 7, 5], "pivot": [-8.25, 0, 16], "rotation": [-12.5, 0, 0], "uv": [72, 63]}
					]
				},
				{
					"name": "head",
					"parent": "body",
					"pivot": [0, 0, 0],
					"cubes": [
						{"origin": [-6, 10.75, -19], "size": [12, 10, 10], "pivot": [0, 0, 0], "rotation": [5, 0, 0], "uv": [0, 108]},
						{"origin": [-5.5, 9, -25.75], "size": [11, 8, 6], "uv": [0, 114]},
						{"origin": [-2, 12.5, -28.75], "size": [4, 4, 3], "uv": [88, 87]},
						{"origin": [2.5, 25, -20], "size": [1, 1, 11], "pivot": [-3, 1, 0.5], "rotation": [15, 0, 12.5], "uv": [59, 66]},
						{"origin": [2.5, 31.25, -10.25], "size": [1, 1, 5], "pivot": [-3, 1, 0.5], "rotation": [35, 0, 12.5], "uv": [93, 36]},
						{"origin": [2.5, -24.5, -16], "size": [1, 2, 5], "pivot": [-3, 1, 0.5], "rotation": [-115, 0, 12.5], "uv": [0, 90]},
						{"origin": [2.5, 18, -25.75], "size": [1, 1, 5], "pivot": [-3, 1, 0.5], "rotation": [-10, 0, 12.5], "uv": [69, 92]},
						{"origin": [2.5, -28, 6.5], "size": [1, 1, 3], "pivot": [-3, 1, 0.5], "rotation": [-165, 0, 12.5], "uv": [96, 76]},
						{"origin": [2.5, -14.75, 24.75], "size": [1, 3, 1], "pivot": [-3, 1, 0.5], "rotation": [150, 0, 12.5], "uv": [6, 42]},
						{"origin": [2.5, -25, 8.5], "size": [1, 1, 3], "pivot": [-3, 1, 0.5], "rotation": [-170, 0, 12.5], "uv": [60, 96]},
						{"origin": [2.5, -13, 22.75], "size": [1, 3, 1], "pivot": [-3, 1, 0.5], "rotation": [150, 0, 12.5], "uv": [0, 42]},
						{"origin": [2.5, 20, -22], "size": [1, 2, 8], "pivot": [-3, 1, 0.5], "rotation": [-2.5, 0, 12.5], "uv": [28, 77]},
						{"origin": [2.5, 25, -20.5], "size": [1, 1, 7], "pivot": [-3, 1, 0.5], "rotation": [12.5, 0, 12.5], "uv": [82, 49]},
						{"origin": [2.5, 25.75, -18.5], "size": [1, 1, 3], "pivot": [-3, 1, 0.5], "rotation": [12.5, 0, 12.5], "uv": [17, 96]},
						{"origin": [2.5, 22, -17], "size": [1, 2, 3], "pivot": [-3, 1, 0.5], "rotation": [-2.5, 0, 12.5], "uv": [9, 96]},
						{"origin": [3.5, 23.75, -16.25], "size": [0, 2, 2], "pivot": [-3, 1, 0.5], "rotation": [-2.5, 0, 12.5], "uv": [7, 10]},
						{"origin": [-6.25, 20, -23.5], "size": [7, 2, 1], "pivot": [-0.25, -0.75, 0.25], "rotation": [12.91258, 12.84109, 17.75882], "uv": [36, 0]},
						{"origin": [-3.25, -14.5, 25], "size": [1, 3, 1], "pivot": [3.25, 1.25, 0.75], "rotation": [150, 0, -12.5], "uv": [6, 37]},
						{"origin": [-3.25, -27.75, 6.75], "size": [1, 1, 3], "pivot": [3.25, 1.25, 0.75], "rotation": [-165, 0, -12.5], "uv": [96, 15]},
						{"origin": [-3.25, -24.25, -15.75], "size": [1, 2, 5], "pivot": [3.25, 1.25, 0.75], "rotation": [-115, 0, -12.5], "uv": [62, 89]},
						{"origin": [-3.25, 31.5, -10], "size": [1, 1, 5], "pivot": [3.25, 1.25, 0.75], "rotation": [35, 0, -12.5], "uv": [92, 23]},
						{"origin": [-3.25, 25.25, -19.75], "size": [1, 1, 11], "pivot": [3.25, 1.25, 0.75], "rotation": [15, 0, -12.5], "uv": [50, 24]},
						{"origin": [-3.25, 18.25, -25.5], "size": [1, 1, 5], "pivot": [3.25, 1.25, 0.75], "rotation": [-10, 0, -12.5], "uv": [91, 49]},
						{"origin": [-3.25, -24.75, 8.75], "size": [1, 1, 3], "pivot": [3.25, 1.25, 0.75], "rotation": [-170, 0, -12.5], "uv": [96, 5]},
						{"origin": [-3.25, -12.75, 23], "size": [1, 3, 1], "pivot": [3.25, 1.25, 0.75], "rotation": [150, 0, -12.5], "uv": [0, 37]},
						{"origin": [-3.25, 20.25, -21.75], "size": [1, 2, 8], "pivot": [3.25, 1.25, 0.75], "rotation": [-2.5, 0, -12.5], "uv": [75, 75]},
						{"origin": [-3.25, 25.25, -20.25], "size": [1, 1, 7], "pivot": [3.25, 1.25, 0.75], "rotation": [12.5, 0, -12.5], "uv": [16, 80]},
						{"origin": [-3.25, 26, -18.25], "size": [1, 1, 3], "pivot": [3.25, 1.25, 0.75], "rotation": [12.5, 0, -12.5], "uv": [95, 71]},
						{"origin": [-3.25, 22.25, -16.75], "size": [1, 2, 3], "pivot": [3.25, 1.25, 0.75], "rotation": [-2.5, 0, -12.5], "uv": [39, 95]},
						{"origin": [-3.25, 24, -16], "size": [1, 2, 2], "pivot": [3.25, 1.25, 0.75], "rotation": [-2.5, 0, -12.5], "uv": [64, 63]},
						{"origin": [-6, 18, -18.5], "size": [12, 7, 6], "pivot": [0, 0, 0], "rotation": [20, 0, 0], "uv": [0, 115]},
						{"origin": [-6.25, 14.25, -24.75], "size": [13, 5, 0], "pivot": [0, 0, 0], "rotation": [12.5, 0, 0], "uv": [72, 44]},
						{"origin": [-18.75, 16.75, -15.25], "size": [20, 6, 0], "pivot": [0, 0, 0], "rotation": [36.72516, -59.80983, -32.81658], "uv": [56, 15]},
						{"origin": [-1.5, 16.75, -15.5], "size": [20, 6, 0], "pivot": [0, 0, 0], "rotation": [36.72516, 59.80983, 32.81658], "uv": [42, 37]},
						{"origin": [-2.5, 25.25, -9.5], "size": [2, 9, 3], "pivot": [-0.75, 0, 0], "rotation": [41.71364, -5.02099, 20.3371], "uv": [29, 87]},
						{"origin": [2, 19.25, -29.5], "size": [2, 6, 3], "pivot": [1.5, -0.75, 0], "rotation": [2.13952, -5.40036, 5.75138], "uv": [13, 12]},
						{"origin": [2, 10.25, -37.75], "size": [2, 3, 2], "pivot": [1.5, -0.75, 0], "rotation": [-22.86048, -5.40036, 5.75138], "uv": [94, 94]},
						{"origin": [2, 6.5, -39.5], "size": [2, 3, 1], "pivot": [1.5, -0.75, 0], "rotation": [-32.86048, -5.40036, 5.75138], "uv": [36, 63]},
						{"origin": [0, 25.25, -9.5], "size": [2, 9, 3], "pivot": [0, 0, 0], "rotation": [41.71364, 5.02099, -20.3371], "uv": [78, 85]},
						{"origin": [-4.5, 6.5, -39.5], "size": [2, 3, 1], "pivot": [-2.25, -0.75, 0], "rotation": [-32.86048, 5.40036, -5.75138], "uv": [31, 54]},
						{"origin": [-4.5, 10.25, -37.75], "size": [2, 3, 2], "pivot": [-2.25, -0.75, 0], "rotation": [-22.86048, 5.40036, -5.75138], "uv": [74, 78]},
						{"origin": [-4.5, 19.25, -29.5], "size": [2, 6, 3], "pivot": [-2.25, -0.75, 0], "rotation": [2.13952, 5.40036, -5.75138], "uv": [13, 0]},
						{"origin": [6.75, 15, -23.75], "size": [2, 6, 3], "pivot": [-0.75, 16.25, -44.75], "rotation": [-28.28451, -9.7511, -18.60178], "uv": [0, 12]},
						{"origin": [5.5, 34.5, -32], "size": [2, 2, 5], "pivot": [1.5, 17, -44.75], "rotation": [-82.59685, 0.11383, -7.88234], "uv": [88, 80]},
						{"origin": [-7.5, 34.5, -32], "size": [2, 2, 5], "pivot": [-1.5, 17, -44.75], "rotation": [-82.59685, -0.11383, 7.88234], "uv": [88, 80]},
						{"origin": [-8.75, 15, -23.75], "size": [2, 6, 3], "pivot": [0.75, 16.25, -44.75], "rotation": [-28.28451, 9.7511, 18.60178], "uv": [0, 0]},
						{"origin": [-0.75, 20, -23.5], "size": [7, 2, 1], "pivot": [0.25, -0.75, 0.25], "rotation": [12.91258, -12.84109, -17.75882], "uv": [35, 0], "mirror": true}
					]
				},
				{
					"name": "EyeL",
					"parent": "head",
					"pivot": [0, 0, 0],
					"cubes": [
						{"origin": [6.1, 22.25, -17.5], "size": [0, 1.75, 3], "pivot": [0, 0, 0], "rotation": [17.5, 0, 0], "uv": [45, 124]}
					]
				},
				{
					"name": "EyeR",
					"parent": "head",
					"pivot": [0, 0, 0],
					"cubes": [
						{"origin": [-6.1, 22.25, -17.5], "size": [0, 1.75, 3], "pivot": [0, 0, 0], "rotation": [17.5, 0, 0], "uv": [45, 124], "mirror": true}
					]
				}
			]
		}
	]
}