{
	"format_version": "1.12.0",
	"minecraft:geometry": [
		{
			"description": {
				"identifier": "geometry.ironholo",
				"texture_width": 256,
				"texture_height": 256,
				"visible_bounds_width": 7,
				"visible_bounds_height": 3.5,
				"visible_bounds_offset": [0, 1.25, 0]
			},
			"bones": [
				{
					"name": "MainBody",
					"pivot": [0, 3, 0]
				},
				{
					"name": "Body",
					"parent": "MainBody",
					"pivot": [0, 3, 0],
					"cubes": [
						{"origin": [-1, 8, -3], "size": [2, 2, 5], "uv": [204, 207]},
						{"origin": [0, 10, -4], "size": [0, 1, 5], "uv": [164, 103]}
					]
				},
				{
					"name": "Tail",
					"parent": "Body",
					"pivot": [0, 3, 0]
				},
				{
					"name": "Tail2",
					"parent": "Body",
					"pivot": [0, 9, 3],
					"cubes": [
						{"origin": [-4.25, -3.25, 2], "size": [0, 4, 2], "pivot": [0, 3, 0], "rotation": [0, 0, 135], "uv": [235, 246]},
						{"origin": [4.25, -3.25, 2], "size": [0, 4, 2], "pivot": [0, 3, 0], "rotation": [0, 0, -135], "uv": [221, 242]},
						{"origin": [-6, 1, 2], "size": [0, 4, 2], "pivot": [0, 3, 0], "rotation": [0, 0, 90], "uv": [221, 234]},
						{"origin": [0, 7, 2], "size": [0, 4, 2], "uv": [221, 207]}
					]
				},
				{
					"name": "FinLeft",
					"parent": "MainBody",
					"pivot": [0, 7, 0],
					"cubes": [
						{"origin": [4, 6, -3], "size": [1, 1, 3], "pivot": [0, 3, 0], "rotation": [-17.5, 5, -32.5], "uv": [217, 221]}
					]
				},
				{
					"name": "Head",
					"parent": "MainBody",
					"pivot": [0, 9, -3],
					"cubes": [
						{"origin": [-1, 8, -5.25], "size": [2, 2, 2], "uv": [142, 116]}
					]
				},
				{
					"name": "FinRight",
					"parent": "MainBody",
					"pivot": [0, 3, 0],
					"cubes": [
						{"origin": [-5, 6, -3], "size": [1, 1, 3], "pivot": [0, 3, 0], "rotation": [-17.5, -5, 32.5], "uv": [228, 237]}
					]
				},
				{
					"name": "Hologram",
					"pivot": [0, 0, 0]
				},
				{
					"name": "RightFIn",
					"parent": "Hologram",
					"pivot": [-6, 8, -5],
					"cubes": [
						{"origin": [-6, 9, -9], "size": [8, 1, 3], "pivot": [0, 0, 0], "rotation": [-3.49226, 34.84748, -13.5963], "uv": [140, 32]},
						{"origin": [-8, 9, -9], "size": [8, 1, 3], "pivot": [0, 0, 0], "rotation": [-3.04702, 19.87151, -12.63576], "uv": [139, 40]},
						{"origin": [-3, 9, -8], "size": [5, 1, 3], "pivot": [0, 0, 0], "rotation": [-5.30731, 57.2856, -16.06835], "uv": [140, 40]},
						{"origin": [-23, 8.75, -4], "size": [17, 1, 18.5], "pivot": [0, 0, 0], "rotation": [-3.40244, -13.44417, -10.0673], "uv": [110, 29]},
						{"origin": [-18.5, 9, 14], "size": [25, 1, 13.5], "pivot": [0, 0, 0], "rotation": [-6.79405, -60.7954, -4.92222], "uv": [115, 0]}
					]
				},
				{
					"name": "FingerR1",
					"parent": "RightFIn",
					"pivot": [-24, 4, 16],
					"cubes": [
						{"origin": [0.5, 9, 27], "size": [5, 0.5, 13.5], "pivot": [0, 0, 0], "rotation": [-6.79405, -60.7954, -4.92222], "uv": [175, 53]}
					]
				},
				{
					"name": "FingerR2",
					"parent": "RightFIn",
					"pivot": [-29.25, 3.5, 8.75],
					"cubes": [
						{"origin": [-8.75, 9, 27], "size": [5, 0.5, 13.5], "pivot": [0, 0, 0], "rotation": [-6.79405, -60.7954, -4.92222], "uv": [176, 52]}
					]
				},
				{
					"name": "FingerR3",
					"parent": "RightFIn",
					"pivot": [-32, 3, 0],
					"cubes": [
						{"origin": [-17.5, 9, 27], "size": [5, 0.5, 13.5], "pivot": [0, 0, 0], "rotation": [-6.79405, -60.7954, -4.92222], "uv": [173, 51]}
					]
				},
				{
					"name": "LeftFin",
					"parent": "Hologram",
					"pivot": [6, 9, -5],
					"cubes": [
						{"origin": [-2, 9, -9], "size": [8, 1, 3], "pivot": [0, 0, 0], "rotation": [-3.49226, -34.84748, 13.5963], "uv": [131, 18]},
						{"origin": [0, 9, -9], "size": [8, 1, 3], "pivot": [0, 0, 0], "rotation": [-3.04702, -19.87151, 12.63576], "uv": [131, 52]},
						{"origin": [-2, 9, -8], "size": [5, 1, 3], "pivot": [0, 0, 0], "rotation": [-5.30731, -57.2856, 16.06835], "uv": [134, 60]},
						{"origin": [6, 8.75, -4], "size": [17, 1, 18.5], "pivot": [0, 0, 0], "rotation": [-3.40244, 13.44417, 10.0673], "uv": [113, 30]},
						{"origin": [-6.5, 9, 14], "size": [25, 1, 13.5], "pivot": [0, 0, 0], "rotation": [-6.79405, 60.7954, 4.92222], "uv": [115, 0]}
					]
				},
				{
					"name": "FingerR4",
					"parent": "LeftFin",
					"pivot": [23.5, 4.5, 16.25],
					"cubes": [
						{"origin": [-5.5, 9, 27], "size": [5, 0.5, 13.5], "pivot": [0, 0, 0], "rotation": [-6.79405, 60.7954, 4.92222], "uv": [176, 52]}
					]
				},
				{
					"name": "FingerR5",
					"parent": "LeftFin",
					"pivot": [25.25, 3, 7.75],
					"cubes": [
						{"origin": [3.75, 9, 27], "size": [5, 0.5, 13.5], "pivot": [0, 0, 0], "rotation": [-6.79405, 60.7954, 4.92222], "uv": [179, 54]}
					]
				},
				{
					"name": "FingerR6",
					"parent": "LeftFin",
					"pivot": [29.5, 3, -1],
					"cubes": [
						{"origin": [12.5, 9, 27], "size": [5, 0.5, 13.5], "pivot": [0, 0, 0], "rotation": [-6.79405, 60.7954, 4.92222], "uv": [171, 50]}
					]
				},
				{
					"name": "RightEye",
					"parent": "Hologram",
					"pivot": [-6, 13, -12.5],
					"cubes": [
						{"origin": [-6.25, 12, -13], "size": [0, 3, 2], "uv": [136, 116]}
					]
				},
				{
					"name": "RightFish",
					"parent": "RightEye",
					"pivot": [6, 13.5, -13],
					"cubes": [
						{"origin": [-6.5, -1.5, -19.5], "size": [0, 1, 1], "pivot": [-0.25, 0, 0], "rotation": [-50, 0, 0], "uv": [197, 111]},
						{"origin": [-6.5, 17.5, 4], "size": [0, 1, 1], "pivot": [-0.25, 0, 0], "rotation": [59, 0, 0], "uv": [199, 111]},
						{"origin": [-6.75, 12.5, -13], "size": [0, 1, 2], "pivot": [-6.5, 13.25, -13.25], "rotation": [180, 0, 0], "uv": [146, 118]}
					]
				},
				{
					"name": "LeftEeye",
					"parent": "Hologram",
					"pivot": [0, 0, 0],
					"cubes": [
						{"origin": [6.25, 12, -13], "size": [0, 3, 2], "uv": [136, 116]}
					]
				},
				{
					"name": "LeftFish",
					"parent": "LeftEeye",
					"pivot": [6, 13.5, -13],
					"cubes": [
						{"origin": [6.75, 12, -15], "size": [0, 1, 2], "pivot": [6.25, 13, -14], "rotation": [-177.5, 0, 0], "uv": [146, 118]},
						{"origin": [6.5, -1.5, -19.5], "size": [0, 1, 1], "pivot": [0.25, 0, 0], "rotation": [-50, 0, 0], "uv": [238, 111]},
						{"origin": [6.5, 17.5, 4], "size": [0, 1, 1], "pivot": [0.25, 0, 0], "rotation": [59, 0, 0], "uv": [239, 111]}
					]
				},
				{
					"name": "BodyHologram",
					"parent": "Hologram",
					"pivot": [6, 0, 0],
					"cubes": [
						{"origin": [-6, 3, -17], "size": [12, 0, 21.25], "uv": [136, 47]},
						{"origin": [-6, -10, -19], "size": [12, 0, 5], "pivot": [0, 0, 0], "rotation": [-45, 0, 0], "uv": [131, 33]},
						{"origin": [-6, -17, -16], "size": [12, 0, 3], "pivot": [0, 0, 0], "rotation": [-70, 0, 0], "uv": [149, 35]},
						{"origin": [-6, 4.75, -25], "size": [12, 3, 0], "pivot": [0, 0, 0], "rotation": [-22.5, 0, 0], "uv": [140, 39]},
						{"origin": [-6, 3, -17], "size": [0, 6.25, 21.25], "uv": [142, 48]},
						{"origin": [-6, -10, -19], "size": [0, 3, 5], "pivot": [0, 0, 0], "rotation": [-45, 0, 0], "uv": [132, 28]},
						{"origin": [-6, -19, -13.5], "size": [0, 11, 3], "pivot": [0, 0, 0], "rotation": [-77.5, 0, 0], "uv": [130, 51]},
						{"origin": [-6, 6, -20], "size": [0, 3.25, 3], "uv": [141, 34]},
						{"origin": [6, 3, -17], "size": [0, 6.25, 21.25], "uv": [139, 48]},
						{"origin": [6, -10, -19], "size": [0, 3, 5], "pivot": [0, 0, 0], "rotation": [-45, 0, 0], "uv": [137, 30]},
						{"origin": [6, -19, -13.5], "size": [0, 11, 3], "pivot": [0, 0, 0], "rotation": [-77.5, 0, 0], "uv": [134, 25]},
						{"origin": [6, 6, -20], "size": [0, 3.25, 3], "uv": [0, 33]},
						{"origin": [-6, 29.75, -23.5], "size": [0, 13, 3], "pivot": [0, 30, 0], "rotation": [65, 0, 0], "uv": [139, 46]},
						{"origin": [6, 29.75, -23.5], "size": [0, 13, 3], "pivot": [0, 30, 0], "rotation": [65, 0, 0], "uv": [133, 21]},
						{"origin": [-5.5, 8, -19], "size": [0, 6, 6], "uv": [207, 21]},
						{"origin": [5.5, 8, -19], "size": [0, 6, 6], "uv": [208, 18]},
						{"origin": [-6, 14.5, -20.25], "size": [0, 2.25, 13.5], "uv": [141, 24]},
						{"origin": [-6, 9, -11], "size": [0, 2.5, 28.75], "uv": [174, 110]},
						{"origin": [6, 9, -11], "size": [0, 2.5, 28.75], "uv": [174, 113]},
						{"origin": [6, 14.5, -20.25], "size": [0, 2.25, 5], "uv": [143, 31]},
						{"origin": [-6, 16.7, -20.25], "size": [12, 0, 13.5], "uv": [133, 31]},
						{"origin": [-5, 16.75, -11], "size": [2, 2, 2], "uv": [139, 53]},
						{"origin": [-4.5, 18.75, -10.5], "size": [1, 1, 1], "uv": [194, 92]},
						{"origin": [-5, 19.5, -11], "size": [2, 0.75, 2], "uv": [190, 64]},
						{"origin": [3, 16.75, -11], "size": [2, 2, 2], "uv": [155, 38]},
						{"origin": [3.5, 18.75, -10.5], "size": [1, 1, 1], "uv": [191, 97]},
						{"origin": [3, 19.5, -11], "size": [2, 0.75, 2], "uv": [186, 64]},
						{"origin": [-6, 13.95, -11.5], "size": [12, 0, 9.5], "pivot": [0, 0, 0], "rotation": [-17.5, 0, 0], "uv": [119, 76]},
						{"origin": [-6, 11.5, -15.75], "size": [0, 2.5, 18], "uv": [193, 120]},
						{"origin": [-6, 9.7, -11.5], "size": [0, 4.25, 9.5], "pivot": [0, 0, 0], "rotation": [-17.5, 0, 0], "uv": [210, 85]},
						{"origin": [-6, 14, -15.75], "size": [0, 0.5, 9], "uv": [147, 33]},
						{"origin": [6, 11.5, -15.75], "size": [0, 2.5, 18], "uv": [179, 123]},
						{"origin": [6, 14.5, -20.25], "size": [0, 2.25, 13.5], "uv": [144, 22]},
						{"origin": [6, 14, -15.75], "size": [0, 0.5, 9], "uv": [133, 50]},
						{"origin": [-6, 13, 4], "size": [1, 2, 6], "pivot": [0, 0, 0], "rotation": [25.18908, -6.79382, -3.18458], "uv": [180, 50]},
						{"origin": [-6, 12, 4], "size": [1, 1, 4], "pivot": [0, 0, 0], "rotation": [25.18908, -6.79382, -3.18458], "uv": [174, 51]},
						{"origin": [5, 13, 4], "size": [1, 2, 6], "pivot": [0, 0, 0], "rotation": [25.18908, 6.79382, 3.18458], "uv": [188, 54]},
						{"origin": [5, 12, 4], "size": [1, 1, 4], "pivot": [0, 0, 0], "rotation": [25.18908, 6.79382, 3.18458], "uv": [201, 49]},
						{"origin": [6, 9.7, -11.5], "size": [0, 4.25, 9.5], "pivot": [0, 0, 0], "rotation": [-17.5, 0, 0], "uv": [134, 86]},
						{"origin": [-6, 11.5, 2], "size": [0, 2.5, 15.75], "uv": [178, 40]},
						{"origin": [6, 11.5, 2], "size": [0, 2.5, 15.75], "uv": [177, 40]},
						{"origin": [-6, 14, 2], "size": [12, 0, 15.75], "uv": [169, 50]},
						{"origin": [-6, 1.55, 4.75], "size": [12, 0, 15], "pivot": [0, 0, 0], "rotation": [17.5, 0, 0], "uv": [167, 49]},
						{"origin": [6, 1.55, 4.75], "size": [0, 6, 15], "pivot": [0, 0, 0], "rotation": [17.5, 0, 0], "uv": [181, 40]},
						{"origin": [-6, 1.55, 4.75], "size": [0, 6, 15], "pivot": [0, 0, 0], "rotation": [17.5, 0, 0], "uv": [181, 38]},
						{"origin": [-5.75, 20.25, -10.25], "size": [1.5, 0.75, 0.25], "uv": [186, 20]},
						{"origin": [-3.75, 20.25, -10.25], "size": [1.5, 0.75, 0.25], "uv": [186, 20]},
						{"origin": [2.25, 20.25, -10.25], "size": [1.5, 0.75, 0.25], "uv": [186, 20]},
						{"origin": [4.25, 20.25, -10.25], "size": [1.5, 0.75, 0.25], "uv": [186, 20]},
						{"origin": [0, 10, 0], "size": [0, 6, 20], "pivot": [0, 0, 0], "rotation": [12.5, 0, 0], "uv": [153, 216]},
						{"origin": [0, 16, 12], "size": [0, 19, 3], "pivot": [0, 0, 0], "rotation": [-10, 0, 0], "uv": [174, 116]},
						{"origin": [0, 21, 11], "size": [0, 8, 1], "pivot": [0, 0, 0], "rotation": [-10, 0, 0], "uv": [180, 129]},
						{"origin": [-6.25, 14.75, -11.25], "size": [0, 0.75, 1.5], "uv": [166, 94], "mirror": true},
						{"origin": [6.25, 14.75, -9.25], "size": [0, 1.75, 2.5], "uv": [140, 99]},
						{"origin": [6.25, 14.75, -11.25], "size": [0, 0.75, 1.5], "uv": [166, 94]},
						{"origin": [-6.25, 14.75, -9.25], "size": [0, 1.75, 2.5], "uv": [140, 99], "mirror": true}
					]
				},
				{
					"name": "BottomTeeth",
					"parent": "BodyHologram",
					"pivot": [0, 0, 0],
					"cubes": [
						{"origin": [-1, -21.75, -12.25], "size": [2, 0, 4], "pivot": [0, 0, 0], "rotation": [-92.5, 0, 0], "uv": [188, 108]},
						{"origin": [-6, -21.75, -12.25], "size": [2, 0, 4], "pivot": [0, 0, 0], "rotation": [-92.5, 0, 0], "uv": [190, 108]},
						{"origin": [4, -21.75, -12.25], "size": [2, 0, 4], "pivot": [0, 0, 0], "rotation": [-92.5, 0, 0], "uv": [184, 108]}
					]
				},
				{
					"name": "topteeth",
					"parent": "BodyHologram",
					"pivot": [0, 12, -21],
					"cubes": [
						{"origin": [1, -21.75, -13.25], "size": [3, 0, 4], "pivot": [0, 0, 0], "rotation": [-92.5, 0, 0], "uv": [171, 77]},
						{"origin": [-4, -21.75, -13.25], "size": [3, 0, 4], "pivot": [0, 0, 0], "rotation": [-92.5, 0, 0], "uv": [171, 77]}
					]
				},
				{
					"name": "TailEngine",
					"parent": "Hologram",
					"pivot": [0, 7, 17],
					"cubes": [
						{"origin": [-6, 7.5, 17.75], "size": [12, 6.5, 0], "uv": [94, 101]},
						{"origin": [-6, 14.5, 15.5], "size": [12, 1, 14], "pivot": [0, 0, 0], "rotation": [-7.5, 0, 0], "uv": [147, 218]},
						{"origin": [5, 4.5, 15.5], "size": [1, 10, 14], "pivot": [0, 0, 0], "rotation": [-7.5, 0, 0], "uv": [165, 221]},
						{"origin": [-6, 3.5, 15.5], "size": [12, 1, 14], "pivot": [0, 0, 0], "rotation": [-7.5, 0, 0], "uv": [149, 220]},
						{"origin": [-6, 4.5, 15.5], "size": [1, 10, 14], "pivot": [0, 0, 0], "rotation": [-7.5, 0, 0], "uv": [159, 213]},
						{"origin": [-5, 4.5, 15.5], "size": [10, 10, 2], "pivot": [0, 0, 0], "rotation": [-7.5, 0, 0], "uv": [155, 220]},
						{"origin": [-1, 8.5, 16.25], "size": [2, 2, 11], "pivot": [0, 0, 0], "rotation": [-7.5, 0, 0], "uv": [161, 225]}
					]
				},
				{
					"name": "Lefttail",
					"parent": "Hologram",
					"pivot": [5, 9, 17],
					"cubes": [
						{"origin": [1.5, 12.5, 13], "size": [0, 4, 18], "pivot": [0, 0, 0], "rotation": [-25.79388, 16.66577, -5.41615], "uv": [179, 37]},
						{"origin": [1.5, -12.5, 24], "size": [0, 4, 18], "pivot": [0, 0, 0], "rotation": [34.20612, 16.66577, -5.41615], "uv": [174, 37]},
						{"origin": [1.5, 0.25, 20.25], "size": [0, 4, 17], "pivot": [0, 0, 0], "rotation": [14.20612, 16.66577, -5.41615], "uv": [180, 40]}
					]
				},
				{
					"name": "Righttail",
					"parent": "Hologram",
					"pivot": [-6, 8, 18],
					"cubes": [
						{"origin": [-1.5, 0.25, 20.25], "size": [0, 4, 17], "pivot": [0, 0, 0], "rotation": [14.20612, -16.66577, 5.41615], "uv": [180, 36]},
						{"origin": [-1.5, 12.5, 13], "size": [0, 4, 18], "pivot": [0, 0, 0], "rotation": [-25.79388, -16.66577, 5.41615], "uv": [183, 37]},
						{"origin": [-1.5, -12.5, 24], "size": [0, 4, 18], "pivot": [0, 0, 0], "rotation": [34.20612, -16.66577, 5.41615], "uv": [179, 38]}
					]
				},
				{
					"name": "TailFlap",
					"parent": "Hologram",
					"pivot": [0, 13, 18],
					"cubes": [
						{"origin": [-4, 14.5, 17.25], "size": [8, 0, 15], "pivot": [0, 0, 0], "rotation": [-2.5, 0, 0], "uv": [174, 50]}
					]
				}
			]
		}
	]
}